timestamp,sku_id,latent_demand,latent_mu,baseline_mu,demand_multiplier,content_intensity,censored_units,episode_id,episode_type,split
2026-06-19 14:00:00+07:00,SKU-001,6,3.5805,3.5805,1.0,0.0,0,,,train
2026-06-19 15:00:00+07:00,SKU-001,5,3.4864,3.4864,1.0,0.0,0,,,train
2026-06-19 16:00:00+07:00,SKU-001,3,3.7687,3.7687,1.0,0.0,0,,,train
2026-06-19 17:00:00+07:00,SKU-001,7,4.3957,4.3957,1.0,0.0,0,,,train
2026-06-19 18:00:00+07:00,SKU-001,7,5.2321,5.2321,1.0,0.0,0,,,train
2026-06-19 19:00:00+07:00,SKU-001,6,6.1412,6.1412,1.0,0.0,0,,,train
2026-06-19 20:00:00+07:00,SKU-001,3,6.4319,6.4319,1.0,0.0,0,,,train
2026-06-19 21:00:00+07:00,SKU-001,7,5.3721,5.3721,1.0,0.0,0,,,train
2026-06-19 22:00:00+07:00,SKU-001,2,3.5431,3.5431,1.0,0.0,0,,,train
2026-06-19 23:00:00+07:00,SKU-001,2,1.8103,1.8103,1.0,0.0,0,,,train
2026-06-20 00:00:00+07:00,SKU-001,0,1.015,1.015,1.0,0.0,0,,,train
2026-06-20 01:00:00+07:00,SKU-001,1,0.651,0.651,1.0,0.0,0,,,train
2026-06-20 02:00:00+07:00,SKU-001,1,0.4485,0.4485,1.0,0.0,0,,,train
2026-06-20 03:00:00+07:00,SKU-001,0,0.3677,0.3677,1.0,0.0,0,,,train
2026-06-20 04:00:00+07:00,SKU-001,0,0.4094,0.4094,1.0,0.0,0,,,train
2026-06-20 05:00:00+07:00,SKU-001,0,0.7384,0.7384,1.0,0.0,0,,,train
2026-06-20 06:00:00+07:00,SKU-001,1,1.5618,1.5618,1.0,0.0,0,,,train
2026-06-20 07:00:00+07:00,SKU-001,1,2.553,2.553,1.0,0.0,0,,,train
2026-06-20 08:00:00+07:00,SKU-001,2,3.5065,3.5065,1.0,0.0,0,,,train
2026-06-20 09:00:00+07:00,SKU-001,5,4.1327,4.1327,1.0,0.0,0,,,train
2026-06-20 10:00:00+07:00,SKU-001,1,4.6366,4.6366,1.0,0.0,0,,,train
2026-06-20 11:00:00+07:00,SKU-001,16,5.142,5.142,1.0,0.0,0,,,train
2026-06-20 12:00:00+07:00,SKU-001,2,5.3995,5.3995,1.0,0.0,0,,,train
2026-06-20 13:00:00+07:00,SKU-001,3,4.9087,4.9087,1.0,0.0,0,,,train
2026-06-20 14:00:00+07:00,SKU-001,5,4.3744,4.3744,1.0,0.0,0,,,train
2026-06-20 15:00:00+07:00,SKU-001,5,4.2555,4.2555,1.0,0.0,0,,,train
2026-06-20 16:00:00+07:00,SKU-001,2,4.5955,4.5955,1.0,0.0,0,,,train
2026-06-20 17:00:00+07:00,SKU-001,7,5.3544,5.3544,1.0,0.0,0,,,train
2026-06-20 18:00:00+07:00,SKU-001,8,6.3661,6.3661,1.0,0.0,0,,,train
2026-06-20 19:00:00+07:00,SKU-001,4,7.4636,7.4636,1.0,0.0,0,,,train
2026-06-20 20:00:00+07:00,SKU-001,15,7.8075,7.8075,1.0,0.0,0,,,train
2026-06-20 21:00:00+07:00,SKU-001,6,6.5128,6.5128,1.0,0.0,0,,,train
2026-06-20 22:00:00+07:00,SKU-001,6,4.2898,4.2898,1.0,0.0,0,,,train
2026-06-20 23:00:00+07:00,SKU-001,1,2.1888,2.1888,1.0,0.0,0,,,train
2026-06-21 00:00:00+07:00,SKU-001,3,0.9873,0.9873,1.0,0.0,0,,,train
2026-06-21 01:00:00+07:00,SKU-001,0,0.6323,0.6323,1.0,0.0,0,,,train
2026-06-21 02:00:00+07:00,SKU-001,0,0.435,0.435,1.0,0.0,0,,,train
2026-06-21 03:00:00+07:00,SKU-001,1,0.3561,0.3561,1.0,0.0,0,,,train
2026-06-21 04:00:00+07:00,SKU-001,0,0.3959,0.3959,1.0,0.0,0,,,train
2026-06-21 05:00:00+07:00,SKU-001,0,0.7128,0.7128,1.0,0.0,0,,,train
2026-06-21 06:00:00+07:00,SKU-001,3,1.5054,1.5054,1.0,0.0,0,,,train
2026-06-21 07:00:00+07:00,SKU-001,2,2.4567,2.4567,1.0,0.0,0,,,train
2026-06-21 08:00:00+07:00,SKU-001,2,3.3686,3.3686,1.0,0.0,0,,,train
2026-06-21 09:00:00+07:00,SKU-001,1,3.9634,3.9634,1.0,0.0,0,,,train
2026-06-21 10:00:00+07:00,SKU-001,5,4.439,4.439,1.0,0.0,0,,,train
2026-06-21 11:00:00+07:00,SKU-001,3,4.9142,4.9142,1.0,0.0,0,,,train
2026-06-21 12:00:00+07:00,SKU-001,3,5.1512,5.1512,1.0,0.0,0,,,train
2026-06-21 13:00:00+07:00,SKU-001,11,4.6746,4.6746,1.0,0.0,0,,,train
2026-06-21 14:00:00+07:00,SKU-001,4,4.1583,4.1583,1.0,0.0,0,,,train
2026-06-21 15:00:00+07:00,SKU-001,5,4.0379,4.0379,1.0,0.0,0,,,train
2026-06-21 16:00:00+07:00,SKU-001,7,4.3526,4.3526,1.0,0.0,0,,,train
2026-06-21 17:00:00+07:00,SKU-001,2,5.0621,5.0621,1.0,0.0,0,,,train
2026-06-21 18:00:00+07:00,SKU-001,7,6.0075,6.0075,1.0,0.0,0,,,train
2026-06-21 19:00:00+07:00,SKU-001,7,7.0302,7.0302,1.0,0.0,0,,,train
2026-06-21 20:00:00+07:00,SKU-001,1,7.3405,7.3405,1.0,0.0,0,,,train
2026-06-21 21:00:00+07:00,SKU-001,9,6.1119,6.1119,1.0,0.0,0,,,train
2026-06-21 22:00:00+07:00,SKU-001,5,4.0184,4.0184,1.0,0.0,0,,,train
2026-06-21 23:00:00+07:00,SKU-001,3,2.0466,2.0466,1.0,0.0,0,,,train
2026-06-22 00:00:00+07:00,SKU-001,0,0.8355,0.8355,1.0,0.0,0,,,train
2026-06-22 01:00:00+07:00,SKU-001,2,0.5341,0.5341,1.0,0.0,0,,,train
2026-06-22 02:00:00+07:00,SKU-001,0,0.3668,0.3668,1.0,0.0,0,,,train
2026-06-22 03:00:00+07:00,SKU-001,0,0.2997,0.2997,1.0,0.0,0,,,train
2026-06-22 04:00:00+07:00,SKU-001,0,0.3326,0.3326,1.0,0.0,0,,,train
2026-06-22 05:00:00+07:00,SKU-001,0,0.5978,0.5978,1.0,0.0,0,,,train
2026-06-22 06:00:00+07:00,SKU-001,0,1.2602,1.2602,1.0,0.0,0,,,train
2026-06-22 07:00:00+07:00,SKU-001,0,2.0531,2.0531,1.0,0.0,0,,,train
2026-06-22 08:00:00+07:00,SKU-001,3,2.8103,2.8103,1.0,0.0,0,,,train
2026-06-22 09:00:00+07:00,SKU-001,2,3.301,3.301,1.0,0.0,0,,,train
2026-06-22 10:00:00+07:00,SKU-001,2,3.691,3.691,1.0,0.0,0,,,train
2026-06-22 11:00:00+07:00,SKU-001,7,4.0795,4.0795,1.0,0.0,0,,,train
2026-06-22 12:00:00+07:00,SKU-001,6,4.2695,4.2695,1.0,0.0,0,,,train
2026-06-22 13:00:00+07:00,SKU-001,3,3.8684,3.8684,1.0,0.0,0,,,train
2026-06-22 14:00:00+07:00,SKU-001,3,3.436,3.436,1.0,0.0,0,,,train
2026-06-22 15:00:00+07:00,SKU-001,5,3.3316,3.3316,1.0,0.0,0,,,train
2026-06-22 16:00:00+07:00,SKU-001,7,3.586,3.586,1.0,0.0,0,,,train
2026-06-22 17:00:00+07:00,SKU-001,9,4.1647,4.1647,1.0,0.0,0,,,train
2026-06-22 18:00:00+07:00,SKU-001,5,4.9358,4.9358,1.0,0.0,0,,,train
2026-06-22 19:00:00+07:00,SKU-001,11,5.7686,5.7686,1.0,0.0,0,,,train
2026-06-22 20:00:00+07:00,SKU-001,4,6.0156,6.0156,1.0,0.0,0,,,train
2026-06-22 21:00:00+07:00,SKU-001,3,5.0028,5.0028,1.0,0.0,0,,,train
2026-06-22 22:00:00+07:00,SKU-001,1,3.2853,3.2853,1.0,0.0,0,,,train
2026-06-22 23:00:00+07:00,SKU-001,3,1.6714,1.6714,1.0,0.0,0,,,train
2026-06-23 00:00:00+07:00,SKU-001,1,0.7547,0.7547,1.0,0.0,0,,,train
2026-06-23 01:00:00+07:00,SKU-001,0,0.482,0.482,1.0,0.0,0,,,train
2026-06-23 02:00:00+07:00,SKU-001,0,0.3307,0.3307,1.0,0.0,0,,,train
2026-06-23 03:00:00+07:00,SKU-001,0,0.27,0.27,1.0,0.0,0,,,train
2026-06-23 04:00:00+07:00,SKU-001,0,0.2993,0.2993,1.0,0.0,0,,,train
2026-06-23 05:00:00+07:00,SKU-001,0,0.5376,0.5376,1.0,0.0,0,,,train
2026-06-23 06:00:00+07:00,SKU-001,1,1.1326,1.1326,1.0,0.0,0,,,train
2026-06-23 07:00:00+07:00,SKU-001,0,1.844,1.844,1.0,0.0,0,,,train
2026-06-23 08:00:00+07:00,SKU-001,1,2.5228,2.5228,1.0,0.0,0,,,train
2026-06-23 09:00:00+07:00,SKU-001,0,2.9618,2.9618,1.0,0.0,0,,,train
2026-06-23 10:00:00+07:00,SKU-001,3,3.3103,3.3103,1.0,0.0,0,,,train
2026-06-23 11:00:00+07:00,SKU-001,3,3.6575,3.6575,1.0,0.0,0,,,train
2026-06-23 12:00:00+07:00,SKU-001,10,3.8267,3.8267,1.0,0.0,0,,,train
2026-06-23 13:00:00+07:00,SKU-001,3,3.4665,3.4665,1.0,0.0,0,,,train
2026-06-23 14:00:00+07:00,SKU-001,1,3.0785,3.0785,1.0,0.0,0,,,train
2026-06-23 15:00:00+07:00,SKU-001,8,2.9848,2.9848,1.0,0.0,0,,,train
2026-06-23 16:00:00+07:00,SKU-001,9,3.2127,3.2127,1.0,0.0,0,,,train
2026-06-23 17:00:00+07:00,SKU-001,5,3.7315,3.7315,1.0,0.0,0,,,train
2026-06-23 18:00:00+07:00,SKU-001,2,4.4231,4.4231,1.0,0.0,0,,,train
2026-06-23 19:00:00+07:00,SKU-001,0,5.1705,5.1705,1.0,0.0,0,,,train
2026-06-23 20:00:00+07:00,SKU-001,6,5.3935,5.3935,1.0,0.0,0,,,train
2026-06-23 21:00:00+07:00,SKU-001,2,4.4871,4.4871,1.0,0.0,0,,,train
2026-06-23 22:00:00+07:00,SKU-001,3,2.948,2.948,1.0,0.0,0,,,train
2026-06-23 23:00:00+07:00,SKU-001,4,1.5005,1.5005,1.0,0.0,0,,,train
2026-06-24 00:00:00+07:00,SKU-001,3,0.7053,0.7053,1.0,0.0,0,,,train
2026-06-24 01:00:00+07:00,SKU-001,0,0.4508,0.4508,1.0,0.0,0,,,train
2026-06-24 02:00:00+07:00,SKU-001,1,0.3095,0.3095,1.0,0.0,0,,,train
2026-06-24 03:00:00+07:00,SKU-001,0,0.2529,0.2529,1.0,0.0,0,,,train
2026-06-24 04:00:00+07:00,SKU-001,0,0.2806,0.2806,1.0,0.0,0,,,train
2026-06-24 05:00:00+07:00,SKU-001,0,0.5045,0.5045,1.0,0.0,0,,,train
2026-06-24 06:00:00+07:00,SKU-001,0,1.0639,1.0639,1.0,0.0,0,,,train
2026-06-24 07:00:00+07:00,SKU-001,0,1.734,1.734,1.0,0.0,0,,,train
2026-06-24 08:00:00+07:00,SKU-001,2,2.3751,2.3751,1.0,0.0,0,,,train
2026-06-24 09:00:00+07:00,SKU-001,2,2.7917,2.7917,1.0,0.0,0,,,train
2026-06-24 10:00:00+07:00,SKU-001,11,3.1243,3.1243,1.0,0.0,0,,,train
2026-06-24 11:00:00+07:00,SKU-001,2,3.4566,3.4566,1.0,0.0,0,,,train
2026-06-24 12:00:00+07:00,SKU-001,0,3.6216,3.6216,1.0,0.0,0,,,train
2026-06-24 13:00:00+07:00,SKU-001,1,3.2855,3.2855,1.0,0.0,0,,,train
2026-06-24 14:00:00+07:00,SKU-001,2,2.9222,2.9222,1.0,0.0,0,,,train
2026-06-24 15:00:00+07:00,SKU-001,1,2.8377,2.8377,1.0,0.0,0,,,train
2026-06-24 16:00:00+07:00,SKU-001,2,3.0594,3.0594,1.0,0.0,0,,,train
2026-06-24 17:00:00+07:00,SKU-001,4,3.5593,3.5593,1.0,0.0,0,,,train
2026-06-24 18:00:00+07:00,SKU-001,5,4.2262,4.2262,1.0,0.0,0,,,train
2026-06-24 19:00:00+07:00,SKU-001,1,4.9491,4.9491,1.0,0.0,0,,,train
2026-06-24 20:00:00+07:00,SKU-001,0,5.1719,5.1719,1.0,0.0,0,,,train
2026-06-24 21:00:00+07:00,SKU-001,6,4.3106,4.3106,1.0,0.0,0,,,train
2026-06-24 22:00:00+07:00,SKU-001,5,2.8374,2.8374,1.0,0.0,0,,,train
2026-06-24 23:00:00+07:00,SKU-001,3,1.447,1.447,1.0,0.0,0,,,train
2026-06-25 00:00:00+07:00,SKU-001,0,0.7256,0.7256,1.0,0.0,0,,,train
2026-06-25 01:00:00+07:00,SKU-001,0,0.4646,0.4646,1.0,0.0,0,,,train
2026-06-25 02:00:00+07:00,SKU-001,0,0.3196,0.3196,1.0,0.0,0,,,train
2026-06-25 03:00:00+07:00,SKU-001,1,0.2617,0.2617,1.0,0.0,0,,,train
2026-06-25 04:00:00+07:00,SKU-001,0,0.291,0.291,1.0,0.0,0,,,train
2026-06-25 05:00:00+07:00,SKU-001,1,0.5242,0.5242,1.0,0.0,0,,,train
2026-06-25 06:00:00+07:00,SKU-001,1,1.1077,1.1077,1.0,0.0,0,,,train
2026-06-25 07:00:00+07:00,SKU-001,2,1.8092,1.8092,1.0,0.0,0,,,train
2026-06-25 08:00:00+07:00,SKU-001,2,2.4832,2.4832,1.0,0.0,0,,,train
2026-06-25 09:00:00+07:00,SKU-001,2,2.9248,2.9248,1.0,0.0,0,,,train
2026-06-25 10:00:00+07:00,SKU-001,3,3.28,3.28,1.0,0.0,0,,,train
2026-06-25 11:00:00+07:00,SKU-001,2,3.6362,3.6362,1.0,0.0,0,,,train
2026-06-25 12:00:00+07:00,SKU-001,1,3.8176,3.8176,1.0,0.0,0,,,train
2026-06-25 13:00:00+07:00,SKU-001,3,3.4703,3.4703,1.0,0.0,0,,,train
2026-06-25 14:00:00+07:00,SKU-001,8,3.0928,3.0928,1.0,0.0,0,,,train
2026-06-25 15:00:00+07:00,SKU-001,4,3.0093,3.0093,1.0,0.0,0,,,train
2026-06-25 16:00:00+07:00,SKU-001,5,3.2508,3.2508,1.0,0.0,0,,,train
2026-06-25 17:00:00+07:00,SKU-001,5,3.7893,3.7893,1.0,0.0,0,,,train
2026-06-25 18:00:00+07:00,SKU-001,3,4.508,4.508,1.0,0.0,0,,,train
2026-06-25 19:00:00+07:00,SKU-001,5,5.2889,5.2889,1.0,0.0,0,,,train
2026-06-25 20:00:00+07:00,SKU-001,1,5.5372,5.5372,1.0,0.0,0,,,train
2026-06-25 21:00:00+07:00,SKU-001,2,4.6234,4.6234,1.0,0.0,0,,,train
2026-06-25 22:00:00+07:00,SKU-001,6,3.0486,3.0486,1.0,0.0,0,,,train
2026-06-25 23:00:00+07:00,SKU-001,1,1.5574,1.5574,1.0,0.0,0,,,train
2026-06-26 00:00:00+07:00,SKU-001,0,0.8422,0.8422,1.0,0.0,0,,,train
2026-06-26 01:00:00+07:00,SKU-001,0,0.5402,0.5402,1.0,0.0,0,,,train
2026-06-26 02:00:00+07:00,SKU-001,1,0.3722,0.3722,1.0,0.0,0,,,train
2026-06-26 03:00:00+07:00,SKU-001,0,0.3052,0.3052,1.0,0.0,0,,,train
2026-06-26 04:00:00+07:00,SKU-001,1,0.3398,0.3398,1.0,0.0,0,,,train
2026-06-26 05:00:00+07:00,SKU-001,0,0.6131,0.6131,1.0,0.0,0,,,train
2026-06-26 06:00:00+07:00,SKU-001,0,1.2973,1.2973,1.0,0.0,0,,,train
2026-06-26 07:00:00+07:00,SKU-001,5,2.1216,2.1216,1.0,0.0,0,,,train
2026-06-26 08:00:00+07:00,SKU-001,4,2.9154,2.9154,1.0,0.0,0,,,train
2026-06-26 09:00:00+07:00,SKU-001,2,3.4379,3.4379,1.0,0.0,0,,,train
2026-06-26 10:00:00+07:00,SKU-001,4,3.8595,3.8595,1.0,0.0,0,,,train
2026-06-26 11:00:00+07:00,SKU-001,8,4.2832,4.2832,1.0,0.0,0,,,train
2026-06-26 12:00:00+07:00,SKU-001,0,4.501,4.501,1.0,0.0,0,,,train
2026-06-26 13:00:00+07:00,SKU-001,3,4.0952,4.0952,1.0,0.0,0,,,train
2026-06-26 14:00:00+07:00,SKU-001,4,3.6527,3.6527,1.0,0.0,0,,,train
2026-06-26 15:00:00+07:00,SKU-001,0,3.5567,3.5567,1.0,0.0,0,,,train
2026-06-26 16:00:00+07:00,SKU-001,6,3.8447,3.8447,1.0,0.0,0,,,train
2026-06-26 17:00:00+07:00,SKU-001,3,4.4843,4.4843,1.0,0.0,0,,,train
2026-06-26 18:00:00+07:00,SKU-001,9,5.3375,5.3375,1.0,0.0,0,,,train
2026-06-26 19:00:00+07:00,SKU-001,10,6.2649,6.2649,1.0,0.0,0,,,train
2026-06-26 20:00:00+07:00,SKU-001,6,6.5615,6.5615,1.0,0.0,0,,,train
2026-06-26 21:00:00+07:00,SKU-001,1,5.4803,5.4803,1.0,0.0,0,,,train
2026-06-26 22:00:00+07:00,SKU-001,6,3.6145,3.6145,1.0,0.0,0,,,train
2026-06-26 23:00:00+07:00,SKU-001,3,1.8467,1.8467,1.0,0.0,0,,,train
2026-06-27 00:00:00+07:00,SKU-001,1,1.0354,1.0354,1.0,0.0,0,,,train
2026-06-27 01:00:00+07:00,SKU-001,1,1.1198,1.1198,1.0,0.0,0,,,train
2026-06-27 02:00:00+07:00,SKU-001,0,0.7715,0.7715,1.0,0.0,0,,,train
2026-06-27 03:00:00+07:00,SKU-001,3,0.6325,0.6325,1.0,0.0,0,,,train
2026-06-27 04:00:00+07:00,SKU-001,0,0.7042,0.7042,1.0,0.0,0,,,train
2026-06-27 05:00:00+07:00,SKU-001,1,1.2701,1.2701,1.0,0.0,0,,,train
2026-06-27 06:00:00+07:00,SKU-001,3,2.6865,2.6865,1.0,0.0,0,,,train
2026-06-27 07:00:00+07:00,SKU-001,3,4.4517,4.4517,1.0,0.0,0,,,train
2026-06-27 08:00:00+07:00,SKU-001,4,6.1144,6.1144,1.0,0.0,0,,,train
2026-06-27 09:00:00+07:00,SKU-001,13,7.2062,7.2062,1.0,0.0,0,,,train
2026-06-27 10:00:00+07:00,SKU-001,8,8.0849,8.0849,1.0,0.0,0,,,train
2026-06-27 11:00:00+07:00,SKU-001,8,8.9661,8.9661,1.0,0.0,1,,,train
2026-06-27 12:00:00+07:00,SKU-001,13,9.4151,9.4151,1.0,0.0,13,,,train
2026-06-27 13:00:00+07:00,SKU-001,14,8.5592,8.5592,1.0,0.0,14,,,train
2026-06-27 14:00:00+07:00,SKU-001,13,7.6276,7.6276,1.0,0.0,13,,,train
2026-06-27 15:00:00+07:00,SKU-001,4,7.4202,7.4202,1.0,0.0,4,,,train
2026-06-27 16:00:00+07:00,SKU-001,8,8.013,8.013,1.0,0.0,8,,,train
2026-06-27 17:00:00+07:00,SKU-001,8,9.3362,9.3362,1.0,0.0,8,,,train
2026-06-27 18:00:00+07:00,SKU-001,2,11.1003,11.1003,1.0,0.0,2,,,train
2026-06-27 19:00:00+07:00,SKU-001,14,13.014,13.014,1.0,0.0,14,,,train
2026-06-27 20:00:00+07:00,SKU-001,21,13.6135,13.6135,1.0,0.0,21,,,train
2026-06-27 21:00:00+07:00,SKU-001,8,11.356,11.356,1.0,0.0,8,,,train
2026-06-27 22:00:00+07:00,SKU-001,6,7.48,7.48,1.0,0.0,6,,,train
2026-06-27 23:00:00+07:00,SKU-001,1,3.8166,3.8166,1.0,0.0,1,,,train
2026-06-28 00:00:00+07:00,SKU-001,2,1.7216,1.7216,1.0,0.0,2,,,train
2026-06-28 01:00:00+07:00,SKU-001,2,1.1026,1.1026,1.0,0.0,2,,,train
2026-06-28 02:00:00+07:00,SKU-001,2,0.7585,0.7585,1.0,0.0,0,,,train
2026-06-28 03:00:00+07:00,SKU-001,0,0.6209,0.6209,1.0,0.0,0,,,train
2026-06-28 04:00:00+07:00,SKU-001,0,0.6902,0.6902,1.0,0.0,0,,,train
2026-06-28 05:00:00+07:00,SKU-001,2,1.2429,1.2429,1.0,0.0,0,,,train
2026-06-28 06:00:00+07:00,SKU-001,0,2.6248,2.6248,1.0,0.0,0,,,train
2026-06-28 07:00:00+07:00,SKU-001,2,4.2836,4.2836,1.0,0.0,0,,,train
2026-06-28 08:00:00+07:00,SKU-001,14,5.8735,5.8735,1.0,0.0,0,,,train
2026-06-28 09:00:00+07:00,SKU-001,2,6.9106,6.9106,1.0,0.0,0,,,train
2026-06-28 10:00:00+07:00,SKU-001,5,7.7398,7.7398,1.0,0.0,0,,,train
2026-06-28 11:00:00+07:00,SKU-001,17,8.5684,8.5684,1.0,0.0,0,,,train
2026-06-28 12:00:00+07:00,SKU-001,9,8.9816,8.9816,1.0,0.0,0,,,train
2026-06-28 13:00:00+07:00,SKU-001,4,8.1506,8.1506,1.0,0.0,0,,,train
2026-06-28 14:00:00+07:00,SKU-001,12,7.2503,7.2503,1.0,0.0,0,,,train
2026-06-28 15:00:00+07:00,SKU-001,7,7.0404,7.0404,1.0,0.0,0,,,train
2026-06-28 16:00:00+07:00,SKU-001,10,7.589,7.589,1.0,0.0,0,,,train
2026-06-28 17:00:00+07:00,SKU-001,17,8.8261,8.8261,1.0,0.0,0,,,train
2026-06-28 18:00:00+07:00,SKU-001,13,10.4744,10.4744,1.0,0.0,0,,,train
2026-06-28 19:00:00+07:00,SKU-001,15,12.2576,12.2576,1.0,0.0,13,,,train
2026-06-28 20:00:00+07:00,SKU-001,20,12.7986,12.7986,1.0,0.0,20,,,train
2026-06-28 21:00:00+07:00,SKU-001,13,10.6565,10.6565,1.0,0.0,13,,,train
2026-06-28 22:00:00+07:00,SKU-001,10,7.0063,7.0063,1.0,0.0,10,,,train
2026-06-28 23:00:00+07:00,SKU-001,7,3.5683,3.5683,1.0,0.0,7,,,train
2026-06-29 00:00:00+07:00,SKU-001,1,1.4567,1.4567,1.0,0.0,1,,,train
2026-06-29 01:00:00+07:00,SKU-001,0,0.9312,0.9312,1.0,0.0,0,,,train
2026-06-29 02:00:00+07:00,SKU-001,2,0.6395,0.6395,1.0,0.0,2,,,train
2026-06-29 03:00:00+07:00,SKU-001,1,0.5225,0.5225,1.0,0.0,1,,,train
2026-06-29 04:00:00+07:00,SKU-001,2,0.5798,0.5798,1.0,0.0,2,,,train
2026-06-29 05:00:00+07:00,SKU-001,0,1.0423,1.0423,1.0,0.0,0,,,train
2026-06-29 06:00:00+07:00,SKU-001,2,2.1972,2.1972,1.0,0.0,2,,,train
2026-06-29 07:00:00+07:00,SKU-001,5,3.5795,3.5795,1.0,0.0,5,,,train
2026-06-29 08:00:00+07:00,SKU-001,6,4.8998,4.8998,1.0,0.0,6,,,train
2026-06-29 09:00:00+07:00,SKU-001,4,5.7553,5.7553,1.0,0.0,4,,,train
2026-06-29 10:00:00+07:00,SKU-001,7,6.4353,6.4353,1.0,0.0,7,,,train
2026-06-29 11:00:00+07:00,SKU-001,3,7.1127,7.1127,1.0,0.0,3,,,train
2026-06-29 12:00:00+07:00,SKU-001,7,7.4438,7.4438,1.0,0.0,7,,,train
2026-06-29 13:00:00+07:00,SKU-001,9,6.7446,6.7446,1.0,0.0,9,,,train
2026-06-29 14:00:00+07:00,SKU-001,5,5.9906,5.9906,1.0,0.0,0,,,train
2026-06-29 15:00:00+07:00,SKU-001,8,5.8085,5.8085,1.0,0.0,0,,,train
2026-06-29 16:00:00+07:00,SKU-001,7,6.2521,6.2521,1.0,0.0,0,,,train
2026-06-29 17:00:00+07:00,SKU-001,9,7.2611,7.2611,1.0,0.0,0,,,train
2026-06-29 18:00:00+07:00,SKU-001,17,8.6055,8.6055,1.0,0.0,0,,,train
2026-06-29 19:00:00+07:00,SKU-001,12,10.0573,10.0573,1.0,0.0,0,,,train
2026-06-29 20:00:00+07:00,SKU-001,17,10.488,10.488,1.0,0.0,0,,,train
2026-06-29 21:00:00+07:00,SKU-001,3,8.7221,8.7221,1.0,0.0,0,,,train
2026-06-29 22:00:00+07:00,SKU-001,3,5.7278,5.7278,1.0,0.0,0,,,train
2026-06-29 23:00:00+07:00,SKU-001,4,2.914,2.914,1.0,0.0,0,,,train
2026-06-30 00:00:00+07:00,SKU-001,0,1.3158,1.3158,1.0,0.0,0,,,train
2026-06-30 01:00:00+07:00,SKU-001,1,0.8403,0.8403,1.0,0.0,0,,,train
2026-06-30 02:00:00+07:00,SKU-001,1,0.5765,0.5765,1.0,0.0,0,,,train
2026-06-30 03:00:00+07:00,SKU-001,1,0.4707,0.4707,1.0,0.0,0,,,train
2026-06-30 04:00:00+07:00,SKU-001,0,0.3053,0.3053,1.0,0.0,0,,,train
2026-06-30 05:00:00+07:00,SKU-001,1,0.5484,0.5484,1.0,0.0,0,,,train
2026-06-30 06:00:00+07:00,SKU-001,1,1.1552,1.1552,1.0,0.0,0,,,train
2026-06-30 07:00:00+07:00,SKU-001,2,1.8808,1.8808,1.0,0.0,0,,,train
2026-06-30 08:00:00+07:00,SKU-001,6,2.5731,2.5731,1.0,0.0,0,,,train
2026-06-30 09:00:00+07:00,SKU-001,3,3.0208,3.0208,1.0,0.0,0,,,train
2026-06-30 10:00:00+07:00,SKU-001,2,3.3763,3.3763,1.0,0.0,0,,,train
2026-06-30 11:00:00+07:00,SKU-001,3,3.7304,3.7304,1.0,0.0,0,,,train
2026-06-30 12:00:00+07:00,SKU-001,4,3.903,3.903,1.0,0.0,0,,,train
2026-06-30 13:00:00+07:00,SKU-001,3,3.5356,3.5356,1.0,0.0,0,,,train
2026-06-30 14:00:00+07:00,SKU-001,5,3.1399,3.1399,1.0,0.0,0,,,train
2026-06-30 15:00:00+07:00,SKU-001,2,3.0442,3.0442,1.0,0.0,0,,,train
2026-06-30 16:00:00+07:00,SKU-001,4,3.2768,3.2768,1.0,0.0,0,,,train
2026-06-30 17:00:00+07:00,SKU-001,2,3.8058,3.8058,1.0,0.0,0,,,train
2026-06-30 18:00:00+07:00,SKU-001,4,4.5112,4.5112,1.0,0.0,0,,,train
2026-06-30 19:00:00+07:00,SKU-001,7,5.2734,5.2734,1.0,0.0,0,,,train
2026-06-30 20:00:00+07:00,SKU-001,2,5.5009,5.5009,1.0,0.0,0,,,train
2026-06-30 21:00:00+07:00,SKU-001,5,4.5764,4.5764,1.0,0.0,5,,,train
2026-06-30 22:00:00+07:00,SKU-001,4,3.0067,3.0067,1.0,0.0,4,,,train
2026-06-30 23:00:00+07:00,SKU-001,2,1.5304,1.5304,1.0,0.0,2,,,train
2026-07-01 00:00:00+07:00,SKU-001,1,0.7194,0.7194,1.0,0.0,1,,,train
2026-07-01 01:00:00+07:00,SKU-001,0,0.4597,0.4597,1.0,0.0,0,,,train
2026-07-01 02:00:00+07:00,SKU-001,0,0.3156,0.3156,1.0,0.0,0,,,train
2026-07-01 03:00:00+07:00,SKU-001,0,0.2579,0.2579,1.0,0.0,0,,,train
2026-07-01 04:00:00+07:00,SKU-001,0,0.2862,0.2862,1.0,0.0,0,,,train
2026-07-01 05:00:00+07:00,SKU-001,0,0.5145,0.5145,1.0,0.0,0,,,train
2026-07-01 06:00:00+07:00,SKU-001,0,1.0851,1.0851,1.0,0.0,0,,,train
2026-07-01 07:00:00+07:00,SKU-001,2,1.7685,1.7685,1.0,0.0,2,,,train
2026-07-01 08:00:00+07:00,SKU-001,3,2.4223,2.4223,1.0,0.0,3,,,train
2026-07-01 09:00:00+07:00,SKU-001,7,2.8473,2.8473,1.0,0.0,7,,,train
2026-07-01 10:00:00+07:00,SKU-001,5,3.1864,3.1864,1.0,0.0,5,,,train
2026-07-01 11:00:00+07:00,SKU-001,3,3.5253,3.5253,1.0,0.0,3,,,train
2026-07-01 12:00:00+07:00,SKU-001,2,3.6936,3.6936,1.0,0.0,2,,,train
2026-07-01 13:00:00+07:00,SKU-001,1,3.3508,3.3508,1.0,0.0,1,,,train
2026-07-01 14:00:00+07:00,SKU-001,6,2.9803,2.9803,1.0,0.0,0,,,train
2026-07-01 15:00:00+07:00,SKU-001,1,2.8941,2.8941,1.0,0.0,0,,,train
2026-07-01 16:00:00+07:00,SKU-001,3,3.1202,3.1202,1.0,0.0,0,,,train
2026-07-01 17:00:00+07:00,SKU-001,3,3.63,3.63,1.0,0.0,0,,,train
2026-07-01 18:00:00+07:00,SKU-001,6,4.3102,4.3102,1.0,0.0,0,,,train
2026-07-01 19:00:00+07:00,SKU-001,1,5.0474,5.0474,1.0,0.0,0,,,train
2026-07-01 20:00:00+07:00,SKU-001,9,5.2746,5.2746,1.0,0.0,0,,,train
2026-07-01 21:00:00+07:00,SKU-001,2,4.3962,4.3962,1.0,0.0,0,,,train
2026-07-01 22:00:00+07:00,SKU-001,4,2.8937,2.8937,1.0,0.0,0,,,train
2026-07-01 23:00:00+07:00,SKU-001,3,1.4757,1.4757,1.0,0.0,0,,,train
2026-07-02 00:00:00+07:00,SKU-001,1,0.74,0.74,1.0,0.0,0,,,train
2026-07-02 01:00:00+07:00,SKU-001,1,0.4738,0.4738,1.0,0.0,0,,,train
2026-07-02 02:00:00+07:00,SKU-001,0,0.326,0.326,1.0,0.0,0,,,train
2026-07-02 03:00:00+07:00,SKU-001,0,0.2669,0.2669,1.0,0.0,0,,,train
2026-07-02 04:00:00+07:00,SKU-001,1,0.2968,0.2968,1.0,0.0,0,,,train
2026-07-02 05:00:00+07:00,SKU-001,0,0.5346,0.5346,1.0,0.0,0,,,train
2026-07-02 06:00:00+07:00,SKU-001,2,1.1297,1.1297,1.0,0.0,0,,,train
2026-07-02 07:00:00+07:00,SKU-001,6,1.8451,1.8451,1.0,0.0,0,,,train
2026-07-02 08:00:00+07:00,SKU-001,1,2.5324,2.5324,1.0,0.0,0,,,train
2026-07-02 09:00:00+07:00,SKU-001,1,2.9828,2.9828,1.0,0.0,0,,,train
2026-07-02 10:00:00+07:00,SKU-001,3,3.345,3.345,1.0,0.0,0,,,train
2026-07-02 11:00:00+07:00,SKU-001,7,3.7083,3.7083,1.0,0.0,0,,,train
2026-07-02 12:00:00+07:00,SKU-001,8,3.8932,3.8932,1.0,0.0,0,,,train
2026-07-02 13:00:00+07:00,SKU-001,7,3.5391,3.5391,1.0,0.0,0,,,train
2026-07-02 14:00:00+07:00,SKU-001,5,3.1541,3.1541,1.0,0.0,0,,,train
2026-07-02 15:00:00+07:00,SKU-001,4,3.0689,3.0689,1.0,0.0,0,,,train
2026-07-02 16:00:00+07:00,SKU-001,2,3.3152,3.3152,1.0,0.0,0,,,train
2026-07-02 17:00:00+07:00,SKU-001,3,3.8644,3.8644,1.0,0.0,0,,,train
2026-07-02 18:00:00+07:00,SKU-001,1,4.5973,4.5973,1.0,0.0,0,,,train
2026-07-02 19:00:00+07:00,SKU-001,4,5.3937,5.3937,1.0,0.0,0,,,train
2026-07-02 20:00:00+07:00,SKU-001,8,5.6469,5.6469,1.0,0.0,0,,,train
2026-07-02 21:00:00+07:00,SKU-001,7,4.715,4.715,1.0,0.0,0,,,train
2026-07-02 22:00:00+07:00,SKU-001,1,3.109,3.109,1.0,0.0,0,,,train
2026-07-02 23:00:00+07:00,SKU-001,1,1.5882,1.5882,1.0,0.0,0,,,train
2026-07-03 00:00:00+07:00,SKU-001,0,0.8589,0.8589,1.0,0.0,0,,,train
2026-07-03 01:00:00+07:00,SKU-001,2,0.5509,0.5509,1.0,0.0,0,,,train
2026-07-03 02:00:00+07:00,SKU-001,2,0.3795,0.3795,1.0,0.0,0,,,train
2026-07-03 03:00:00+07:00,SKU-001,0,0.3112,0.3112,1.0,0.0,0,,,train
2026-07-03 04:00:00+07:00,SKU-001,0,0.3466,0.3466,1.0,0.0,0,,,train
2026-07-03 05:00:00+07:00,SKU-001,0,0.6252,0.6252,1.0,0.0,0,,,train
2026-07-03 06:00:00+07:00,SKU-001,2,1.323,1.323,1.0,0.0,0,,,train
2026-07-03 07:00:00+07:00,SKU-001,1,2.1635,2.1635,1.0,0.0,0,,,train
2026-07-03 08:00:00+07:00,SKU-001,2,2.973,2.973,1.0,0.0,0,,,train
2026-07-03 09:00:00+07:00,SKU-001,8,3.5059,3.5059,1.0,0.0,0,,,train
2026-07-03 10:00:00+07:00,SKU-001,1,3.9358,3.9358,1.0,0.0,0,,,train
2026-07-03 11:00:00+07:00,SKU-001,7,4.3678,4.3678,1.0,0.0,0,,,train
2026-07-03 12:00:00+07:00,SKU-001,3,4.59,4.59,1.0,0.0,0,,,train
2026-07-03 13:00:00+07:00,SKU-001,4,4.1762,4.1762,1.0,0.0,0,,,train
2026-07-03 14:00:00+07:00,SKU-001,2,3.7249,3.7249,1.0,0.0,0,,,train
2026-07-03 15:00:00+07:00,SKU-001,5,3.627,3.627,1.0,0.0,0,,,train
2026-07-03 16:00:00+07:00,SKU-001,4,3.9206,3.9206,1.0,0.0,0,,,train
2026-07-03 17:00:00+07:00,SKU-001,7,4.5729,4.5729,1.0,0.0,0,,,train
2026-07-03 18:00:00+07:00,SKU-001,4,5.4429,5.4429,1.0,0.0,0,,,train
2026-07-03 19:00:00+07:00,SKU-001,2,6.3887,6.3887,1.0,0.0,0,,,train
2026-07-03 20:00:00+07:00,SKU-001,12,6.6911,6.6911,1.0,0.0,0,,,train
2026-07-03 21:00:00+07:00,SKU-001,9,5.5885,5.5885,1.0,0.0,0,,,train
2026-07-03 22:00:00+07:00,SKU-001,3,3.6858,3.6858,1.0,0.0,0,,,train
2026-07-03 23:00:00+07:00,SKU-001,1,1.8832,1.8832,1.0,0.0,0,,,train
2026-07-04 00:00:00+07:00,SKU-001,2,1.0558,1.0558,1.0,0.0,0,,,train
2026-07-04 01:00:00+07:00,SKU-001,0,0.6772,0.6772,1.0,0.0,0,,,train
2026-07-04 02:00:00+07:00,SKU-001,0,0.4665,0.4665,1.0,0.0,0,,,train
2026-07-04 03:00:00+07:00,SKU-001,0,0.3825,0.3825,1.0,0.0,0,,,train
2026-07-04 04:00:00+07:00,SKU-001,1,0.4259,0.4259,1.0,0.0,0,,,train
2026-07-04 05:00:00+07:00,SKU-001,1,0.7681,0.7681,1.0,0.0,0,,,train
2026-07-04 06:00:00+07:00,SKU-001,1,1.6246,1.6246,1.0,0.0,0,,,train
2026-07-04 07:00:00+07:00,SKU-001,2,2.6557,2.6557,1.0,0.0,0,,,train
2026-07-04 08:00:00+07:00,SKU-001,1,3.6476,3.6476,1.0,0.0,0,,,train
2026-07-04 09:00:00+07:00,SKU-001,3,4.2989,4.2989,1.0,0.0,0,,,train
2026-07-04 10:00:00+07:00,SKU-001,11,4.8231,4.8231,1.0,0.0,0,,,train
2026-07-04 11:00:00+07:00,SKU-001,5,5.3488,5.3488,1.0,0.0,0,,,train
2026-07-04 12:00:00+07:00,SKU-001,5,5.6166,5.6166,1.0,0.0,0,,,train
2026-07-04 13:00:00+07:00,SKU-001,7,5.1061,5.1061,1.0,0.0,0,,,train
2026-07-04 14:00:00+07:00,SKU-001,4,4.5503,4.5503,1.0,0.0,0,,,train
2026-07-04 15:00:00+07:00,SKU-001,6,4.4265,4.4265,1.0,0.0,0,,,train
2026-07-04 16:00:00+07:00,SKU-001,6,4.7802,4.7802,1.0,0.0,0,,,train
2026-07-04 17:00:00+07:00,SKU-001,3,5.5696,5.5696,1.0,0.0,0,,,train
2026-07-04 18:00:00+07:00,SKU-001,8,6.6219,6.6219,1.0,0.0,0,,,train
2026-07-04 19:00:00+07:00,SKU-001,18,7.7635,7.7635,1.0,0.0,0,,,train
2026-07-04 20:00:00+07:00,SKU-001,5,8.1211,8.1211,1.0,0.0,0,,,train
2026-07-04 21:00:00+07:00,SKU-001,6,6.7744,6.7744,1.0,0.0,0,,,train
2026-07-04 22:00:00+07:00,SKU-001,4,4.4621,4.4621,1.0,0.0,0,,,train
2026-07-04 23:00:00+07:00,SKU-001,1,2.2768,2.2768,1.0,0.0,0,,,train
2026-07-05 00:00:00+07:00,SKU-001,0,1.027,1.027,1.0,0.0,0,,,train
2026-07-05 01:00:00+07:00,SKU-001,1,0.6577,0.6577,1.0,0.0,0,,,train
2026-07-05 02:00:00+07:00,SKU-001,0,0.4525,0.4525,1.0,0.0,0,,,train
2026-07-05 03:00:00+07:00,SKU-001,0,0.3704,0.3704,1.0,0.0,0,,,train
2026-07-05 04:00:00+07:00,SKU-001,1,0.4118,0.4118,1.0,0.0,0,,,train
2026-07-05 05:00:00+07:00,SKU-001,0,0.7415,0.7415,1.0,0.0,0,,,train
2026-07-05 06:00:00+07:00,SKU-001,4,1.5658,1.5658,1.0,0.0,0,,,train
2026-07-05 07:00:00+07:00,SKU-001,0,2.5553,2.5553,1.0,0.0,0,,,train
2026-07-05 08:00:00+07:00,SKU-001,4,3.5038,3.5038,1.0,0.0,0,,,train
2026-07-05 09:00:00+07:00,SKU-001,8,4.1224,4.1224,1.0,0.0,0,,,train
2026-07-05 10:00:00+07:00,SKU-001,2,4.617,4.617,1.0,0.0,0,,,train
2026-07-05 11:00:00+07:00,SKU-001,10,5.1113,5.1113,1.0,0.0,0,,,train
2026-07-05 12:00:00+07:00,SKU-001,6,5.3578,5.3578,1.0,0.0,0,,,train
2026-07-05 13:00:00+07:00,SKU-001,1,4.862,4.862,1.0,0.0,0,,,train
2026-07-05 14:00:00+07:00,SKU-001,0,4.325,4.325,1.0,0.0,0,,,train
2026-07-05 15:00:00+07:00,SKU-001,3,4.1998,4.1998,1.0,0.0,0,,,train
2026-07-05 16:00:00+07:00,SKU-001,4,4.527,4.527,1.0,0.0,0,,,train
2026-07-05 17:00:00+07:00,SKU-001,6,5.2649,5.2649,1.0,0.0,0,,,train
2026-07-05 18:00:00+07:00,SKU-001,7,6.2482,6.2482,1.0,0.0,0,,,train
2026-07-05 19:00:00+07:00,SKU-001,11,7.3118,7.3118,1.0,0.0,0,,,train
2026-07-05 20:00:00+07:00,SKU-001,2,7.6346,7.6346,1.0,0.0,0,,,train
2026-07-05 21:00:00+07:00,SKU-001,3,6.3568,6.3568,1.0,0.0,0,,,train
2026-07-05 22:00:00+07:00,SKU-001,2,4.1793,4.1793,1.0,0.0,0,,,train
2026-07-05 23:00:00+07:00,SKU-001,1,2.1285,2.1285,1.0,0.0,0,,,train
2026-07-06 00:00:00+07:00,SKU-001,0,0.8689,0.8689,1.0,0.0,0,,,train
2026-07-06 01:00:00+07:00,SKU-001,0,0.5555,0.5555,1.0,0.0,0,,,train
2026-07-06 02:00:00+07:00,SKU-001,2,0.3814,0.3814,1.0,0.0,0,,,train
2026-07-06 03:00:00+07:00,SKU-001,0,0.3117,0.3117,1.0,0.0,0,,,train
2026-07-06 04:00:00+07:00,SKU-001,2,0.3459,0.3459,1.0,0.0,0,,,train
2026-07-06 05:00:00+07:00,SKU-001,0,0.6217,0.6217,1.0,0.0,0,,,train
2026-07-06 06:00:00+07:00,SKU-001,0,1.3106,1.3106,1.0,0.0,0,,,train
2026-07-06 07:00:00+07:00,SKU-001,2,2.1352,2.1352,1.0,0.0,0,,,train
2026-07-06 08:00:00+07:00,SKU-001,0,2.9228,2.9228,1.0,0.0,0,,,train
2026-07-06 09:00:00+07:00,SKU-001,4,3.433,3.433,1.0,0.0,0,,,train
2026-07-06 10:00:00+07:00,SKU-001,6,3.8386,3.8386,1.0,0.0,0,,,train
2026-07-06 11:00:00+07:00,SKU-001,3,4.2427,4.2427,1.0,0.0,0,,,train
2026-07-06 12:00:00+07:00,SKU-001,7,4.4402,4.4402,1.0,0.0,0,,,train
2026-07-06 13:00:00+07:00,SKU-001,2,4.0231,4.0231,1.0,0.0,0,,,train
2026-07-06 14:00:00+07:00,SKU-001,3,3.5733,3.5733,1.0,0.0,0,,,train
2026-07-06 15:00:00+07:00,SKU-001,3,3.4647,3.4647,1.0,0.0,0,,,train
2026-07-06 16:00:00+07:00,SKU-001,4,3.7293,3.7293,1.0,0.0,0,,,train
2026-07-06 17:00:00+07:00,SKU-001,7,4.3311,4.3311,1.0,0.0,0,,,train
2026-07-06 18:00:00+07:00,SKU-001,5,5.1331,5.1331,1.0,0.0,0,,,train
2026-07-06 19:00:00+07:00,SKU-001,5,5.999,5.999,1.0,0.0,0,,,train
2026-07-06 20:00:00+07:00,SKU-001,3,6.2559,6.2559,1.0,0.0,0,,,train
2026-07-06 21:00:00+07:00,SKU-001,2,5.2026,5.2026,1.0,0.0,0,,,train
2026-07-06 22:00:00+07:00,SKU-001,3,3.4165,3.4165,1.0,0.0,0,,,train
2026-07-06 23:00:00+07:00,SKU-001,4,1.7381,1.7381,1.0,0.0,0,,,train
2026-07-07 00:00:00+07:00,SKU-001,1,0.7848,0.7848,1.0,0.0,0,,,train
2026-07-07 01:00:00+07:00,SKU-001,0,0.5012,0.5012,1.0,0.0,0,,,train
2026-07-07 02:00:00+07:00,SKU-001,0,0.3439,0.3439,1.0,0.0,0,,,train
2026-07-07 03:00:00+07:00,SKU-001,0,0.2807,0.2807,1.0,0.0,0,,,train
2026-07-07 04:00:00+07:00,SKU-001,0,0.3113,0.3113,1.0,0.0,0,,,train
2026-07-07 05:00:00+07:00,SKU-001,1,0.5591,0.5591,1.0,0.0,0,,,train
2026-07-07 06:00:00+07:00,SKU-001,1,1.1778,1.1778,1.0,0.0,0,,,train
2026-07-07 07:00:00+07:00,SKU-001,4,1.9176,1.9176,1.0,0.0,0,,,train
2026-07-07 08:00:00+07:00,SKU-001,2,2.6234,2.6234,1.0,0.0,0,,,train
2026-07-07 09:00:00+07:00,SKU-001,5,3.0799,3.0799,1.0,0.0,0,,,train
2026-07-07 10:00:00+07:00,SKU-001,2,3.4423,3.4423,1.0,0.0,0,,,train
2026-07-07 11:00:00+07:00,SKU-001,2,3.8033,3.8033,1.0,0.0,0,,,train
2026-07-07 12:00:00+07:00,SKU-001,5,3.9792,3.9792,1.0,0.0,0,,,train
2026-07-07 13:00:00+07:00,SKU-001,5,3.6047,3.6047,1.0,0.0,0,,,train
2026-07-07 14:00:00+07:00,SKU-001,2,3.2012,3.2012,1.0,0.0,0,,,train
2026-07-07 15:00:00+07:00,SKU-001,3,3.1037,3.1037,1.0,0.0,0,,,train
2026-07-07 16:00:00+07:00,SKU-001,9,3.3408,3.3408,1.0,0.0,0,,,train
2026-07-07 17:00:00+07:00,SKU-001,5,3.8802,3.8802,1.0,0.0,0,,,train
2026-07-07 18:00:00+07:00,SKU-001,4,4.5993,4.5993,1.0,0.0,0,,,train
2026-07-07 19:00:00+07:00,SKU-001,13,5.3764,5.3764,1.0,0.0,0,,,train
2026-07-07 20:00:00+07:00,SKU-001,4,5.6083,5.6083,1.0,0.0,0,,,train
2026-07-07 21:00:00+07:00,SKU-001,5,4.6658,4.6658,1.0,0.0,0,,,train
2026-07-07 22:00:00+07:00,SKU-001,3,3.0654,3.0654,1.0,0.0,0,,,train
2026-07-07 23:00:00+07:00,SKU-001,0,1.5603,1.5603,1.0,0.0,0,,,train
2026-07-08 00:00:00+07:00,SKU-001,1,0.7334,0.7334,1.0,0.0,0,,,train
2026-07-08 01:00:00+07:00,SKU-001,0,0.4687,0.4687,1.0,0.0,0,,,train
2026-07-08 02:00:00+07:00,SKU-001,2,0.3218,0.3218,1.0,0.0,0,,,train
2026-07-08 03:00:00+07:00,SKU-001,0,0.2629,0.2629,1.0,0.0,0,,,train
2026-07-08 04:00:00+07:00,SKU-001,0,0.2918,0.2918,1.0,0.0,0,,,train
2026-07-08 05:00:00+07:00,SKU-001,2,0.5246,0.5246,1.0,0.0,0,,,train
2026-07-08 06:00:00+07:00,SKU-001,0,1.1062,1.1062,1.0,0.0,0,,,train
2026-07-08 07:00:00+07:00,SKU-001,1,1.803,1.803,1.0,0.0,0,,,train
2026-07-08 08:00:00+07:00,SKU-001,3,2.4695,2.4695,1.0,0.0,0,,,train
2026-07-08 09:00:00+07:00,SKU-001,2,2.9028,2.9028,1.0,0.0,0,,,train
2026-07-08 10:00:00+07:00,SKU-001,2,3.2485,3.2485,1.0,0.0,0,,,train
2026-07-08 11:00:00+07:00,SKU-001,3,3.594,3.594,1.0,0.0,0,,,train
2026-07-08 12:00:00+07:00,SKU-001,5,3.7656,3.7656,1.0,0.0,0,,,train
2026-07-08 13:00:00+07:00,SKU-001,2,3.4161,3.4161,1.0,0.0,0,,,train
2026-07-08 14:00:00+07:00,SKU-001,0,3.0384,3.0384,1.0,0.0,0,,,train
2026-07-08 15:00:00+07:00,SKU-001,0,2.9504,2.9504,1.0,0.0,0,,,train
2026-07-08 16:00:00+07:00,SKU-001,6,3.1809,3.1809,1.0,0.0,0,,,train
2026-07-08 17:00:00+07:00,SKU-001,5,3.7007,3.7007,1.0,0.0,0,,,train
2026-07-08 18:00:00+07:00,SKU-001,2,4.3941,4.3941,1.0,0.0,0,,,train
2026-07-08 19:00:00+07:00,SKU-001,2,5.1457,5.1457,1.0,0.0,0,,,train
2026-07-08 20:00:00+07:00,SKU-001,3,5.3773,5.3773,1.0,0.0,0,,,train
2026-07-08 21:00:00+07:00,SKU-001,2,4.4818,4.4818,1.0,0.0,0,,,train
2026-07-08 22:00:00+07:00,SKU-001,3,2.95,2.95,1.0,0.0,0,,,train
2026-07-08 23:00:00+07:00,SKU-001,2,1.5044,1.5044,1.0,0.0,0,,,train
2026-07-09 00:00:00+07:00,SKU-001,0,0.7544,0.7544,1.0,0.0,0,,,train
2026-07-09 01:00:00+07:00,SKU-001,0,0.4831,0.4831,1.0,0.0,0,,,train
2026-07-09 02:00:00+07:00,SKU-001,1,0.3323,0.3323,1.0,0.0,0,,,train
2026-07-09 03:00:00+07:00,SKU-001,0,0.2721,0.2721,1.0,0.0,0,,,train
2026-07-09 04:00:00+07:00,SKU-001,0,0.3025,0.3025,1.0,0.0,0,,,train
2026-07-09 05:00:00+07:00,SKU-001,1,0.545,0.545,1.0,0.0,0,,,train
2026-07-09 06:00:00+07:00,SKU-001,1,1.1517,1.1517,1.0,0.0,0,,,train
2026-07-09 07:00:00+07:00,SKU-001,1,1.881,1.881,1.0,0.0,0,,,train
2026-07-09 08:00:00+07:00,SKU-001,5,2.5816,2.5816,1.0,0.0,0,,,train
2026-07-09 09:00:00+07:00,SKU-001,3,3.0408,3.0408,1.0,0.0,0,,,train
2026-07-09 10:00:00+07:00,SKU-001,2,3.41,3.41,1.0,0.0,0,,,train
2026-07-09 11:00:00+07:00,SKU-001,7,3.7804,3.7804,1.0,0.0,0,,,train
2026-07-09 12:00:00+07:00,SKU-001,3,3.9689,3.9689,1.0,0.0,0,,,train
2026-07-09 13:00:00+07:00,SKU-001,4,3.6079,3.6079,1.0,0.0,0,,,train
2026-07-09 14:00:00+07:00,SKU-001,1,3.2154,3.2154,1.0,0.0,0,,,train
2026-07-09 15:00:00+07:00,SKU-001,1,3.1286,3.1286,1.0,0.0,0,,,train
2026-07-09 16:00:00+07:00,SKU-001,2,3.3796,3.3796,1.0,0.0,0,,,train
2026-07-09 17:00:00+07:00,SKU-001,4,3.9395,3.9395,1.0,0.0,0,,,train
2026-07-09 18:00:00+07:00,SKU-001,22,4.6866,4.6866,1.0,0.0,0,,,train
2026-07-09 19:00:00+07:00,SKU-001,4,5.4984,5.4984,1.0,0.0,0,,,train
2026-07-09 20:00:00+07:00,SKU-001,4,5.7565,5.7565,1.0,0.0,0,,,train
2026-07-09 21:00:00+07:00,SKU-001,2,4.8065,4.8065,1.0,0.0,0,,,train
2026-07-09 22:00:00+07:00,SKU-001,2,3.1694,3.1694,1.0,0.0,0,,,train
2026-07-09 23:00:00+07:00,SKU-001,0,1.6191,1.6191,1.0,0.0,0,,,train
2026-07-10 00:00:00+07:00,SKU-001,0,0.8755,0.8755,1.0,0.0,0,,,train
2026-07-10 01:00:00+07:00,SKU-001,1,0.5615,0.5615,1.0,0.0,0,,,train
2026-07-10 02:00:00+07:00,SKU-001,1,0.3869,0.3869,1.0,0.0,0,,,train
2026-07-10 03:00:00+07:00,SKU-001,0,0.3173,0.3173,1.0,0.0,0,,,train
2026-07-10 04:00:00+07:00,SKU-001,0,0.3533,0.3533,1.0,0.0,0,,,train
2026-07-10 05:00:00+07:00,SKU-001,0,0.6374,0.6374,1.0,0.0,0,,,train
2026-07-10 06:00:00+07:00,SKU-001,3,1.3486,1.3486,1.0,0.0,0,,,train
2026-07-10 07:00:00+07:00,SKU-001,3,2.2055,2.2055,1.0,0.0,0,,,train
2026-07-10 08:00:00+07:00,SKU-001,4,3.0307,3.0307,1.0,0.0,0,,,train
2026-07-10 09:00:00+07:00,SKU-001,3,3.5739,3.5739,1.0,0.0,0,,,train
2026-07-10 10:00:00+07:00,SKU-001,3,4.0121,4.0121,1.0,0.0,0,,,train
2026-07-10 11:00:00+07:00,SKU-001,6,4.4525,4.4525,1.0,0.0,0,,,train
2026-07-10 12:00:00+07:00,SKU-001,2,4.679,4.679,1.0,0.0,0,,,train
2026-07-10 13:00:00+07:00,SKU-001,3,4.2571,4.2571,1.0,0.0,0,,,train
2026-07-10 14:00:00+07:00,SKU-001,4,3.797,3.797,1.0,0.0,0,,,train
2026-07-10 15:00:00+07:00,SKU-001,2,3.6973,3.6973,1.0,0.0,0,,,train
2026-07-10 16:00:00+07:00,SKU-001,8,3.9966,3.9966,1.0,0.0,0,,,train
2026-07-10 17:00:00+07:00,SKU-001,3,4.6615,4.6615,1.0,0.0,0,,,train
2026-07-10 18:00:00+07:00,SKU-001,4,5.5483,5.5483,1.0,0.0,0,,,train
2026-07-10 19:00:00+07:00,SKU-001,2,6.5124,6.5124,1.0,0.0,0,,,train
2026-07-10 20:00:00+07:00,SKU-001,16,6.8206,6.8206,1.0,0.0,0,,,train
2026-07-10 21:00:00+07:00,SKU-001,6,5.6967,5.6967,1.0,0.0,0,,,train
2026-07-10 22:00:00+07:00,SKU-001,2,3.7572,3.7572,1.0,0.0,0,,,train
2026-07-10 23:00:00+07:00,SKU-001,6,1.9197,1.9197,1.0,0.0,0,,,train
2026-07-11 00:00:00+07:00,SKU-001,3,1.0763,1.0763,1.0,0.0,0,,,train
2026-07-11 01:00:00+07:00,SKU-001,0,0.6903,0.6903,1.0,0.0,0,,,train
2026-07-11 02:00:00+07:00,SKU-001,3,0.4756,0.4756,1.0,0.0,0,,,train
2026-07-11 03:00:00+07:00,SKU-001,0,0.3899,0.3899,1.0,0.0,0,,,train
2026-07-11 04:00:00+07:00,SKU-001,0,0.4341,0.4341,1.0,0.0,0,,,train
2026-07-11 05:00:00+07:00,SKU-001,1,0.7829,0.7829,1.0,0.0,0,,,train
2026-07-11 06:00:00+07:00,SKU-001,0,1.6561,1.6561,1.0,0.0,0,,,train
2026-07-11 07:00:00+07:00,SKU-001,4,2.7071,2.7071,1.0,0.0,0,,,train
2026-07-11 08:00:00+07:00,SKU-001,1,3.7182,3.7182,1.0,0.0,0,,,train
2026-07-11 09:00:00+07:00,SKU-001,3,4.3821,4.3821,1.0,0.0,0,,,train
2026-07-11 10:00:00+07:00,SKU-001,4,4.9164,4.9164,1.0,0.0,0,,,train
2026-07-11 11:00:00+07:00,SKU-001,4,5.4522,5.4522,1.0,0.0,0,,,train
2026-07-11 12:00:00+07:00,SKU-001,8,5.7252,5.7252,1.0,0.0,0,,,train
2026-07-11 13:00:00+07:00,SKU-001,1,5.2048,5.2048,1.0,0.0,0,,,train
2026-07-11 14:00:00+07:00,SKU-001,0,4.6382,4.6382,1.0,0.0,0,,,train
2026-07-11 15:00:00+07:00,SKU-001,6,4.5121,4.5121,1.0,0.0,0,,,train
2026-07-11 16:00:00+07:00,SKU-001,6,4.8725,4.8725,1.0,0.0,0,,,train
2026-07-11 17:00:00+07:00,SKU-001,3,5.6772,5.6772,1.0,0.0,0,,,train
2026-07-11 18:00:00+07:00,SKU-001,1,6.7498,6.7498,1.0,0.0,0,,,train
2026-07-11 19:00:00+07:00,SKU-001,9,7.9134,7.9134,1.0,0.0,0,,,train
2026-07-11 20:00:00+07:00,SKU-001,6,8.278,8.278,1.0,0.0,0,,,train
2026-07-11 21:00:00+07:00,SKU-001,6,6.9052,6.9052,1.0,0.0,0,,,train
2026-07-11 22:00:00+07:00,SKU-001,4,4.5483,4.5483,1.0,0.0,0,,,train
2026-07-11 23:00:00+07:00,SKU-001,6,2.3207,2.3207,1.0,0.0,0,,,train
2026-07-12 00:00:00+07:00,SKU-001,0,1.0468,1.0468,1.0,0.0,0,,,train
2026-07-12 01:00:00+07:00,SKU-001,0,0.6704,0.6704,1.0,0.0,0,,,train
2026-07-12 02:00:00+07:00,SKU-001,0,0.4612,0.4612,1.0,0.0,0,,,train
2026-07-12 03:00:00+07:00,SKU-001,1,0.3776,0.3776,1.0,0.0,0,,,train
2026-07-12 04:00:00+07:00,SKU-001,1,0.4197,0.4197,1.0,0.0,0,,,train
2026-07-12 05:00:00+07:00,SKU-001,0,0.7558,0.7558,1.0,0.0,0,,,train
2026-07-12 06:00:00+07:00,SKU-001,5,1.596,1.596,1.0,0.0,0,,,train
2026-07-12 07:00:00+07:00,SKU-001,2,2.6046,2.6046,1.0,0.0,0,,,train
2026-07-12 08:00:00+07:00,SKU-001,2,3.5713,3.5713,1.0,0.0,0,,,train
2026-07-12 09:00:00+07:00,SKU-001,2,4.2019,4.2019,1.0,0.0,0,,,train
2026-07-12 10:00:00+07:00,SKU-001,6,4.7061,4.7061,1.0,0.0,0,,,train
2026-07-12 11:00:00+07:00,SKU-001,2,5.2098,5.2098,1.0,0.0,0,,,train
2026-07-12 12:00:00+07:00,SKU-001,5,5.461,5.461,1.0,0.0,0,,,train
2026-07-12 13:00:00+07:00,SKU-001,7,4.9557,4.9557,1.0,0.0,0,,,train
2026-07-12 14:00:00+07:00,SKU-001,3,4.4084,4.4084,1.0,0.0,0,,,train
2026-07-12 15:00:00+07:00,SKU-001,1,4.2807,4.2807,1.0,0.0,0,,,train
2026-07-12 16:00:00+07:00,SKU-001,5,4.6142,4.6142,1.0,0.0,0,,,train
2026-07-12 17:00:00+07:00,SKU-001,0,5.3663,5.3663,1.0,0.0,0,,,train
2026-07-12 18:00:00+07:00,SKU-001,9,6.3685,6.3685,1.0,0.0,0,,,train
2026-07-12 19:00:00+07:00,SKU-001,7,7.4527,7.4527,1.0,0.0,0,,,train
2026-07-12 20:00:00+07:00,SKU-001,4,7.7816,7.7816,1.0,0.0,0,,,train
2026-07-12 21:00:00+07:00,SKU-001,3,6.4792,6.4792,1.0,0.0,0,,,train
2026-07-12 22:00:00+07:00,SKU-001,4,4.2598,4.2598,1.0,0.0,0,,,train
2026-07-12 23:00:00+07:00,SKU-001,0,2.1695,2.1695,1.0,0.0,0,,,train
2026-07-13 00:00:00+07:00,SKU-001,0,0.8856,0.8856,1.0,0.0,0,,,train
2026-07-13 01:00:00+07:00,SKU-001,0,0.5662,0.5662,1.0,0.0,0,,,train
2026-07-13 02:00:00+07:00,SKU-001,0,0.3888,0.3888,1.0,0.0,0,,,train
2026-07-13 03:00:00+07:00,SKU-001,1,0.3177,0.3177,1.0,0.0,0,,,train
2026-07-13 04:00:00+07:00,SKU-001,2,0.3525,0.3525,1.0,0.0,0,,,train
2026-07-13 05:00:00+07:00,SKU-001,2,0.6337,0.6337,1.0,0.0,0,,,train
2026-07-13 06:00:00+07:00,SKU-001,2,1.3358,1.3358,1.0,0.0,0,,,train
2026-07-13 07:00:00+07:00,SKU-001,0,2.1763,2.1763,1.0,0.0,0,,,train
2026-07-13 08:00:00+07:00,SKU-001,1,2.979,2.979,1.0,0.0,0,,,train
2026-07-13 09:00:00+07:00,SKU-001,6,3.499,3.499,1.0,0.0,0,,,train
2026-07-13 10:00:00+07:00,SKU-001,1,3.9124,3.9124,1.0,0.0,0,,,train
2026-07-13 11:00:00+07:00,SKU-001,6,4.3242,4.3242,1.0,0.0,0,,,train
2026-07-13 12:00:00+07:00,SKU-001,8,4.5256,4.5256,1.0,0.0,0,,,train
2026-07-13 13:00:00+07:00,SKU-001,2,4.1004,4.1004,1.0,0.0,0,,,train
2026-07-13 14:00:00+07:00,SKU-001,0,3.642,3.642,1.0,0.0,0,,,train
2026-07-13 15:00:00+07:00,SKU-001,7,3.5313,3.5313,1.0,0.0,0,,,train
2026-07-13 16:00:00+07:00,SKU-001,4,3.801,3.801,1.0,0.0,0,,,train
2026-07-13 17:00:00+07:00,SKU-001,1,4.4143,4.4143,1.0,0.0,0,,,train
2026-07-13 18:00:00+07:00,SKU-001,8,5.2317,5.2317,1.0,0.0,0,,,train
2026-07-13 19:00:00+07:00,SKU-001,10,6.1143,6.1143,1.0,0.0,0,,,train
2026-07-13 20:00:00+07:00,SKU-001,11,6.3761,6.3761,1.0,0.0,0,,,train
2026-07-13 21:00:00+07:00,SKU-001,7,5.3025,5.3025,1.0,0.0,0,,,train
2026-07-13 22:00:00+07:00,SKU-001,14,3.4821,3.4821,1.0,0.0,0,,,train
2026-07-13 23:00:00+07:00,SKU-001,2,1.7715,1.7715,1.0,0.0,0,,,train
2026-07-14 00:00:00+07:00,SKU-001,0,0.7999,0.7999,1.0,0.0,0,,,train
2026-07-14 01:00:00+07:00,SKU-001,1,0.5108,0.5108,1.0,0.0,0,,,train
2026-07-14 02:00:00+07:00,SKU-001,0,0.3505,0.3505,1.0,0.0,0,,,train
2026-07-14 03:00:00+07:00,SKU-001,1,0.2861,0.2861,1.0,0.0,0,,,train
2026-07-14 04:00:00+07:00,SKU-001,0,0.3172,0.3172,1.0,0.0,0,,,train
2026-07-14 05:00:00+07:00,SKU-001,1,0.5698,0.5698,1.0,0.0,0,,,train
2026-07-14 06:00:00+07:00,SKU-001,0,1.2004,1.2004,1.0,0.0,0,,,train
2026-07-14 07:00:00+07:00,SKU-001,6,1.9544,1.9544,1.0,0.0,0,,,train
2026-07-14 08:00:00+07:00,SKU-001,2,2.6737,2.6737,1.0,0.0,0,,,train
2026-07-14 09:00:00+07:00,SKU-001,6,3.139,3.139,1.0,0.0,0,,,train
2026-07-14 10:00:00+07:00,SKU-001,3,3.5083,3.5083,1.0,0.0,0,,,train
2026-07-14 11:00:00+07:00,SKU-001,9,3.8762,3.8762,1.0,0.0,0,,,train
2026-07-14 12:00:00+07:00,SKU-001,3,4.0555,4.0555,1.0,0.0,0,,,train
2026-07-14 13:00:00+07:00,SKU-001,5,3.6738,3.6738,1.0,0.0,0,,,train
2026-07-14 14:00:00+07:00,SKU-001,1,3.2626,3.2626,1.0,0.0,0,,,train
2026-07-14 15:00:00+07:00,SKU-001,1,3.1632,3.1632,1.0,0.0,0,,,train
2026-07-14 16:00:00+07:00,SKU-001,5,3.4048,3.4048,1.0,0.0,0,,,train
2026-07-14 17:00:00+07:00,SKU-001,8,3.9545,3.9545,1.0,0.0,0,,,train
2026-07-14 18:00:00+07:00,SKU-001,4,4.6874,4.6874,1.0,0.0,0,,,train
2026-07-14 19:00:00+07:00,SKU-001,6,5.4794,5.4794,1.0,0.0,0,,,train
2026-07-14 20:00:00+07:00,SKU-001,5,5.7158,5.7158,1.0,0.0,0,,,train
2026-07-14 21:00:00+07:00,SKU-001,4,4.7551,4.7551,1.0,0.0,0,,,train
2026-07-14 22:00:00+07:00,SKU-001,2,3.1241,3.1241,1.0,0.0,0,,,train
2026-07-14 23:00:00+07:00,SKU-001,0,1.5902,1.5902,1.0,0.0,0,,,train
2026-07-15 00:00:00+07:00,SKU-001,0,0.7474,0.7474,1.0,0.0,0,,,train
2026-07-15 01:00:00+07:00,SKU-001,0,0.4777,0.4777,1.0,0.0,0,,,train
2026-07-15 02:00:00+07:00,SKU-001,0,0.3279,0.3279,1.0,0.0,0,,,train
2026-07-15 03:00:00+07:00,SKU-001,0,0.268,0.268,1.0,0.0,0,,,train
2026-07-15 04:00:00+07:00,SKU-001,0,0.2974,0.2974,1.0,0.0,0,,,train
2026-07-15 05:00:00+07:00,SKU-001,0,0.5346,0.5346,1.0,0.0,0,,,train
2026-07-15 06:00:00+07:00,SKU-001,2,1.1274,1.1274,1.0,0.0,0,,,train
2026-07-15 07:00:00+07:00,SKU-001,1,1.8375,1.8375,1.0,0.0,0,,,train
2026-07-15 08:00:00+07:00,SKU-001,1,2.5168,2.5168,1.0,0.0,0,,,train
2026-07-15 09:00:00+07:00,SKU-001,1,2.9583,2.9583,1.0,0.0,0,,,train
2026-07-15 10:00:00+07:00,SKU-001,12,3.3107,3.3107,1.0,0.0,0,,,train
2026-07-15 11:00:00+07:00,SKU-001,7,3.6627,3.6627,1.0,0.0,0,,,train
2026-07-15 12:00:00+07:00,SKU-001,2,3.8375,3.8375,1.0,0.0,0,,,train
2026-07-15 13:00:00+07:00,SKU-001,7,3.4814,3.4814,1.0,0.0,0,,,train
2026-07-15 14:00:00+07:00,SKU-001,2,3.0964,3.0964,1.0,0.0,0,,,train
2026-07-15 15:00:00+07:00,SKU-001,4,3.0068,3.0068,1.0,0.0,0,,,train
2026-07-15 16:00:00+07:00,SKU-001,3,3.2417,3.2417,1.0,0.0,0,,,train
2026-07-15 17:00:00+07:00,SKU-001,3,3.7714,3.7714,1.0,0.0,0,,,train
2026-07-15 18:00:00+07:00,SKU-001,7,4.4781,4.4781,1.0,0.0,0,,,train
2026-07-15 19:00:00+07:00,SKU-001,3,5.244,5.244,1.0,0.0,0,,,train
2026-07-15 20:00:00+07:00,SKU-001,2,5.48,5.48,1.0,0.0,0,,,train
2026-07-15 21:00:00+07:00,SKU-001,0,4.5674,4.5674,1.0,0.0,0,,,train
2026-07-15 22:00:00+07:00,SKU-001,4,3.0064,3.0064,1.0,0.0,0,,,train
2026-07-15 23:00:00+07:00,SKU-001,1,1.5332,1.5332,1.0,0.0,0,,,train
2026-07-16 00:00:00+07:00,SKU-001,2,0.7688,0.7688,1.0,0.0,0,,,train
2026-07-16 01:00:00+07:00,SKU-001,0,0.4923,0.4923,1.0,0.0,0,,,train
2026-07-16 02:00:00+07:00,SKU-001,0,0.3386,0.3386,1.0,0.0,0,,,train
2026-07-16 03:00:00+07:00,SKU-001,0,0.2773,0.2773,1.0,0.0,0,,,train
2026-07-16 04:00:00+07:00,SKU-001,1,0.3083,0.3083,1.0,0.0,0,,,train
2026-07-16 05:00:00+07:00,SKU-001,1,0.5554,0.5554,1.0,0.0,0,,,train
2026-07-16 06:00:00+07:00,SKU-001,2,1.1737,1.1737,1.0,0.0,0,,,train
2026-07-16 07:00:00+07:00,SKU-001,4,1.9169,1.9169,1.0,0.0,0,,,train
2026-07-16 08:00:00+07:00,SKU-001,5,2.6309,2.6309,1.0,0.0,0,,,train
2026-07-16 09:00:00+07:00,SKU-001,1,3.0988,3.0988,1.0,0.0,0,,,train
2026-07-16 10:00:00+07:00,SKU-001,5,3.475,3.475,1.0,0.0,0,,,train
2026-07-16 11:00:00+07:00,SKU-001,3,3.8525,3.8525,1.0,0.0,0,,,train
2026-07-16 12:00:00+07:00,SKU-001,3,4.0446,4.0446,1.0,0.0,0,,,train
2026-07-16 13:00:00+07:00,SKU-001,0,3.6767,3.6767,1.0,0.0,0,,,train
2026-07-16 14:00:00+07:00,SKU-001,1,3.2767,3.2767,1.0,0.0,0,,,train
2026-07-16 15:00:00+07:00,SKU-001,4,3.1882,3.1882,1.0,0.0,0,,,train
2026-07-16 16:00:00+07:00,SKU-001,2,3.444,3.444,1.0,0.0,0,,,train
2026-07-16 17:00:00+07:00,SKU-001,4,4.0146,4.0146,1.0,0.0,0,,,train
2026-07-16 18:00:00+07:00,SKU-001,5,4.7759,4.7759,1.0,0.0,0,,,train
2026-07-16 19:00:00+07:00,SKU-001,6,5.6032,5.6032,1.0,0.0,0,,,train
2026-07-16 20:00:00+07:00,SKU-001,7,5.8662,5.8662,1.0,0.0,0,,,train
2026-07-16 21:00:00+07:00,SKU-001,7,4.8981,4.8981,1.0,0.0,0,,,train
2026-07-16 22:00:00+07:00,SKU-001,2,3.2297,3.2297,1.0,0.0,0,,,train
2026-07-16 23:00:00+07:00,SKU-001,0,1.6499,1.6499,1.0,0.0,0,,,train
2026-07-17 00:00:00+07:00,SKU-001,1,0.8922,0.8922,1.0,0.0,0,,,train
2026-07-17 01:00:00+07:00,SKU-001,0,0.5722,0.5722,1.0,0.0,0,,,train
2026-07-17 02:00:00+07:00,SKU-001,2,0.3943,0.3943,1.0,0.0,0,,,train
2026-07-17 03:00:00+07:00,SKU-001,0,0.3233,0.3233,1.0,0.0,0,,,train
2026-07-17 04:00:00+07:00,SKU-001,1,0.36,0.36,1.0,0.0,0,,,train
2026-07-17 05:00:00+07:00,SKU-001,0,0.6495,0.6495,1.0,0.0,0,,,train
2026-07-17 06:00:00+07:00,SKU-001,0,1.3743,1.3743,1.0,0.0,0,,,train
2026-07-17 07:00:00+07:00,SKU-001,1,2.2475,2.2475,1.0,0.0,0,,,train
2026-07-17 08:00:00+07:00,SKU-001,1,3.0884,3.0884,1.0,0.0,0,,,train
2026-07-17 09:00:00+07:00,SKU-001,0,3.6419,3.6419,1.0,0.0,0,,,train
2026-07-17 10:00:00+07:00,SKU-001,2,4.0885,4.0885,1.0,0.0,0,,,train
2026-07-17 11:00:00+07:00,SKU-001,6,4.5372,4.5372,1.0,0.0,0,,,train
2026-07-17 12:00:00+07:00,SKU-001,4,4.7679,4.7679,1.0,0.0,0,,,train
2026-07-17 13:00:00+07:00,SKU-001,5,4.338,4.338,1.0,0.0,0,,,train
2026-07-17 14:00:00+07:00,SKU-001,3,3.8692,3.8692,1.0,0.0,0,,,train
2026-07-17 15:00:00+07:00,SKU-001,2,3.7675,3.7675,1.0,0.0,0,,,train
2026-07-17 16:00:00+07:00,SKU-001,8,4.0726,4.0726,1.0,0.0,0,,,train
2026-07-17 17:00:00+07:00,SKU-001,4,4.75,4.75,1.0,0.0,0,,,train
2026-07-17 18:00:00+07:00,SKU-001,10,5.6538,5.6538,1.0,0.0,0,,,train
2026-07-17 19:00:00+07:00,SKU-001,8,6.6361,6.6361,1.0,0.0,0,,,train
2026-07-17 20:00:00+07:00,SKU-001,5,6.9502,6.9502,1.0,0.0,0,,,train
2026-07-17 21:00:00+07:00,SKU-001,1,5.8049,5.8049,1.0,0.0,0,,,train
2026-07-17 22:00:00+07:00,SKU-001,3,3.8286,3.8286,1.0,0.0,0,,,train
2026-07-17 23:00:00+07:00,SKU-001,3,1.9561,1.9561,1.0,0.0,0,,,train
2026-07-18 00:00:00+07:00,SKU-001,0,1.0967,1.0967,1.0,0.0,0,,,train
2026-07-18 01:00:00+07:00,SKU-001,1,0.7034,0.7034,1.0,0.0,0,,,train
2026-07-18 02:00:00+07:00,SKU-001,0,0.4846,0.4846,1.0,0.0,0,,,train
2026-07-18 03:00:00+07:00,SKU-001,1,0.3973,0.3973,1.0,0.0,0,,,train
2026-07-18 04:00:00+07:00,SKU-001,0,0.4423,0.4423,1.0,0.0,0,,,train
2026-07-18 05:00:00+07:00,SKU-001,3,0.7978,0.7978,1.0,0.0,0,,,train
2026-07-18 06:00:00+07:00,SKU-001,4,1.6875,1.6875,1.0,0.0,0,,,train
2026-07-18 07:00:00+07:00,SKU-001,4,2.7585,2.7585,1.0,0.0,0,,,train
2026-07-18 08:00:00+07:00,SKU-001,5,3.7887,3.7887,1.0,0.0,0,,,train
2026-07-18 09:00:00+07:00,SKU-001,1,4.4652,4.4652,1.0,0.0,0,,,train
2026-07-18 10:00:00+07:00,SKU-001,4,5.0096,5.0096,1.0,0.0,0,,,train
2026-07-18 11:00:00+07:00,SKU-001,3,5.5556,5.5556,1.0,0.0,0,,,train
2026-07-18 12:00:00+07:00,SKU-001,4,5.8338,5.8338,1.0,0.0,0,,,train
2026-07-18 13:00:00+07:00,SKU-001,6,5.3034,5.3034,1.0,0.0,0,,,train
2026-07-18 14:00:00+07:00,SKU-001,1,4.7261,4.7261,1.0,0.0,0,,,train
2026-07-18 15:00:00+07:00,SKU-001,15,4.5976,4.5976,1.0,0.0,0,,,train
2026-07-18 16:00:00+07:00,SKU-001,5,4.9649,4.9649,1.0,0.0,0,,,train
2026-07-18 17:00:00+07:00,SKU-001,3,5.7847,5.7847,1.0,0.0,0,,,train
2026-07-18 18:00:00+07:00,SKU-001,8,6.8777,6.8777,1.0,0.0,0,,,train
2026-07-18 19:00:00+07:00,SKU-001,12,8.0634,8.0634,1.0,0.0,0,,,train
2026-07-18 20:00:00+07:00,SKU-001,3,8.4348,8.4348,1.0,0.0,0,,,train
2026-07-18 21:00:00+07:00,SKU-001,10,7.036,7.036,1.0,0.0,0,,,train
2026-07-18 22:00:00+07:00,SKU-001,10,4.6344,4.6344,1.0,0.0,0,,,train
2026-07-18 23:00:00+07:00,SKU-001,2,2.3647,2.3647,1.0,0.0,0,,,train
2026-07-19 00:00:00+07:00,SKU-001,0,1.0666,1.0666,1.0,0.0,0,,,train
2026-07-19 01:00:00+07:00,SKU-001,1,0.6831,0.6831,1.0,0.0,0,,,train
2026-07-19 02:00:00+07:00,SKU-001,0,0.4699,0.4699,1.0,0.0,0,,,train
2026-07-19 03:00:00+07:00,SKU-001,0,0.3847,0.3847,1.0,0.0,0,,,train
2026-07-19 04:00:00+07:00,SKU-001,1,0.4276,0.4276,1.0,0.0,0,,,train
2026-07-19 05:00:00+07:00,SKU-001,0,0.7701,0.7701,1.0,0.0,0,,,train
2026-07-19 06:00:00+07:00,SKU-001,3,1.6262,1.6262,1.0,0.0,0,,,train
2026-07-19 07:00:00+07:00,SKU-001,0,2.6539,2.6539,1.0,0.0,0,,,train
2026-07-19 08:00:00+07:00,SKU-001,4,3.6389,3.6389,1.0,0.0,0,,,train
2026-07-19 09:00:00+07:00,SKU-001,10,4.2814,4.2814,1.0,0.0,0,,,train
2026-07-19 10:00:00+07:00,SKU-001,6,4.7951,4.7951,1.0,0.0,0,,,train
2026-07-19 11:00:00+07:00,SKU-001,7,5.3084,5.3084,1.0,0.0,0,,,train
2026-07-19 12:00:00+07:00,SKU-001,4,5.5643,5.5643,1.0,0.0,0,,,train
2026-07-19 13:00:00+07:00,SKU-001,3,5.0494,5.0494,1.0,0.0,0,,,train
2026-07-19 14:00:00+07:00,SKU-001,3,4.4917,4.4917,1.0,0.0,0,,,train
2026-07-19 15:00:00+07:00,SKU-001,5,4.3616,4.3616,1.0,0.0,0,,,train
2026-07-19 16:00:00+07:00,SKU-001,9,4.7015,4.7015,1.0,0.0,0,,,train
2026-07-19 17:00:00+07:00,SKU-001,6,5.4678,5.4678,1.0,0.0,0,,,train
2026-07-19 18:00:00+07:00,SKU-001,5,6.4889,6.4889,1.0,0.0,0,,,train
2026-07-19 19:00:00+07:00,SKU-001,8,7.5935,7.5935,1.0,0.0,0,,,train
2026-07-19 20:00:00+07:00,SKU-001,9,7.9286,7.9286,1.0,0.0,0,,,train
2026-07-19 21:00:00+07:00,SKU-001,6,6.6016,6.6016,1.0,0.0,0,,,train
2026-07-19 22:00:00+07:00,SKU-001,0,4.3403,4.3403,1.0,0.0,0,,,train
2026-07-19 23:00:00+07:00,SKU-001,0,2.2105,2.2105,1.0,0.0,0,,,train
2026-07-20 00:00:00+07:00,SKU-001,0,0.9024,0.9024,1.0,0.0,0,,,train
2026-07-20 01:00:00+07:00,SKU-001,0,0.5769,0.5769,1.0,0.0,0,,,train
2026-07-20 02:00:00+07:00,SKU-001,0,0.3961,0.3961,1.0,0.0,0,,,train
2026-07-20 03:00:00+07:00,SKU-001,0,0.3237,0.3237,1.0,0.0,0,,,train
2026-07-20 04:00:00+07:00,SKU-001,0,0.3592,0.3592,1.0,0.0,0,,,train
2026-07-20 05:00:00+07:00,SKU-001,1,0.6456,0.6456,1.0,0.0,0,,,train
2026-07-20 06:00:00+07:00,SKU-001,0,1.361,1.361,1.0,0.0,0,,,train
2026-07-20 07:00:00+07:00,SKU-001,1,2.2173,2.2173,1.0,0.0,0,,,train
2026-07-20 08:00:00+07:00,SKU-001,2,3.0352,3.0352,1.0,0.0,0,,,train
2026-07-20 09:00:00+07:00,SKU-001,3,3.5651,3.5651,1.0,0.0,0,,,train
2026-07-20 10:00:00+07:00,SKU-001,2,3.9862,3.9862,1.0,0.0,0,,,train
2026-07-20 11:00:00+07:00,SKU-001,2,4.4058,4.4058,1.0,0.0,0,,,train
2026-07-20 12:00:00+07:00,SKU-001,5,4.6109,4.6109,1.0,0.0,0,,,train
2026-07-20 13:00:00+07:00,SKU-001,1,4.1778,4.1778,1.0,0.0,0,,,train
2026-07-20 14:00:00+07:00,SKU-001,7,3.7107,3.7107,1.0,0.0,0,,,train
2026-07-20 15:00:00+07:00,SKU-001,5,3.5979,3.5979,1.0,0.0,0,,,train
2026-07-20 16:00:00+07:00,SKU-001,2,3.8726,3.8726,1.0,0.0,0,,,train
2026-07-20 17:00:00+07:00,SKU-001,2,4.4976,4.4976,1.0,0.0,0,,,train
2026-07-20 18:00:00+07:00,SKU-001,5,5.3303,5.3303,1.0,0.0,0,EP-001-01,TRUE_SURGE,train
2026-07-20 19:00:00+07:00,SKU-001,9,6.2295,6.2295,1.0,0.25,0,EP-001-01,TRUE_SURGE,train
2026-07-20 20:00:00+07:00,SKU-001,8,6.4962,6.4962,1.0,0.5,0,EP-001-01,TRUE_SURGE,train
2026-07-20 21:00:00+07:00,SKU-001,7,5.4024,5.4024,1.0,0.75,0,EP-001-01,TRUE_SURGE,train
2026-07-20 22:00:00+07:00,SKU-001,6,3.5477,3.5477,1.0,1.0,0,EP-001-01,TRUE_SURGE,train
2026-07-20 23:00:00+07:00,SKU-001,0,1.8049,1.8049,1.0,0.9886,0,EP-001-01,TRUE_SURGE,train
2026-07-21 00:00:00+07:00,SKU-001,1,0.815,0.815,1.0,0.9773,0,EP-001-01,TRUE_SURGE,train
2026-07-21 01:00:00+07:00,SKU-001,1,0.5205,0.5205,1.0,0.9662,0,EP-001-01,TRUE_SURGE,train
2026-07-21 02:00:00+07:00,SKU-001,0,0.3571,0.3571,1.0,0.9552,0,EP-001-01,TRUE_SURGE,train
2026-07-21 03:00:00+07:00,SKU-001,0,0.2915,0.2915,1.0,0.9443,0,EP-001-01,TRUE_SURGE,train
2026-07-21 04:00:00+07:00,SKU-001,0,0.3232,0.3232,1.0,0.9335,0,EP-001-01,TRUE_SURGE,train
2026-07-21 05:00:00+07:00,SKU-001,0,0.5805,0.5805,1.0,0.9229,0,EP-001-01,TRUE_SURGE,train
2026-07-21 06:00:00+07:00,SKU-001,1,1.223,1.223,1.0,0.9124,0,EP-001-01,TRUE_SURGE,train
2026-07-21 07:00:00+07:00,SKU-001,0,1.9912,1.9912,1.0,0.902,0,EP-001-01,TRUE_SURGE,train
2026-07-21 08:00:00+07:00,SKU-001,10,2.724,2.724,1.0,0.8917,0,EP-001-01,TRUE_SURGE,train
2026-07-21 09:00:00+07:00,SKU-001,5,3.198,3.198,1.0,0.8816,0,EP-001-01,TRUE_SURGE,train
2026-07-21 10:00:00+07:00,SKU-001,7,3.5743,3.5743,1.0,0.8715,0,EP-001-01,TRUE_SURGE,train
2026-07-21 11:00:00+07:00,SKU-001,3,3.9492,3.9492,1.0,0.8616,0,EP-001-01,TRUE_SURGE,train
2026-07-21 12:00:00+07:00,SKU-001,11,9.9579,4.1318,2.4101,0.8518,0,EP-001-01,TRUE_SURGE,train
2026-07-21 13:00:00+07:00,SKU-001,12,14.2983,3.7429,3.8201,0.8421,0,EP-001-01,TRUE_SURGE,train
2026-07-21 14:00:00+07:00,SKU-001,7,17.3848,3.3239,5.2302,0.8325,0,EP-001-01,TRUE_SURGE,train
2026-07-21 15:00:00+07:00,SKU-001,24,21.3994,3.2227,6.6402,0.823,0,EP-001-01,TRUE_SURGE,train
2026-07-21 16:00:00+07:00,SKU-001,10,22.8107,3.4688,6.576,0.8136,0,EP-001-01,TRUE_SURGE,train
2026-07-21 17:00:00+07:00,SKU-001,11,26.2377,4.0289,6.5124,0.8043,0,EP-001-01,TRUE_SURGE,train
2026-07-21 18:00:00+07:00,SKU-001,15,30.8003,4.7755,6.4496,0.7952,0,EP-001-01,TRUE_SURGE,train
2026-07-21 19:00:00+07:00,SKU-001,7,35.6578,5.5824,6.3875,0.7861,0,EP-001-01,TRUE_SURGE,train
2026-07-21 20:00:00+07:00,SKU-001,47,36.8382,5.8232,6.3261,0.7771,0,EP-001-01,TRUE_SURGE,train
2026-07-21 21:00:00+07:00,SKU-001,40,30.3528,4.8445,6.2654,0.7683,0,EP-001-01,TRUE_SURGE,train
2026-07-21 22:00:00+07:00,SKU-001,3,19.7505,3.1828,6.2054,0.7595,0,EP-001-01,TRUE_SURGE,train
2026-07-21 23:00:00+07:00,SKU-001,13,9.9569,1.62,6.1461,0.7509,0,EP-001-01,TRUE_SURGE,train
2026-07-22 00:00:00+07:00,SKU-001,4,4.6355,0.7615,6.0875,0.7423,0,EP-001-01,TRUE_SURGE,train
2026-07-22 01:00:00+07:00,SKU-001,3,2.9342,0.4866,6.0295,0.7339,0,EP-001-01,TRUE_SURGE,train
2026-07-22 02:00:00+07:00,SKU-001,3,1.9953,0.3341,5.9722,0.7255,0,EP-001-01,TRUE_SURGE,train
2026-07-22 03:00:00+07:00,SKU-001,1,1.6149,0.273,5.9156,0.7172,0,EP-001-01,TRUE_SURGE,train
2026-07-22 04:00:00+07:00,SKU-001,1,1.7751,0.3029,5.8595,0.7091,0,EP-001-01,TRUE_SURGE,train
2026-07-22 05:00:00+07:00,SKU-001,1,3.1613,0.5447,5.8042,0.701,0,EP-001-01,TRUE_SURGE,train
2026-07-22 06:00:00+07:00,SKU-001,6,6.6035,1.1485,5.7494,0.693,0,EP-001-01,TRUE_SURGE,train
2026-07-22 07:00:00+07:00,SKU-001,5,10.6616,1.872,5.6953,0.6851,0,EP-001-01,TRUE_SURGE,train
2026-07-22 08:00:00+07:00,SKU-001,10,14.4656,2.564,5.6418,0.6773,0,EP-001-01,TRUE_SURGE,train
2026-07-22 09:00:00+07:00,SKU-001,23,16.8439,3.0138,5.5889,0.6696,0,EP-001-01,TRUE_SURGE,train
2026-07-22 10:00:00+07:00,SKU-001,14,18.6738,3.3728,5.5366,0.6619,0,EP-001-01,TRUE_SURGE,train
2026-07-22 11:00:00+07:00,SKU-001,15,20.4668,3.7315,5.4849,0.6544,10,EP-001-01,TRUE_SURGE,train
2026-07-22 12:00:00+07:00,SKU-001,21,21.2437,3.9095,5.4338,0.6469,21,EP-001-01,TRUE_SURGE,train
2026-07-22 13:00:00+07:00,SKU-001,7,19.093,3.5467,5.3833,0.6396,7,EP-001-01,TRUE_SURGE,train
2026-07-22 14:00:00+07:00,SKU-001,26,16.8241,3.1545,5.3334,0.6323,26,EP-001-01,TRUE_SURGE,train
2026-07-22 15:00:00+07:00,SKU-001,1,16.186,3.0632,5.284,0.6251,1,EP-001-01,TRUE_SURGE,train
2026-07-22 16:00:00+07:00,SKU-001,16,17.2892,3.3025,5.2352,0.618,16,EP-001-01,TRUE_SURGE,train
2026-07-22 17:00:00+07:00,SKU-001,16,19.9289,3.8422,5.1869,0.6109,16,EP-001-01,TRUE_SURGE,train
2026-07-22 18:00:00+07:00,SKU-001,21,23.4452,4.562,5.1392,0.604,21,EP-001-01,TRUE_SURGE,train
2026-07-22 19:00:00+07:00,SKU-001,23,27.2029,5.3423,5.092,0.5971,23,EP-001-01,TRUE_SURGE,train
2026-07-22 20:00:00+07:00,SKU-001,30,28.1671,5.5827,5.0454,0.5903,30,EP-001-01,TRUE_SURGE,train
2026-07-22 21:00:00+07:00,SKU-001,25,23.2617,4.653,4.9993,0.5835,25,EP-001-01,TRUE_SURGE,train
2026-07-22 22:00:00+07:00,SKU-001,23,15.1718,3.0627,4.9537,0.5769,23,EP-001-01,TRUE_SURGE,train
2026-07-22 23:00:00+07:00,SKU-001,12,7.6669,1.5619,4.9087,0.5703,12,EP-001-01,TRUE_SURGE,train
2026-07-23 00:00:00+07:00,SKU-001,3,3.8096,0.7832,4.8641,0.5638,3,EP-001-01,TRUE_SURGE,train
2026-07-23 01:00:00+07:00,SKU-001,2,2.4173,0.5015,4.8201,0.5574,2,EP-001-01,TRUE_SURGE,train
2026-07-23 02:00:00+07:00,SKU-001,0,1.6479,0.345,4.7766,0.551,0,EP-001-01,TRUE_SURGE,train
2026-07-23 03:00:00+07:00,SKU-001,0,1.337,0.2825,4.7336,0.5448,0,EP-001-01,TRUE_SURGE,train
2026-07-23 04:00:00+07:00,SKU-001,1,1.4734,0.3141,4.691,0.5386,1,EP-001-01,TRUE_SURGE,train
2026-07-23 05:00:00+07:00,SKU-001,3,2.6305,0.5658,4.649,0.5324,3,EP-001-01,TRUE_SURGE,train
2026-07-23 06:00:00+07:00,SKU-001,7,5.5088,1.1956,4.6074,0.5264,7,EP-001-01,TRUE_SURGE,train
2026-07-23 07:00:00+07:00,SKU-001,10,8.9169,1.9528,4.5663,0.5204,10,EP-001-01,TRUE_SURGE,train
2026-07-23 08:00:00+07:00,SKU-001,18,12.1293,2.6801,4.5256,0.5144,18,EP-001-01,TRUE_SURGE,train
2026-07-23 09:00:00+07:00,SKU-001,12,14.1598,3.1568,4.4855,0.5086,12,EP-001-01,TRUE_SURGE,train
2026-07-23 10:00:00+07:00,SKU-001,18,15.7383,3.5401,4.4457,0.5028,18,EP-001-01,TRUE_SURGE,train
2026-07-23 11:00:00+07:00,SKU-001,8,17.2936,3.9246,4.4065,0.497,8,EP-001-01,TRUE_SURGE,train
2026-07-23 12:00:00+07:00,SKU-001,32,17.9959,4.1203,4.3677,0.4914,32,EP-001-01,TRUE_SURGE,train
2026-07-23 13:00:00+07:00,SKU-001,16,16.2151,3.7455,4.3293,0.4858,16,EP-001-01,TRUE_SURGE,train
2026-07-23 14:00:00+07:00,SKU-001,21,14.3244,3.338,4.2914,0.4802,0,EP-001-01,TRUE_SURGE,train
2026-07-23 15:00:00+07:00,SKU-001,10,13.8157,3.2478,4.2538,0.4748,0,EP-001-01,TRUE_SURGE,train
2026-07-23 16:00:00+07:00,SKU-001,12,14.7942,3.5084,4.2168,0.4694,0,EP-001-01,TRUE_SURGE,train
2026-07-23 17:00:00+07:00,SKU-001,11,17.0951,4.0896,4.1801,0.464,0,EP-001-01,TRUE_SURGE,train
2026-07-23 18:00:00+07:00,SKU-001,32,20.1606,4.8652,4.1439,0.4587,0,EP-001-01,TRUE_SURGE,train
2026-07-23 19:00:00+07:00,SKU-001,22,23.4484,5.7079,4.1081,0.4535,0,EP-001-01,TRUE_SURGE,train
2026-07-23 20:00:00+07:00,SKU-001,21,24.3374,5.9758,4.0726,0.4483,0,EP-001-01,TRUE_SURGE,train
2026-07-23 21:00:00+07:00,SKU-001,8,20.1462,4.9896,4.0376,0.4432,0,EP-001-01,TRUE_SURGE,train
2026-07-23 22:00:00+07:00,SKU-001,3,13.1702,3.2901,4.003,0.4382,0,EP-001-01,TRUE_SURGE,train
2026-07-23 23:00:00+07:00,SKU-001,0,6.6705,1.6807,3.9688,0.4332,0,EP-001-01,TRUE_SURGE,train
2026-07-24 00:00:00+07:00,SKU-001,3,3.5765,0.9089,3.935,0.4282,0,EP-001-01,TRUE_SURGE,train
2026-07-24 01:00:00+07:00,SKU-001,2,2.2743,0.5829,3.9015,0.4234,0,EP-001-01,TRUE_SURGE,train
2026-07-24 02:00:00+07:00,SKU-001,2,1.5537,0.4016,3.8685,0.4185,0,EP-001-01,TRUE_SURGE,train
2026-07-24 03:00:00+07:00,SKU-001,1,1.2633,0.3293,3.8358,0.4138,0,EP-001-01,TRUE_SURGE,train
2026-07-24 04:00:00+07:00,SKU-001,1,1.3949,0.3667,3.8035,0.4091,0,EP-001-01,TRUE_SURGE,train
2026-07-24 05:00:00+07:00,SKU-001,3,2.4954,0.6616,3.7715,0.4044,0,EP-001-01,TRUE_SURGE,train
2026-07-24 06:00:00+07:00,SKU-001,5,5.2358,1.4,3.7399,0.3998,0,EP-001-01,TRUE_SURGE,train
2026-07-24 07:00:00+07:00,SKU-001,8,8.4908,2.2894,3.7087,0.3952,0,EP-001-01,TRUE_SURGE,train
2026-07-24 08:00:00+07:00,SKU-001,12,11.5706,3.146,3.6779,0.3907,0,EP-001-01,TRUE_SURGE,train
2026-07-24 09:00:00+07:00,SKU-001,13,13.531,3.7098,3.6473,0.3863,0,EP-001-01,TRUE_SURGE,train
2026-07-24 10:00:00+07:00,SKU-001,20,15.0647,4.1648,3.6172,0.3819,0,EP-001-01,TRUE_SURGE,train
2026-07-24 11:00:00+07:00,SKU-001,20,16.5802,4.6218,3.5873,0.3775,0,EP-001-01,TRUE_SURGE,train
2026-07-24 12:00:00+07:00,SKU-001,21,17.2802,4.8569,3.5579,0.3732,0,EP-001-01,TRUE_SURGE,train
2026-07-24 13:00:00+07:00,SKU-001,8,15.5933,4.419,3.5287,0.369,0,EP-001-01,TRUE_SURGE,train
2026-07-24 14:00:00+07:00,SKU-001,12,13.7946,3.9414,3.4999,0.3648,0,EP-001-01,TRUE_SURGE,train
2026-07-24 15:00:00+07:00,SKU-001,21,13.3227,3.8378,3.4714,0.3606,13,EP-001-01,TRUE_SURGE,train
2026-07-24 16:00:00+07:00,SKU-001,17,14.2844,4.1485,3.4433,0.3565,17,EP-001-01,TRUE_SURGE,train
2026-07-24 17:00:00+07:00,SKU-001,19,16.526,4.8386,3.4154,0.3524,19,EP-001-01,TRUE_SURGE,train
2026-07-24 18:00:00+07:00,SKU-001,13,19.5116,5.7592,3.3879,0.3484,13,EP-001-01,TRUE_SURGE,train
2026-07-24 19:00:00+07:00,SKU-001,15,22.7177,6.7598,3.3607,0.3445,15,EP-001-01,TRUE_SURGE,train
2026-07-24 20:00:00+07:00,SKU-001,21,23.6025,7.0798,3.3338,0.3405,21,EP-001-01,TRUE_SURGE,train
2026-07-24 21:00:00+07:00,SKU-001,25,19.5559,5.9131,3.3072,0.3366,25,EP-001-01,TRUE_SURGE,train
2026-07-24 22:00:00+07:00,SKU-001,17,12.7952,3.8999,3.2809,0.3328,17,EP-001-01,TRUE_SURGE,train
2026-07-24 23:00:00+07:00,SKU-001,3,6.4857,1.9926,3.2549,0.329,3,EP-001-01,TRUE_SURGE,train
2026-07-25 00:00:00+07:00,SKU-001,1,3.6075,1.1171,3.2292,0.3253,1,EP-001-01,TRUE_SURGE,train
2026-07-25 01:00:00+07:00,SKU-001,1,2.2955,0.7165,3.2038,0.3216,1,EP-001-01,TRUE_SURGE,train
2026-07-25 02:00:00+07:00,SKU-001,1,1.5691,0.4936,3.1787,0.3179,1,EP-001-01,TRUE_SURGE,train
2026-07-25 03:00:00+07:00,SKU-001,0,1.2764,0.4047,3.1539,0.3143,0,EP-001-01,TRUE_SURGE,train
2026-07-25 04:00:00+07:00,SKU-001,2,1.41,0.4506,3.1293,0.3107,2,EP-001-01,TRUE_SURGE,train
2026-07-25 05:00:00+07:00,SKU-001,3,2.5234,0.8127,3.1051,0.3072,3,EP-001-01,TRUE_SURGE,train
2026-07-25 06:00:00+07:00,SKU-001,8,5.2962,1.7189,3.0811,0.3037,8,EP-001-01,TRUE_SURGE,train
2026-07-25 07:00:00+07:00,SKU-001,4,8.5907,2.8098,3.0574,0.3002,4,EP-001-01,TRUE_SURGE,train
2026-07-25 08:00:00+07:00,SKU-001,12,11.7086,3.8592,3.0339,0.2968,12,EP-001-01,TRUE_SURGE,train
2026-07-25 09:00:00+07:00,SKU-001,11,13.6939,4.5483,3.0108,0.2934,11,EP-001-01,TRUE_SURGE,train
2026-07-25 10:00:00+07:00,SKU-001,8,15.2466,5.1029,2.9878,0.2901,8,EP-001-01,TRUE_SURGE,train
2026-07-25 11:00:00+07:00,SKU-001,16,16.78,5.659,2.9652,0.2867,16,EP-001-01,TRUE_SURGE,train
2026-07-25 12:00:00+07:00,SKU-001,19,17.4871,5.9423,2.9428,0.2835,19,EP-001-01,TRUE_SURGE,train
2026-07-25 13:00:00+07:00,SKU-001,14,15.7778,5.4021,2.9207,0.2802,14,EP-001-01,TRUE_SURGE,train
2026-07-25 14:00:00+07:00,SKU-001,4,13.9549,4.8141,2.8988,0.2771,0,EP-001-01,TRUE_SURGE,train
2026-07-25 15:00:00+07:00,SKU-001,7,13.4741,4.6831,2.8771,0.2739,0,EP-001-01,TRUE_SURGE,train
2026-07-25 16:00:00+07:00,SKU-001,22,14.4423,5.0573,2.8557,0.2708,0,EP-001-01,TRUE_SURGE,train
2026-07-25 17:00:00+07:00,SKU-001,10,16.7025,5.8923,2.8346,0.2677,0,EP-001-01,TRUE_SURGE,train
2026-07-25 18:00:00+07:00,SKU-001,15,19.7117,7.0056,2.8137,0.2646,0,EP-001-01,TRUE_SURGE,train
2026-07-25 19:00:00+07:00,SKU-001,18,22.9401,8.2133,2.793,0.2616,0,EP-001-01,TRUE_SURGE,train
2026-07-25 20:00:00+07:00,SKU-001,16,23.8212,8.5916,2.7726,0.2586,0,EP-001-01,TRUE_SURGE,train
2026-07-25 21:00:00+07:00,SKU-001,22,19.726,7.1668,2.7524,0.2557,0,EP-001-01,TRUE_SURGE,train
2026-07-25 22:00:00+07:00,SKU-001,15,12.8987,4.7206,2.7324,0.2528,0,EP-001-01,TRUE_SURGE,train
2026-07-25 23:00:00+07:00,SKU-001,3,6.5338,2.4086,2.7127,0.2499,0,EP-001-01,TRUE_SURGE,train
2026-07-26 00:00:00+07:00,SKU-001,3,2.926,1.0865,2.6932,0.2471,0,EP-001-01,TRUE_SURGE,train
2026-07-26 01:00:00+07:00,SKU-001,1,1.8605,0.6958,2.6739,0.2442,0,EP-001-01,TRUE_SURGE,train
2026-07-26 02:00:00+07:00,SKU-001,0,1.2708,0.4787,2.6548,0.2415,0,EP-001-01,TRUE_SURGE,train
2026-07-26 03:00:00+07:00,SKU-001,6,1.0329,0.3918,2.636,0.2387,0,EP-001-01,TRUE_SURGE,train
2026-07-26 04:00:00+07:00,SKU-001,1,1.1401,0.4356,2.6173,0.236,0,EP-001-01,TRUE_SURGE,train
2026-07-26 05:00:00+07:00,SKU-001,2,2.0385,0.7844,2.5989,0.2333,0,EP-001-01,TRUE_SURGE,train
2026-07-26 06:00:00+07:00,SKU-001,2,4.2746,1.6564,2.5807,0.2306,0,EP-001-01,TRUE_SURGE,train
2026-07-26 07:00:00+07:00,SKU-001,6,6.9272,2.7031,2.5627,0.228,0,EP-001-01,TRUE_SURGE,train
2026-07-26 08:00:00+07:00,SKU-001,7,9.4324,3.7065,2.5448,0.2254,0,EP-001-01,TRUE_SURGE,train
2026-07-26 09:00:00+07:00,SKU-001,6,11.0209,4.3608,2.5272,0.2228,0,EP-001-01,TRUE_SURGE,train
2026-07-26 10:00:00+07:00,SKU-001,11,12.2583,4.8841,2.5098,0.2203,0,EP-001-01,TRUE_SURGE,train
2026-07-26 11:00:00+07:00,SKU-001,4,13.4775,5.4069,2.4926,0.2178,0,EP-001-01,TRUE_SURGE,train
2026-07-26 12:00:00+07:00,SKU-001,21,14.0308,5.6676,2.4756,0.2153,0,EP-001-01,TRUE_SURGE,train
2026-07-26 13:00:00+07:00,SKU-001,6,12.6461,5.1432,2.4588,0.2129,0,EP-001-01,TRUE_SURGE,train
2026-07-26 14:00:00+07:00,SKU-001,5,11.1732,4.5751,2.4422,0.2104,0,EP-001-01,TRUE_SURGE,train
2026-07-26 15:00:00+07:00,SKU-001,8,10.7766,4.4426,2.4258,0.208,0,EP-001-01,TRUE_SURGE,train
2026-07-26 16:00:00+07:00,SKU-001,11,11.5384,4.7887,2.4095,0.2057,0,EP-001-01,TRUE_SURGE,train
2026-07-26 17:00:00+07:00,SKU-001,41,13.3296,5.5692,2.3935,0.2033,7,EP-001-01,TRUE_SURGE,train
2026-07-26 18:00:00+07:00,SKU-001,11,15.714,6.6093,2.3776,0.201,11,EP-001-01,TRUE_SURGE,train
2026-07-26 19:00:00+07:00,SKU-001,28,18.2676,7.7343,2.3619,0.1987,28,EP-001-01,TRUE_SURGE,train
2026-07-26 20:00:00+07:00,SKU-001,9,18.9484,8.0757,2.3464,0.1965,9,EP-001-01,TRUE_SURGE,train
2026-07-26 21:00:00+07:00,SKU-001,23,15.6737,6.724,2.331,0.1942,23,EP-001-01,TRUE_SURGE,train
2026-07-26 22:00:00+07:00,SKU-001,6,10.2378,4.4207,2.3159,0.192,6,EP-001-01,TRUE_SURGE,train
2026-07-26 23:00:00+07:00,SKU-001,5,5.1803,2.2515,2.3009,0.1898,5,EP-001-01,TRUE_SURGE,train
2026-07-27 00:00:00+07:00,SKU-001,1,2.1011,0.9191,2.286,0.1876,1,EP-001-01,TRUE_SURGE,train
2026-07-27 01:00:00+07:00,SKU-001,0,1.3346,0.5876,2.2714,0.1855,0,EP-001-01,TRUE_SURGE,train
2026-07-27 02:00:00+07:00,SKU-001,4,0.9106,0.4035,2.2569,0.1834,4,EP-001-01,TRUE_SURGE,train
2026-07-27 03:00:00+07:00,SKU-001,2,0.7394,0.3297,2.2426,0.1813,2,EP-001-01,TRUE_SURGE,train
2026-07-27 04:00:00+07:00,SKU-001,1,0.8152,0.3658,2.2284,0.1792,1,EP-001-01,TRUE_SURGE,train
2026-07-27 05:00:00+07:00,SKU-001,5,2.2984,1.0379,2.2144,0.1772,5,EP-001-01,TRUE_SURGE,train
2026-07-27 06:00:00+07:00,SKU-001,0,4.815,2.1881,2.2006,0.1752,0,EP-001-01,TRUE_SURGE,train
2026-07-27 07:00:00+07:00,SKU-001,14,7.7955,3.5646,2.1869,0.1732,14,EP-001-01,TRUE_SURGE,train
2026-07-27 08:00:00+07:00,SKU-001,7,10.6047,4.8794,2.1734,0.1712,7,EP-001-01,TRUE_SURGE,train
2026-07-27 09:00:00+07:00,SKU-001,11,12.3795,5.7312,2.16,0.1693,11,EP-001-01,TRUE_SURGE,train
2026-07-27 10:00:00+07:00,SKU-001,4,13.7573,6.4083,2.1468,0.1673,4,EP-001-01,TRUE_SURGE,train
2026-07-27 11:00:00+07:00,SKU-001,0,15.1127,7.0828,2.1337,0.1654,0,EP-001-01,TRUE_SURGE,train
2026-07-27 12:00:00+07:00,SKU-001,27,15.7204,7.4125,2.1208,0.1635,27,EP-001-01,TRUE_SURGE,train
2026-07-27 13:00:00+07:00,SKU-001,12,14.1579,6.7162,2.108,0.1617,12,EP-001-01,TRUE_SURGE,train
2026-07-27 14:00:00+07:00,SKU-001,31,12.4996,5.9653,2.0954,0.1598,31,EP-001-01,TRUE_SURGE,train
2026-07-27 15:00:00+07:00,SKU-001,17,12.0474,5.7839,2.0829,0.158,17,EP-001-01,TRUE_SURGE,train
2026-07-27 16:00:00+07:00,SKU-001,23,12.8906,6.2256,2.0706,0.1562,23,EP-001-01,TRUE_SURGE,train
2026-07-27 17:00:00+07:00,SKU-001,15,14.8825,7.2302,2.0584,0.1544,15,EP-001-01,TRUE_SURGE,train
2026-07-27 18:00:00+07:00,SKU-001,12,17.5346,8.5689,2.0463,0.1527,12,EP-001-01,TRUE_SURGE,train
2026-07-27 19:00:00+07:00,SKU-001,24,20.3733,10.0144,2.0344,0.1509,0,EP-001-01,TRUE_SURGE,train
2026-07-27 20:00:00+07:00,SKU-001,17,21.1225,10.4432,2.0226,0.1492,0,EP-001-01,TRUE_SURGE,train
2026-07-27 21:00:00+07:00,SKU-001,10,17.4646,8.6847,2.011,0.1475,0,EP-001-01,TRUE_SURGE,train
2026-07-27 22:00:00+07:00,SKU-001,12,11.4033,5.7032,1.9994,0.1458,0,EP-001-01,TRUE_SURGE,train
2026-07-27 23:00:00+07:00,SKU-001,5,5.7682,2.9014,1.9881,0.1442,0,EP-001-01,TRUE_SURGE,train
2026-07-28 00:00:00+07:00,SKU-001,2,2.5898,1.3101,1.9768,0.1425,0,EP-001-01,TRUE_SURGE,train
2026-07-28 01:00:00+07:00,SKU-001,3,1.6446,0.8367,1.9657,0.1409,0,EP-001-01,TRUE_SURGE,train
2026-07-28 02:00:00+07:00,SKU-001,0,1.122,0.574,1.9547,0.1393,0,EP-001-01,TRUE_SURGE,train
2026-07-28 03:00:00+07:00,SKU-001,0,0.9109,0.4686,1.9438,0.1377,0,EP-001-01,TRUE_SURGE,train
2026-07-28 04:00:00+07:00,SKU-001,0,1.0044,0.5196,1.933,0.1361,0,EP-001-01,TRUE_SURGE,train
2026-07-28 05:00:00+07:00,SKU-001,1,1.7941,0.9333,1.9224,0.1346,0,EP-001-01,TRUE_SURGE,train
2026-07-28 06:00:00+07:00,SKU-001,1,3.7588,1.966,1.9119,0.1331,0,EP-001-01,TRUE_SURGE,train
2026-07-28 07:00:00+07:00,SKU-001,1,6.0864,3.2009,1.9015,0.1315,0,EP-001-01,TRUE_SURGE,train
2026-07-28 08:00:00+07:00,SKU-001,13,8.2817,4.379,1.8912,0.13,0,EP-001-01,TRUE_SURGE,train
2026-07-28 09:00:00+07:00,SKU-001,3,9.6705,5.141,1.8811,0.1286,0,EP-001-01,TRUE_SURGE,train
2026-07-28 10:00:00+07:00,SKU-001,8,10.7507,5.7459,1.871,0.1271,0,EP-001-01,TRUE_SURGE,train
2026-07-28 11:00:00+07:00,SKU-001,9,11.815,6.3484,1.8611,0.1256,6,EP-001-01,TRUE_SURGE,train
2026-07-28 12:00:00+07:00,SKU-001,8,12.2963,6.642,1.8513,0.1242,8,EP-001-01,TRUE_SURGE,train
2026-07-28 13:00:00+07:00,SKU-001,5,11.0804,6.0168,1.8416,0.1228,5,EP-001-01,TRUE_SURGE,train
2026-07-28 14:00:00+07:00,SKU-001,8,9.7889,5.3433,1.832,0.1214,8,EP-001-01,TRUE_SURGE,train
2026-07-28 15:00:00+07:00,SKU-001,3,9.4416,5.1805,1.8225,0.12,3,EP-001-01,TRUE_SURGE,train
2026-07-28 16:00:00+07:00,SKU-001,6,10.1103,5.5761,1.8131,0.1186,6,EP-001-01,TRUE_SURGE,train
2026-07-28 17:00:00+07:00,SKU-001,11,11.6827,6.4764,1.8039,0.1173,11,EP-001-01,TRUE_SURGE,train
2026-07-28 18:00:00+07:00,SKU-001,8,13.7775,7.6767,1.7947,0.116,8,EP-001-01,TRUE_SURGE,train
2026-07-28 19:00:00+07:00,SKU-001,16,16.0241,8.9737,1.7857,0.1146,16,EP-001-01,TRUE_SURGE,train
2026-07-28 20:00:00+07:00,SKU-001,20,16.6314,9.3608,1.7767,0.1133,20,EP-001-01,TRUE_SURGE,train
2026-07-28 21:00:00+07:00,SKU-001,20,13.7672,7.7875,1.7679,0.112,20,EP-001-01,TRUE_SURGE,train
2026-07-28 22:00:00+07:00,SKU-001,12,9.0001,5.1163,1.7591,0.1108,12,EP-001-01,TRUE_SURGE,train
2026-07-28 23:00:00+07:00,SKU-001,5,4.5585,2.6042,1.7505,0.1095,5,EP-001-01,TRUE_SURGE,train
2026-07-29 00:00:00+07:00,SKU-001,2,2.1322,1.2241,1.7419,0.1083,2,EP-001-01,TRUE_SURGE,train
2026-07-29 01:00:00+07:00,SKU-001,0,1.356,0.7823,1.7335,0.107,0,EP-001-01,TRUE_SURGE,train
2026-07-29 02:00:00+07:00,SKU-001,0,0.587,0.3403,1.7251,0.1058,0,EP-001-01,TRUE_SURGE,train
2026-07-29 03:00:00+07:00,SKU-001,0,0.4773,0.278,1.7168,0.1046,0,EP-001-01,TRUE_SURGE,train
2026-07-29 04:00:00+07:00,SKU-001,0,0.5272,0.3085,1.7087,0.1034,0,EP-001-01,TRUE_SURGE,train
2026-07-29 05:00:00+07:00,SKU-001,3,0.9433,0.5547,1.7006,0.1022,3,EP-001-01,TRUE_SURGE,train
2026-07-29 06:00:00+07:00,SKU-001,1,1.9799,1.1697,1.6926,0.1011,1,EP-001-01,TRUE_SURGE,train
2026-07-29 07:00:00+07:00,SKU-001,0,3.2119,1.9065,1.6847,0.0999,0,EP-001-01,TRUE_SURGE,train
2026-07-29 08:00:00+07:00,SKU-001,10,4.3788,2.6112,1.6769,0.0988,10,EP-001-01,TRUE_SURGE,train
2026-07-29 09:00:00+07:00,SKU-001,13,5.1233,3.0693,1.6692,0.0976,13,EP-001-01,TRUE_SURGE,train
2026-07-29 10:00:00+07:00,SKU-001,3,5.7073,3.4349,1.6616,0.0965,3,EP-001-01,TRUE_SURGE,train
2026-07-29 11:00:00+07:00,SKU-001,7,6.2856,3.8002,1.654,0.0954,7,EP-001-01,TRUE_SURGE,train
2026-07-29 12:00:00+07:00,SKU-001,4,6.5559,3.9815,1.6466,0.0943,4,EP-001-01,TRUE_SURGE,train
2026-07-29 13:00:00+07:00,SKU-001,16,5.9209,3.612,1.6392,0.0933,16,EP-001-01,TRUE_SURGE,train
2026-07-29 14:00:00+07:00,SKU-001,4,5.2427,3.2126,1.6319,0.0922,0,EP-001-01,TRUE_SURGE,train
2026-07-29 15:00:00+07:00,SKU-001,7,5.0685,3.1196,1.6247,0.0912,0,EP-001-01,TRUE_SURGE,train
2026-07-29 16:00:00+07:00,SKU-001,6,5.4405,3.3633,1.6176,0.0901,0,EP-001-01,TRUE_SURGE,train
2026-07-29 17:00:00+07:00,SKU-001,4,6.302,3.9129,1.6106,0.0891,0,EP-001-01,TRUE_SURGE,train
2026-07-29 18:00:00+07:00,SKU-001,7,7.4504,4.646,1.6036,0.0881,0,EP-001-01,TRUE_SURGE,train
2026-07-29 19:00:00+07:00,SKU-001,3,8.6872,5.4406,1.5967,0.0871,0,EP-001-01,TRUE_SURGE,train
2026-07-29 20:00:00+07:00,SKU-001,9,9.0395,5.6854,1.5899,0.0861,0,EP-001-01,TRUE_SURGE,train
2026-07-29 21:00:00+07:00,SKU-001,5,7.5022,4.7386,1.5832,0.0851,0,EP-001-01,TRUE_SURGE,train
2026-07-29 22:00:00+07:00,SKU-001,5,4.9174,3.119,1.5766,0.0841,0,EP-001-01,TRUE_SURGE,train
2026-07-29 23:00:00+07:00,SKU-001,1,2.4973,1.5906,1.57,0.0832,0,EP-001-01,TRUE_SURGE,train
2026-07-30 00:00:00+07:00,SKU-001,1,1.2471,0.7976,1.5635,0.0822,0,EP-001-01,TRUE_SURGE,train
2026-07-30 01:00:00+07:00,SKU-001,1,0.7952,0.5107,1.5571,0.0813,0,EP-001-01,TRUE_SURGE,train
2026-07-30 02:00:00+07:00,SKU-001,1,0.5448,0.3513,1.5507,0.0804,0,EP-001-01,TRUE_SURGE,train
2026-07-30 03:00:00+07:00,SKU-001,1,0.4443,0.2876,1.5445,0.0794,0,EP-001-01,TRUE_SURGE,train
2026-07-30 04:00:00+07:00,SKU-001,1,0.492,0.3199,1.5383,0.0785,0,EP-001-01,TRUE_SURGE,train
2026-07-30 05:00:00+07:00,SKU-001,0,0.8829,0.5762,1.5321,0.0776,0,EP-001-01,TRUE_SURGE,train
2026-07-30 06:00:00+07:00,SKU-001,2,1.8582,1.2176,1.5261,0.0768,0,EP-001-01,TRUE_SURGE,train
2026-07-30 07:00:00+07:00,SKU-001,4,3.0229,1.9887,1.5201,0.0759,0,EP-001-01,TRUE_SURGE,train
2026-07-30 08:00:00+07:00,SKU-001,2,4.1327,2.7294,1.5141,0.075,0,EP-001-01,TRUE_SURGE,train
2026-07-30 09:00:00+07:00,SKU-001,5,4.8489,3.2148,1.5083,0.0742,0,EP-001-01,TRUE_SURGE,train
2026-07-30 10:00:00+07:00,SKU-001,10,5.4166,3.6051,1.5025,0.0733,0,EP-001-01,TRUE_SURGE,train
2026-07-30 11:00:00+07:00,SKU-001,7,5.9821,3.9967,1.4968,0.0725,0,EP-001-01,TRUE_SURGE,train
2026-07-30 12:00:00+07:00,SKU-001,6,6.2566,4.1959,1.4911,0.0717,0,EP-001-01,TRUE_SURGE,train
2026-07-30 13:00:00+07:00,SKU-001,4,5.6661,3.8142,1.4855,0.0708,0,EP-001-01,TRUE_SURGE,train
2026-07-30 14:00:00+07:00,SKU-001,4,5.0308,3.3993,1.48,0.07,3,EP-001-01,TRUE_SURGE,train
2026-07-30 15:00:00+07:00,SKU-001,1,4.8769,3.3074,1.4745,0.0692,1,EP-001-01,TRUE_SURGE,train
2026-07-30 16:00:00+07:00,SKU-001,4,5.2489,3.5728,1.4691,0.0684,4,EP-001-01,TRUE_SURGE,train
2026-07-30 17:00:00+07:00,SKU-001,5,6.0961,4.1647,1.4638,0.0677,5,EP-001-01,TRUE_SURGE,train
2026-07-30 18:00:00+07:00,SKU-001,11,7.2259,4.9544,1.4585,0.0669,11,EP-001-01,TRUE_SURGE,train
2026-07-30 19:00:00+07:00,SKU-001,10,8.4472,5.8127,1.4532,0.0661,10,EP-001-01,TRUE_SURGE,train
2026-07-30 20:00:00+07:00,SKU-001,9,8.8123,6.0855,1.4481,0.0654,9,EP-001-01,TRUE_SURGE,train
2026-07-30 21:00:00+07:00,SKU-001,8,7.332,5.0812,1.443,0.0646,8,EP-001-01,TRUE_SURGE,train
2026-07-30 22:00:00+07:00,SKU-001,1,4.8177,3.3504,1.4379,0.0639,1,EP-001-01,TRUE_SURGE,train
2026-07-30 23:00:00+07:00,SKU-001,0,2.4526,1.7116,1.4329,0.0632,0,EP-001-01,TRUE_SURGE,train
2026-07-31 00:00:00+07:00,SKU-001,1,1.3217,0.9256,1.428,0.0625,1,EP-001-01,TRUE_SURGE,train
2026-07-31 01:00:00+07:00,SKU-001,0,0.8448,0.5936,1.4231,0.0617,0,EP-001-01,TRUE_SURGE,train
2026-07-31 02:00:00+07:00,SKU-001,1,0.5801,0.409,1.4183,0.061,1,EP-001-01,TRUE_SURGE,train
2026-07-31 03:00:00+07:00,SKU-001,0,0.4741,0.3354,1.4135,0.0603,0,EP-001-01,TRUE_SURGE,train
2026-07-31 04:00:00+07:00,SKU-001,0,0.5262,0.3735,1.4088,0.0597,0,EP-001-01,TRUE_SURGE,train
2026-07-31 05:00:00+07:00,SKU-001,1,0.9461,0.6738,1.4042,0.059,1,EP-001-01,TRUE_SURGE,train
2026-07-31 06:00:00+07:00,SKU-001,0,1.9953,1.4256,1.3996,0.0583,0,EP-001-01,TRUE_SURGE,train
2026-07-31 07:00:00+07:00,SKU-001,4,3.2523,2.3314,1.395,0.0576,4,EP-001-01,TRUE_SURGE,train
2026-07-31 08:00:00+07:00,SKU-001,0,4.4547,3.2037,1.3905,0.057,0,EP-001-01,TRUE_SURGE,train
2026-07-31 09:00:00+07:00,SKU-001,6,5.2363,3.7778,1.3861,0.0563,6,EP-001-01,TRUE_SURGE,train
2026-07-31 10:00:00+07:00,SKU-001,8,5.8597,4.2411,1.3817,0.0557,8,EP-001-01,TRUE_SURGE,train
2026-07-31 11:00:00+07:00,SKU-001,4,6.4823,4.7065,1.3773,0.0551,4,EP-001-01,TRUE_SURGE,train
2026-07-31 12:00:00+07:00,SKU-001,9,6.7908,4.9459,1.373,0.0544,9,EP-001-01,TRUE_SURGE,train
2026-07-31 13:00:00+07:00,SKU-001,13,6.1593,4.4999,1.3688,0.0538,13,EP-001-02,FADING_SURGE,train
2026-07-31 14:00:00+07:00,SKU-001,0,5.4768,4.0136,1.3646,0.5,0,EP-001-02,FADING_SURGE,train
2026-07-31 15:00:00+07:00,SKU-001,3,5.3166,3.9081,1.3604,1.0,3,EP-001-02,FADING_SURGE,train
2026-07-31 16:00:00+07:00,SKU-001,4,5.7297,4.2245,1.3563,0.9097,4,EP-001-02,FADING_SURGE,train
2026-07-31 17:00:00+07:00,SKU-001,4,6.6628,4.9272,1.3522,0.8276,4,EP-001-02,FADING_SURGE,train
2026-07-31 18:00:00+07:00,SKU-001,12,7.9069,5.8646,1.3482,0.7529,0,EP-001-02,FADING_SURGE,train
2026-07-31 19:00:00+07:00,SKU-001,14,9.2533,6.8836,1.3443,0.685,0,EP-001-02,FADING_SURGE,train
2026-07-31 20:00:00+07:00,SKU-001,8,9.663,7.2094,1.3403,0.6231,0,EP-001-02,FADING_SURGE,train
2026-07-31 21:00:00+07:00,SKU-001,5,8.0473,6.0214,1.3365,0.5669,0,EP-001-02,FADING_SURGE,train
2026-07-31 22:00:00+07:00,SKU-001,4,5.2922,3.9713,1.3326,0.5157,0,EP-001-02,FADING_SURGE,train
2026-07-31 23:00:00+07:00,SKU-001,1,2.6962,2.029,1.3288,0.4692,0,EP-001-02,FADING_SURGE,train
2026-08-01 00:00:00+07:00,SKU-001,0,1.5074,1.1376,1.3251,0.4268,0,EP-001-02,FADING_SURGE,train
2026-08-01 01:00:00+07:00,SKU-001,0,0.9641,0.7296,1.3214,0.3883,0,EP-001-02,FADING_SURGE,train
2026-08-01 02:00:00+07:00,SKU-001,0,0.6624,0.5027,1.3177,0.3533,0,EP-001-02,FADING_SURGE,train
2026-08-01 03:00:00+07:00,SKU-001,2,1.1043,0.4121,2.6796,0.3214,0,EP-001-02,FADING_SURGE,train
2026-08-01 04:00:00+07:00,SKU-001,0,2.0001,0.4588,4.3592,0.2924,0,EP-001-02,FADING_SURGE,train
2026-08-01 05:00:00+07:00,SKU-001,3,3.3564,0.8275,4.056,0.266,0,EP-001-02,FADING_SURGE,train
2026-08-01 06:00:00+07:00,SKU-001,3,6.6166,1.7503,3.7802,0.242,0,EP-001-02,FADING_SURGE,train
2026-08-01 07:00:00+07:00,SKU-001,2,10.0979,2.8612,3.5292,0.2201,0,EP-001-02,FADING_SURGE,train
2026-08-01 08:00:00+07:00,SKU-001,9,12.972,3.9298,3.301,0.2003,0,EP-001-02,FADING_SURGE,train
2026-08-01 09:00:00+07:00,SKU-001,8,14.3263,4.6315,3.0933,0.1822,0,EP-001-02,FADING_SURGE,train
2026-08-01 10:00:00+07:00,SKU-001,23,15.0913,5.1961,2.9043,0.1657,0,EP-001-02,FADING_SURGE,train
2026-08-01 11:00:00+07:00,SKU-001,12,15.7454,5.7624,2.7324,0.1508,0,EP-001-02,FADING_SURGE,train
2026-08-01 12:00:00+07:00,SKU-001,19,15.5876,6.0509,2.5761,0.1372,14,EP-001-02,FADING_SURGE,train
2026-08-01 13:00:00+07:00,SKU-001,27,13.388,5.5008,2.4338,0.1248,27,EP-001-02,FADING_SURGE,train
2026-08-01 14:00:00+07:00,SKU-001,11,11.2962,4.902,2.3044,0.1135,11,EP-001-02,FADING_SURGE,train
2026-08-01 15:00:00+07:00,SKU-001,1,10.4275,4.7687,2.1867,0.1033,1,EP-001-02,FADING_SURGE,train
2026-08-01 16:00:00+07:00,SKU-001,22,10.7089,5.1496,2.0796,0.094,22,EP-001-02,FADING_SURGE,train
2026-08-01 17:00:00+07:00,SKU-001,7,11.8925,5.9999,1.9821,0.0855,7,EP-001-02,FADING_SURGE,train
2026-08-01 18:00:00+07:00,SKU-001,12,13.5071,7.1335,1.8935,0.0778,12,EP-001-02,FADING_SURGE,train
2026-08-01 19:00:00+07:00,SKU-001,4,15.1611,8.3633,1.8128,0.0707,4,EP-001-02,FADING_SURGE,train
2026-08-01 20:00:00+07:00,SKU-001,11,15.2176,8.7485,1.7395,0.0644,11,EP-001-02,FADING_SURGE,train
2026-08-01 21:00:00+07:00,SKU-001,11,12.2068,7.2976,1.6727,0.0585,11,EP-001-02,FADING_SURGE,train
2026-08-01 22:00:00+07:00,SKU-001,3,7.7484,4.8067,1.612,0.0533,3,EP-001-02,FADING_SURGE,train
2026-08-01 23:00:00+07:00,SKU-001,5,3.818,2.4526,1.5568,0.0485,5,EP-001-02,FADING_SURGE,train
2026-08-02 00:00:00+07:00,SKU-001,4,1.6666,1.1063,1.5065,0.0441,4,EP-001-02,FADING_SURGE,train
2026-08-02 01:00:00+07:00,SKU-001,1,1.035,0.7085,1.4608,0.0401,1,EP-001-02,FADING_SURGE,train
2026-08-02 02:00:00+07:00,SKU-001,2,0.6917,0.4874,1.4192,0.0365,2,EP-001-02,FADING_SURGE,train
2026-08-02 03:00:00+07:00,SKU-001,0,0.5512,0.399,1.3814,0.0348,0,EP-001-02,FADING_SURGE,train
2026-08-02 04:00:00+07:00,SKU-001,0,0.5974,0.4435,1.3469,0.0344,0,EP-001-02,FADING_SURGE,train
2026-08-02 05:00:00+07:00,SKU-001,1,1.0507,0.7987,1.3156,0.034,1,EP-001-02,FADING_SURGE,train
2026-08-02 06:00:00+07:00,SKU-001,1,2.1709,1.6866,1.2871,0.0336,1,EP-001-02,FADING_SURGE,train
2026-08-02 07:00:00+07:00,SKU-001,1,3.4714,2.7524,1.2612,0.0333,1,EP-001-02,FADING_SURGE,train
2026-08-02 08:00:00+07:00,SKU-001,8,4.6709,3.774,1.2376,0.0329,8,EP-001-02,FADING_SURGE,train
2026-08-02 09:00:00+07:00,SKU-001,5,5.4293,4.4403,1.2227,0.0325,5,EP-001-02,FADING_SURGE,train
2026-08-02 10:00:00+07:00,SKU-001,7,6.0681,4.9731,1.2202,0.0321,7,EP-001-02,FADING_SURGE,train
2026-08-02 11:00:00+07:00,SKU-001,7,6.7038,5.5055,1.2177,0.0318,7,EP-001-02,FADING_SURGE,train
2026-08-02 12:00:00+07:00,SKU-001,7,7.0127,5.7709,1.2152,0.0314,7,EP-001-02,FADING_SURGE,train
2026-08-02 13:00:00+07:00,SKU-001,2,6.351,5.2369,1.2127,0.031,2,EP-001-02,FADING_SURGE,train
2026-08-02 14:00:00+07:00,SKU-001,2,5.6381,4.6584,1.2103,0.0307,0,EP-001-02,FADING_SURGE,train
2026-08-02 15:00:00+07:00,SKU-001,11,5.464,4.5235,1.2079,0.0303,0,EP-001-02,FADING_SURGE,train
2026-08-02 16:00:00+07:00,SKU-001,7,5.8782,4.8759,1.2055,0.03,0,EP-001-01,TRUE_SURGE,train
2026-08-02 17:00:00+07:00,SKU-001,6,6.823,5.6706,1.2032,0.0297,0,EP-001-01,TRUE_SURGE,train
2026-08-02 18:00:00+07:00,SKU-001,8,8.0816,6.7296,1.2009,0.0293,0,EP-001-01,TRUE_SURGE,train
2026-08-02 19:00:00+07:00,SKU-001,10,9.4392,7.8752,1.1986,0.029,0,EP-001-01,TRUE_SURGE,train
2026-08-02 20:00:00+07:00,SKU-001,18,9.8371,8.2227,1.1963,0.0286,0,EP-001-01,TRUE_SURGE,train
2026-08-02 21:00:00+07:00,SKU-001,10,8.1753,6.8464,1.1941,0.0283,0,EP-001-01,TRUE_SURGE,train
2026-08-02 22:00:00+07:00,SKU-001,2,5.3649,4.5012,1.1919,0.028,0,EP-001-01,TRUE_SURGE,train
2026-08-02 23:00:00+07:00,SKU-001,3,2.7273,2.2924,1.1897,0.0277,0,EP-001-01,TRUE_SURGE,train
2026-08-03 00:00:00+07:00,SKU-001,1,1.1113,0.9358,1.1875,0.0274,0,EP-001-01,TRUE_SURGE,train
2026-08-03 01:00:00+07:00,SKU-001,1,0.7092,0.5982,1.1854,0.0271,0,EP-001-01,TRUE_SURGE,train
2026-08-03 02:00:00+07:00,SKU-001,0,0.4861,0.4108,1.1833,0.0267,0,EP-001-01,TRUE_SURGE,train
2026-08-03 03:00:00+07:00,SKU-001,0,0.3965,0.3357,1.1812,0.0264,0,EP-001-01,TRUE_SURGE,train
2026-08-03 04:00:00+07:00,SKU-001,0,0.4392,0.3725,1.1791,0.0261,0,EP-001-01,TRUE_SURGE,train
2026-08-03 05:00:00+07:00,SKU-001,3,0.7881,0.6696,1.1771,0.0258,0,,,train
2026-08-03 06:00:00+07:00,SKU-001,2,1.6586,1.4115,1.1751,0.0255,0,,,train
2026-08-03 07:00:00+07:00,SKU-001,4,2.6975,2.2995,1.1731,0.0253,0,,,train
2026-08-03 08:00:00+07:00,SKU-001,4,3.6862,3.1476,1.1711,0.025,0,,,train
2026-08-03 09:00:00+07:00,SKU-001,13,4.3225,3.6971,1.1692,0.0247,10,,,train
2026-08-03 10:00:00+07:00,SKU-001,6,4.8252,4.1339,1.1672,0.0244,6,,,train
2026-08-03 11:00:00+07:00,SKU-001,8,5.3243,4.569,1.1653,0.0241,8,,,train
2026-08-03 12:00:00+07:00,SKU-001,1,5.5632,4.7816,1.1634,0.0238,1,,,train
2026-08-03 13:00:00+07:00,SKU-001,6,5.0325,4.3324,1.1616,0.0236,6,,,train
2026-08-03 14:00:00+07:00,SKU-001,6,4.4627,3.848,1.1597,0.0233,6,,,train
2026-08-03 15:00:00+07:00,SKU-001,1,4.3203,3.731,1.1579,0.023,1,,,train
2026-08-03 16:00:00+07:00,SKU-001,5,4.6429,4.016,1.1561,0.0228,5,,,train
2026-08-03 17:00:00+07:00,SKU-001,7,5.3838,4.664,1.1543,0.0225,7,,,train
2026-08-03 18:00:00+07:00,SKU-001,2,6.3709,5.5275,1.1526,0.0223,2,,,train
2026-08-03 19:00:00+07:00,SKU-001,11,7.4344,6.46,1.1508,0.022,11,,,train
2026-08-03 20:00:00+07:00,SKU-001,5,7.7411,6.7365,1.1491,0.0218,5,,,train
2026-08-03 21:00:00+07:00,SKU-001,8,6.4281,5.6022,1.1474,0.0215,8,,,train
2026-08-03 22:00:00+07:00,SKU-001,4,4.2151,3.6789,1.1457,0.0213,4,,,train
2026-08-03 23:00:00+07:00,SKU-001,3,2.1413,1.8716,1.1441,0.021,3,,,train
2026-08-04 00:00:00+07:00,SKU-001,1,0.9655,0.8451,1.1424,0.0208,1,,,train
2026-08-04 01:00:00+07:00,SKU-001,2,0.6157,0.5397,1.1408,0.0205,2,,,train
2026-08-04 02:00:00+07:00,SKU-001,0,0.4218,0.3703,1.1392,0.0203,0,,,train
2026-08-04 03:00:00+07:00,SKU-001,0,0.3439,0.3023,1.1376,0.0201,0,,,train
2026-08-04 04:00:00+07:00,SKU-001,0,0.3808,0.3352,1.1361,0.0199,0,,,train
2026-08-04 05:00:00+07:00,SKU-001,0,0.683,0.602,1.1345,0.0196,0,,,train
2026-08-04 06:00:00+07:00,SKU-001,4,1.4368,1.2682,1.133,0.0194,4,,,train
2026-08-04 07:00:00+07:00,SKU-001,1,2.3362,2.0647,1.1315,0.0192,1,,,train
2026-08-04 08:00:00+07:00,SKU-001,1,3.1918,2.8247,1.13,0.019,1,,,train
2026-08-04 09:00:00+07:00,SKU-001,4,3.7422,3.3162,1.1285,0.0187,4,,,train
2026-08-04 10:00:00+07:00,SKU-001,4,4.1772,3.7064,1.127,0.0185,4,,,train
2026-08-04 11:00:00+07:00,SKU-001,1,4.6092,4.095,1.1256,0.0183,1,,,train
2026-08-04 12:00:00+07:00,SKU-001,2,4.8163,4.2844,1.1241,0.0181,2,,,train
2026-08-04 13:00:00+07:00,SKU-001,6,4.3574,3.8811,1.1227,0.0179,6,,,train
2026-08-04 14:00:00+07:00,SKU-001,8,3.8648,3.4466,1.1213,0.0177,0,,,train
2026-08-04 15:00:00+07:00,SKU-001,5,3.7425,3.3416,1.1199,0.0175,0,,,train
2026-08-04 16:00:00+07:00,SKU-001,2,4.0233,3.5968,1.1186,0.0173,0,,,train
2026-08-04 17:00:00+07:00,SKU-001,8,4.6673,4.1776,1.1172,0.0171,0,,,train
2026-08-04 18:00:00+07:00,SKU-001,6,5.5256,4.9517,1.1159,0.0169,0,,,train
2026-08-04 19:00:00+07:00,SKU-001,6,6.4516,5.7884,1.1146,0.0167,0,,,train
2026-08-04 20:00:00+07:00,SKU-001,3,6.7219,6.038,1.1133,0.0165,0,,,train
2026-08-04 21:00:00+07:00,SKU-001,5,5.5857,5.0232,1.112,0.0163,0,,,train
2026-08-04 22:00:00+07:00,SKU-001,6,3.6655,3.3002,1.1107,0.0162,0,,,train
2026-08-04 23:00:00+07:00,SKU-001,7,1.8636,1.6798,1.1094,0.016,0,,,train
2026-08-05 00:00:00+07:00,SKU-001,3,0.875,0.7896,1.1082,0.0158,0,,,train
2026-08-05 01:00:00+07:00,SKU-001,0,0.5586,0.5046,1.107,0.0156,0,,,train
2026-08-05 02:00:00+07:00,SKU-001,0,0.383,0.3464,1.1057,0.0154,0,,,train
2026-08-05 03:00:00+07:00,SKU-001,0,0.3126,0.2831,1.1045,0.0153,0,,,train
2026-08-05 04:00:00+07:00,SKU-001,0,0.3466,0.3141,1.1033,0.0151,0,,,train
2026-08-05 05:00:00+07:00,SKU-001,0,0.6224,0.5647,1.1022,0.0149,0,,,train
2026-08-05 06:00:00+07:00,SKU-001,2,1.3112,1.1909,1.101,0.0147,0,,,train
2026-08-05 07:00:00+07:00,SKU-001,0,2.1348,1.941,1.0999,0.0146,0,,,train
2026-08-05 08:00:00+07:00,SKU-001,2,2.9209,2.6585,1.0987,0.0144,0,,,train
2026-08-05 09:00:00+07:00,SKU-001,9,3.4298,3.1248,1.0976,0.0142,0,,,train
2026-08-05 10:00:00+07:00,SKU-001,1,3.8344,3.497,1.0965,0.0141,0,,,train
2026-08-05 11:00:00+07:00,SKU-001,11,4.2379,3.8689,1.0954,0.0139,0,,,train
2026-08-05 12:00:00+07:00,SKU-001,5,4.4357,4.0535,1.0943,0.0138,0,,,train
2026-08-05 13:00:00+07:00,SKU-001,5,4.0201,3.6773,1.0932,0.0136,0,,,train
2026-08-05 14:00:00+07:00,SKU-001,4,3.5721,3.2707,1.0922,0.0134,0,,,train
2026-08-05 15:00:00+07:00,SKU-001,3,3.4653,3.176,1.0911,0.0133,0,,,train
2026-08-05 16:00:00+07:00,SKU-001,6,3.7325,3.4241,1.0901,0.0131,0,,,train
2026-08-05 17:00:00+07:00,SKU-001,3,4.3383,3.9836,1.089,0.013,0,,,train
2026-08-05 18:00:00+07:00,SKU-001,3,5.1463,4.7299,1.088,0.0128,0,,,train
2026-08-05 19:00:00+07:00,SKU-001,2,6.0209,5.5389,1.087,0.0127,0,,,train
2026-08-05 20:00:00+07:00,SKU-001,5,6.2861,5.7881,1.086,0.0126,4,,,train
2026-08-05 21:00:00+07:00,SKU-001,2,5.2345,4.8242,1.0851,0.0124,2,,,train
2026-08-05 22:00:00+07:00,SKU-001,4,3.4424,3.1754,1.0841,0.0123,4,,,train
2026-08-05 23:00:00+07:00,SKU-001,0,1.754,1.6194,1.0831,0.0121,0,,,train
2026-08-06 00:00:00+07:00,SKU-001,0,0.8787,0.812,1.0822,0.012,0,,,train
2026-08-06 01:00:00+07:00,SKU-001,0,0.5622,0.5199,1.0812,0.0119,0,,,train
2026-08-06 02:00:00+07:00,SKU-001,0,0.3864,0.3577,1.0803,0.0117,0,,,train
2026-08-06 03:00:00+07:00,SKU-001,1,0.3161,0.2928,1.0794,0.0116,1,,,train
2026-08-06 04:00:00+07:00,SKU-001,0,0.3512,0.3256,1.0785,0.0115,0,,,train
2026-08-06 05:00:00+07:00,SKU-001,1,0.6322,0.5866,1.0776,0.0113,1,,,train
2026-08-06 06:00:00+07:00,SKU-001,0,1.3347,1.2396,1.0767,0.0112,0,,,train
2026-08-06 07:00:00+07:00,SKU-001,4,2.1781,2.0245,1.0758,0.0111,4,,,train
2026-08-06 08:00:00+07:00,SKU-001,4,2.987,2.7786,1.075,0.0109,4,,,train
2026-08-06 09:00:00+07:00,SKU-001,3,3.5154,3.2728,1.0741,0.0108,3,EP-001-03,FALSE_CONTENT,train
2026-08-06 10:00:00+07:00,SKU-001,1,3.9391,3.6701,1.0733,0.25,1,EP-001-03,FALSE_CONTENT,train
2026-08-06 11:00:00+07:00,SKU-001,5,4.3635,4.0688,1.0724,0.5,5,EP-001-03,FALSE_CONTENT,train
2026-08-06 12:00:00+07:00,SKU-001,7,4.5775,4.2716,1.0716,0.75,7,EP-001-03,FALSE_CONTENT,train
2026-08-06 13:00:00+07:00,SKU-001,3,4.1579,3.883,1.0708,1.0,3,EP-001-03,FALSE_CONTENT,train
2026-08-06 14:00:00+07:00,SKU-001,0,3.7028,3.4605,1.07,0.9256,0,EP-001-03,FALSE_CONTENT,train
2026-08-06 15:00:00+07:00,SKU-001,7,3.6001,3.3671,1.0692,0.8568,7,EP-001-03,FALSE_CONTENT,train
2026-08-06 16:00:00+07:00,SKU-001,3,3.8861,3.6372,1.0684,0.7931,3,EP-001-03,FALSE_CONTENT,train
2026-08-06 17:00:00+07:00,SKU-001,6,4.5265,4.2398,1.0676,0.7341,6,EP-001-03,FALSE_CONTENT,train
2026-08-06 18:00:00+07:00,SKU-001,6,5.381,5.0437,1.0669,0.6795,6,EP-001-03,FALSE_CONTENT,train
2026-08-06 19:00:00+07:00,SKU-001,8,6.3085,5.9174,1.0661,0.629,8,EP-001-03,FALSE_CONTENT,train
2026-08-06 20:00:00+07:00,SKU-001,1,6.6,6.1951,1.0653,0.5822,1,EP-001-03,FALSE_CONTENT,train
2026-08-06 21:00:00+07:00,SKU-001,3,5.5069,5.1727,1.0646,0.5389,3,EP-001-03,FALSE_CONTENT,train
2026-08-06 22:00:00+07:00,SKU-001,3,3.6286,3.4108,1.0639,0.4989,3,EP-001-03,FALSE_CONTENT,train
2026-08-06 23:00:00+07:00,SKU-001,0,1.8524,1.7424,1.0631,0.4618,0,EP-001-03,FALSE_CONTENT,train
2026-08-07 00:00:00+07:00,SKU-001,2,1.001,0.9422,1.0624,0.4274,0,EP-001-03,FALSE_CONTENT,train
2026-08-07 01:00:00+07:00,SKU-001,0,0.6416,0.6043,1.0617,0.3956,0,EP-001-03,FALSE_CONTENT,train
2026-08-07 02:00:00+07:00,SKU-001,0,0.4418,0.4164,1.061,0.3662,0,EP-001-03,FALSE_CONTENT,train
2026-08-07 03:00:00+07:00,SKU-001,0,0.3684,0.3414,1.0792,0.339,0,EP-001-03,FALSE_CONTENT,train
2026-08-07 04:00:00+07:00,SKU-001,1,0.4203,0.3802,1.1056,0.3138,0,EP-001-03,FALSE_CONTENT,train
2026-08-07 05:00:00+07:00,SKU-001,1,0.7529,0.6859,1.0977,0.2904,0,EP-001-03,FALSE_CONTENT,train
2026-08-07 06:00:00+07:00,SKU-001,0,1.5825,1.4513,1.0904,0.2688,0,EP-001-03,FALSE_CONTENT,train
2026-08-07 07:00:00+07:00,SKU-001,8,2.572,2.3733,1.0837,0.2489,0,EP-001-03,FALSE_CONTENT,train
2026-08-07 08:00:00+07:00,SKU-001,5,3.514,3.2613,1.0775,0.2303,0,EP-001-03,FALSE_CONTENT,train
2026-08-07 09:00:00+07:00,SKU-001,1,4.1216,3.8458,1.0717,0.2132,0,EP-001-03,FALSE_CONTENT,train
2026-08-07 10:00:00+07:00,SKU-001,3,4.604,4.3174,1.0664,0.1974,0,EP-001-03,FALSE_CONTENT,train
2026-08-07 11:00:00+07:00,SKU-001,6,5.0856,4.7912,1.0615,0.1827,0,EP-001-03,FALSE_CONTENT,train
2026-08-07 12:00:00+07:00,SKU-001,4,5.3213,5.0348,1.0569,0.1691,0,EP-001-03,FALSE_CONTENT,train
2026-08-07 13:00:00+07:00,SKU-001,6,4.8272,4.5809,1.0538,0.1565,0,EP-001-03,FALSE_CONTENT,train
2026-08-07 14:00:00+07:00,SKU-001,3,4.303,4.0858,1.0532,0.1449,0,EP-001-03,FALSE_CONTENT,train
2026-08-07 15:00:00+07:00,SKU-001,6,4.1875,3.9784,1.0526,0.1341,0,EP-001-03,FALSE_CONTENT,train
2026-08-07 16:00:00+07:00,SKU-001,4,4.5239,4.3004,1.052,0.1241,0,EP-001-03,FALSE_CONTENT,train
2026-08-07 17:00:00+07:00,SKU-001,1,5.2735,5.0158,1.0514,0.1149,0,EP-001-03,FALSE_CONTENT,train
2026-08-07 18:00:00+07:00,SKU-001,11,6.2732,5.9701,1.0508,0.1064,0,EP-001-03,FALSE_CONTENT,train
2026-08-07 19:00:00+07:00,SKU-001,12,7.3591,7.0073,1.0502,0.0985,0,EP-001-03,FALSE_CONTENT,train
2026-08-07 20:00:00+07:00,SKU-001,5,7.7032,7.3389,1.0496,0.0911,0,EP-001-03,FALSE_CONTENT,train
2026-08-07 21:00:00+07:00,SKU-001,6,6.4303,6.1296,1.0491,0.0844,0,EP-001-03,FALSE_CONTENT,train
2026-08-07 22:00:00+07:00,SKU-001,7,4.2387,4.0426,1.0485,0.0781,0,EP-001-03,FALSE_CONTENT,train
2026-08-07 23:00:00+07:00,SKU-001,2,2.1645,2.0655,1.048,0.0723,0,EP-001-03,FALSE_CONTENT,train
2026-08-08 00:00:00+07:00,SKU-001,0,1.2129,1.158,1.0474,0.0669,0,EP-001-03,FALSE_CONTENT,train
2026-08-08 01:00:00+07:00,SKU-001,0,0.7775,0.7427,1.0469,0.0619,0,EP-001-03,FALSE_CONTENT,train
2026-08-08 02:00:00+07:00,SKU-001,1,0.5354,0.5117,1.0463,0.0573,0,EP-001-03,FALSE_CONTENT,train
2026-08-08 03:00:00+07:00,SKU-001,0,0.4387,0.4195,1.0458,0.0531,0,EP-001-03,FALSE_CONTENT,train
2026-08-08 04:00:00+07:00,SKU-001,0,0.4882,0.4671,1.0453,0.0491,0,EP-001-03,FALSE_CONTENT,train
2026-08-08 05:00:00+07:00,SKU-001,0,0.8801,0.8424,1.0448,0.0455,0,EP-001-03,FALSE_CONTENT,train
2026-08-08 06:00:00+07:00,SKU-001,1,1.8606,1.7818,1.0443,0.0421,0,EP-001-03,FALSE_CONTENT,train
2026-08-08 07:00:00+07:00,SKU-001,2,3.04,2.9126,1.0438,0.039,0,EP-001-03,FALSE_CONTENT,train
2026-08-08 08:00:00+07:00,SKU-001,0,4.1733,4.0003,1.0433,0.0361,0,EP-001-03,FALSE_CONTENT,train
2026-08-08 09:00:00+07:00,SKU-001,9,4.9162,4.7146,1.0428,0.0334,0,EP-001-03,FALSE_CONTENT,train
2026-08-08 10:00:00+07:00,SKU-001,8,5.513,5.2894,1.0423,0.0309,0,EP-001-03,FALSE_CONTENT,train
2026-08-08 11:00:00+07:00,SKU-001,4,6.111,5.8658,1.0418,0.0286,0,EP-001-03,FALSE_CONTENT,train
2026-08-08 12:00:00+07:00,SKU-001,5,6.414,6.1595,1.0413,0.0265,0,EP-001-03,FALSE_CONTENT,train
2026-08-08 13:00:00+07:00,SKU-001,5,5.8282,5.5995,1.0408,0.0245,0,EP-001-03,FALSE_CONTENT,train
2026-08-08 14:00:00+07:00,SKU-001,6,5.1914,4.99,1.0404,0.0227,0,EP-001-03,FALSE_CONTENT,train
2026-08-08 15:00:00+07:00,SKU-001,3,5.048,4.8542,1.0399,0.021,0,EP-001-03,FALSE_CONTENT,train
2026-08-08 16:00:00+07:00,SKU-001,3,5.4488,5.242,1.0395,0.0194,0,EP-001-03,FALSE_CONTENT,train
2026-08-08 17:00:00+07:00,SKU-001,1,6.3458,6.1075,1.039,0.018,0,EP-001-03,FALSE_CONTENT,train
2026-08-08 18:00:00+07:00,SKU-001,8,7.5415,7.2614,1.0386,0.0166,0,EP-001-03,FALSE_CONTENT,train
2026-08-08 19:00:00+07:00,SKU-001,7,8.8378,8.5132,1.0381,0.0154,0,EP-001-03,FALSE_CONTENT,train
2026-08-08 20:00:00+07:00,SKU-001,5,9.241,8.9053,1.0377,0.0143,0,EP-001-03,FALSE_CONTENT,train
2026-08-08 21:00:00+07:00,SKU-001,5,7.7053,7.4284,1.0373,0.0132,0,EP-001-03,FALSE_CONTENT,train
2026-08-08 22:00:00+07:00,SKU-001,3,5.0732,4.8929,1.0368,0.0122,0,EP-001-03,FALSE_CONTENT,train
2026-08-08 23:00:00+07:00,SKU-001,1,2.5875,2.4965,1.0364,0.0113,0,EP-001-03,FALSE_CONTENT,train
2026-08-09 00:00:00+07:00,SKU-001,2,1.1666,1.1261,1.036,0.0105,0,,,train
2026-08-09 01:00:00+07:00,SKU-001,1,0.7469,0.7212,1.0356,0.0097,0,,,train
2026-08-09 02:00:00+07:00,SKU-001,0,0.5136,0.4961,1.0352,0.009,0,,,train
2026-08-09 03:00:00+07:00,SKU-001,0,0.4203,0.4061,1.0348,0.0083,0,,,train
2026-08-09 04:00:00+07:00,SKU-001,0,0.467,0.4515,1.0344,0.0077,0,,,train
2026-08-09 05:00:00+07:00,SKU-001,1,0.8406,0.813,1.034,0.0071,0,,,train
2026-08-09 06:00:00+07:00,SKU-001,2,1.7745,1.7168,1.0336,0.0066,0,,,train
2026-08-09 07:00:00+07:00,SKU-001,2,2.8948,2.8017,1.0332,0.0061,0,,,train
2026-08-09 08:00:00+07:00,SKU-001,7,3.9678,3.8416,1.0329,0.0056,0,,,train
2026-08-09 09:00:00+07:00,SKU-001,3,4.6666,4.5198,1.0325,0.0052,0,,,train
2026-08-09 10:00:00+07:00,SKU-001,7,5.2247,5.0621,1.0321,0.0048,0,,,train
2026-08-09 11:00:00+07:00,SKU-001,10,5.7819,5.604,1.0317,0.0046,8,,,train
2026-08-09 12:00:00+07:00,SKU-001,7,6.0585,5.8741,1.0314,0.0046,7,,,train
2026-08-09 13:00:00+07:00,SKU-001,7,5.496,5.3306,1.031,0.0045,7,,,train
2026-08-09 14:00:00+07:00,SKU-001,6,4.8872,4.7418,1.0307,0.0045,6,,,train
2026-08-09 15:00:00+07:00,SKU-001,4,4.744,4.6044,1.0303,0.0044,4,,,train
2026-08-09 16:00:00+07:00,SKU-001,0,5.1119,4.9631,1.03,0.0044,0,,,train
2026-08-09 17:00:00+07:00,SKU-001,8,5.9431,5.7721,1.0296,0.0043,8,,,train
2026-08-09 18:00:00+07:00,SKU-001,3,7.0507,6.85,1.0293,0.0043,3,,,train
2026-08-09 19:00:00+07:00,SKU-001,5,8.2482,8.016,1.029,0.0042,5,,,train
2026-08-09 20:00:00+07:00,SKU-001,1,8.6094,8.3697,1.0286,0.0042,1,,,train
2026-08-09 21:00:00+07:00,SKU-001,4,7.1661,6.9688,1.0283,0.0041,4,,,train
2026-08-09 22:00:00+07:00,SKU-001,9,4.7099,4.5817,1.028,0.0041,9,,,train
2026-08-09 23:00:00+07:00,SKU-001,7,2.398,2.3334,1.0277,0.004,7,,,train
2026-08-10 00:00:00+07:00,SKU-001,3,0.9786,0.9525,1.0273,0.004,3,,,train
2026-08-10 01:00:00+07:00,SKU-001,0,0.6254,0.6089,1.027,0.0039,0,,,train
2026-08-10 02:00:00+07:00,SKU-001,1,0.4293,0.4181,1.0267,0.0039,1,,,train
2026-08-10 03:00:00+07:00,SKU-001,0,0.3507,0.3417,1.0264,0.0039,0,,,train
2026-08-10 04:00:00+07:00,SKU-001,2,0.3891,0.3791,1.0261,0.0038,2,,,train
2026-08-10 05:00:00+07:00,SKU-001,1,0.6991,0.6815,1.0258,0.0038,1,,,train
2026-08-10 06:00:00+07:00,SKU-001,0,1.4734,1.4367,1.0255,0.0037,0,,,train
2026-08-10 07:00:00+07:00,SKU-001,0,2.3996,2.3405,1.0252,0.0037,0,,,train
2026-08-10 08:00:00+07:00,SKU-001,3,3.2838,3.2038,1.025,0.0036,3,,,train
2026-08-10 09:00:00+07:00,SKU-001,4,3.8559,3.7631,1.0247,0.0036,4,,,train
2026-08-10 10:00:00+07:00,SKU-001,8,4.3103,4.2077,1.0244,0.0036,8,,,train
2026-08-10 11:00:00+07:00,SKU-001,1,4.7626,4.6505,1.0241,0.0035,1,,,train
2026-08-10 12:00:00+07:00,SKU-001,5,4.983,4.867,1.0238,0.0035,5,,,train
2026-08-10 13:00:00+07:00,SKU-001,5,4.5137,4.4098,1.0236,0.0034,5,,,train
2026-08-10 14:00:00+07:00,SKU-001,3,4.0079,3.9167,1.0233,0.0034,0,,,train
2026-08-10 15:00:00+07:00,SKU-001,1,3.8851,3.7976,1.023,0.0034,0,EP-001-04,MISSING_SIGNAL,train
2026-08-10 16:00:00+07:00,SKU-001,2,4.1807,4.0876,1.0228,0.0033,0,EP-001-04,MISSING_SIGNAL,train
2026-08-10 17:00:00+07:00,SKU-001,6,4.854,4.7472,1.0225,0.0033,0,EP-001-04,MISSING_SIGNAL,train
2026-08-10 18:00:00+07:00,SKU-001,4,5.7513,5.6261,1.0223,0.0032,0,EP-001-04,MISSING_SIGNAL,train
2026-08-10 19:00:00+07:00,SKU-001,8,6.7198,6.5752,1.022,0.0032,0,EP-001-04,MISSING_SIGNAL,train
2026-08-10 20:00:00+07:00,SKU-001,6,7.0058,6.8567,1.0217,0.0032,0,EP-001-04,MISSING_SIGNAL,train
2026-08-10 21:00:00+07:00,SKU-001,10,5.8247,5.7021,1.0215,0.0031,0,EP-001-04,MISSING_SIGNAL,train
2026-08-10 22:00:00+07:00,SKU-001,5,3.8241,3.7445,1.0213,0.0031,0,EP-001-04,MISSING_SIGNAL,train
2026-08-10 23:00:00+07:00,SKU-001,3,1.945,1.905,1.021,0.0031,0,EP-001-04,MISSING_SIGNAL,train
2026-08-11 00:00:00+07:00,SKU-001,0,0.878,0.8602,1.0208,0.003,0,EP-001-04,MISSING_SIGNAL,train
2026-08-11 01:00:00+07:00,SKU-001,2,0.5606,0.5493,1.0205,0.003,0,EP-001-04,MISSING_SIGNAL,train
2026-08-11 02:00:00+07:00,SKU-001,1,0.3845,0.3769,1.0203,0.003,0,EP-001-04,MISSING_SIGNAL,train
2026-08-11 03:00:00+07:00,SKU-001,1,0.3139,0.3077,1.0201,0.0029,0,EP-001-04,MISSING_SIGNAL,train
2026-08-11 04:00:00+07:00,SKU-001,0,0.3479,0.3411,1.0198,0.0029,0,EP-001-04,MISSING_SIGNAL,train
2026-08-11 05:00:00+07:00,SKU-001,0,0.6247,0.6127,1.0196,0.0029,0,EP-001-04,MISSING_SIGNAL,train
2026-08-11 06:00:00+07:00,SKU-001,1,1.3158,1.2908,1.0194,0.0028,0,EP-001-04,MISSING_SIGNAL,train
2026-08-11 07:00:00+07:00,SKU-001,1,2.1418,2.1015,1.0192,0.0028,0,EP-001-04,MISSING_SIGNAL,train
2026-08-11 08:00:00+07:00,SKU-001,4,2.9295,2.875,1.019,0.0028,0,EP-001-04,MISSING_SIGNAL,train
2026-08-11 09:00:00+07:00,SKU-001,7,3.4385,3.3752,1.0187,0.0027,0,EP-001-04,MISSING_SIGNAL,train
2026-08-11 10:00:00+07:00,SKU-001,3,3.8422,3.7724,1.0185,0.0027,0,EP-001-04,MISSING_SIGNAL,train
2026-08-11 11:00:00+07:00,SKU-001,5,4.2443,4.1679,1.0183,0.0027,0,EP-001-04,MISSING_SIGNAL,train
2026-08-11 12:00:00+07:00,SKU-001,9,4.4396,4.3607,1.0181,0.0026,0,EP-001-04,MISSING_SIGNAL,train
2026-08-11 13:00:00+07:00,SKU-001,4,4.0209,3.9502,1.0179,0.0026,0,EP-001-04,MISSING_SIGNAL,train
2026-08-11 14:00:00+07:00,SKU-001,2,3.5701,3.508,1.0177,0.0026,0,EP-001-04,MISSING_SIGNAL,train
2026-08-11 15:00:00+07:00,SKU-001,4,3.4606,3.4011,1.0175,0.0026,0,EP-001-04,MISSING_SIGNAL,train
2026-08-11 16:00:00+07:00,SKU-001,4,5.3891,3.6608,1.4721,0.0025,0,EP-001-04,MISSING_SIGNAL,train
2026-08-11 17:00:00+07:00,SKU-001,6,8.2666,4.2519,1.9442,0.0025,0,EP-001-04,MISSING_SIGNAL,train
2026-08-11 18:00:00+07:00,SKU-001,8,12.1779,5.0399,2.4163,0.0025,0,EP-001-04,MISSING_SIGNAL,train
2026-08-11 19:00:00+07:00,SKU-001,7,17.0168,5.8914,2.8884,0.0024,0,EP-001-04,MISSING_SIGNAL,train
2026-08-11 20:00:00+07:00,SKU-001,23,20.6519,6.1454,3.3605,0.0024,16,EP-001-04,MISSING_SIGNAL,train
2026-08-11 21:00:00+07:00,SKU-001,32,19.5944,5.1125,3.8326,0.0024,32,EP-001-04,MISSING_SIGNAL,train
2026-08-11 22:00:00+07:00,SKU-001,14,14.459,3.3589,4.3047,0.0024,14,EP-001-04,MISSING_SIGNAL,train
2026-08-11 23:00:00+07:00,SKU-001,6,7.2208,1.7097,4.2236,0.0023,6,EP-001-04,MISSING_SIGNAL,train
2026-08-12 00:00:00+07:00,SKU-001,9,3.3304,0.8036,4.1444,0.0023,9,EP-001-04,MISSING_SIGNAL,train
2026-08-12 01:00:00+07:00,SKU-001,5,2.0887,0.5136,4.0671,0.0023,5,EP-001-04,MISSING_SIGNAL,train
2026-08-12 02:00:00+07:00,SKU-001,0,1.4074,0.3526,3.9918,0.0023,0,EP-001-04,MISSING_SIGNAL,train
2026-08-12 03:00:00+07:00,SKU-001,1,1.1288,0.2881,3.9183,0.0022,1,EP-001-04,MISSING_SIGNAL,train
2026-08-12 04:00:00+07:00,SKU-001,1,1.2297,0.3197,3.8466,0.0022,1,EP-001-04,MISSING_SIGNAL,train
2026-08-12 05:00:00+07:00,SKU-001,2,2.1707,0.5748,3.7767,0.0022,2,EP-001-04,MISSING_SIGNAL,train
2026-08-12 06:00:00+07:00,SKU-001,9,4.4948,1.212,3.7085,0.0021,9,EP-001-04,MISSING_SIGNAL,train
2026-08-12 07:00:00+07:00,SKU-001,4,7.1946,1.9755,3.6419,0.0021,4,EP-001-04,MISSING_SIGNAL,train
2026-08-12 08:00:00+07:00,SKU-001,7,9.6784,2.7057,3.577,0.0021,7,EP-001-04,MISSING_SIGNAL,train
2026-08-12 09:00:00+07:00,SKU-001,17,11.1749,3.1804,3.5137,0.0021,17,EP-001-04,MISSING_SIGNAL,train
2026-08-12 10:00:00+07:00,SKU-001,25,12.2861,3.5591,3.452,0.0021,25,EP-001-04,MISSING_SIGNAL,train
2026-08-12 11:00:00+07:00,SKU-001,18,13.3555,3.9376,3.3918,0.002,18,EP-001-04,MISSING_SIGNAL,train
2026-08-12 12:00:00+07:00,SKU-001,7,13.7503,4.1255,3.333,0.002,7,EP-001-04,MISSING_SIGNAL,train
2026-08-12 13:00:00+07:00,SKU-001,16,12.2597,3.7426,3.2757,0.002,16,EP-001-04,MISSING_SIGNAL,train
2026-08-12 14:00:00+07:00,SKU-001,16,10.7178,3.3287,3.2198,0.002,0,EP-001-04,MISSING_SIGNAL,train
2026-08-12 15:00:00+07:00,SKU-001,13,10.2314,3.2324,3.1653,0.0019,0,EP-001-04,MISSING_SIGNAL,train
2026-08-12 16:00:00+07:00,SKU-001,20,10.8452,3.4849,3.1121,0.0019,0,EP-001-04,MISSING_SIGNAL,train
2026-08-12 17:00:00+07:00,SKU-001,10,12.4069,4.0543,3.0602,0.0019,0,EP-001-04,MISSING_SIGNAL,train
2026-08-12 18:00:00+07:00,SKU-001,31,14.4878,4.8139,3.0096,0.0019,0,EP-001-04,MISSING_SIGNAL,train
2026-08-12 19:00:00+07:00,SKU-001,23,16.6872,5.6372,2.9602,0.0019,0,EP-001-04,MISSING_SIGNAL,train
2026-08-12 20:00:00+07:00,SKU-001,3,17.1546,5.8909,2.9121,0.0018,0,EP-001-04,MISSING_SIGNAL,train
2026-08-12 21:00:00+07:00,SKU-001,15,14.067,4.9098,2.8651,0.0018,0,EP-001-04,MISSING_SIGNAL,train
2026-08-12 22:00:00+07:00,SKU-001,16,9.1111,3.2317,2.8193,0.0018,10,EP-001-04,MISSING_SIGNAL,train
2026-08-12 23:00:00+07:00,SKU-001,8,4.5728,1.6481,2.7746,0.0018,8,EP-001-04,MISSING_SIGNAL,train
2026-08-13 00:00:00+07:00,SKU-001,2,2.2569,0.8264,2.731,0.0017,2,EP-001-04,MISSING_SIGNAL,train
2026-08-13 01:00:00+07:00,SKU-001,2,1.4227,0.5292,2.6885,0.0017,2,EP-001-04,MISSING_SIGNAL,train
2026-08-13 02:00:00+07:00,SKU-001,1,0.9636,0.364,2.647,0.0017,1,EP-001-04,MISSING_SIGNAL,train
2026-08-13 03:00:00+07:00,SKU-001,2,0.7768,0.298,2.6065,0.0017,2,EP-001-04,MISSING_SIGNAL,train
2026-08-13 04:00:00+07:00,SKU-001,0,0.8507,0.3314,2.5671,0.0017,0,EP-001-04,MISSING_SIGNAL,train
2026-08-13 05:00:00+07:00,SKU-001,1,1.5096,0.597,2.5286,0.0017,1,EP-001-04,MISSING_SIGNAL,train
2026-08-13 06:00:00+07:00,SKU-001,4,3.1426,1.2616,2.491,0.0016,4,EP-001-04,MISSING_SIGNAL,train
2026-08-13 07:00:00+07:00,SKU-001,8,5.0571,2.0604,2.4544,0.0016,8,EP-001-04,MISSING_SIGNAL,train
2026-08-13 08:00:00+07:00,SKU-001,7,6.8397,2.8279,2.4187,0.0016,7,EP-001-04,MISSING_SIGNAL,train
2026-08-13 09:00:00+07:00,SKU-001,7,7.9401,3.3308,2.3838,0.0016,7,EP-001-04,MISSING_SIGNAL,train
2026-08-13 10:00:00+07:00,SKU-001,13,8.7771,3.7352,2.3498,0.0016,13,EP-001-04,MISSING_SIGNAL,train
2026-08-13 11:00:00+07:00,SKU-001,7,9.593,4.1408,2.3167,0.0015,7,EP-001-04,MISSING_SIGNAL,train
2026-08-13 12:00:00+07:00,SKU-001,10,9.9307,4.3473,2.2843,0.0015,10,EP-001-04,MISSING_SIGNAL,train
2026-08-13 13:00:00+07:00,SKU-001,3,8.9026,3.9518,2.2528,0.0015,3,EP-001-04,MISSING_SIGNAL,train
2026-08-13 14:00:00+07:00,SKU-001,10,7.8256,3.5218,2.222,0.0015,10,EP-001-04,MISSING_SIGNAL,train
2026-08-13 15:00:00+07:00,SKU-001,15,7.5113,3.4267,2.192,0.0015,15,EP-001-04,MISSING_SIGNAL,train
2026-08-13 16:00:00+07:00,SKU-001,13,8.0056,3.7016,2.1627,0.0015,13,EP-001-04,MISSING_SIGNAL,train
2026-08-13 17:00:00+07:00,SKU-001,12,9.2085,4.3148,2.1342,0.0014,12,EP-001-04,MISSING_SIGNAL,train
2026-08-13 18:00:00+07:00,SKU-001,13,10.8117,5.133,2.1063,0.0014,13,EP-001-04,MISSING_SIGNAL,train
2026-08-13 19:00:00+07:00,SKU-001,10,12.5208,6.0222,2.0791,0.0014,10,EP-001-04,MISSING_SIGNAL,train
2026-08-13 20:00:00+07:00,SKU-001,15,12.9413,6.3048,2.0526,0.0014,15,EP-001-04,MISSING_SIGNAL,train
2026-08-13 21:00:00+07:00,SKU-001,23,10.6693,5.2643,2.0268,0.0014,23,EP-001-04,MISSING_SIGNAL,train
2026-08-13 22:00:00+07:00,SKU-001,10,6.9476,3.4712,2.0015,0.0014,10,EP-001-04,MISSING_SIGNAL,train
2026-08-13 23:00:00+07:00,SKU-001,2,3.5055,1.7732,1.9769,0.0013,2,EP-001-04,MISSING_SIGNAL,train
2026-08-14 00:00:00+07:00,SKU-001,2,1.8727,0.9589,1.9529,0.0013,2,EP-001-04,MISSING_SIGNAL,train
2026-08-14 01:00:00+07:00,SKU-001,2,1.1867,0.615,1.9295,0.0013,2,EP-001-04,MISSING_SIGNAL,train
2026-08-14 02:00:00+07:00,SKU-001,0,0.8079,0.4237,1.9067,0.0013,0,EP-001-04,MISSING_SIGNAL,train
2026-08-14 03:00:00+07:00,SKU-001,0,0.6547,0.3475,1.8844,0.0013,0,EP-001-04,MISSING_SIGNAL,train
2026-08-14 04:00:00+07:00,SKU-001,1,0.7207,0.3869,1.8627,0.0013,1,EP-001-04,MISSING_SIGNAL,train
2026-08-14 05:00:00+07:00,SKU-001,2,1.2854,0.698,1.8415,0.0013,2,EP-001-04,MISSING_SIGNAL,train
2026-08-14 06:00:00+07:00,SKU-001,6,2.6893,1.477,1.8208,0.0012,6,EP-001-04,MISSING_SIGNAL,train
2026-08-14 07:00:00+07:00,SKU-001,3,4.3492,2.4153,1.8007,0.0012,3,EP-001-04,MISSING_SIGNAL,train
2026-08-14 08:00:00+07:00,SKU-001,7,5.9111,3.319,1.781,0.0012,7,EP-001-04,MISSING_SIGNAL,train
2026-08-14 09:00:00+07:00,SKU-001,5,6.8953,3.9138,1.7618,0.0012,5,EP-001-04,MISSING_SIGNAL,train
2026-08-14 10:00:00+07:00,SKU-001,2,7.6586,4.3937,1.7431,0.0012,2,EP-001-04,MISSING_SIGNAL,train
2026-08-14 11:00:00+07:00,SKU-001,14,8.4101,4.8759,1.7248,0.0012,14,EP-001-04,MISSING_SIGNAL,train
2026-08-14 12:00:00+07:00,SKU-001,9,8.7466,5.1238,1.707,0.0012,9,EP-001-04,MISSING_SIGNAL,train
2026-08-14 13:00:00+07:00,SKU-001,9,7.8769,4.6618,1.6897,0.0011,9,EP-001-04,MISSING_SIGNAL,train
2026-08-14 14:00:00+07:00,SKU-001,5,6.9552,4.158,1.6727,0.0011,0,EP-001-04,MISSING_SIGNAL,train
2026-08-14 15:00:00+07:00,SKU-001,11,6.7054,4.0486,1.6562,0.0011,0,EP-001-04,MISSING_SIGNAL,train
2026-08-14 16:00:00+07:00,SKU-001,10,7.1777,4.3764,1.6401,0.0011,0,EP-001-04,MISSING_SIGNAL,train
2026-08-14 17:00:00+07:00,SKU-001,12,8.2914,5.1044,1.6244,0.0011,0,EP-001-04,MISSING_SIGNAL,train
2026-08-14 18:00:00+07:00,SKU-001,4,9.7756,6.0755,1.609,0.0011,0,EP-001-04,MISSING_SIGNAL,train
2026-08-14 19:00:00+07:00,SKU-001,10,11.3674,7.131,1.5941,0.0011,0,EP-001-04,MISSING_SIGNAL,train
2026-08-14 20:00:00+07:00,SKU-001,14,11.7963,7.4685,1.5795,0.0011,0,EP-001-04,MISSING_SIGNAL,train
2026-08-14 21:00:00+07:00,SKU-001,11,9.7636,6.2378,1.5652,0.001,10,EP-001-04,MISSING_SIGNAL,train
2026-08-14 22:00:00+07:00,SKU-001,14,6.3823,4.114,1.5514,0.001,14,EP-001-04,MISSING_SIGNAL,train
2026-08-14 23:00:00+07:00,SKU-001,6,3.2324,2.1019,1.5378,0.001,6,EP-001-04,MISSING_SIGNAL,train
2026-08-15 00:00:00+07:00,SKU-001,5,1.7967,1.1785,1.5246,0.001,5,EP-001-04,MISSING_SIGNAL,train
2026-08-15 01:00:00+07:00,SKU-001,1,1.1426,0.7558,1.5117,0.001,1,EP-001-04,MISSING_SIGNAL,train
2026-08-15 02:00:00+07:00,SKU-001,2,0.7806,0.5207,1.4991,0.001,2,EP-001-04,MISSING_SIGNAL,train
2026-08-15 03:00:00+07:00,SKU-001,1,0.6348,0.4269,1.4869,0.001,1,EP-001-04,MISSING_SIGNAL,train
2026-08-15 04:00:00+07:00,SKU-001,0,0.701,0.4753,1.4749,0.001,0,EP-001-04,MISSING_SIGNAL,train
2026-08-15 05:00:00+07:00,SKU-001,0,1.2544,0.8572,1.4633,0.001,0,EP-001-04,MISSING_SIGNAL,train
2026-08-15 06:00:00+07:00,SKU-001,0,2.6325,1.8132,1.4519,0.0009,0,EP-001-04,MISSING_SIGNAL,train
2026-08-15 07:00:00+07:00,SKU-001,1,4.2703,2.9639,1.4408,0.0009,1,EP-001-04,MISSING_SIGNAL,train
2026-08-15 08:00:00+07:00,SKU-001,6,5.8211,4.0708,1.4299,0.0009,6,EP-001-04,MISSING_SIGNAL,train
2026-08-15 09:00:00+07:00,SKU-001,9,6.8098,4.7977,1.4194,0.0009,9,EP-001-04,MISSING_SIGNAL,train
2026-08-15 10:00:00+07:00,SKU-001,18,12.2873,8.7201,1.4091,0.0009,18,EP-001-04,MISSING_SIGNAL,train
2026-08-15 11:00:00+07:00,SKU-001,15,13.5291,9.6703,1.399,0.0009,15,EP-001-04,MISSING_SIGNAL,train
2026-08-15 12:00:00+07:00,SKU-001,19,14.1069,10.1544,1.3892,0.0009,19,EP-001-04,MISSING_SIGNAL,train
2026-08-15 13:00:00+07:00,SKU-001,16,12.7361,9.2313,1.3797,0.0009,16,EP-001-04,MISSING_SIGNAL,train
2026-08-15 14:00:00+07:00,SKU-001,20,11.2729,8.2263,1.3703,0.0009,20,EP-001-04,MISSING_SIGNAL,train
2026-08-15 15:00:00+07:00,SKU-001,12,10.8935,8.0026,1.3612,0.0008,12,EP-001-04,MISSING_SIGNAL,train
2026-08-15 16:00:00+07:00,SKU-001,11,11.6869,8.6418,1.3524,0.0008,11,EP-001-04,MISSING_SIGNAL,train
2026-08-15 17:00:00+07:00,SKU-001,14,13.5295,10.0687,1.3437,0.0008,14,EP-001-04,MISSING_SIGNAL,train
2026-08-15 18:00:00+07:00,SKU-001,5,15.9846,11.971,1.3353,0.0008,5,EP-001-04,MISSING_SIGNAL,train
2026-08-15 19:00:00+07:00,SKU-001,20,18.6244,14.0346,1.327,0.0008,20,EP-001-04,MISSING_SIGNAL,train
2026-08-15 20:00:00+07:00,SKU-001,29,19.3643,14.681,1.319,0.0008,29,EP-001-04,MISSING_SIGNAL,train
2026-08-15 21:00:00+07:00,SKU-001,15,16.0569,12.2463,1.3112,0.0008,15,EP-001-04,MISSING_SIGNAL,train
2026-08-15 22:00:00+07:00,SKU-001,12,10.5145,8.0662,1.3035,0.0008,12,EP-001-04,MISSING_SIGNAL,train
2026-08-15 23:00:00+07:00,SKU-001,13,5.3342,4.1157,1.2961,0.0008,13,EP-001-04,MISSING_SIGNAL,train
2026-08-16 00:00:00+07:00,SKU-001,3,2.3926,1.8564,1.2888,0.0008,3,EP-001-04,MISSING_SIGNAL,train
2026-08-16 01:00:00+07:00,SKU-001,2,1.5239,1.1889,1.2817,0.0008,2,EP-001-04,MISSING_SIGNAL,train
2026-08-16 02:00:00+07:00,SKU-001,0,1.0426,0.8179,1.2748,0.0007,0,EP-001-04,MISSING_SIGNAL,train
2026-08-16 03:00:00+07:00,SKU-001,0,0.849,0.6695,1.268,0.0007,0,EP-001-04,MISSING_SIGNAL,train
2026-08-16 04:00:00+07:00,SKU-001,1,0.9389,0.7443,1.2614,0.0007,1,EP-001-04,MISSING_SIGNAL,train
2026-08-16 05:00:00+07:00,SKU-001,0,1.682,1.3402,1.255,0.0007,0,EP-001-04,MISSING_SIGNAL,train
2026-08-16 06:00:00+07:00,SKU-001,4,3.5342,2.8302,1.2488,0.0007,4,EP-001-04,MISSING_SIGNAL,train
2026-08-16 07:00:00+07:00,SKU-001,7,5.7394,4.6187,1.2427,0.0007,7,EP-001-04,MISSING_SIGNAL,train
2026-08-16 08:00:00+07:00,SKU-001,4,7.832,6.333,1.2367,0.0007,4,EP-001-04,MISSING_SIGNAL,train
2026-08-16 09:00:00+07:00,SKU-001,6,9.1713,7.4511,1.2309,0.0007,6,EP-001-04,MISSING_SIGNAL,train
2026-08-16 10:00:00+07:00,SKU-001,14,10.2244,8.3451,1.2252,0.0007,14,EP-001-04,MISSING_SIGNAL,train
2026-08-16 11:00:00+07:00,SKU-001,9,11.2677,9.2383,1.2197,0.0007,9,EP-001-04,MISSING_SIGNAL,train
2026-08-16 12:00:00+07:00,SKU-001,10,11.7586,9.6836,1.2143,0.0007,10,EP-001-04,MISSING_SIGNAL,train
2026-08-16 13:00:00+07:00,SKU-001,21,10.6242,8.7875,1.209,0.0007,21,EP-001-04,MISSING_SIGNAL,train
2026-08-16 14:00:00+07:00,SKU-001,17,9.4105,7.8168,1.2039,0.0007,0,EP-001-04,MISSING_SIGNAL,train
2026-08-16 15:00:00+07:00,SKU-001,12,9.0999,7.5904,1.1989,0.0006,0,EP-001-04,MISSING_SIGNAL,train
2026-08-16 16:00:00+07:00,SKU-001,9,9.7689,8.1818,1.194,0.0006,0,EP-001-04,MISSING_SIGNAL,train
2026-08-16 17:00:00+07:00,SKU-001,4,11.3157,9.5153,1.1892,0.0006,0,EP-001-04,MISSING_SIGNAL,train
2026-08-16 18:00:00+07:00,SKU-001,3,8.2569,6.9703,1.1846,0.0006,0,EP-001-04,MISSING_SIGNAL,train
2026-08-16 19:00:00+07:00,SKU-001,3,9.6254,8.1568,1.18,0.0006,0,EP-001-04,MISSING_SIGNAL,train
2026-08-16 20:00:00+07:00,SKU-001,5,10.0124,8.5168,1.1756,0.0006,0,EP-001-04,MISSING_SIGNAL,train
2026-08-16 21:00:00+07:00,SKU-001,4,8.3059,7.0912,1.1713,0.0006,0,EP-001-04,MISSING_SIGNAL,train
2026-08-16 22:00:00+07:00,SKU-001,2,5.4412,4.6621,1.1671,0.0006,0,EP-001-04,MISSING_SIGNAL,train
2026-08-16 23:00:00+07:00,SKU-001,6,2.7614,2.3744,1.163,0.0006,0,EP-001-04,MISSING_SIGNAL,train
2026-08-17 00:00:00+07:00,SKU-001,1,1.1234,0.9693,1.159,0.0006,0,EP-001-04,MISSING_SIGNAL,train
2026-08-17 01:00:00+07:00,SKU-001,1,0.7157,0.6196,1.1551,0.0006,0,EP-001-04,MISSING_SIGNAL,train
2026-08-17 02:00:00+07:00,SKU-001,1,0.4898,0.4255,1.1513,0.0006,0,EP-001-04,MISSING_SIGNAL,train
2026-08-17 03:00:00+07:00,SKU-001,0,0.399,0.3477,1.1476,0.0006,0,EP-001-04,MISSING_SIGNAL,train
2026-08-17 04:00:00+07:00,SKU-001,2,0.4413,0.3858,1.1439,0.0006,0,EP-001-04,MISSING_SIGNAL,train
2026-08-17 05:00:00+07:00,SKU-001,1,0.7908,0.6935,1.1404,0.0005,0,EP-001-04,MISSING_SIGNAL,train
2026-08-17 06:00:00+07:00,SKU-001,2,1.6621,1.4619,1.1369,0.0005,0,EP-001-04,MISSING_SIGNAL,train
2026-08-17 07:00:00+07:00,SKU-001,1,2.6997,2.3816,1.1336,0.0005,0,EP-001-04,MISSING_SIGNAL,train
2026-08-17 08:00:00+07:00,SKU-001,5,3.6848,3.26,1.1303,0.0005,0,EP-001-04,MISSING_SIGNAL,train
2026-08-17 09:00:00+07:00,SKU-001,3,4.3158,3.8291,1.1271,0.0005,0,EP-001-04,MISSING_SIGNAL,train
2026-08-17 10:00:00+07:00,SKU-001,3,4.8123,4.2815,1.124,0.0005,0,EP-001-04,MISSING_SIGNAL,train
2026-08-17 11:00:00+07:00,SKU-001,2,5.3043,4.7321,1.1209,0.0005,0,EP-001-04,MISSING_SIGNAL,train
2026-08-17 12:00:00+07:00,SKU-001,9,5.5365,4.9523,1.118,0.0005,1,EP-001-04,MISSING_SIGNAL,train
2026-08-17 13:00:00+07:00,SKU-001,2,5.0034,4.4871,1.1151,0.0005,2,EP-001-04,MISSING_SIGNAL,train
2026-08-17 14:00:00+07:00,SKU-001,6,4.4327,3.9854,1.1122,0.0005,6,EP-001-04,MISSING_SIGNAL,train
2026-08-17 15:00:00+07:00,SKU-001,5,4.2873,3.8642,1.1095,0.0005,5,EP-001-04,MISSING_SIGNAL,train
2026-08-17 16:00:00+07:00,SKU-001,7,4.6034,4.1593,1.1068,0.0005,7,EP-001-04,MISSING_SIGNAL,train
2026-08-17 17:00:00+07:00,SKU-001,6,5.3336,4.8304,1.1042,0.0005,6,,,train
2026-08-17 18:00:00+07:00,SKU-001,8,6.3064,5.7247,1.1016,0.0005,8,,,train
2026-08-17 19:00:00+07:00,SKU-001,7,7.3535,6.6904,1.0991,0.0005,7,,,train
2026-08-17 20:00:00+07:00,SKU-001,5,7.6513,6.9768,1.0967,0.0005,5,,,train
2026-08-17 21:00:00+07:00,SKU-001,3,6.3492,5.802,1.0943,0.0005,3,,,train
2026-08-17 22:00:00+07:00,SKU-001,5,4.1606,3.8101,1.092,0.0005,5,,,train
2026-08-17 23:00:00+07:00,SKU-001,0,2.1123,1.9383,1.0897,0.0004,0,,,train
2026-08-18 00:00:00+07:00,SKU-001,1,0.9518,0.8752,1.0875,0.0004,1,,,train
2026-08-18 01:00:00+07:00,SKU-001,1,0.6067,0.5589,1.0854,0.0004,1,,,train
2026-08-18 02:00:00+07:00,SKU-001,0,0.4154,0.3835,1.0833,0.0004,0,,,train
2026-08-18 03:00:00+07:00,SKU-001,0,0.3385,0.3131,1.0812,0.0004,0,,,train
2026-08-18 04:00:00+07:00,SKU-001,1,0.3746,0.3471,1.0792,0.0004,1,,,train
2026-08-18 05:00:00+07:00,SKU-001,0,0.6716,0.6235,1.0773,0.0004,0,,,train
2026-08-18 06:00:00+07:00,SKU-001,1,1.4124,1.3134,1.0754,0.0004,1,,,train
2026-08-18 07:00:00+07:00,SKU-001,2,2.2955,2.1383,1.0735,0.0004,2,,,train
2026-08-18 08:00:00+07:00,SKU-001,4,3.1351,2.9253,1.0717,0.0004,4,,,train
2026-08-18 09:00:00+07:00,SKU-001,4,3.6746,3.4343,1.07,0.0004,4,,,train
2026-08-18 10:00:00+07:00,SKU-001,8,4.1003,3.8384,1.0683,0.0004,8,,,train
2026-08-18 11:00:00+07:00,SKU-001,6,4.5232,4.2408,1.0666,0.0004,6,,,train
2026-08-18 12:00:00+07:00,SKU-001,6,4.7251,4.437,1.0649,0.0004,6,,,train
2026-08-18 13:00:00+07:00,SKU-001,2,4.2739,4.0193,1.0633,0.0004,2,,,train
2026-08-18 14:00:00+07:00,SKU-001,7,3.7899,3.5694,1.0618,0.0004,0,,,train
2026-08-18 15:00:00+07:00,SKU-001,6,3.6692,3.4606,1.0603,0.0004,0,,,train
2026-08-18 16:00:00+07:00,SKU-001,3,3.9438,3.7249,1.0588,0.0004,0,,,train
2026-08-18 17:00:00+07:00,SKU-001,2,4.5743,4.3262,1.0573,0.0004,0,,,train
2026-08-18 18:00:00+07:00,SKU-001,7,5.4148,5.128,1.0559,0.0004,0,,,train
2026-08-18 19:00:00+07:00,SKU-001,3,6.3214,5.9944,1.0546,0.0004,0,,,train
2026-08-18 20:00:00+07:00,SKU-001,16,6.5856,6.2528,1.0532,0.0004,0,,,train
2026-08-18 21:00:00+07:00,SKU-001,4,5.4719,5.2019,1.0519,0.0003,0,,,train
2026-08-18 22:00:00+07:00,SKU-001,1,3.5906,3.4176,1.0506,0.0003,0,,,train
2026-08-18 23:00:00+07:00,SKU-001,0,1.8255,1.7395,1.0494,0.0003,0,,,train
2026-08-19 00:00:00+07:00,SKU-001,0,0.857,0.8176,1.0482,0.0003,0,,,train
2026-08-19 01:00:00+07:00,SKU-001,1,0.5471,0.5225,1.047,0.0003,0,,,train
2026-08-19 02:00:00+07:00,SKU-001,1,0.3752,0.3587,1.0458,0.0003,0,,,train
2026-08-19 03:00:00+07:00,SKU-001,2,0.3062,0.2931,1.0447,0.0003,0,,,train
2026-08-19 04:00:00+07:00,SKU-001,1,0.3395,0.3253,1.0436,0.0003,0,,,train
2026-08-19 05:00:00+07:00,SKU-001,0,0.6097,0.5848,1.0425,0.0003,0,,,train
2026-08-19 06:00:00+07:00,SKU-001,1,1.2844,1.2332,1.0415,0.0003,0,,,train
2026-08-19 07:00:00+07:00,SKU-001,5,2.0913,2.01,1.0405,0.0003,0,,,train
2026-08-19 08:00:00+07:00,SKU-001,2,2.8616,2.7529,1.0395,0.0003,0,,,train
2026-08-19 09:00:00+07:00,SKU-001,3,3.3605,3.2359,1.0385,0.0003,0,,,train
2026-08-19 10:00:00+07:00,SKU-001,1,3.7573,3.6213,1.0376,0.0003,0,,,train
2026-08-19 11:00:00+07:00,SKU-001,3,4.1532,4.0063,1.0366,0.0003,0,,,train
2026-08-19 12:00:00+07:00,SKU-001,12,4.3476,4.1975,1.0357,0.0003,0,,,train
2026-08-19 13:00:00+07:00,SKU-001,7,3.9407,3.8079,1.0349,0.0003,0,,,train
2026-08-19 14:00:00+07:00,SKU-001,4,3.502,3.3868,1.034,0.0003,0,,,train
2026-08-19 15:00:00+07:00,SKU-001,1,3.3979,3.2888,1.0332,0.0003,0,,,train
2026-08-19 16:00:00+07:00,SKU-001,2,3.6604,3.5457,1.0324,0.0003,0,,,train
2026-08-19 17:00:00+07:00,SKU-001,2,4.2552,4.125,1.0316,0.0003,0,,,train
2026-08-19 18:00:00+07:00,SKU-001,10,5.0487,4.8978,1.0308,0.0003,4,,,train
2026-08-19 19:00:00+07:00,SKU-001,7,5.9077,5.7355,1.03,0.0003,7,,,train
2026-08-19 20:00:00+07:00,SKU-001,2,6.1692,5.9936,1.0293,0.0003,2,,,train
2026-08-19 21:00:00+07:00,SKU-001,5,5.1381,4.9954,1.0286,0.0003,5,,,train
2026-08-19 22:00:00+07:00,SKU-001,7,3.3797,3.2881,1.0279,0.0003,7,,,train
2026-08-19 23:00:00+07:00,SKU-001,0,1.7224,1.6768,1.0272,0.0003,0,,,train
2026-08-20 00:00:00+07:00,SKU-001,0,0.8631,0.8408,1.0265,0.0003,0,,,train
2026-08-20 01:00:00+07:00,SKU-001,1,0.5523,0.5384,1.0259,0.0003,1,,,train
2026-08-20 02:00:00+07:00,SKU-001,0,0.3797,0.3704,1.0252,0.0002,0,,,train
2026-08-20 03:00:00+07:00,SKU-001,0,0.3107,0.3032,1.0246,0.0002,0,,,train
2026-08-20 04:00:00+07:00,SKU-001,2,0.3453,0.3372,1.024,0.0002,2,,,train
2026-08-20 05:00:00+07:00,SKU-001,0,0.6217,0.6074,1.0234,0.0002,0,,,train
2026-08-20 06:00:00+07:00,SKU-001,2,1.3129,1.2835,1.0228,0.0002,2,,,train
2026-08-20 07:00:00+07:00,SKU-001,0,2.143,2.0963,1.0223,0.0002,0,,,train
2026-08-20 08:00:00+07:00,SKU-001,5,2.9397,2.8771,1.0217,0.0002,5,,,train
2026-08-20 09:00:00+07:00,SKU-001,2,3.4607,3.3888,1.0212,0.0002,2,,,train
2026-08-20 10:00:00+07:00,SKU-001,4,3.8788,3.8002,1.0207,0.0002,4,,,train
2026-08-20 11:00:00+07:00,SKU-001,5,4.2979,4.2129,1.0202,0.0002,5,,,train
2026-08-20 12:00:00+07:00,SKU-001,4,4.51,4.423,1.0197,0.0002,4,,,train
2026-08-20 13:00:00+07:00,SKU-001,4,4.0978,4.0206,1.0192,0.0002,4,,,train
2026-08-20 14:00:00+07:00,SKU-001,3,3.6502,3.5831,1.0187,0.0002,0,,,train
2026-08-20 15:00:00+07:00,SKU-001,2,3.55,3.4863,1.0183,0.0002,0,,,train
2026-08-20 16:00:00+07:00,SKU-001,7,3.8331,3.7661,1.0178,0.0002,0,,,train
2026-08-20 17:00:00+07:00,SKU-001,5,4.4662,4.3899,1.0174,0.0002,0,,,train
2026-08-20 18:00:00+07:00,SKU-001,3,5.3109,5.2223,1.017,0.0002,0,,,train
2026-08-20 19:00:00+07:00,SKU-001,2,6.2282,6.1269,1.0165,0.0002,0,,,train
2026-08-20 20:00:00+07:00,SKU-001,12,6.5179,6.4144,1.0161,0.0002,0,,,train
2026-08-20 21:00:00+07:00,SKU-001,2,5.4401,5.3558,1.0157,0.0002,0,,,train
2026-08-20 22:00:00+07:00,SKU-001,1,3.5857,3.5315,1.0153,0.0002,0,,,train
2026-08-20 23:00:00+07:00,SKU-001,0,1.8311,1.8041,1.015,0.0002,0,,,train
2026-08-21 00:00:00+07:00,SKU-001,2,0.9898,0.9756,1.0146,0.0002,0,,,train
2026-08-21 01:00:00+07:00,SKU-001,0,0.6346,0.6257,1.0142,0.0002,0,,,train
2026-08-21 02:00:00+07:00,SKU-001,1,0.4371,0.4311,1.0139,0.0002,0,,,train
2026-08-21 03:00:00+07:00,SKU-001,0,0.3583,0.3535,1.0136,0.0002,0,,,train
2026-08-21 04:00:00+07:00,SKU-001,0,0.3988,0.3936,1.0132,0.0002,0,,,train
2026-08-21 05:00:00+07:00,SKU-001,0,0.7193,0.7101,1.0129,0.0002,0,,,train
2026-08-21 06:00:00+07:00,SKU-001,0,1.5215,1.5026,1.0126,0.0002,0,,,train
2026-08-21 07:00:00+07:00,SKU-001,1,2.4874,2.4573,1.0123,0.0002,0,,,train
2026-08-21 08:00:00+07:00,SKU-001,3,3.417,3.3766,1.012,0.0002,0,,,train
2026-08-21 09:00:00+07:00,SKU-001,3,4.0282,3.9817,1.0117,0.0002,0,,,train
2026-08-21 10:00:00+07:00,SKU-001,3,4.5209,4.47,1.0114,0.0002,0,,,train
2026-08-21 11:00:00+07:00,SKU-001,9,5.0156,4.9605,1.0111,0.0002,0,,,train
2026-08-21 12:00:00+07:00,SKU-001,9,5.2693,5.2128,1.0108,0.0002,0,,,train
2026-08-21 13:00:00+07:00,SKU-001,5,4.7929,4.7427,1.0106,0.0002,0,,,train
2026-08-21 14:00:00+07:00,SKU-001,3,4.2738,4.2301,1.0103,0.0002,0,,,val
2026-08-21 15:00:00+07:00,SKU-001,3,4.1603,4.1189,1.0101,0.0002,0,,,val
2026-08-21 16:00:00+07:00,SKU-001,3,4.496,4.4524,1.0098,0.0002,0,,,val
2026-08-21 17:00:00+07:00,SKU-001,9,5.2427,5.193,1.0096,0.0002,0,,,val
2026-08-21 18:00:00+07:00,SKU-001,6,6.2386,6.1809,1.0093,0.0002,0,,,val
2026-08-21 19:00:00+07:00,SKU-001,3,7.3208,7.2548,1.0091,0.0002,0,,,val
2026-08-21 20:00:00+07:00,SKU-001,6,7.6655,7.5981,1.0089,0.0002,0,,,val
2026-08-21 21:00:00+07:00,SKU-001,6,6.4009,6.346,1.0087,0.0002,1,,,val
2026-08-21 22:00:00+07:00,SKU-001,10,4.2207,4.1854,1.0084,0.0002,10,,,val
2026-08-21 23:00:00+07:00,SKU-001,6,2.156,2.1384,1.0082,0.0001,6,,,val
2026-08-22 00:00:00+07:00,SKU-001,0,1.2085,1.1989,1.008,0.0001,0,,,val
2026-08-22 01:00:00+07:00,SKU-001,2,0.775,0.7689,1.0078,0.0001,2,,,val
2026-08-22 02:00:00+07:00,SKU-001,0,0.5338,0.5297,1.0076,0.0001,0,,,val
2026-08-22 03:00:00+07:00,SKU-001,0,0.4376,0.4343,1.0075,0.0001,0,,,val
2026-08-22 04:00:00+07:00,SKU-001,0,0.4871,0.4835,1.0073,0.0001,0,,,val
2026-08-22 05:00:00+07:00,SKU-001,0,0.8783,0.8721,1.0071,0.0001,0,,,val
2026-08-22 06:00:00+07:00,SKU-001,2,1.8574,1.8446,1.0069,0.0001,2,,,val
2026-08-22 07:00:00+07:00,SKU-001,0,3.0357,3.0153,1.0068,0.0001,0,,,val
2026-08-22 08:00:00+07:00,SKU-001,2,4.1687,4.1414,1.0066,0.0001,2,,,val
2026-08-22 09:00:00+07:00,SKU-001,5,4.9122,4.8808,1.0064,0.0001,5,,,val
2026-08-22 10:00:00+07:00,SKU-001,10,5.5102,5.4759,1.0063,0.0001,10,,,val
2026-08-22 11:00:00+07:00,SKU-001,2,6.1097,6.0726,1.0061,0.0001,2,,,val
2026-08-22 12:00:00+07:00,SKU-001,6,6.4146,6.3766,1.006,0.0001,6,,,val
2026-08-22 13:00:00+07:00,SKU-001,5,5.8306,5.7969,1.0058,0.0001,5,,,val
2026-08-22 14:00:00+07:00,SKU-001,3,5.1951,5.1658,1.0057,0.0001,0,,,val
2026-08-22 15:00:00+07:00,SKU-001,2,5.0531,5.0253,1.0055,0.0001,0,,,val
2026-08-22 16:00:00+07:00,SKU-001,7,5.456,5.4267,1.0054,0.0001,0,,,val
2026-08-22 17:00:00+07:00,SKU-001,4,6.356,6.3227,1.0053,0.0001,0,,,val
2026-08-22 18:00:00+07:00,SKU-001,12,7.5559,7.5173,1.0051,0.0001,0,,,val
2026-08-22 19:00:00+07:00,SKU-001,1,8.8573,8.8131,1.005,0.0001,0,,,val
2026-08-22 20:00:00+07:00,SKU-001,9,9.264,9.219,1.0049,0.0001,0,,,val
2026-08-22 21:00:00+07:00,SKU-001,3,7.7267,7.6901,1.0048,0.0001,0,,,val
2026-08-22 22:00:00+07:00,SKU-001,7,5.0888,5.0652,1.0047,0.0001,0,,,val
2026-08-22 23:00:00+07:00,SKU-001,2,2.5962,2.5844,1.0045,0.0001,0,,,val
2026-08-23 00:00:00+07:00,SKU-001,0,1.1709,1.1657,1.0044,0.0001,0,,,val
2026-08-23 01:00:00+07:00,SKU-001,0,0.7498,0.7466,1.0043,0.0001,0,,,val
2026-08-23 02:00:00+07:00,SKU-001,1,0.5158,0.5136,1.0042,0.0001,0,,,val
2026-08-23 03:00:00+07:00,SKU-001,2,0.4222,0.4204,1.0041,0.0001,0,,,val
2026-08-23 04:00:00+07:00,SKU-001,1,0.4692,0.4674,1.004,0.0001,0,,,val
2026-08-23 05:00:00+07:00,SKU-001,1,0.8449,0.8416,1.0039,0.0001,0,,,val
2026-08-23 06:00:00+07:00,SKU-001,1,1.784,1.7772,1.0038,0.0001,0,,,val
2026-08-23 07:00:00+07:00,SKU-001,1,2.9111,2.9003,1.0037,0.0001,0,,,val
2026-08-23 08:00:00+07:00,SKU-001,5,3.9912,3.9767,1.0036,0.0001,0,,,val
2026-08-23 09:00:00+07:00,SKU-001,2,4.6954,4.6788,1.0035,0.0001,0,,,val
2026-08-23 10:00:00+07:00,SKU-001,2,5.2583,5.2402,1.0035,0.0001,0,,,val
2026-08-23 11:00:00+07:00,SKU-001,8,5.8206,5.8011,1.0034,0.0001,0,,,val
2026-08-23 12:00:00+07:00,SKU-001,0,6.1007,6.0807,1.0033,0.0001,0,,,val
2026-08-23 13:00:00+07:00,SKU-001,10,5.5357,5.518,1.0032,0.0001,0,,,val
2026-08-23 14:00:00+07:00,SKU-001,2,4.9238,4.9085,1.0031,0.0001,0,,,val
2026-08-23 15:00:00+07:00,SKU-001,8,4.7808,4.7663,1.003,0.0001,0,,,val
2026-08-23 16:00:00+07:00,SKU-001,4,5.1529,5.1376,1.003,0.0001,1,,,val
2026-08-23 17:00:00+07:00,SKU-001,2,5.9923,5.9749,1.0029,0.0001,2,,,val
2026-08-23 18:00:00+07:00,SKU-001,10,7.1108,7.0907,1.0028,0.0001,10,,,val
2026-08-23 19:00:00+07:00,SKU-001,8,8.3206,8.2977,1.0028,0.0001,8,,,val
2026-08-23 20:00:00+07:00,SKU-001,24,8.6871,8.6638,1.0027,0.0001,24,,,val
2026-08-23 21:00:00+07:00,SKU-001,5,7.2326,7.2136,1.0026,0.0001,5,,,val
2026-08-23 22:00:00+07:00,SKU-001,1,4.7548,4.7426,1.0026,0.0001,1,,,val
2026-08-23 23:00:00+07:00,SKU-001,2,2.4214,2.4154,1.0025,0.0001,2,,,val
2026-08-24 00:00:00+07:00,SKU-001,0,0.9884,0.986,1.0024,0.0001,0,,,val
2026-08-24 01:00:00+07:00,SKU-001,2,0.6318,0.6303,1.0024,0.0001,2,,,val
2026-08-24 02:00:00+07:00,SKU-001,0,0.4338,0.4328,1.0023,0.0001,0,,,val
2026-08-24 03:00:00+07:00,SKU-001,0,0.3545,0.3537,1.0023,0.0001,0,,,val
2026-08-24 04:00:00+07:00,SKU-001,0,0.3933,0.3925,1.0022,0.0001,0,,,val
2026-08-24 05:00:00+07:00,SKU-001,0,0.707,0.7054,1.0022,0.0001,0,,,val
2026-08-24 06:00:00+07:00,SKU-001,4,1.4902,1.4871,1.0021,0.0001,4,,,val
2026-08-24 07:00:00+07:00,SKU-001,4,2.4276,2.4227,1.002,0.0001,4,,,val
2026-08-24 08:00:00+07:00,SKU-001,2,3.3228,3.3162,1.002,0.0001,2,,,val
2026-08-24 09:00:00+07:00,SKU-001,3,3.9027,3.8951,1.0019,0.0001,3,,,val
2026-08-24 10:00:00+07:00,SKU-001,5,4.3636,4.3553,1.0019,0.0001,5,,,val
2026-08-24 11:00:00+07:00,SKU-001,2,4.8226,4.8137,1.0019,0.0001,2,,,val
2026-08-24 12:00:00+07:00,SKU-001,7,5.0468,5.0377,1.0018,0.0001,7,,,val
2026-08-24 13:00:00+07:00,SKU-001,4,4.5725,4.5644,1.0018,0.0001,4,,,val
2026-08-24 14:00:00+07:00,SKU-001,5,4.061,4.054,1.0017,0.0001,0,,,val
2026-08-24 15:00:00+07:00,SKU-001,6,3.9374,3.9308,1.0017,0.0001,0,,,val
2026-08-24 16:00:00+07:00,SKU-001,1,4.2378,4.2309,1.0016,0.0001,0,,,val
2026-08-24 17:00:00+07:00,SKU-001,6,4.9215,4.9136,1.0016,0.0001,0,,,val
2026-08-24 18:00:00+07:00,SKU-001,4,5.8324,5.8233,1.0016,0.0001,0,,,val
2026-08-24 19:00:00+07:00,SKU-001,4,6.816,6.8056,1.0015,0.0001,0,,,val
2026-08-24 20:00:00+07:00,SKU-001,2,7.1075,7.097,1.0015,0.0001,0,,,val
2026-08-24 21:00:00+07:00,SKU-001,4,5.9105,5.9019,1.0014,0.0001,0,,,val
2026-08-24 22:00:00+07:00,SKU-001,4,3.8812,3.8757,1.0014,0.0001,0,,,val
2026-08-24 23:00:00+07:00,SKU-001,4,1.9744,1.9717,1.0014,0.0001,0,,,val
2026-08-25 00:00:00+07:00,SKU-001,1,0.8915,0.8903,1.0013,0.0001,0,,,val
2026-08-25 01:00:00+07:00,SKU-001,1,0.5693,0.5686,1.0013,0.0001,0,,,val
2026-08-25 02:00:00+07:00,SKU-001,1,0.3906,0.3901,1.0013,0.0001,0,,,val
2026-08-25 03:00:00+07:00,SKU-001,1,0.3188,0.3185,1.0012,0.0001,0,,,val
2026-08-25 04:00:00+07:00,SKU-001,0,0.3535,0.3531,1.0012,0.0001,0,,,val
2026-08-25 05:00:00+07:00,SKU-001,1,0.6349,0.6342,1.0012,0.0001,0,,,val
2026-08-25 06:00:00+07:00,SKU-001,1,1.3375,1.336,1.0012,0.0001,0,,,val
2026-08-25 07:00:00+07:00,SKU-001,0,2.1775,2.1751,1.0011,0.0001,0,,,val
2026-08-25 08:00:00+07:00,SKU-001,4,2.9789,2.9756,1.0011,0.0001,0,,,val
2026-08-25 09:00:00+07:00,SKU-001,0,3.4971,3.4934,1.0011,0.0001,0,,,val
2026-08-25 10:00:00+07:00,SKU-001,9,3.9085,3.9044,1.001,0.0001,0,,,val
2026-08-25 11:00:00+07:00,SKU-001,6,4.3182,4.3138,1.001,0.0001,0,,,val
2026-08-25 12:00:00+07:00,SKU-001,3,4.5177,4.5132,1.001,0.0001,0,,,val
2026-08-25 13:00:00+07:00,SKU-001,1,4.0923,4.0884,1.001,0.0001,0,,,val
2026-08-25 14:00:00+07:00,SKU-001,3,3.6342,3.6307,1.0009,0.0001,0,,,val
2026-08-25 15:00:00+07:00,SKU-001,4,3.5233,3.5201,1.0009,0.0001,0,,,val
2026-08-25 16:00:00+07:00,SKU-001,5,3.7923,3.7889,1.0009,0.0001,0,,,val
2026-08-25 17:00:00+07:00,SKU-001,2,4.4044,4.4006,1.0009,0.0001,0,,,val
2026-08-25 18:00:00+07:00,SKU-001,8,7.5505,7.544,1.0009,0.0001,0,,,val
2026-08-25 19:00:00+07:00,SKU-001,4,8.8259,8.8186,1.0008,0.0001,0,,,val
2026-08-25 20:00:00+07:00,SKU-001,8,9.2063,9.1988,1.0008,0.0001,1,,,val
2026-08-25 21:00:00+07:00,SKU-001,9,7.6588,7.6527,1.0008,0.0001,9,,,val
2026-08-25 22:00:00+07:00,SKU-001,6,5.0316,5.0277,1.0008,0.0001,6,,,val
2026-08-25 23:00:00+07:00,SKU-001,2,2.561,2.5591,1.0008,0.0,2,,,val
2026-08-26 00:00:00+07:00,SKU-001,1,1.2037,1.2029,1.0007,0.0,1,,,val
2026-08-26 01:00:00+07:00,SKU-001,2,0.7693,0.7687,1.0007,0.0,2,,,val
2026-08-26 02:00:00+07:00,SKU-001,1,0.5281,0.5277,1.0007,0.0,1,,,val
2026-08-26 03:00:00+07:00,SKU-001,0,0.4315,0.4312,1.0007,0.0,0,,,val
2026-08-26 04:00:00+07:00,SKU-001,2,0.4788,0.4785,1.0007,0.0,2,,,val
2026-08-26 05:00:00+07:00,SKU-001,0,0.8609,0.8603,1.0007,0.0,0,,,val
2026-08-26 06:00:00+07:00,SKU-001,0,1.8153,1.8142,1.0006,0.0,0,,,val
2026-08-26 07:00:00+07:00,SKU-001,0,2.9587,2.9569,1.0006,0.0,0,,,val
2026-08-26 08:00:00+07:00,SKU-001,6,4.0523,4.0499,1.0006,0.0,6,,,val
2026-08-26 09:00:00+07:00,SKU-001,2,4.7631,4.7603,1.0006,0.0,2,,,val
2026-08-26 10:00:00+07:00,SKU-001,4,5.3303,5.3273,1.0006,0.0,4,,,val
2026-08-26 11:00:00+07:00,SKU-001,5,5.8971,5.8937,1.0006,0.0,5,,,val
2026-08-26 12:00:00+07:00,SKU-001,3,6.1783,6.175,1.0005,0.0,3,,,val
2026-08-26 13:00:00+07:00,SKU-001,7,5.6048,5.6018,1.0005,0.0,7,,,val
2026-08-26 14:00:00+07:00,SKU-001,3,4.9849,4.9823,1.0005,0.0,0,EP-001-05,SLOW_BURN,val
2026-08-26 15:00:00+07:00,SKU-001,3,4.8406,4.8381,1.0005,0.0588,0,EP-001-05,SLOW_BURN,val
2026-08-26 16:00:00+07:00,SKU-001,5,5.2186,5.216,1.0005,0.1176,0,EP-001-05,SLOW_BURN,val
2026-08-26 17:00:00+07:00,SKU-001,0,6.0712,6.0682,1.0005,0.1765,0,EP-001-05,SLOW_BURN,val
2026-08-26 18:00:00+07:00,SKU-001,10,7.2086,7.2052,1.0005,0.2353,0,EP-001-05,SLOW_BURN,val
2026-08-26 19:00:00+07:00,SKU-001,2,8.4412,8.4373,1.0005,0.2941,0,EP-001-05,SLOW_BURN,val
2026-08-26 20:00:00+07:00,SKU-001,2,8.821,8.817,1.0004,0.3529,0,EP-001-05,SLOW_BURN,val
2026-08-26 21:00:00+07:00,SKU-001,13,7.3518,7.3486,1.0004,0.4118,0,EP-001-05,SLOW_BURN,val
2026-08-26 22:00:00+07:00,SKU-001,4,4.839,4.837,1.0004,0.4706,0,EP-001-05,SLOW_BURN,val
2026-08-26 23:00:00+07:00,SKU-001,5,2.4677,2.4667,1.0004,0.5294,0,EP-001-05,SLOW_BURN,val
2026-08-27 00:00:00+07:00,SKU-001,1,1.2374,1.2369,1.0004,0.5882,0,EP-001-05,SLOW_BURN,val
2026-08-27 01:00:00+07:00,SKU-001,0,0.7923,0.792,1.0004,0.6471,0,EP-001-05,SLOW_BURN,val
2026-08-27 02:00:00+07:00,SKU-001,0,0.545,0.5448,1.0004,0.7059,0,EP-001-05,SLOW_BURN,val
2026-08-27 03:00:00+07:00,SKU-001,3,0.4462,0.4461,1.0004,0.7647,0,EP-001-05,SLOW_BURN,val
2026-08-27 04:00:00+07:00,SKU-001,0,0.4962,0.496,1.0004,0.8235,0,EP-001-05,SLOW_BURN,val
2026-08-27 05:00:00+07:00,SKU-001,0,0.8939,0.8936,1.0004,0.8824,0,EP-001-05,SLOW_BURN,val
2026-08-27 06:00:00+07:00,SKU-001,1,1.8888,1.8882,1.0004,0.9412,0,EP-001-05,SLOW_BURN,val
2026-08-27 07:00:00+07:00,SKU-001,1,3.0848,3.0838,1.0003,1.0,0,EP-001-05,SLOW_BURN,val
2026-08-27 08:00:00+07:00,SKU-001,5,4.2338,4.2324,1.0003,0.9896,0,EP-001-05,SLOW_BURN,val
2026-08-27 09:00:00+07:00,SKU-001,5,4.9867,4.9851,1.0003,0.9793,0,EP-001-05,SLOW_BURN,val
2026-08-27 10:00:00+07:00,SKU-001,3,5.592,5.5903,1.0003,0.9691,0,EP-001-05,SLOW_BURN,val
2026-08-27 11:00:00+07:00,SKU-001,6,6.1993,6.1974,1.0003,0.959,0,EP-001-05,SLOW_BURN,val
2026-08-27 12:00:00+07:00,SKU-001,6,6.5083,6.5063,1.0003,0.949,0,EP-001-05,SLOW_BURN,val
2026-08-27 13:00:00+07:00,SKU-001,8,5.9162,5.9144,1.0003,0.9391,0,EP-001-05,SLOW_BURN,val
2026-08-27 14:00:00+07:00,SKU-001,4,5.2724,5.2709,1.0003,0.9293,0,EP-001-05,SLOW_BURN,val
2026-08-27 15:00:00+07:00,SKU-001,2,5.13,5.1285,1.0003,0.9196,0,EP-001-05,SLOW_BURN,val
2026-08-27 16:00:00+07:00,SKU-001,0,5.5415,5.54,1.0003,0.91,0,EP-001-05,SLOW_BURN,val
2026-08-27 17:00:00+07:00,SKU-001,4,6.4594,6.4577,1.0003,0.9006,0,EP-001-05,SLOW_BURN,val
2026-08-27 18:00:00+07:00,SKU-001,10,7.6842,7.6822,1.0003,0.8912,0,EP-001-05,SLOW_BURN,val
2026-08-27 19:00:00+07:00,SKU-001,12,9.0151,9.0128,1.0003,0.8819,4,EP-001-05,SLOW_BURN,val
2026-08-27 20:00:00+07:00,SKU-001,4,6.5257,6.5241,1.0002,0.8727,4,EP-001-05,SLOW_BURN,val
2026-08-27 21:00:00+07:00,SKU-001,3,5.4487,5.4474,1.0002,0.8636,3,EP-001-05,SLOW_BURN,val
2026-08-27 22:00:00+07:00,SKU-001,1,3.5927,3.5919,1.0002,0.8546,1,EP-001-05,SLOW_BURN,val
2026-08-27 23:00:00+07:00,SKU-001,2,1.8353,1.8349,1.0002,0.8457,2,EP-001-05,SLOW_BURN,val
2026-08-28 00:00:00+07:00,SKU-001,0,0.9925,0.9922,1.0002,0.8369,0,EP-001-05,SLOW_BURN,val
2026-08-28 01:00:00+07:00,SKU-001,0,0.6643,0.6364,1.0438,0.8282,0,EP-001-05,SLOW_BURN,val
2026-08-28 02:00:00+07:00,SKU-001,1,0.4769,0.4385,1.0877,0.8196,1,EP-001-05,SLOW_BURN,val
2026-08-28 03:00:00+07:00,SKU-001,0,0.4068,0.3595,1.1315,0.811,0,EP-001-05,SLOW_BURN,val
2026-08-28 04:00:00+07:00,SKU-001,3,0.4706,0.4004,1.1753,0.8026,3,EP-001-05,SLOW_BURN,val
2026-08-28 05:00:00+07:00,SKU-001,0,0.8806,0.7223,1.2192,0.7942,0,EP-001-05,SLOW_BURN,val
2026-08-28 06:00:00+07:00,SKU-001,0,1.9302,1.5283,1.263,0.7859,0,EP-001-05,SLOW_BURN,val
2026-08-28 07:00:00+07:00,SKU-001,2,3.2661,2.4992,1.3068,0.7777,2,EP-001-05,SLOW_BURN,val
2026-08-28 08:00:00+07:00,SKU-001,1,4.6386,3.4343,1.3507,0.7696,1,EP-001-05,SLOW_BURN,val
2026-08-28 09:00:00+07:00,SKU-001,4,5.6474,4.0497,1.3945,0.7616,4,EP-001-05,SLOW_BURN,val
2026-08-28 10:00:00+07:00,SKU-001,2,6.5391,4.5463,1.4383,0.7537,2,EP-001-05,SLOW_BURN,val
2026-08-28 11:00:00+07:00,SKU-001,10,7.4779,5.0452,1.4822,0.7458,10,EP-001-05,SLOW_BURN,val
2026-08-28 12:00:00+07:00,SKU-001,16,8.0905,5.3017,1.526,0.7381,16,EP-001-05,SLOW_BURN,val
2026-08-28 13:00:00+07:00,SKU-001,7,7.5724,4.8237,1.5698,0.7304,7,EP-001-05,SLOW_BURN,val
2026-08-28 14:00:00+07:00,SKU-001,4,6.9426,4.3023,1.6137,0.7228,0,EP-001-05,SLOW_BURN,val
2026-08-28 15:00:00+07:00,SKU-001,3,6.9437,4.1892,1.6575,0.7152,0,EP-001-05,SLOW_BURN,val
2026-08-28 16:00:00+07:00,SKU-001,2,7.7043,4.5283,1.7014,0.7078,0,EP-001-05,SLOW_BURN,val
2026-08-28 17:00:00+07:00,SKU-001,25,9.2173,5.2816,1.7452,0.7004,0,EP-001-05,SLOW_BURN,val
2026-08-28 18:00:00+07:00,SKU-001,11,10.922,6.2863,1.7374,0.6931,0,EP-001-05,SLOW_BURN,val
2026-08-28 19:00:00+07:00,SKU-001,9,12.7629,7.3785,1.7297,0.6859,0,EP-001-05,SLOW_BURN,val
2026-08-28 20:00:00+07:00,SKU-001,14,13.3081,7.7276,1.7221,0.6787,0,EP-001-05,SLOW_BURN,val
2026-08-28 21:00:00+07:00,SKU-001,11,11.0664,6.4542,1.7146,0.6717,0,EP-001-05,SLOW_BURN,val
2026-08-28 22:00:00+07:00,SKU-001,4,7.2669,4.2567,1.7072,0.6647,0,EP-001-05,SLOW_BURN,val
2026-08-28 23:00:00+07:00,SKU-001,4,3.6968,2.1749,1.6998,0.6577,0,EP-001-05,SLOW_BURN,val
2026-08-29 00:00:00+07:00,SKU-001,4,2.0637,1.2193,1.6925,0.6509,0,EP-001-05,SLOW_BURN,val
2026-08-29 01:00:00+07:00,SKU-001,3,1.318,0.782,1.6853,0.6441,0,EP-001-05,SLOW_BURN,val
2026-08-29 02:00:00+07:00,SKU-001,0,0.9041,0.5388,1.6782,0.6374,0,EP-001-05,SLOW_BURN,val
2026-08-29 03:00:00+07:00,SKU-001,0,0.7382,0.4417,1.6711,0.6308,0,EP-001-05,SLOW_BURN,val
2026-08-29 04:00:00+07:00,SKU-001,4,0.8184,0.4918,1.6641,0.6242,0,EP-001-05,SLOW_BURN,val
2026-08-29 05:00:00+07:00,SKU-001,0,1.4698,0.887,1.6572,0.6177,0,EP-001-05,SLOW_BURN,val
2026-08-29 06:00:00+07:00,SKU-001,6,3.0961,1.8761,1.6503,0.6113,0,EP-001-05,SLOW_BURN,val
2026-08-29 07:00:00+07:00,SKU-001,4,5.0402,3.0667,1.6436,0.6049,0,EP-001-05,SLOW_BURN,val
2026-08-29 08:00:00+07:00,SKU-001,8,6.8943,4.2119,1.6369,0.5986,0,EP-001-05,SLOW_BURN,val
2026-08-29 09:00:00+07:00,SKU-001,5,8.0923,4.964,1.6302,0.5923,0,EP-001-05,SLOW_BURN,val
2026-08-29 10:00:00+07:00,SKU-001,8,9.0423,5.5691,1.6236,0.5862,3,EP-001-05,SLOW_BURN,val
2026-08-29 11:00:00+07:00,SKU-001,10,9.9876,6.176,1.6172,0.5801,10,EP-001-05,SLOW_BURN,val
2026-08-29 12:00:00+07:00,SKU-001,23,10.4458,6.4852,1.6107,0.574,23,EP-001-05,SLOW_BURN,val
2026-08-29 13:00:00+07:00,SKU-001,5,9.4586,5.8956,1.6044,0.568,5,EP-001-05,SLOW_BURN,val
2026-08-29 14:00:00+07:00,SKU-001,6,8.3958,5.2538,1.5981,0.5621,6,EP-001-05,SLOW_BURN,val
2026-08-29 15:00:00+07:00,SKU-001,6,8.1356,5.1108,1.5918,0.5563,6,EP-001-05,SLOW_BURN,val
2026-08-29 16:00:00+07:00,SKU-001,12,8.7514,5.519,1.5857,0.5505,12,EP-001-05,SLOW_BURN,val
2026-08-29 17:00:00+07:00,SKU-001,13,10.1571,6.4303,1.5796,0.5447,13,EP-001-05,SLOW_BURN,val
2026-08-29 18:00:00+07:00,SKU-001,5,12.0299,7.6452,1.5735,0.5391,5,EP-001-05,SLOW_BURN,val
2026-08-29 19:00:00+07:00,SKU-001,23,14.05,8.963,1.5675,0.5334,23,EP-001-05,SLOW_BURN,val
2026-08-29 20:00:00+07:00,SKU-001,13,14.6416,9.3758,1.5616,0.5279,13,EP-001-05,SLOW_BURN,val
2026-08-29 21:00:00+07:00,SKU-001,3,12.1676,7.8209,1.5558,0.5224,3,EP-001-05,SLOW_BURN,val
2026-08-29 22:00:00+07:00,SKU-001,6,7.9846,5.1513,1.55,0.5169,6,EP-001-05,SLOW_BURN,val
2026-08-29 23:00:00+07:00,SKU-001,9,4.0589,2.6284,1.5443,0.5116,9,EP-001-05,SLOW_BURN,val
2026-08-30 00:00:00+07:00,SKU-001,1,1.8241,1.1856,1.5386,0.5062,1,EP-001-05,SLOW_BURN,val
2026-08-30 01:00:00+07:00,SKU-001,0,1.164,0.7593,1.533,0.501,0,EP-001-05,SLOW_BURN,val
2026-08-30 02:00:00+07:00,SKU-001,3,0.7978,0.5223,1.5274,0.4957,3,EP-001-05,SLOW_BURN,val
2026-08-30 03:00:00+07:00,SKU-001,0,0.6508,0.4276,1.5219,0.4906,0,EP-001-05,SLOW_BURN,val
2026-08-30 04:00:00+07:00,SKU-001,1,0.7208,0.4753,1.5165,0.4855,1,EP-001-05,SLOW_BURN,val
2026-08-30 05:00:00+07:00,SKU-001,1,1.2933,0.8559,1.5111,0.4804,1,EP-001-05,SLOW_BURN,val
2026-08-30 06:00:00+07:00,SKU-001,3,2.7216,1.8074,1.5058,0.4754,3,EP-001-05,SLOW_BURN,val
2026-08-30 07:00:00+07:00,SKU-001,2,4.4259,2.9496,1.5005,0.4704,2,EP-001-05,SLOW_BURN,val
2026-08-30 08:00:00+07:00,SKU-001,4,6.0475,4.0443,1.4953,0.4655,4,EP-001-05,SLOW_BURN,val
2026-08-30 09:00:00+07:00,SKU-001,12,7.0906,4.7583,1.4901,0.4607,12,EP-001-05,SLOW_BURN,val
2026-08-30 10:00:00+07:00,SKU-001,7,7.9141,5.3292,1.485,0.4559,7,EP-001-05,SLOW_BURN,val
2026-08-30 11:00:00+07:00,SKU-001,2,8.7313,5.8996,1.48,0.4511,2,EP-001-05,SLOW_BURN,val
2026-08-30 12:00:00+07:00,SKU-001,13,9.1213,6.184,1.475,0.4464,13,EP-001-05,SLOW_BURN,val
2026-08-30 13:00:00+07:00,SKU-001,9,8.2494,5.6117,1.47,0.4418,9,EP-001-05,SLOW_BURN,val
2026-08-30 14:00:00+07:00,SKU-001,3,7.3137,4.9918,1.4651,0.4372,0,EP-001-05,SLOW_BURN,val
2026-08-30 15:00:00+07:00,SKU-001,4,7.0783,4.8472,1.4603,0.4326,0,EP-001-05,SLOW_BURN,val
2026-08-30 16:00:00+07:00,SKU-001,5,7.6047,5.2248,1.4555,0.4281,0,EP-001-05,SLOW_BURN,val
2026-08-30 17:00:00+07:00,SKU-001,9,8.8153,6.0764,1.4508,0.4237,0,EP-001-05,SLOW_BURN,val
2026-08-30 18:00:00+07:00,SKU-001,9,10.4276,7.2111,1.4461,0.4193,0,EP-001-05,SLOW_BURN,val
2026-08-30 19:00:00+07:00,SKU-001,15,12.1633,8.4385,1.4414,0.4149,0,EP-001-05,SLOW_BURN,val
2026-08-30 20:00:00+07:00,SKU-001,6,12.6595,8.8108,1.4368,0.4106,0,EP-001-05,SLOW_BURN,val
2026-08-30 21:00:00+07:00,SKU-001,3,10.5071,7.336,1.4323,0.4063,0,EP-001-05,SLOW_BURN,val
2026-08-30 22:00:00+07:00,SKU-001,10,6.8862,4.8231,1.4278,0.4021,0,EP-001-05,SLOW_BURN,val
2026-08-30 23:00:00+07:00,SKU-001,7,3.4961,2.4564,1.4233,0.3979,0,EP-001-05,SLOW_BURN,val
2026-08-31 00:00:00+07:00,SKU-001,0,1.4228,1.0027,1.4189,0.3937,0,EP-001-05,SLOW_BURN,val
2026-08-31 01:00:00+07:00,SKU-001,1,0.9067,0.641,1.4145,0.3896,0,EP-001-05,SLOW_BURN,val
2026-08-31 02:00:00+07:00,SKU-001,1,0.6207,0.4402,1.4102,0.3856,0,EP-001-05,SLOW_BURN,val
2026-08-31 03:00:00+07:00,SKU-001,1,0.5057,0.3597,1.4059,0.3815,0,EP-001-05,SLOW_BURN,val
2026-08-31 04:00:00+07:00,SKU-001,0,0.5594,0.3991,1.4017,0.3776,0,EP-001-05,SLOW_BURN,val
2026-08-31 05:00:00+07:00,SKU-001,0,1.0026,0.7174,1.3975,0.3736,0,EP-001-05,SLOW_BURN,val
2026-08-31 06:00:00+07:00,SKU-001,3,2.1072,1.5123,1.3934,0.3697,0,EP-001-05,SLOW_BURN,val
2026-08-31 07:00:00+07:00,SKU-001,3,3.4228,2.4637,1.3893,0.3659,0,EP-001-05,SLOW_BURN,val
2026-08-31 08:00:00+07:00,SKU-001,9,4.6716,3.3724,1.3852,0.3621,0,EP-001-05,SLOW_BURN,val
2026-08-31 09:00:00+07:00,SKU-001,6,5.4712,3.9612,1.3812,0.3583,0,EP-001-05,SLOW_BURN,val
2026-08-31 10:00:00+07:00,SKU-001,6,6.0999,4.4291,1.3772,0.3546,0,EP-001-05,SLOW_BURN,val
2026-08-31 11:00:00+07:00,SKU-001,9,6.7226,4.8952,1.3733,0.3509,0,EP-001-05,SLOW_BURN,val
2026-08-31 12:00:00+07:00,SKU-001,4,7.0156,5.123,1.3694,0.3472,0,EP-001-05,SLOW_BURN,val
2026-08-31 13:00:00+07:00,SKU-001,9,6.3386,4.6417,1.3656,0.3436,0,EP-001-05,SLOW_BURN,val
2026-08-31 14:00:00+07:00,SKU-001,16,5.6142,4.1227,1.3618,0.34,0,EP-001-05,SLOW_BURN,val
2026-08-31 15:00:00+07:00,SKU-001,2,5.4284,3.9974,1.358,0.3365,0,EP-001-05,SLOW_BURN,val
2026-08-31 16:00:00+07:00,SKU-001,4,5.8268,4.3026,1.3543,0.333,0,EP-001-05,SLOW_BURN,val
2026-08-31 17:00:00+07:00,SKU-001,9,6.7486,4.9968,1.3506,0.3295,0,EP-001-05,SLOW_BURN,val
2026-08-31 18:00:00+07:00,SKU-001,9,7.9763,5.9219,1.3469,0.3261,0,EP-001-05,SLOW_BURN,val
2026-08-31 19:00:00+07:00,SKU-001,5,9.2968,6.9209,1.3433,0.3227,1,EP-001-05,SLOW_BURN,val
2026-08-31 20:00:00+07:00,SKU-001,14,9.669,7.2171,1.3397,0.3193,14,EP-001-05,SLOW_BURN,val
2026-08-31 21:00:00+07:00,SKU-001,10,8.0196,6.0018,1.3362,0.316,10,EP-001-05,SLOW_BURN,val
2026-08-31 22:00:00+07:00,SKU-001,14,5.2526,3.9413,1.3327,0.3127,14,EP-001-05,SLOW_BURN,val
2026-08-31 23:00:00+07:00,SKU-001,3,2.6652,2.0051,1.3292,0.3094,3,EP-001-05,SLOW_BURN,val
2026-09-01 00:00:00+07:00,SKU-001,0,1.2003,0.9054,1.3258,0.3062,0,EP-001-05,SLOW_BURN,val
2026-09-01 01:00:00+07:00,SKU-001,0,0.7646,0.5782,1.3224,0.303,0,EP-001-05,SLOW_BURN,val
2026-09-01 02:00:00+07:00,SKU-001,0,0.5232,0.3967,1.319,0.2999,0,EP-001-05,SLOW_BURN,val
2026-09-01 03:00:00+07:00,SKU-001,1,0.4261,0.3238,1.3157,0.2967,1,EP-001-05,SLOW_BURN,val
2026-09-01 04:00:00+07:00,SKU-001,1,0.4712,0.3591,1.3124,0.2936,1,EP-001-05,SLOW_BURN,val
2026-09-01 05:00:00+07:00,SKU-001,1,0.8443,0.6449,1.3092,0.2906,1,EP-001-05,SLOW_BURN,val
2026-09-01 06:00:00+07:00,SKU-001,0,1.7742,1.3585,1.3059,0.2876,0,EP-001-05,SLOW_BURN,val
2026-09-01 07:00:00+07:00,SKU-001,3,2.8815,2.2119,1.3028,0.2846,3,EP-001-05,SLOW_BURN,val
2026-09-01 08:00:00+07:00,SKU-001,7,3.9325,3.0259,1.2996,0.2816,7,EP-001-05,SLOW_BURN,val
2026-09-01 09:00:00+07:00,SKU-001,5,4.6056,3.5524,1.2965,0.2787,5,EP-001-05,SLOW_BURN,val
2026-09-01 10:00:00+07:00,SKU-001,3,5.1353,3.9704,1.2934,0.2758,3,EP-001-05,SLOW_BURN,val
2026-09-01 11:00:00+07:00,SKU-001,13,5.6603,4.3867,1.2903,0.2729,13,EP-001-05,SLOW_BURN,val
2026-09-01 12:00:00+07:00,SKU-001,8,5.9082,4.5895,1.2873,0.27,8,EP-001-05,SLOW_BURN,val
2026-09-01 13:00:00+07:00,SKU-001,2,5.3395,4.1575,1.2843,0.2672,2,EP-001-05,SLOW_BURN,val
2026-09-01 14:00:00+07:00,SKU-001,6,4.7309,3.6921,1.2814,0.2644,0,EP-001-05,SLOW_BURN,val
2026-09-01 15:00:00+07:00,SKU-001,2,4.5762,3.5796,1.2784,0.2617,0,EP-001-05,SLOW_BURN,val
2026-09-01 16:00:00+07:00,SKU-001,2,4.9145,3.8529,1.2755,0.259,0,EP-001-05,SLOW_BURN,val
2026-09-01 17:00:00+07:00,SKU-001,5,5.695,4.4749,1.2727,0.2563,0,EP-001-05,SLOW_BURN,val
2026-09-01 18:00:00+07:00,SKU-001,4,6.7353,5.3042,1.2698,0.2536,0,EP-001-05,SLOW_BURN,val
2026-09-01 19:00:00+07:00,SKU-001,10,7.8558,6.2003,1.267,0.251,0,EP-001-05,SLOW_BURN,val
2026-09-01 20:00:00+07:00,SKU-001,18,8.1766,6.4677,1.2642,0.2483,0,EP-001-05,SLOW_BURN,val
2026-09-01 21:00:00+07:00,SKU-001,7,6.7874,5.3806,1.2615,0.2458,0,EP-001-05,SLOW_BURN,val
2026-09-01 22:00:00+07:00,SKU-001,4,4.4496,3.535,1.2587,0.2432,0,EP-001-05,SLOW_BURN,val
2026-09-01 23:00:00+07:00,SKU-001,0,2.26,1.7993,1.256,0.2407,0,EP-001-05,SLOW_BURN,val
2026-09-02 00:00:00+07:00,SKU-001,0,1.06,0.8457,1.2534,0.2382,0,EP-001-05,SLOW_BURN,val
2026-09-02 01:00:00+07:00,SKU-001,0,0.676,0.5405,1.2507,0.2357,0,EP-001-05,SLOW_BURN,val
2026-09-02 02:00:00+07:00,SKU-001,1,0.4631,0.3711,1.2481,0.2332,0,EP-001-05,SLOW_BURN,val
2026-09-02 03:00:00+07:00,SKU-001,0,0.3776,0.3032,1.2455,0.2308,0,EP-001-05,SLOW_BURN,val
2026-09-02 04:00:00+07:00,SKU-001,0,0.4182,0.3364,1.243,0.2284,0,EP-001-05,SLOW_BURN,val
2026-09-02 05:00:00+07:00,SKU-001,2,1.1496,0.9267,1.2405,0.226,0,EP-001-05,SLOW_BURN,val
2026-09-02 06:00:00+07:00,SKU-001,1,2.4192,1.9542,1.2379,0.2236,0,EP-001-05,SLOW_BURN,val
2026-09-02 07:00:00+07:00,SKU-001,5,3.9351,3.1851,1.2355,0.2213,0,EP-001-05,SLOW_BURN,val
2026-09-02 08:00:00+07:00,SKU-001,11,5.379,4.3625,1.233,0.219,0,EP-001-05,SLOW_BURN,val
2026-09-02 09:00:00+07:00,SKU-001,12,6.3102,5.1278,1.2306,0.2167,0,EP-001-05,SLOW_BURN,val
2026-09-02 10:00:00+07:00,SKU-001,6,7.0479,5.7385,1.2282,0.2145,0,EP-001-05,SLOW_BURN,val
2026-09-02 11:00:00+07:00,SKU-001,6,7.7822,6.3487,1.2258,0.2122,0,EP-001-05,SLOW_BURN,val
2026-09-02 12:00:00+07:00,SKU-001,3,8.1379,6.6516,1.2235,0.21,0,EP-001-05,SLOW_BURN,val
2026-09-02 13:00:00+07:00,SKU-001,8,7.3685,6.0342,1.2211,0.2078,0,EP-001-05,SLOW_BURN,val
2026-09-02 14:00:00+07:00,SKU-001,11,6.5413,5.3669,1.2188,0.2057,0,EP-001-05,SLOW_BURN,val
2026-09-02 15:00:00+07:00,SKU-001,13,6.34,5.2115,1.2165,0.2035,0,EP-001-05,SLOW_BURN,val
2026-09-02 16:00:00+07:00,SKU-001,6,6.8225,5.6186,1.2143,0.2014,0,EP-001-05,SLOW_BURN,val
2026-09-02 17:00:00+07:00,SKU-001,9,7.9227,6.5366,1.2121,0.1993,0,EP-001-05,SLOW_BURN,val
2026-09-02 18:00:00+07:00,SKU-001,9,9.3899,7.7612,1.2098,0.1972,0,EP-001-05,SLOW_BURN,val
2026-09-02 19:00:00+07:00,SKU-001,15,10.9758,9.0885,1.2077,0.1952,0,EP-001-05,SLOW_BURN,val
2026-09-02 20:00:00+07:00,SKU-001,13,11.4491,9.4974,1.2055,0.1931,10,EP-001-05,SLOW_BURN,val
2026-09-02 21:00:00+07:00,SKU-001,14,9.5254,7.9157,1.2034,0.1911,14,EP-001-05,SLOW_BURN,val
2026-09-02 22:00:00+07:00,SKU-001,2,6.2587,5.2102,1.2012,0.1891,2,EP-001-05,SLOW_BURN,val
2026-09-02 23:00:00+07:00,SKU-001,2,3.1862,2.6571,1.1991,0.1872,2,EP-001-05,SLOW_BURN,val
2026-09-03 00:00:00+07:00,SKU-001,5,1.5949,1.3323,1.1971,0.1852,5,EP-001-05,SLOW_BURN,val
2026-09-03 01:00:00+07:00,SKU-001,1,1.0195,0.8531,1.195,0.1833,1,EP-001-05,SLOW_BURN,val
2026-09-03 02:00:00+07:00,SKU-001,1,0.7001,0.5869,1.193,0.1814,1,EP-001-05,SLOW_BURN,val
2026-09-03 03:00:00+07:00,SKU-001,0,0.5722,0.4805,1.191,0.1795,0,EP-001-05,SLOW_BURN,val
2026-09-03 04:00:00+07:00,SKU-001,0,0.6352,0.5343,1.189,0.1776,0,EP-001-05,SLOW_BURN,val
2026-09-03 05:00:00+07:00,SKU-001,1,1.1425,0.9625,1.187,0.1758,1,EP-001-05,SLOW_BURN,val
2026-09-03 06:00:00+07:00,SKU-001,2,2.4102,2.0338,1.1851,0.1739,2,EP-001-05,SLOW_BURN,val
2026-09-03 07:00:00+07:00,SKU-001,6,3.93,3.3217,1.1831,0.1721,6,EP-001-05,SLOW_BURN,val
2026-09-03 08:00:00+07:00,SKU-001,12,5.3851,4.5589,1.1812,0.1703,12,EP-001-05,SLOW_BURN,val
2026-09-03 09:00:00+07:00,SKU-001,6,6.3327,5.3697,1.1793,0.1686,6,EP-001-05,SLOW_BURN,val
2026-09-03 10:00:00+07:00,SKU-001,13,7.0902,6.0215,1.1775,0.1668,13,EP-001-05,SLOW_BURN,val
2026-09-03 11:00:00+07:00,SKU-001,3,7.8479,6.6755,1.1756,0.1651,3,EP-001-05,SLOW_BURN,val
2026-09-03 12:00:00+07:00,SKU-001,4,8.2262,7.0083,1.1738,0.1633,4,EP-001-05,SLOW_BURN,val
2026-09-03 13:00:00+07:00,SKU-001,8,7.4663,6.3707,1.172,0.1616,8,EP-001-05,SLOW_BURN,val
2026-09-03 14:00:00+07:00,SKU-001,3,6.6437,5.6775,1.1702,0.16,0,EP-001-05,SLOW_BURN,val
2026-09-03 15:00:00+07:00,SKU-001,5,6.4545,5.5241,1.1684,0.1583,0,EP-001-05,SLOW_BURN,val
2026-09-03 16:00:00+07:00,SKU-001,15,6.9618,5.9673,1.1667,0.1566,0,EP-001-05,SLOW_BURN,val
2026-09-03 17:00:00+07:00,SKU-001,9,8.1029,6.9558,1.1649,0.155,0,EP-001-05,SLOW_BURN,val
2026-09-03 18:00:00+07:00,SKU-001,5,9.6252,8.2747,1.1632,0.1534,0,EP-001-05,SLOW_BURN,val
2026-09-03 19:00:00+07:00,SKU-001,15,11.2759,9.708,1.1615,0.1518,0,EP-001-05,SLOW_BURN,val
2026-09-03 20:00:00+07:00,SKU-001,18,11.7879,10.1636,1.1598,0.1502,0,EP-001-05,SLOW_BURN,val
2026-09-03 21:00:00+07:00,SKU-001,12,9.8283,8.4861,1.1582,0.1487,0,EP-001-05,SLOW_BURN,val
2026-09-03 22:00:00+07:00,SKU-001,4,6.4713,5.5956,1.1565,0.1471,0,EP-001-05,SLOW_BURN,val
2026-09-03 23:00:00+07:00,SKU-001,1,3.3012,2.8585,1.1549,0.1456,0,EP-001-05,SLOW_BURN,val
2026-09-04 00:00:00+07:00,SKU-001,2,1.7827,1.5458,1.1533,0.1441,0,EP-001-05,SLOW_BURN,val
2026-09-04 01:00:00+07:00,SKU-001,1,1.1417,0.9914,1.1517,0.1426,0,EP-001-05,SLOW_BURN,val
2026-09-04 02:00:00+07:00,SKU-001,1,0.7856,0.683,1.1501,0.1411,0,EP-001-05,SLOW_BURN,test
2026-09-04 03:00:00+07:00,SKU-001,1,0.6433,0.5601,1.1485,0.1396,0,EP-001-05,SLOW_BURN,test
2026-09-04 04:00:00+07:00,SKU-001,0,0.7154,0.6237,1.147,0.1381,0,EP-001-05,SLOW_BURN,test
2026-09-04 05:00:00+07:00,SKU-001,0,1.2888,1.1252,1.1454,0.1367,0,EP-001-05,SLOW_BURN,test
2026-09-04 06:00:00+07:00,SKU-001,0,1.7776,1.5539,1.1439,0.1353,0,EP-001-05,SLOW_BURN,test
2026-09-04 07:00:00+07:00,SKU-001,2,2.9031,2.5412,1.1424,0.1339,0,EP-001-05,SLOW_BURN,test
2026-09-04 08:00:00+07:00,SKU-001,3,3.9841,3.4919,1.1409,0.1325,0,EP-001-05,SLOW_BURN,test
2026-09-04 09:00:00+07:00,SKU-001,6,4.692,4.1177,1.1395,0.1311,0,EP-001-05,SLOW_BURN,test
2026-09-04 10:00:00+07:00,SKU-001,9,5.2606,4.6226,1.138,0.1297,0,EP-001-05,SLOW_BURN,test
2026-09-04 11:00:00+07:00,SKU-001,2,5.8305,5.1299,1.1366,0.1284,0,EP-001-05,SLOW_BURN,test
2026-09-04 12:00:00+07:00,SKU-001,9,6.1193,5.3907,1.1352,0.127,0,EP-001-05,SLOW_BURN,test
2026-09-04 13:00:00+07:00,SKU-001,5,5.5606,4.9046,1.1338,0.1257,0,EP-001-05,SLOW_BURN,test
2026-09-04 14:00:00+07:00,SKU-001,2,4.9535,4.3745,1.1324,0.1244,0,EP-001-05,SLOW_BURN,test
2026-09-04 15:00:00+07:00,SKU-001,8,4.8174,4.2595,1.131,0.1231,0,EP-001-05,SLOW_BURN,test
2026-09-04 16:00:00+07:00,SKU-001,3,5.2011,4.6043,1.1296,0.1218,0,EP-001-05,SLOW_BURN,test
2026-09-04 17:00:00+07:00,SKU-001,2,6.059,5.3701,1.1283,0.1206,0,EP-001-05,SLOW_BURN,test
2026-09-04 18:00:00+07:00,SKU-001,5,7.2031,6.3918,1.1269,0.1193,0,EP-001-05,SLOW_BURN,test
2026-09-04 19:00:00+07:00,SKU-001,10,8.4446,7.5022,1.1256,0.1181,0,EP-001-05,SLOW_BURN,test
2026-09-04 20:00:00+07:00,SKU-001,4,8.8339,7.8572,1.1243,0.1168,0,EP-001-05,SLOW_BURN,test
2026-09-04 21:00:00+07:00,SKU-001,6,7.3696,6.5624,1.123,0.1156,0,EP-001-05,SLOW_BURN,test
2026-09-04 22:00:00+07:00,SKU-001,0,4.8549,4.3281,1.1217,0.1144,0,EP-001-05,SLOW_BURN,test
2026-09-04 23:00:00+07:00,SKU-001,2,2.4777,2.2113,1.1205,0.1132,0,EP-001-05,SLOW_BURN,test
2026-09-05 00:00:00+07:00,SKU-001,1,1.3876,1.2398,1.1192,0.112,0,EP-001-05,SLOW_BURN,test
2026-09-05 01:00:00+07:00,SKU-001,1,0.8889,0.7951,1.118,0.1109,0,EP-001-05,SLOW_BURN,test
2026-09-05 02:00:00+07:00,SKU-001,0,0.6117,0.5478,1.1167,0.1097,0,EP-001-05,SLOW_BURN,test
2026-09-05 03:00:00+07:00,SKU-001,1,0.501,0.4491,1.1155,0.1086,0,EP-001-05,SLOW_BURN,test
2026-09-05 04:00:00+07:00,SKU-001,0,0.5572,0.5,1.1143,0.1074,0,EP-001-05,SLOW_BURN,test
2026-09-05 05:00:00+07:00,SKU-001,2,1.0038,0.9018,1.1131,0.1063,0,EP-001-05,SLOW_BURN,test
2026-09-05 06:00:00+07:00,SKU-001,2,2.121,1.9075,1.1119,0.1052,0,EP-001-05,SLOW_BURN,test
2026-09-05 07:00:00+07:00,SKU-001,5,3.4634,3.118,1.1108,0.1041,0,EP-001-05,SLOW_BURN,test
2026-09-05 08:00:00+07:00,SKU-001,4,4.7519,4.2825,1.1096,0.103,0,EP-001-05,SLOW_BURN,test
2026-09-05 09:00:00+07:00,SKU-001,8,5.5946,5.0471,1.1085,0.102,0,EP-001-05,SLOW_BURN,test
2026-09-05 10:00:00+07:00,SKU-001,5,6.2702,5.6624,1.1073,0.1009,3,EP-001-05,SLOW_BURN,test
2026-09-05 11:00:00+07:00,SKU-001,5,6.9465,6.2794,1.1062,0.0998,5,EP-001-05,SLOW_BURN,test
2026-09-05 12:00:00+07:00,SKU-001,2,7.2869,6.5937,1.1051,0.0988,2,EP-001-05,SLOW_BURN,test
2026-09-05 13:00:00+07:00,SKU-001,13,6.6178,5.9942,1.104,0.0978,13,EP-001-05,SLOW_BURN,test
2026-09-05 14:00:00+07:00,SKU-001,14,5.8916,5.3417,1.1029,0.0968,0,EP-001-05,SLOW_BURN,test
2026-09-05 15:00:00+07:00,SKU-001,9,5.7257,5.1964,1.1019,0.0957,0,EP-001-05,SLOW_BURN,test
2026-09-05 16:00:00+07:00,SKU-001,6,6.1771,5.6114,1.1008,0.0948,0,EP-001-05,SLOW_BURN,test
2026-09-05 17:00:00+07:00,SKU-001,5,7.1901,6.5379,1.0998,0.0938,0,EP-001-05,SLOW_BURN,test
2026-09-05 18:00:00+07:00,SKU-001,7,8.5405,7.7731,1.0987,0.0928,0,EP-001-05,SLOW_BURN,test
2026-09-05 19:00:00+07:00,SKU-001,11,10.0032,9.113,1.0977,0.0918,0,EP-001-05,SLOW_BURN,test
2026-09-05 20:00:00+07:00,SKU-001,12,10.4542,9.5326,1.0967,0.0909,0,EP-001-05,SLOW_BURN,test
2026-09-05 21:00:00+07:00,SKU-001,11,8.7124,7.9517,1.0957,0.0899,0,EP-001-05,SLOW_BURN,test
2026-09-05 22:00:00+07:00,SKU-001,7,5.7333,5.2375,1.0947,0.089,0,EP-001-05,SLOW_BURN,test
2026-09-05 23:00:00+07:00,SKU-001,6,2.9227,2.6723,1.0937,0.0881,0,EP-001-05,SLOW_BURN,test
2026-09-06 00:00:00+07:00,SKU-001,0,1.3171,1.2054,1.0927,0.0871,0,EP-001-05,SLOW_BURN,test
2026-09-06 01:00:00+07:00,SKU-001,1,0.8428,0.772,1.0917,0.0862,0,EP-001-05,SLOW_BURN,test
2026-09-06 02:00:00+07:00,SKU-001,0,0.5793,0.5311,1.0908,0.0853,0,EP-001-05,SLOW_BURN,test
2026-09-06 03:00:00+07:00,SKU-001,0,0.4738,0.4347,1.0898,0.0844,0,EP-001-05,SLOW_BURN,test
2026-09-06 04:00:00+07:00,SKU-001,1,0.5262,0.4833,1.0889,0.0836,0,EP-001-05,SLOW_BURN,test
2026-09-06 05:00:00+07:00,SKU-001,1,0.9467,0.8702,1.088,0.0827,0,EP-001-05,SLOW_BURN,test
2026-09-06 06:00:00+07:00,SKU-001,1,1.9976,1.8376,1.0871,0.0818,0,EP-001-05,SLOW_BURN,test
2026-09-06 07:00:00+07:00,SKU-001,1,3.2572,2.9988,1.0862,0.081,0,EP-001-05,SLOW_BURN,test
2026-09-06 08:00:00+07:00,SKU-001,10,4.4625,4.1119,1.0853,0.0801,0,EP-001-05,SLOW_BURN,test
2026-09-06 09:00:00+07:00,SKU-001,2,5.246,4.8378,1.0844,0.0793,0,EP-001-05,SLOW_BURN,test
2026-09-06 10:00:00+07:00,SKU-001,2,5.8706,5.4182,1.0835,0.0785,0,EP-001-05,SLOW_BURN,test
2026-09-06 11:00:00+07:00,SKU-001,6,6.4937,5.9981,1.0826,0.0777,0,EP-001-05,SLOW_BURN,test
2026-09-06 12:00:00+07:00,SKU-001,5,6.8013,6.2873,1.0818,0.0768,0,EP-001-05,SLOW_BURN,test
2026-09-06 13:00:00+07:00,SKU-001,2,6.167,5.7054,1.0809,0.076,0,EP-001-05,SLOW_BURN,test
2026-09-06 14:00:00+07:00,SKU-001,16,5.4815,5.0752,1.0801,0.0753,0,EP-001-05,SLOW_BURN,test
2026-09-06 15:00:00+07:00,SKU-001,2,5.3186,4.9281,1.0792,0.0745,0,EP-001-05,SLOW_BURN,test
2026-09-06 16:00:00+07:00,SKU-001,5,5.7285,5.312,1.0784,0.0737,0,EP-001-05,SLOW_BURN,test
2026-09-06 17:00:00+07:00,SKU-001,9,6.6571,6.1778,1.0776,0.0729,0,EP-001-05,SLOW_BURN,test
2026-09-06 18:00:00+07:00,SKU-001,10,7.8943,7.3314,1.0768,0.0722,0,EP-001-05,SLOW_BURN,test
2026-09-06 19:00:00+07:00,SKU-001,8,9.2312,8.5793,1.076,0.0714,0,EP-001-05,SLOW_BURN,test
2026-09-06 20:00:00+07:00,SKU-001,16,9.6314,8.9578,1.0752,0.0707,0,EP-001-05,SLOW_BURN,test
2026-09-06 21:00:00+07:00,SKU-001,6,8.0134,7.4584,1.0744,0.0699,0,EP-001-05,SLOW_BURN,test
2026-09-06 22:00:00+07:00,SKU-001,7,5.2646,4.9036,1.0736,0.0692,0,EP-001-05,SLOW_BURN,test
2026-09-06 23:00:00+07:00,SKU-001,0,2.6793,2.4973,1.0729,0.0685,0,EP-001-05,SLOW_BURN,test
2026-09-07 00:00:00+07:00,SKU-001,1,1.093,1.0195,1.0721,0.0678,0,EP-001-05,SLOW_BURN,test
2026-09-07 01:00:00+07:00,SKU-001,1,0.6982,0.6517,1.0714,0.0671,0,EP-001-05,SLOW_BURN,test
2026-09-07 02:00:00+07:00,SKU-001,2,0.4791,0.4475,1.0706,0.0664,0,EP-001-05,SLOW_BURN,test
2026-09-07 03:00:00+07:00,SKU-001,1,0.3912,0.3657,1.0699,0.0657,0,EP-001-05,SLOW_BURN,test
2026-09-07 04:00:00+07:00,SKU-001,2,0.4338,0.4058,1.0691,0.065,0,EP-001-05,SLOW_BURN,test
2026-09-07 05:00:00+07:00,SKU-001,1,0.7793,0.7294,1.0684,0.0643,0,EP-001-05,SLOW_BURN,test
2026-09-07 06:00:00+07:00,SKU-001,3,1.6416,1.5375,1.0677,0.0636,0,EP-001-05,SLOW_BURN,test
2026-09-07 07:00:00+07:00,SKU-001,3,2.6727,2.5048,1.067,0.063,0,EP-001-05,SLOW_BURN,test
2026-09-07 08:00:00+07:00,SKU-001,6,3.656,3.4286,1.0663,0.0623,0,EP-001-05,SLOW_BURN,test
2026-09-07 09:00:00+07:00,SKU-001,4,4.2914,4.0272,1.0656,0.0617,0,EP-001-05,SLOW_BURN,test
2026-09-07 10:00:00+07:00,SKU-001,6,4.7953,4.5029,1.0649,0.061,0,EP-001-05,SLOW_BURN,test
2026-09-07 11:00:00+07:00,SKU-001,9,5.2966,4.9768,1.0643,0.0604,0,EP-001-05,SLOW_BURN,test
2026-09-07 12:00:00+07:00,SKU-001,4,5.5396,5.2084,1.0636,0.0598,0,EP-001-05,SLOW_BURN,test
2026-09-07 13:00:00+07:00,SKU-001,6,5.016,4.7191,1.0629,0.0591,1,EP-001-05,SLOW_BURN,test
2026-09-07 14:00:00+07:00,SKU-001,1,4.4524,4.1914,1.0623,0.0585,0,EP-001-05,SLOW_BURN,test
2026-09-07 15:00:00+07:00,SKU-001,3,4.3144,4.0639,1.0616,0.0579,0,EP-001-05,SLOW_BURN,test
2026-09-07 16:00:00+07:00,SKU-001,8,4.641,4.3742,1.061,0.0573,0,EP-001-05,SLOW_BURN,test
2026-09-07 17:00:00+07:00,SKU-001,6,5.3866,5.08,1.0603,0.0567,0,EP-001-05,SLOW_BURN,test
2026-09-07 18:00:00+07:00,SKU-001,8,6.38,6.0205,1.0597,0.0561,0,EP-001-05,SLOW_BURN,test
2026-09-07 19:00:00+07:00,SKU-001,4,7.4519,7.0361,1.0591,0.0555,0,EP-001-05,SLOW_BURN,test
2026-09-07 20:00:00+07:00,SKU-001,7,7.7663,7.3373,1.0585,0.055,0,EP-001-05,SLOW_BURN,test
2026-09-07 21:00:00+07:00,SKU-001,7,6.4548,6.1017,1.0579,0.0544,0,EP-001-05,SLOW_BURN,test
2026-09-07 22:00:00+07:00,SKU-001,2,4.2364,4.0069,1.0573,0.0538,0,EP-001-05,SLOW_BURN,test
2026-09-07 23:00:00+07:00,SKU-001,1,2.154,2.0385,1.0567,0.0533,0,EP-001-05,SLOW_BURN,test
2026-09-08 00:00:00+07:00,SKU-001,3,0.972,0.9204,1.0561,0.0527,0,EP-001-05,SLOW_BURN,test
2026-09-08 01:00:00+07:00,SKU-001,2,0.6204,0.5878,1.0555,0.0522,0,EP-001-05,SLOW_BURN,test
2026-09-08 02:00:00+07:00,SKU-001,0,0.4254,0.4033,1.0549,0.0516,0,EP-001-05,SLOW_BURN,test
2026-09-08 03:00:00+07:00,SKU-001,2,0.3471,0.3292,1.0543,0.0511,0,EP-001-05,SLOW_BURN,test
2026-09-08 04:00:00+07:00,SKU-001,0,0.3847,0.365,1.0538,0.0505,0,EP-001-05,SLOW_BURN,test
2026-09-08 05:00:00+07:00,SKU-001,0,0.6905,0.6556,1.0532,0.05,0,EP-001-05,SLOW_BURN,test
2026-09-08 06:00:00+07:00,SKU-001,0,1.4539,1.3811,1.0527,0.0495,0,EP-001-05,SLOW_BURN,test
2026-09-08 07:00:00+07:00,SKU-001,1,2.3658,2.2486,1.0521,0.049,0,EP-001-05,SLOW_BURN,test
2026-09-08 08:00:00+07:00,SKU-001,7,3.2349,3.0763,1.0516,0.0485,0,EP-001-05,SLOW_BURN,test
2026-09-08 09:00:00+07:00,SKU-001,6,3.7958,3.6115,1.051,0.048,0,EP-001-05,SLOW_BURN,test
2026-09-08 10:00:00+07:00,SKU-001,6,4.2402,4.0364,1.0505,0.0475,0,EP-001-05,SLOW_BURN,test
2026-09-08 11:00:00+07:00,SKU-001,13,4.6825,4.4596,1.05,0.047,0,EP-001-05,SLOW_BURN,test
2026-09-08 12:00:00+07:00,SKU-001,13,4.8966,4.6658,1.0495,0.0465,0,EP-001-05,SLOW_BURN,test
2026-09-08 13:00:00+07:00,SKU-001,1,4.4334,4.2266,1.0489,0.046,0,EP-001-05,SLOW_BURN,test
2026-09-08 14:00:00+07:00,SKU-001,1,3.9352,3.7534,1.0484,0.0455,0,EP-001-05,SLOW_BURN,test
2026-09-08 15:00:00+07:00,SKU-001,0,3.8134,3.639,1.0479,0.045,0,EP-001-05,SLOW_BURN,test
2026-09-08 16:00:00+07:00,SKU-001,3,4.1027,3.9169,1.0474,0.0446,0,EP-001-05,SLOW_BURN,test
2026-09-08 17:00:00+07:00,SKU-001,5,4.7628,4.5493,1.0469,0.0441,0,EP-001-05,SLOW_BURN,test
2026-09-08 18:00:00+07:00,SKU-001,6,5.6427,5.3923,1.0464,0.0437,0,EP-001-05,SLOW_BURN,test
2026-09-08 19:00:00+07:00,SKU-001,4,6.593,6.3033,1.046,0.0432,0,EP-001-05,SLOW_BURN,test
2026-09-08 20:00:00+07:00,SKU-001,7,6.8741,6.5751,1.0455,0.0427,0,EP-001-05,SLOW_BURN,test
2026-09-08 21:00:00+07:00,SKU-001,3,5.7161,5.47,1.045,0.0423,0,EP-001-05,SLOW_BURN,test
2026-09-08 22:00:00+07:00,SKU-001,6,3.7537,3.5937,1.0445,0.0419,0,EP-001-05,SLOW_BURN,test
2026-09-08 23:00:00+07:00,SKU-001,1,1.9098,1.8292,1.0441,0.0414,0,EP-001-05,SLOW_BURN,test
2026-09-09 00:00:00+07:00,SKU-001,2,0.8973,0.8598,1.0436,0.041,0,EP-001-05,SLOW_BURN,test
2026-09-09 01:00:00+07:00,SKU-001,0,0.5732,0.5494,1.0432,0.0406,0,EP-001-05,SLOW_BURN,test
2026-09-09 02:00:00+07:00,SKU-001,0,0.3933,0.3772,1.0427,0.0401,0,EP-001-05,SLOW_BURN,test
2026-09-09 03:00:00+07:00,SKU-001,0,0.3212,0.3082,1.0423,0.0397,0,EP-001-05,SLOW_BURN,test
2026-09-09 04:00:00+07:00,SKU-001,0,0.3563,0.342,1.0418,0.0393,0,EP-001-05,SLOW_BURN,test
2026-09-09 05:00:00+07:00,SKU-001,0,0.6404,0.6149,1.0414,0.0389,0,EP-001-05,SLOW_BURN,test
2026-09-09 06:00:00+07:00,SKU-001,3,1.3498,1.2967,1.041,0.0385,0,EP-001-05,SLOW_BURN,test
2026-09-09 07:00:00+07:00,SKU-001,1,2.1991,2.1134,1.0405,0.0381,0,EP-001-05,SLOW_BURN,test
2026-09-09 08:00:00+07:00,SKU-001,4,3.0107,2.8946,1.0401,0.0377,0,EP-001-05,SLOW_BURN,test
2026-09-09 09:00:00+07:00,SKU-001,3,3.5375,3.4024,1.0397,0.0373,0,EP-001-05,SLOW_BURN,test
2026-09-09 10:00:00+07:00,SKU-001,8,3.9572,3.8076,1.0393,0.0369,0,EP-001-05,SLOW_BURN,test
2026-09-09 11:00:00+07:00,SKU-001,2,4.3762,4.2125,1.0389,0.0365,0,EP-001-05,SLOW_BURN,test
2026-09-09 12:00:00+07:00,SKU-001,2,4.5832,4.4135,1.0385,0.0362,0,EP-001-05,SLOW_BURN,test
2026-09-09 13:00:00+07:00,SKU-001,6,4.1562,4.0038,1.0381,0.0358,0,EP-001-05,SLOW_BURN,test
2026-09-09 14:00:00+07:00,SKU-001,1,3.6952,3.561,1.0377,0.0354,0,EP-001-05,SLOW_BURN,test
2026-09-09 15:00:00+07:00,SKU-001,2,3.5868,3.4579,1.0373,0.035,0,EP-001-05,SLOW_BURN,test
2026-09-09 16:00:00+07:00,SKU-001,4,3.8655,3.728,1.0369,0.0347,0,EP-001-05,SLOW_BURN,test
2026-09-09 17:00:00+07:00,SKU-001,8,4.4954,4.3371,1.0365,0.0343,0,EP-001-05,SLOW_BURN,test
2026-09-09 18:00:00+07:00,SKU-001,3,5.3357,5.1497,1.0361,0.0339,0,EP-001-05,SLOW_BURN,test
2026-09-09 19:00:00+07:00,SKU-001,6,6.2459,6.0303,1.0357,0.0336,0,EP-001-05,SLOW_BURN,test
2026-09-09 20:00:00+07:00,SKU-001,2,6.5246,6.3017,1.0354,0.0332,0,EP-001-05,SLOW_BURN,test
2026-09-09 21:00:00+07:00,SKU-001,5,5.436,5.2522,1.035,0.0329,0,EP-001-05,SLOW_BURN,test
2026-09-09 22:00:00+07:00,SKU-001,3,3.5768,3.4571,1.0346,0.0326,0,EP-001-05,SLOW_BURN,test
2026-09-09 23:00:00+07:00,SKU-001,2,1.8234,1.763,1.0343,0.0322,0,EP-001-05,SLOW_BURN,test
2026-09-10 00:00:00+07:00,SKU-001,0,0.914,0.884,1.0339,0.0319,0,EP-001-05,SLOW_BURN,test
2026-09-10 01:00:00+07:00,SKU-001,0,0.5851,0.5661,1.0336,0.0315,0,EP-001-05,SLOW_BURN,test
2026-09-10 02:00:00+07:00,SKU-001,0,0.4023,0.3894,1.0332,0.0312,0,EP-001-05,SLOW_BURN,test
2026-09-10 03:00:00+07:00,SKU-001,0,0.3293,0.3188,1.0329,0.0309,0,EP-CONFLICT-01,TRUE_SURGE,test
2026-09-10 04:00:00+07:00,SKU-001,0,0.366,0.3545,1.0325,0.2,0,EP-CONFLICT-01,TRUE_SURGE,test
2026-09-10 05:00:00+07:00,SKU-001,1,0.6592,0.6386,1.0322,0.4,0,EP-CONFLICT-01,TRUE_SURGE,test
2026-09-10 06:00:00+07:00,SKU-001,4,1.3924,1.3495,1.0319,0.6,0,EP-CONFLICT-01,TRUE_SURGE,test
2026-09-10 07:00:00+07:00,SKU-001,2,2.2734,2.204,1.0315,0.8,0,EP-CONFLICT-01,TRUE_SURGE,test
2026-09-10 08:00:00+07:00,SKU-001,0,3.1192,3.0249,1.0312,1.0,0,EP-CONFLICT-01,TRUE_SURGE,test
2026-09-10 09:00:00+07:00,SKU-001,5,3.6728,3.5628,1.0309,0.9848,0,EP-CONFLICT-01,TRUE_SURGE,test
2026-09-10 10:00:00+07:00,SKU-001,1,4.1173,3.9953,1.0305,0.9697,0,EP-CONFLICT-01,TRUE_SURGE,test
2026-09-10 11:00:00+07:00,SKU-001,4,4.5631,4.4292,1.0302,0.955,0,EP-CONFLICT-01,TRUE_SURGE,test
2026-09-10 12:00:00+07:00,SKU-001,6,4.7891,4.65,1.0299,0.9404,0,EP-CONFLICT-01,TRUE_SURGE,test
2026-09-10 13:00:00+07:00,SKU-001,4,4.352,4.2269,1.0296,0.9261,0,EP-CONFLICT-01,TRUE_SURGE,test
2026-09-10 14:00:00+07:00,SKU-001,4,3.8774,3.767,1.0293,0.9119,0,EP-CONFLICT-01,TRUE_SURGE,test
2026-09-10 15:00:00+07:00,SKU-001,4,3.7715,3.6652,1.029,0.898,0,EP-CONFLICT-01,TRUE_SURGE,test
2026-09-10 16:00:00+07:00,SKU-001,5,4.0729,3.9593,1.0287,0.8843,0,EP-CONFLICT-01,TRUE_SURGE,test
2026-09-10 17:00:00+07:00,SKU-001,9,4.7461,4.6151,1.0284,0.8709,0,EP-CONFLICT-01,TRUE_SURGE,test
2026-09-10 18:00:00+07:00,SKU-001,5,5.6444,5.4902,1.0281,0.8576,0,EP-CONFLICT-01,TRUE_SURGE,test
2026-09-10 19:00:00+07:00,SKU-001,12,6.6202,6.4412,1.0278,0.8445,0,EP-CONFLICT-01,TRUE_SURGE,test
2026-09-10 20:00:00+07:00,SKU-001,3,6.9289,6.7434,1.0275,0.8316,0,EP-CONFLICT-01,TRUE_SURGE,test
2026-09-10 21:00:00+07:00,SKU-001,4,5.7837,5.6305,1.0272,0.819,0,EP-CONFLICT-01,TRUE_SURGE,test
2026-09-10 22:00:00+07:00,SKU-001,11,3.8126,3.7126,1.0269,0.8065,0,EP-CONFLICT-01,TRUE_SURGE,test
2026-09-10 23:00:00+07:00,SKU-001,5,3.8998,1.8966,2.0563,0.7942,0,EP-CONFLICT-01,TRUE_SURGE,test
2026-09-11 00:00:00+07:00,SKU-001,3,3.1922,1.0256,3.1126,0.7821,0,EP-CONFLICT-01,TRUE_SURGE,test
2026-09-11 01:00:00+07:00,SKU-001,1,2.7421,0.6578,4.1688,0.7701,0,EP-CONFLICT-01,TRUE_SURGE,test
2026-09-11 02:00:00+07:00,SKU-001,6,2.368,0.4532,5.2251,0.7584,0,EP-CONFLICT-01,TRUE_SURGE,test
2026-09-11 03:00:00+07:00,SKU-001,3,2.3342,0.3716,6.2814,0.7468,0,EP-CONFLICT-01,TRUE_SURGE,test
2026-09-11 04:00:00+07:00,SKU-001,0,2.566,0.4138,6.2009,0.75,0,EP-CONFLICT-01,TRUE_SURGE,test
2026-09-11 05:00:00+07:00,SKU-001,6,4.57,0.7465,6.1216,1.0,0,EP-CONFLICT-01,TRUE_SURGE,test
2026-09-11 06:00:00+07:00,SKU-001,8,9.5463,1.5796,6.0435,0.9898,0,EP-CONFLICT-01,TRUE_SURGE,test
2026-09-11 07:00:00+07:00,SKU-001,11,15.4127,2.5831,5.9666,0.9797,0,EP-CONFLICT-01,TRUE_SURGE,test
2026-09-11 08:00:00+07:00,SKU-001,14,20.9103,3.5496,5.8909,0.9698,0,EP-CONFLICT-01,TRUE_SURGE,test
2026-09-11 09:00:00+07:00,SKU-001,39,24.3454,4.1857,5.8163,0.9599,0,EP-CONFLICT-01,TRUE_SURGE,test
2026-09-11 10:00:00+07:00,SKU-001,21,26.9854,4.6989,5.7429,0.9501,0,EP-CONFLICT-01,TRUE_SURGE,test
2026-09-11 11:00:00+07:00,SKU-001,38,29.5696,5.2145,5.6706,0.9405,0,EP-CONFLICT-01,TRUE_SURGE,test
2026-09-11 12:00:00+07:00,SKU-001,19,30.683,5.4797,5.5994,0.9309,0,EP-CONFLICT-01,TRUE_SURGE,test
2026-09-11 13:00:00+07:00,SKU-001,23,27.5665,4.9855,5.5293,0.9214,0,EP-CONFLICT-01,TRUE_SURGE,test
2026-09-11 14:00:00+07:00,SKU-001,21,24.28,4.4467,5.4602,0.912,0,EP-CONFLICT-01,TRUE_SURGE,test
2026-09-11 15:00:00+07:00,SKU-001,25,23.347,4.3298,5.3922,0.9027,0,EP-CONFLICT-01,TRUE_SURGE,test
2026-09-11 16:00:00+07:00,SKU-001,27,24.9235,4.6802,5.3253,0.8936,0,EP-CONFLICT-01,TRUE_SURGE,test
2026-09-11 17:00:00+07:00,SKU-001,28,28.7092,5.4587,5.2593,0.8845,0,EP-CONFLICT-01,TRUE_SURGE,test
2026-09-11 18:00:00+07:00,SKU-001,26,33.749,6.4972,5.1944,0.8755,0,EP-CONFLICT-01,TRUE_SURGE,test
2026-09-11 19:00:00+07:00,SKU-001,68,39.1247,7.626,5.1304,0.8665,0,EP-CONFLICT-01,TRUE_SURGE,test
2026-09-11 20:00:00+07:00,SKU-001,38,40.4729,7.9868,5.0675,0.8577,0,EP-CONFLICT-01,TRUE_SURGE,test
2026-09-11 21:00:00+07:00,SKU-001,32,33.3895,6.6706,5.0055,0.849,0,EP-CONFLICT-01,TRUE_SURGE,test
2026-09-11 22:00:00+07:00,SKU-001,12,21.7526,4.3994,4.9444,0.8403,0,EP-CONFLICT-01,TRUE_SURGE,test
2026-09-11 23:00:00+07:00,SKU-001,19,10.9787,2.2478,4.8843,0.8318,0,EP-CONFLICT-01,TRUE_SURGE,test
2026-09-12 00:00:00+07:00,SKU-001,8,6.0806,1.2602,4.825,0.8233,0,EP-CONFLICT-01,TRUE_SURGE,test
2026-09-12 01:00:00+07:00,SKU-001,4,3.8527,0.8082,4.7667,0.8149,0,EP-CONFLICT-01,TRUE_SURGE,test
2026-09-12 02:00:00+07:00,SKU-001,1,2.6223,0.5568,4.7093,0.8066,0,EP-CONFLICT-01,TRUE_SURGE,test
2026-09-12 03:00:00+07:00,SKU-001,2,2.1241,0.4565,4.6528,0.7984,0,EP-CONFLICT-01,TRUE_SURGE,test
2026-09-12 04:00:00+07:00,SKU-001,4,2.3365,0.5083,4.5971,0.7903,0,EP-CONFLICT-01,TRUE_SURGE,test
2026-09-12 05:00:00+07:00,SKU-001,4,4.1637,0.9167,4.5422,0.7823,0,EP-CONFLICT-01,TRUE_SURGE,test
2026-09-12 06:00:00+07:00,SKU-001,3,8.7022,1.9389,4.4882,0.7743,0,EP-CONFLICT-01,TRUE_SURGE,test
2026-09-12 07:00:00+07:00,SKU-001,18,14.0563,3.1694,4.435,0.7664,0,EP-CONFLICT-01,TRUE_SURGE,test
2026-09-12 08:00:00+07:00,SKU-001,10,19.0778,4.353,4.3827,0.7586,0,EP-CONFLICT-01,TRUE_SURGE,test
2026-09-12 09:00:00+07:00,SKU-001,13,22.2195,5.1302,4.3311,0.7509,0,EP-CONFLICT-01,TRUE_SURGE,test
2026-09-12 10:00:00+07:00,SKU-001,22,24.636,5.7556,4.2803,0.7432,0,EP-CONFLICT-01,TRUE_SURGE,test
2026-09-12 11:00:00+07:00,SKU-001,20,27.0013,6.3828,4.2303,0.7357,10,EP-CONFLICT-01,TRUE_SURGE,test
2026-09-12 12:00:00+07:00,SKU-001,20,28.0228,6.7023,4.1811,0.7282,20,EP-CONFLICT-01,TRUE_SURGE,test
2026-09-12 13:00:00+07:00,SKU-001,15,25.1794,6.0929,4.1326,0.7208,15,EP-CONFLICT-01,TRUE_SURGE,test
2026-09-12 14:00:00+07:00,SKU-001,16,22.179,5.4296,4.0848,0.7134,16,EP-CONFLICT-01,TRUE_SURGE,test
2026-09-12 15:00:00+07:00,SKU-001,17,21.3271,5.2819,4.0378,0.7062,17,EP-CONFLICT-01,TRUE_SURGE,test
2026-09-12 16:00:00+07:00,SKU-001,22,22.7663,5.7038,3.9915,0.699,22,EP-CONFLICT-01,TRUE_SURGE,test
2026-09-12 17:00:00+07:00,SKU-001,23,26.2222,6.6455,3.9459,0.6919,23,EP-CONFLICT-01,TRUE_SURGE,test
2026-09-12 18:00:00+07:00,SKU-001,7,30.8214,7.901,3.9009,0.6848,7,EP-CONFLICT-01,TRUE_SURGE,test
2026-09-12 19:00:00+07:00,SKU-001,99,35.7245,9.2629,3.8567,0.6779,99,EP-CONFLICT-01,TRUE_SURGE,test
2026-09-12 20:00:00+07:00,SKU-001,26,36.9476,9.6895,3.8132,0.671,26,EP-CONFLICT-01,TRUE_SURGE,test
2026-09-12 21:00:00+07:00,SKU-001,49,30.4733,8.0825,3.7703,0.6641,49,EP-CONFLICT-01,TRUE_SURGE,test
2026-09-12 22:00:00+07:00,SKU-001,22,19.8468,5.3236,3.728,0.6574,22,EP-CONFLICT-01,TRUE_SURGE,test
2026-09-12 23:00:00+07:00,SKU-001,5,10.0135,2.7163,3.6865,0.6507,5,EP-CONFLICT-01,TRUE_SURGE,test
2026-09-13 00:00:00+07:00,SKU-001,3,4.4665,1.2252,3.6455,0.6441,3,EP-CONFLICT-01,TRUE_SURGE,test
2026-09-13 01:00:00+07:00,SKU-001,9,2.8289,0.7847,3.6052,0.6375,9,EP-CONFLICT-01,TRUE_SURGE,test
2026-09-13 02:00:00+07:00,SKU-001,1,1.9246,0.5398,3.5654,0.631,1,EP-CONFLICT-01,TRUE_SURGE,test
2026-09-13 03:00:00+07:00,SKU-001,0,1.5582,0.4419,3.5263,0.6246,0,EP-CONFLICT-01,TRUE_SURGE,test
2026-09-13 04:00:00+07:00,SKU-001,6,1.7132,0.4912,3.4878,0.6182,6,EP-CONFLICT-01,TRUE_SURGE,test
2026-09-13 05:00:00+07:00,SKU-001,3,3.0514,0.8845,3.4499,0.6119,3,EP-CONFLICT-01,TRUE_SURGE,test
2026-09-13 06:00:00+07:00,SKU-001,9,6.374,1.8678,3.4125,0.6057,9,EP-CONFLICT-01,TRUE_SURGE,test
2026-09-13 07:00:00+07:00,SKU-001,13,10.2898,3.0481,3.3758,0.5995,13,EP-CONFLICT-01,TRUE_SURGE,test
2026-09-13 08:00:00+07:00,SKU-001,14,13.9575,4.1795,3.3395,0.5934,14,EP-CONFLICT-01,TRUE_SURGE,test
2026-09-13 09:00:00+07:00,SKU-001,9,16.2461,4.9173,3.3039,0.5874,9,EP-CONFLICT-01,TRUE_SURGE,test
2026-09-13 10:00:00+07:00,SKU-001,19,18.0018,5.5072,3.2688,0.5814,19,EP-CONFLICT-01,TRUE_SURGE,test
2026-09-13 11:00:00+07:00,SKU-001,14,19.7177,6.0967,3.2342,0.5755,14,EP-CONFLICT-01,TRUE_SURGE,test
2026-09-13 12:00:00+07:00,SKU-001,9,20.4504,6.3905,3.2001,0.5696,9,EP-CONFLICT-01,TRUE_SURGE,test
2026-09-13 13:00:00+07:00,SKU-001,13,18.388,5.7991,3.1708,0.5638,13,EP-CONFLICT-01,TRUE_SURGE,test
2026-09-13 14:00:00+07:00,SKU-001,25,16.2427,5.1585,3.1487,0.5581,25,EP-CONFLICT-01,TRUE_SURGE,test
2026-09-13 15:00:00+07:00,SKU-001,30,15.6625,5.0091,3.1268,0.5524,30,EP-CONFLICT-01,TRUE_SURGE,test
2026-09-13 16:00:00+07:00,SKU-001,6,16.7657,5.3993,3.1052,0.5468,6,EP-CONFLICT-01,TRUE_SURGE,test
2026-09-13 17:00:00+07:00,SKU-001,6,19.3636,6.2792,3.0838,0.5412,6,EP-CONFLICT-01,TRUE_SURGE,test
2026-09-13 18:00:00+07:00,SKU-001,14,22.8214,7.4518,3.0625,0.5357,14,EP-CONFLICT-01,TRUE_SURGE,test
2026-09-13 19:00:00+07:00,SKU-001,11,26.5228,8.7202,3.0415,0.5303,11,EP-CONFLICT-01,TRUE_SURGE,test
2026-09-13 20:00:00+07:00,SKU-001,29,27.5037,9.1049,3.0208,0.5249,29,EP-CONFLICT-01,TRUE_SURGE,test
2026-09-13 21:00:00+07:00,SKU-001,20,22.744,7.5808,3.0002,0.5195,20,EP-CONFLICT-01,TRUE_SURGE,test
2026-09-13 22:00:00+07:00,SKU-001,11,14.8516,4.984,2.9798,0.5142,0,EP-CONFLICT-01,TRUE_SURGE,test
2026-09-13 23:00:00+07:00,SKU-001,10,7.5126,2.5383,2.9597,0.509,0,EP-CONFLICT-01,TRUE_SURGE,test
2026-09-14 00:00:00+07:00,SKU-001,3,3.0461,1.0362,2.9397,0.5038,0,EP-CONFLICT-01,TRUE_SURGE,test
2026-09-14 01:00:00+07:00,SKU-001,1,1.9342,0.6624,2.92,0.4987,0,EP-CONFLICT-01,TRUE_SURGE,test
2026-09-14 02:00:00+07:00,SKU-001,2,1.3193,0.4548,2.9004,0.4936,0,EP-CONFLICT-01,TRUE_SURGE,test
2026-09-14 03:00:00+07:00,SKU-001,1,1.0708,0.3717,2.8811,0.4886,0,EP-001-06,TRUE_SURGE,test
2026-09-14 04:00:00+07:00,SKU-001,0,1.1803,0.4124,2.8619,0.4836,0,EP-001-06,TRUE_SURGE,test
2026-09-14 05:00:00+07:00,SKU-001,1,2.1076,0.7413,2.843,0.4787,0,EP-001-06,TRUE_SURGE,test
2026-09-14 06:00:00+07:00,SKU-001,4,4.4135,1.5627,2.8242,0.4738,0,EP-001-06,TRUE_SURGE,test
2026-09-14 07:00:00+07:00,SKU-001,23,7.1429,2.5459,2.8057,0.469,0,EP-001-06,TRUE_SURGE,test
2026-09-14 08:00:00+07:00,SKU-001,2,9.7133,3.4849,2.7873,0.4642,0,EP-001-06,TRUE_SURGE,test
2026-09-14 09:00:00+07:00,SKU-001,3,11.3344,4.0932,2.7691,0.4595,0,EP-001-06,TRUE_SURGE,test
2026-09-14 10:00:00+07:00,SKU-001,16,12.5909,4.5767,2.7511,0.4548,0,EP-001-06,TRUE_SURGE,test
2026-09-14 11:00:00+07:00,SKU-001,5,13.8258,5.0584,2.7332,0.4502,0,EP-001-06,TRUE_SURGE,test
2026-09-14 12:00:00+07:00,SKU-001,9,14.3757,5.2938,2.7156,0.4456,0,EP-001-06,TRUE_SURGE,test
2026-09-14 13:00:00+07:00,SKU-001,34,12.9413,4.7964,2.6981,0.4411,0,EP-001-06,TRUE_SURGE,test
2026-09-14 14:00:00+07:00,SKU-001,13,11.4206,4.2601,2.6809,0.4366,0,EP-001-06,TRUE_SURGE,test
2026-09-14 15:00:00+07:00,SKU-001,10,11.0027,4.1305,2.6637,0.4321,0,EP-001-06,TRUE_SURGE,test
2026-09-14 16:00:00+07:00,SKU-001,5,11.7674,4.4459,2.6468,0.4277,0,EP-001-06,TRUE_SURGE,test
2026-09-14 17:00:00+07:00,SKU-001,34,13.5796,5.1633,2.63,0.4234,0,EP-001-06,TRUE_SURGE,test
2026-09-14 18:00:00+07:00,SKU-001,9,15.992,6.1191,2.6134,0.4191,0,EP-001-06,TRUE_SURGE,test
2026-09-14 19:00:00+07:00,SKU-001,35,18.5722,7.1513,2.597,0.4148,0,EP-001-06,TRUE_SURGE,test
2026-09-14 20:00:00+07:00,SKU-001,26,19.2459,7.4574,2.5808,0.4106,0,EP-001-06,TRUE_SURGE,test
2026-09-14 21:00:00+07:00,SKU-001,25,15.9052,6.2017,2.5647,0.4064,0,EP-001-06,TRUE_SURGE,test
2026-09-14 22:00:00+07:00,SKU-001,7,10.3799,4.0725,2.5487,0.4023,0,EP-001-06,TRUE_SURGE,test
2026-09-14 23:00:00+07:00,SKU-001,4,5.2479,2.0718,2.533,0.3982,0,EP-001-06,TRUE_SURGE,test
2026-09-15 00:00:00+07:00,SKU-001,1,2.355,0.9355,2.5174,0.3941,0,EP-001-06,TRUE_SURGE,test
2026-09-15 01:00:00+07:00,SKU-001,1,1.4947,0.5974,2.5019,0.3901,0,EP-001-06,TRUE_SURGE,test
2026-09-15 02:00:00+07:00,SKU-001,2,1.0192,0.4099,2.4866,0.3861,0,EP-001-06,TRUE_SURGE,test
2026-09-15 03:00:00+07:00,SKU-001,2,0.827,0.3346,2.4715,0.3822,0,EP-001-06,TRUE_SURGE,test
2026-09-15 04:00:00+07:00,SKU-001,1,0.9114,0.371,2.4565,0.3783,0,EP-001-06,TRUE_SURGE,test
2026-09-15 05:00:00+07:00,SKU-001,0,1.627,0.6664,2.4417,0.3745,0,EP-001-06,TRUE_SURGE,test
2026-09-15 06:00:00+07:00,SKU-001,2,3.4069,1.4037,2.427,0.3706,0,EP-001-06,TRUE_SURGE,test
2026-09-15 07:00:00+07:00,SKU-001,6,5.5136,2.2854,2.4125,0.3669,0,EP-001-06,TRUE_SURGE,test
2026-09-15 08:00:00+07:00,SKU-001,7,7.4979,3.1266,2.3981,0.3631,0,EP-001-06,TRUE_SURGE,test
2026-09-15 09:00:00+07:00,SKU-001,6,8.7502,3.6706,2.3839,0.3594,0,EP-001-06,TRUE_SURGE,test
2026-09-15 10:00:00+07:00,SKU-001,4,9.7219,4.1024,2.3698,0.3558,0,EP-001-06,TRUE_SURGE,test
2026-09-15 11:00:00+07:00,SKU-001,11,10.678,4.5325,2.3558,0.3522,0,EP-001-06,TRUE_SURGE,test
2026-09-15 12:00:00+07:00,SKU-001,10,11.1062,4.7421,2.342,0.3486,0,EP-001-06,TRUE_SURGE,test
2026-09-15 13:00:00+07:00,SKU-001,4,10.0019,4.2957,2.3284,0.345,0,EP-001-06,TRUE_SURGE,test
2026-09-15 14:00:00+07:00,SKU-001,10,8.8307,3.8148,2.3149,0.3415,0,EP-001-06,TRUE_SURGE,test
2026-09-15 15:00:00+07:00,SKU-001,9,8.5121,3.6985,2.3015,0.338,0,EP-001-06,TRUE_SURGE,test
2026-09-15 16:00:00+07:00,SKU-001,4,9.1093,3.9809,2.2882,0.3346,0,EP-001-06,TRUE_SURGE,test
2026-09-15 17:00:00+07:00,SKU-001,7,10.5192,4.6236,2.2751,0.3312,0,EP-001-06,TRUE_SURGE,test
2026-09-15 18:00:00+07:00,SKU-001,10,12.3974,5.4804,2.2621,0.3278,0,EP-001-06,TRUE_SURGE,test
2026-09-15 19:00:00+07:00,SKU-001,10,14.4096,6.4063,2.2493,0.3245,0,EP-001-06,TRUE_SURGE,test
2026-09-15 20:00:00+07:00,SKU-001,11,14.9459,6.6825,2.2366,0.3212,0,EP-001-06,TRUE_SURGE,test
2026-09-15 21:00:00+07:00,SKU-001,11,12.3638,5.5593,2.224,0.3179,0,EP-001-06,TRUE_SURGE,test
2026-09-15 22:00:00+07:00,SKU-001,9,8.0773,3.6524,2.2115,0.3147,0,EP-001-06,TRUE_SURGE,test
2026-09-15 23:00:00+07:00,SKU-001,2,4.0883,1.859,2.1992,0.3115,0,EP-001-06,TRUE_SURGE,test
2026-09-16 00:00:00+07:00,SKU-001,3,1.911,0.8738,2.187,0.3083,0,EP-001-06,TRUE_SURGE,test
2026-09-16 01:00:00+07:00,SKU-001,0,1.2145,0.5584,2.1749,0.3052,0,EP-001-06,TRUE_SURGE,test
2026-09-16 02:00:00+07:00,SKU-001,0,0.8292,0.3834,2.1629,0.3021,0,EP-001-06,TRUE_SURGE,test
2026-09-16 03:00:00+07:00,SKU-001,0,0.6738,0.3132,2.1511,0.299,0,EP-001-06,TRUE_SURGE,test
2026-09-16 04:00:00+07:00,SKU-001,0,0.7437,0.3476,2.1394,0.2959,0,EP-001-06,TRUE_SURGE,test
2026-09-16 05:00:00+07:00,SKU-001,0,1.3298,0.6249,2.1278,0.2929,0,EP-001-06,TRUE_SURGE,test
2026-09-16 06:00:00+07:00,SKU-001,11,2.789,1.3179,2.1163,0.2899,0,EP-001-06,TRUE_SURGE,test
2026-09-16 07:00:00+07:00,SKU-001,1,4.5212,2.1479,2.1049,0.287,0,EP-001-06,TRUE_SURGE,test
2026-09-16 08:00:00+07:00,SKU-001,7,6.1594,2.9419,2.0937,0.2841,0,EP-001-06,TRUE_SURGE,test
2026-09-16 09:00:00+07:00,SKU-001,9,7.2013,3.4579,2.0826,0.2812,0,EP-001-06,TRUE_SURGE,test
2026-09-16 10:00:00+07:00,SKU-001,9,8.0163,3.8697,2.0715,0.2783,0,EP-001-06,TRUE_SURGE,test
2026-09-16 11:00:00+07:00,SKU-001,8,8.822,4.2812,2.0606,0.2755,0,EP-001-06,TRUE_SURGE,test
2026-09-16 12:00:00+07:00,SKU-001,6,9.1944,4.4855,2.0498,0.2727,0,EP-001-06,TRUE_SURGE,test
2026-09-16 13:00:00+07:00,SKU-001,11,8.2975,4.0691,2.0391,0.2699,0,EP-001-06,TRUE_SURGE,test
2026-09-16 14:00:00+07:00,SKU-001,7,7.3416,3.6191,2.0286,0.2672,0,EP-001-06,TRUE_SURGE,test
2026-09-16 15:00:00+07:00,SKU-001,2,7.0922,3.5143,2.0181,0.2644,0,EP-001-06,TRUE_SURGE,test
2026-09-16 16:00:00+07:00,SKU-001,0,7.6069,3.7888,2.0077,0.2617,0,EP-001-06,TRUE_SURGE,test
2026-09-16 17:00:00+07:00,SKU-001,8,8.8045,4.4078,1.9975,0.2591,0,EP-001-06,TRUE_SURGE,test
2026-09-16 18:00:00+07:00,SKU-001,8,10.4009,5.2336,1.9873,0.2564,0,EP-001-06,TRUE_SURGE,test
2026-09-16 19:00:00+07:00,SKU-001,6,12.118,6.1286,1.9773,0.2538,0,EP-001-06,TRUE_SURGE,test
2026-09-16 20:00:00+07:00,SKU-001,13,12.5995,6.4044,1.9673,0.2512,0,EP-001-06,TRUE_SURGE,test
2026-09-16 21:00:00+07:00,SKU-001,7,10.4485,5.3378,1.9575,0.2487,0,EP-001-06,TRUE_SURGE,test
2026-09-16 22:00:00+07:00,SKU-001,9,6.8431,3.5134,1.9477,0.2462,0,EP-001-06,TRUE_SURGE,test
2026-09-16 23:00:00+07:00,SKU-001,2,3.4725,1.7917,1.9381,0.2437,0,EP-001-06,TRUE_SURGE,test
2026-09-17 00:00:00+07:00,SKU-001,0,1.7326,0.8984,1.9285,0.2412,0,EP-001-06,TRUE_SURGE,test
2026-09-17 01:00:00+07:00,SKU-001,2,1.104,0.5753,1.9191,0.2387,0,EP-001-06,TRUE_SURGE,test
2026-09-17 02:00:00+07:00,SKU-001,0,0.7557,0.3957,1.9097,0.2363,0,EP-001-06,TRUE_SURGE,test
2026-09-17 03:00:00+07:00,SKU-001,0,0.6157,0.324,1.9005,0.2339,0,EP-001-06,TRUE_SURGE,test
2026-09-17 04:00:00+07:00,SKU-001,2,0.6814,0.3603,1.8913,0.2315,0,EP-001-06,TRUE_SURGE,test
2026-09-17 05:00:00+07:00,SKU-001,0,1.2216,0.649,1.8822,0.2291,0,EP-001-06,TRUE_SURGE,test
2026-09-17 06:00:00+07:00,SKU-001,4,2.569,1.3714,1.8732,0.2268,0,EP-001-06,TRUE_SURGE,test
2026-09-17 07:00:00+07:00,SKU-001,5,4.1759,2.2399,1.8643,0.2245,0,EP-001-06,TRUE_SURGE,test
2026-09-17 08:00:00+07:00,SKU-001,8,5.7041,3.0741,1.8555,0.2222,0,EP-001-06,TRUE_SURGE,test
2026-09-17 09:00:00+07:00,SKU-001,7,6.687,3.6208,1.8468,0.22,0,EP-001-06,TRUE_SURGE,test
2026-09-17 10:00:00+07:00,SKU-001,6,7.4638,4.0603,1.8382,0.2177,0,EP-001-06,TRUE_SURGE,test
2026-09-17 11:00:00+07:00,SKU-001,8,8.2359,4.5013,1.8297,0.2155,0,EP-001-06,TRUE_SURGE,test
2026-09-17 12:00:00+07:00,SKU-001,8,8.6065,4.7256,1.8212,0.2133,0,EP-001-06,TRUE_SURGE,test
2026-09-17 13:00:00+07:00,SKU-001,23,7.7876,4.2957,1.8129,0.2111,0,EP-001-06,TRUE_SURGE,test
2026-06-19 14:00:00+07:00,SKU-002,2,1.9635,1.9635,1.0,0.0,0,,,train
2026-06-19 15:00:00+07:00,SKU-002,2,1.9119,1.9119,1.0,0.0,0,,,train
2026-06-19 16:00:00+07:00,SKU-002,3,2.0667,2.0667,1.0,0.0,0,,,train
2026-06-19 17:00:00+07:00,SKU-002,0,2.4105,2.4105,1.0,0.0,0,,,train
2026-06-19 18:00:00+07:00,SKU-002,4,2.8692,2.8692,1.0,0.0,0,,,train
2026-06-19 19:00:00+07:00,SKU-002,2,3.3677,3.3677,1.0,0.0,0,,,train
2026-06-19 20:00:00+07:00,SKU-002,4,3.5272,3.5272,1.0,0.0,0,,,train
2026-06-19 21:00:00+07:00,SKU-002,0,2.946,2.946,1.0,0.0,0,,,train
2026-06-19 22:00:00+07:00,SKU-002,3,1.943,1.943,1.0,0.0,0,,,train
2026-06-19 23:00:00+07:00,SKU-002,0,0.9927,0.9927,1.0,0.0,0,,,train
2026-06-20 00:00:00+07:00,SKU-002,0,0.5566,0.5566,1.0,0.0,0,,,train
2026-06-20 01:00:00+07:00,SKU-002,0,0.357,0.357,1.0,0.0,0,,,train
2026-06-20 02:00:00+07:00,SKU-002,0,0.2459,0.2459,1.0,0.0,0,,,train
2026-06-20 03:00:00+07:00,SKU-002,0,0.2016,0.2016,1.0,0.0,0,,,train
2026-06-20 04:00:00+07:00,SKU-002,0,0.2245,0.2245,1.0,0.0,0,,,train
2026-06-20 05:00:00+07:00,SKU-002,0,0.4049,0.4049,1.0,0.0,0,,,train
2026-06-20 06:00:00+07:00,SKU-002,0,0.8565,0.8565,1.0,0.0,0,,,train
2026-06-20 07:00:00+07:00,SKU-002,0,1.4,1.4,1.0,0.0,0,,,train
2026-06-20 08:00:00+07:00,SKU-002,3,1.9229,1.9229,1.0,0.0,0,,,train
2026-06-20 09:00:00+07:00,SKU-002,4,2.2663,2.2663,1.0,0.0,0,,,train
2026-06-20 10:00:00+07:00,SKU-002,1,2.5427,2.5427,1.0,0.0,0,,,train
2026-06-20 11:00:00+07:00,SKU-002,7,2.8198,2.8198,1.0,0.0,0,,,train
2026-06-20 12:00:00+07:00,SKU-002,1,2.961,2.961,1.0,0.0,0,,,train
2026-06-20 13:00:00+07:00,SKU-002,2,2.6919,2.6919,1.0,0.0,0,,,train
2026-06-20 14:00:00+07:00,SKU-002,12,2.3989,2.3989,1.0,0.0,0,,,train
2026-06-20 15:00:00+07:00,SKU-002,8,2.3336,2.3336,1.0,0.0,0,,,train
2026-06-20 16:00:00+07:00,SKU-002,0,2.5201,2.5201,1.0,0.0,0,,,train
2026-06-20 17:00:00+07:00,SKU-002,5,2.9363,2.9363,1.0,0.0,0,,,train
2026-06-20 18:00:00+07:00,SKU-002,4,3.4911,3.4911,1.0,0.0,0,,,train
2026-06-20 19:00:00+07:00,SKU-002,0,4.0929,4.0929,1.0,0.0,0,,,train
2026-06-20 20:00:00+07:00,SKU-002,3,4.2815,4.2815,1.0,0.0,0,,,train
2026-06-20 21:00:00+07:00,SKU-002,4,3.5715,3.5715,1.0,0.0,0,,,train
2026-06-20 22:00:00+07:00,SKU-002,5,2.3525,2.3525,1.0,0.0,0,,,train
2026-06-20 23:00:00+07:00,SKU-002,1,1.2003,1.2003,1.0,0.0,0,,,train
2026-06-21 00:00:00+07:00,SKU-002,0,0.5414,0.5414,1.0,0.0,0,,,train
2026-06-21 01:00:00+07:00,SKU-002,1,0.3468,0.3468,1.0,0.0,0,,,train
2026-06-21 02:00:00+07:00,SKU-002,2,0.2386,0.2386,1.0,0.0,0,,,train
2026-06-21 03:00:00+07:00,SKU-002,0,0.1953,0.1953,1.0,0.0,0,,,train
2026-06-21 04:00:00+07:00,SKU-002,1,0.2171,0.2171,1.0,0.0,0,,,train
2026-06-21 05:00:00+07:00,SKU-002,0,0.3909,0.3909,1.0,0.0,0,,,train
2026-06-21 06:00:00+07:00,SKU-002,2,0.8255,0.8255,1.0,0.0,0,,,train
2026-06-21 07:00:00+07:00,SKU-002,0,1.3472,1.3472,1.0,0.0,0,,,train
2026-06-21 08:00:00+07:00,SKU-002,3,1.8473,1.8473,1.0,0.0,0,,,train
2026-06-21 09:00:00+07:00,SKU-002,1,2.1735,2.1735,1.0,0.0,0,,,train
2026-06-21 10:00:00+07:00,SKU-002,3,2.4343,2.4343,1.0,0.0,0,,,train
2026-06-21 11:00:00+07:00,SKU-002,1,2.6949,2.6949,1.0,0.0,0,,,train
2026-06-21 12:00:00+07:00,SKU-002,3,2.8249,2.8249,1.0,0.0,0,,,train
2026-06-21 13:00:00+07:00,SKU-002,1,2.5635,2.5635,1.0,0.0,0,,,train
2026-06-21 14:00:00+07:00,SKU-002,1,2.2804,2.2804,1.0,0.0,0,,,train
2026-06-21 15:00:00+07:00,SKU-002,7,2.2143,2.2143,1.0,0.0,0,,,train
2026-06-21 16:00:00+07:00,SKU-002,3,2.3869,2.3869,1.0,0.0,0,,,train
2026-06-21 17:00:00+07:00,SKU-002,2,2.776,2.776,1.0,0.0,0,,,train
2026-06-21 18:00:00+07:00,SKU-002,6,3.2944,3.2944,1.0,0.0,0,,,train
2026-06-21 19:00:00+07:00,SKU-002,7,3.8553,3.8553,1.0,0.0,0,,,train
2026-06-21 20:00:00+07:00,SKU-002,7,4.0254,4.0254,1.0,0.0,0,,,train
2026-06-21 21:00:00+07:00,SKU-002,4,3.3517,3.3517,1.0,0.0,0,,,train
2026-06-21 22:00:00+07:00,SKU-002,2,2.2036,2.2036,1.0,0.0,0,,,train
2026-06-21 23:00:00+07:00,SKU-002,1,1.1223,1.1223,1.0,0.0,0,,,train
2026-06-22 00:00:00+07:00,SKU-002,0,0.4582,0.4582,1.0,0.0,0,,,train
2026-06-22 01:00:00+07:00,SKU-002,0,0.2929,0.2929,1.0,0.0,0,,,train
2026-06-22 02:00:00+07:00,SKU-002,0,0.2011,0.2011,1.0,0.0,0,,,train
2026-06-22 03:00:00+07:00,SKU-002,0,0.1644,0.1644,1.0,0.0,0,,,train
2026-06-22 04:00:00+07:00,SKU-002,0,0.1824,0.1824,1.0,0.0,0,,,train
2026-06-22 05:00:00+07:00,SKU-002,0,0.3278,0.3278,1.0,0.0,0,,,train
2026-06-22 06:00:00+07:00,SKU-002,0,0.6911,0.6911,1.0,0.0,0,,,train
2026-06-22 07:00:00+07:00,SKU-002,0,1.1259,1.1259,1.0,0.0,0,,,train
2026-06-22 08:00:00+07:00,SKU-002,1,1.5411,1.5411,1.0,0.0,0,,,train
2026-06-22 09:00:00+07:00,SKU-002,0,1.8102,1.8102,1.0,0.0,0,,,train
2026-06-22 10:00:00+07:00,SKU-002,3,2.0241,2.0241,1.0,0.0,0,,,train
2026-06-22 11:00:00+07:00,SKU-002,6,2.2372,2.2372,1.0,0.0,0,,,train
2026-06-22 12:00:00+07:00,SKU-002,1,2.3413,2.3413,1.0,0.0,0,,,train
2026-06-22 13:00:00+07:00,SKU-002,0,2.1214,2.1214,1.0,0.0,0,,,train
2026-06-22 14:00:00+07:00,SKU-002,1,1.8842,1.8842,1.0,0.0,0,,,train
2026-06-22 15:00:00+07:00,SKU-002,4,1.827,1.827,1.0,0.0,0,,,train
2026-06-22 16:00:00+07:00,SKU-002,0,1.9665,1.9665,1.0,0.0,0,,,train
2026-06-22 17:00:00+07:00,SKU-002,0,2.2839,2.2839,1.0,0.0,0,,,train
2026-06-22 18:00:00+07:00,SKU-002,2,2.7068,2.7068,1.0,0.0,0,,,train
2026-06-22 19:00:00+07:00,SKU-002,4,3.1634,3.1634,1.0,0.0,0,,,train
2026-06-22 20:00:00+07:00,SKU-002,4,3.2989,3.2989,1.0,0.0,0,,,train
2026-06-22 21:00:00+07:00,SKU-002,3,2.7434,2.7434,1.0,0.0,0,,,train
2026-06-22 22:00:00+07:00,SKU-002,1,1.8016,1.8016,1.0,0.0,0,,,train
2026-06-22 23:00:00+07:00,SKU-002,1,0.9166,0.9166,1.0,0.0,0,,,train
2026-06-23 00:00:00+07:00,SKU-002,0,0.4139,0.4139,1.0,0.0,0,,,train
2026-06-23 01:00:00+07:00,SKU-002,0,0.2643,0.2643,1.0,0.0,0,,,train
2026-06-23 02:00:00+07:00,SKU-002,0,0.1813,0.1813,1.0,0.0,0,,,train
2026-06-23 03:00:00+07:00,SKU-002,0,0.148,0.148,1.0,0.0,0,,,train
2026-06-23 04:00:00+07:00,SKU-002,0,0.1641,0.1641,1.0,0.0,0,,,train
2026-06-23 05:00:00+07:00,SKU-002,0,0.2948,0.2948,1.0,0.0,0,,,train
2026-06-23 06:00:00+07:00,SKU-002,0,0.6211,0.6211,1.0,0.0,0,,,train
2026-06-23 07:00:00+07:00,SKU-002,0,1.0112,1.0112,1.0,0.0,0,,,train
2026-06-23 08:00:00+07:00,SKU-002,2,1.3835,1.3835,1.0,0.0,0,,,train
2026-06-23 09:00:00+07:00,SKU-002,1,1.6242,1.6242,1.0,0.0,0,,,train
2026-06-23 10:00:00+07:00,SKU-002,2,1.8153,1.8153,1.0,0.0,0,,,train
2026-06-23 11:00:00+07:00,SKU-002,4,2.0057,2.0057,1.0,0.0,0,,,train
2026-06-23 12:00:00+07:00,SKU-002,0,2.0985,2.0985,1.0,0.0,0,,,train
2026-06-23 13:00:00+07:00,SKU-002,2,1.901,1.901,1.0,0.0,0,,,train
2026-06-23 14:00:00+07:00,SKU-002,2,1.6882,1.6882,1.0,0.0,0,,,train
2026-06-23 15:00:00+07:00,SKU-002,1,1.6368,1.6368,1.0,0.0,0,,,train
2026-06-23 16:00:00+07:00,SKU-002,4,1.7618,1.7618,1.0,0.0,0,,,train
2026-06-23 17:00:00+07:00,SKU-002,2,2.0463,2.0463,1.0,0.0,0,,,train
2026-06-23 18:00:00+07:00,SKU-002,1,2.4256,2.4256,1.0,0.0,0,,,train
2026-06-23 19:00:00+07:00,SKU-002,4,2.8354,2.8354,1.0,0.0,0,,,train
2026-06-23 20:00:00+07:00,SKU-002,1,2.9577,2.9577,1.0,0.0,0,,,train
2026-06-23 21:00:00+07:00,SKU-002,2,2.4606,2.4606,1.0,0.0,0,,,train
2026-06-23 22:00:00+07:00,SKU-002,1,1.6166,1.6166,1.0,0.0,0,,,train
2026-06-23 23:00:00+07:00,SKU-002,3,0.8229,0.8229,1.0,0.0,0,,,train
2026-06-24 00:00:00+07:00,SKU-002,0,0.3868,0.3868,1.0,0.0,0,,,train
2026-06-24 01:00:00+07:00,SKU-002,0,0.2472,0.2472,1.0,0.0,0,,,train
2026-06-24 02:00:00+07:00,SKU-002,0,0.1697,0.1697,1.0,0.0,0,,,train
2026-06-24 03:00:00+07:00,SKU-002,0,0.1387,0.1387,1.0,0.0,0,,,train
2026-06-24 04:00:00+07:00,SKU-002,0,0.1539,0.1539,1.0,0.0,0,,,train
2026-06-24 05:00:00+07:00,SKU-002,0,0.2767,0.2767,1.0,0.0,0,,,train
2026-06-24 06:00:00+07:00,SKU-002,0,0.5834,0.5834,1.0,0.0,0,,,train
2026-06-24 07:00:00+07:00,SKU-002,0,0.9509,0.9509,1.0,0.0,0,,,train
2026-06-24 08:00:00+07:00,SKU-002,2,1.3024,1.3024,1.0,0.0,0,,,train
2026-06-24 09:00:00+07:00,SKU-002,0,1.531,1.531,1.0,0.0,0,,,train
2026-06-24 10:00:00+07:00,SKU-002,4,1.7133,1.7133,1.0,0.0,0,,,train
2026-06-24 11:00:00+07:00,SKU-002,0,1.8955,1.8955,1.0,0.0,0,,,train
2026-06-24 12:00:00+07:00,SKU-002,1,1.986,1.986,1.0,0.0,0,,,train
2026-06-24 13:00:00+07:00,SKU-002,2,1.8017,1.8017,1.0,0.0,0,,,train
2026-06-24 14:00:00+07:00,SKU-002,0,1.6025,1.6025,1.0,0.0,0,,,train
2026-06-24 15:00:00+07:00,SKU-002,0,1.5561,1.5561,1.0,0.0,0,,,train
2026-06-24 16:00:00+07:00,SKU-002,1,1.6777,1.6777,1.0,0.0,0,,,train
2026-06-24 17:00:00+07:00,SKU-002,1,1.9519,1.9519,1.0,0.0,0,,,train
2026-06-24 18:00:00+07:00,SKU-002,2,2.3176,2.3176,1.0,0.0,0,,,train
2026-06-24 19:00:00+07:00,SKU-002,3,2.714,2.714,1.0,0.0,0,,,train
2026-06-24 20:00:00+07:00,SKU-002,1,2.8362,2.8362,1.0,0.0,0,,,train
2026-06-24 21:00:00+07:00,SKU-002,1,2.3639,2.3639,1.0,0.0,0,,,train
2026-06-24 22:00:00+07:00,SKU-002,5,1.556,1.556,1.0,0.0,0,,,train
2026-06-24 23:00:00+07:00,SKU-002,1,0.7935,0.7935,1.0,0.0,0,,,train
2026-06-25 00:00:00+07:00,SKU-002,0,0.3979,0.3979,1.0,0.0,0,,,train
2026-06-25 01:00:00+07:00,SKU-002,0,0.2548,0.2548,1.0,0.0,0,,,train
2026-06-25 02:00:00+07:00,SKU-002,1,0.1753,0.1753,1.0,0.0,0,,,train
2026-06-25 03:00:00+07:00,SKU-002,0,0.1435,0.1435,1.0,0.0,0,,,train
2026-06-25 04:00:00+07:00,SKU-002,0,0.1596,0.1596,1.0,0.0,0,,,train
2026-06-25 05:00:00+07:00,SKU-002,0,0.2875,0.2875,1.0,0.0,0,,,train
2026-06-25 06:00:00+07:00,SKU-002,0,0.6075,0.6075,1.0,0.0,0,,,train
2026-06-25 07:00:00+07:00,SKU-002,2,0.9922,0.9922,1.0,0.0,0,,,train
2026-06-25 08:00:00+07:00,SKU-002,1,1.3617,1.3617,1.0,0.0,0,,,train
2026-06-25 09:00:00+07:00,SKU-002,5,1.6039,1.6039,1.0,0.0,0,,,train
2026-06-25 10:00:00+07:00,SKU-002,1,1.7987,1.7987,1.0,0.0,0,,,train
2026-06-25 11:00:00+07:00,SKU-002,3,1.9941,1.9941,1.0,0.0,0,,,train
2026-06-25 12:00:00+07:00,SKU-002,1,2.0935,2.0935,1.0,0.0,0,,,train
2026-06-25 13:00:00+07:00,SKU-002,0,1.9031,1.9031,1.0,0.0,0,,,train
2026-06-25 14:00:00+07:00,SKU-002,1,1.6961,1.6961,1.0,0.0,0,,,train
2026-06-25 15:00:00+07:00,SKU-002,0,1.6503,1.6503,1.0,0.0,0,,,train
2026-06-25 16:00:00+07:00,SKU-002,4,1.7827,1.7827,1.0,0.0,0,,,train
2026-06-25 17:00:00+07:00,SKU-002,1,2.078,2.078,1.0,0.0,0,,,train
2026-06-25 18:00:00+07:00,SKU-002,2,2.4721,2.4721,1.0,0.0,0,,,train
2026-06-25 19:00:00+07:00,SKU-002,4,2.9004,2.9004,1.0,0.0,0,,,train
2026-06-25 20:00:00+07:00,SKU-002,2,3.0365,3.0365,1.0,0.0,0,,,train
2026-06-25 21:00:00+07:00,SKU-002,4,2.5354,2.5354,1.0,0.0,0,,,train
2026-06-25 22:00:00+07:00,SKU-002,1,1.6718,1.6718,1.0,0.0,0,,,train
2026-06-25 23:00:00+07:00,SKU-002,0,0.8541,0.8541,1.0,0.0,0,,,train
2026-06-26 00:00:00+07:00,SKU-002,0,0.4619,0.4619,1.0,0.0,0,,,train
2026-06-26 01:00:00+07:00,SKU-002,0,0.2962,0.2962,1.0,0.0,0,,,train
2026-06-26 02:00:00+07:00,SKU-002,0,0.2041,0.2041,1.0,0.0,0,,,train
2026-06-26 03:00:00+07:00,SKU-002,0,0.1674,0.1674,1.0,0.0,0,,,train
2026-06-26 04:00:00+07:00,SKU-002,0,0.1864,0.1864,1.0,0.0,0,,,train
2026-06-26 05:00:00+07:00,SKU-002,2,0.3362,0.3362,1.0,0.0,0,,,train
2026-06-26 06:00:00+07:00,SKU-002,0,0.7114,0.7114,1.0,0.0,0,,,train
2026-06-26 07:00:00+07:00,SKU-002,0,1.1634,1.1634,1.0,0.0,0,,,train
2026-06-26 08:00:00+07:00,SKU-002,2,1.5988,1.5988,1.0,0.0,0,,,train
2026-06-26 09:00:00+07:00,SKU-002,3,1.8853,1.8853,1.0,0.0,0,,,train
2026-06-26 10:00:00+07:00,SKU-002,2,2.1165,2.1165,1.0,0.0,0,,,train
2026-06-26 11:00:00+07:00,SKU-002,3,2.3488,2.3488,1.0,0.0,0,,,train
2026-06-26 12:00:00+07:00,SKU-002,2,2.4683,2.4683,1.0,0.0,0,,,train
2026-06-26 13:00:00+07:00,SKU-002,5,2.2458,2.2458,1.0,0.0,0,,,train
2026-06-26 14:00:00+07:00,SKU-002,1,2.0031,2.0031,1.0,0.0,0,,,train
2026-06-26 15:00:00+07:00,SKU-002,1,1.9504,1.9504,1.0,0.0,0,,,train
2026-06-26 16:00:00+07:00,SKU-002,4,2.1084,2.1084,1.0,0.0,0,,,train
2026-06-26 17:00:00+07:00,SKU-002,6,2.4591,2.4591,1.0,0.0,0,,,train
2026-06-26 18:00:00+07:00,SKU-002,7,2.927,2.927,1.0,0.0,0,,,train
2026-06-26 19:00:00+07:00,SKU-002,2,3.4356,3.4356,1.0,0.0,0,,,train
2026-06-26 20:00:00+07:00,SKU-002,4,3.5982,3.5982,1.0,0.0,0,,,train
2026-06-26 21:00:00+07:00,SKU-002,1,3.0053,3.0053,1.0,0.0,0,,,train
2026-06-26 22:00:00+07:00,SKU-002,3,1.9821,1.9821,1.0,0.0,0,,,train
2026-06-26 23:00:00+07:00,SKU-002,5,1.0127,1.0127,1.0,0.0,0,,,train
2026-06-27 00:00:00+07:00,SKU-002,1,0.5678,0.5678,1.0,0.0,0,,,train
2026-06-27 01:00:00+07:00,SKU-002,2,0.3642,0.3642,1.0,0.0,0,,,train
2026-06-27 02:00:00+07:00,SKU-002,1,0.2509,0.2509,1.0,0.0,0,,,train
2026-06-27 03:00:00+07:00,SKU-002,0,0.2057,0.2057,1.0,0.0,0,,,train
2026-06-27 04:00:00+07:00,SKU-002,0,0.229,0.229,1.0,0.0,0,,,train
2026-06-27 05:00:00+07:00,SKU-002,0,0.4131,0.4131,1.0,0.0,0,,,train
2026-06-27 06:00:00+07:00,SKU-002,0,0.8737,0.8737,1.0,0.0,0,,,train
2026-06-27 07:00:00+07:00,SKU-002,0,1.4282,1.4282,1.0,0.0,0,,,train
2026-06-27 08:00:00+07:00,SKU-002,3,1.9616,1.9616,1.0,0.0,0,,,train
2026-06-27 09:00:00+07:00,SKU-002,3,2.3119,2.3119,1.0,0.0,0,,,train
2026-06-27 10:00:00+07:00,SKU-002,5,2.5938,2.5938,1.0,0.0,0,,,train
2026-06-27 11:00:00+07:00,SKU-002,2,2.8765,2.8765,1.0,0.0,0,,,train
2026-06-27 12:00:00+07:00,SKU-002,0,3.0206,3.0206,1.0,0.0,0,,,train
2026-06-27 13:00:00+07:00,SKU-002,1,2.746,2.746,1.0,0.0,0,,,train
2026-06-27 14:00:00+07:00,SKU-002,1,2.4471,2.4471,1.0,0.0,0,,,train
2026-06-27 15:00:00+07:00,SKU-002,4,2.3806,2.3806,1.0,0.0,0,,,train
2026-06-27 16:00:00+07:00,SKU-002,2,2.5707,2.5707,1.0,0.0,0,,,train
2026-06-27 17:00:00+07:00,SKU-002,5,2.9953,2.9953,1.0,0.0,0,,,train
2026-06-27 18:00:00+07:00,SKU-002,1,3.5612,3.5612,1.0,0.0,0,,,train
2026-06-27 19:00:00+07:00,SKU-002,4,4.1752,4.1752,1.0,0.0,0,,,train
2026-06-27 20:00:00+07:00,SKU-002,0,4.3675,4.3675,1.0,0.0,0,,,train
2026-06-27 21:00:00+07:00,SKU-002,1,3.6433,3.6433,1.0,0.0,0,,,train
2026-06-27 22:00:00+07:00,SKU-002,1,2.3997,2.3997,1.0,0.0,0,,,train
2026-06-27 23:00:00+07:00,SKU-002,3,1.2244,1.2244,1.0,0.0,0,,,train
2026-06-28 00:00:00+07:00,SKU-002,1,0.5523,0.5523,1.0,0.0,0,,,train
2026-06-28 01:00:00+07:00,SKU-002,0,0.3537,0.3537,1.0,0.0,0,,,train
2026-06-28 02:00:00+07:00,SKU-002,0,0.2433,0.2433,1.0,0.0,0,,,train
2026-06-28 03:00:00+07:00,SKU-002,1,0.1992,0.1992,1.0,0.0,0,,,train
2026-06-28 04:00:00+07:00,SKU-002,0,0.2214,0.2214,1.0,0.0,0,,,train
2026-06-28 05:00:00+07:00,SKU-002,1,0.3988,0.3988,1.0,0.0,0,,,train
2026-06-28 06:00:00+07:00,SKU-002,0,0.8421,0.8421,1.0,0.0,0,,,train
2026-06-28 07:00:00+07:00,SKU-002,0,1.3743,1.3743,1.0,0.0,0,,,train
2026-06-28 08:00:00+07:00,SKU-002,0,1.8844,1.8844,1.0,0.0,0,,,train
2026-06-28 09:00:00+07:00,SKU-002,8,2.2171,2.2171,1.0,0.0,0,,,train
2026-06-28 10:00:00+07:00,SKU-002,4,2.4831,2.4831,1.0,0.0,0,,,train
2026-06-28 11:00:00+07:00,SKU-002,3,2.7489,2.7489,1.0,0.0,0,,,train
2026-06-28 12:00:00+07:00,SKU-002,1,2.8815,2.8815,1.0,0.0,0,,,train
2026-06-28 13:00:00+07:00,SKU-002,0,2.6149,2.6149,1.0,0.0,0,,,train
2026-06-28 14:00:00+07:00,SKU-002,1,2.3261,2.3261,1.0,0.0,0,,,train
2026-06-28 15:00:00+07:00,SKU-002,0,2.2587,2.2587,1.0,0.0,0,,,train
2026-06-28 16:00:00+07:00,SKU-002,3,2.4347,2.4347,1.0,0.0,0,,,train
2026-06-28 17:00:00+07:00,SKU-002,2,2.8316,2.8316,1.0,0.0,0,,,train
2026-06-28 18:00:00+07:00,SKU-002,8,3.3604,3.3604,1.0,0.0,0,,,train
2026-06-28 19:00:00+07:00,SKU-002,8,3.9325,3.9325,1.0,0.0,0,,,train
2026-06-28 20:00:00+07:00,SKU-002,10,4.1061,4.1061,1.0,0.0,0,,,train
2026-06-28 21:00:00+07:00,SKU-002,4,3.4188,3.4188,1.0,0.0,0,,,train
2026-06-28 22:00:00+07:00,SKU-002,2,2.2478,2.2478,1.0,0.0,0,,,train
2026-06-28 23:00:00+07:00,SKU-002,1,1.1448,1.1448,1.0,0.0,0,,,train
2026-06-29 00:00:00+07:00,SKU-002,0,0.4673,0.4673,1.0,0.0,0,,,train
2026-06-29 01:00:00+07:00,SKU-002,0,0.2988,0.2988,1.0,0.0,0,,,train
2026-06-29 02:00:00+07:00,SKU-002,0,0.2052,0.2052,1.0,0.0,0,,,train
2026-06-29 03:00:00+07:00,SKU-002,0,0.1676,0.1676,1.0,0.0,0,,,train
2026-06-29 04:00:00+07:00,SKU-002,0,0.186,0.186,1.0,0.0,0,,,train
2026-06-29 05:00:00+07:00,SKU-002,0,0.3344,0.3344,1.0,0.0,0,,,train
2026-06-29 06:00:00+07:00,SKU-002,0,0.7049,0.7049,1.0,0.0,0,,,train
2026-06-29 07:00:00+07:00,SKU-002,0,1.1484,1.1484,1.0,0.0,0,,,train
2026-06-29 08:00:00+07:00,SKU-002,1,1.572,1.572,1.0,0.0,0,,,train
2026-06-29 09:00:00+07:00,SKU-002,1,1.8464,1.8464,1.0,0.0,0,,,train
2026-06-29 10:00:00+07:00,SKU-002,1,2.0646,2.0646,1.0,0.0,0,,,train
2026-06-29 11:00:00+07:00,SKU-002,1,2.2819,2.2819,1.0,0.0,0,,,train
2026-06-29 12:00:00+07:00,SKU-002,4,2.3881,2.3881,1.0,0.0,0,,,train
2026-06-29 13:00:00+07:00,SKU-002,2,2.1638,2.1638,1.0,0.0,0,,,train
2026-06-29 14:00:00+07:00,SKU-002,4,1.9219,1.9219,1.0,0.0,0,,,train
2026-06-29 15:00:00+07:00,SKU-002,1,1.8635,1.8635,1.0,0.0,0,,,train
2026-06-29 16:00:00+07:00,SKU-002,1,2.0058,2.0058,1.0,0.0,0,,,train
2026-06-29 17:00:00+07:00,SKU-002,2,2.3295,2.3295,1.0,0.0,0,,,train
2026-06-29 18:00:00+07:00,SKU-002,2,2.7608,2.7608,1.0,0.0,0,,,train
2026-06-29 19:00:00+07:00,SKU-002,3,3.2266,3.2266,1.0,0.0,0,,,train
2026-06-29 20:00:00+07:00,SKU-002,2,3.3648,3.3648,1.0,0.0,0,,,train
2026-06-29 21:00:00+07:00,SKU-002,1,2.7982,2.7982,1.0,0.0,0,,,train
2026-06-29 22:00:00+07:00,SKU-002,2,1.8376,1.8376,1.0,0.0,0,,,train
2026-06-29 23:00:00+07:00,SKU-002,0,0.9349,0.9349,1.0,0.0,0,,,train
2026-06-30 00:00:00+07:00,SKU-002,1,0.4221,0.4221,1.0,0.0,0,,,train
2026-06-30 01:00:00+07:00,SKU-002,0,0.2696,0.2696,1.0,0.0,0,,,train
2026-06-30 02:00:00+07:00,SKU-002,1,0.1849,0.1849,1.0,0.0,0,,,train
2026-06-30 03:00:00+07:00,SKU-002,0,0.151,0.151,1.0,0.0,0,,,train
2026-06-30 04:00:00+07:00,SKU-002,0,0.1674,0.1674,1.0,0.0,0,,,train
2026-06-30 05:00:00+07:00,SKU-002,0,0.3007,0.3007,1.0,0.0,0,,,train
2026-06-30 06:00:00+07:00,SKU-002,0,0.6335,0.6335,1.0,0.0,0,,,train
2026-06-30 07:00:00+07:00,SKU-002,0,1.0314,1.0314,1.0,0.0,0,,,train
2026-06-30 08:00:00+07:00,SKU-002,1,1.4111,1.4111,1.0,0.0,0,,,train
2026-06-30 09:00:00+07:00,SKU-002,1,1.6566,1.6566,1.0,0.0,0,,,train
2026-06-30 10:00:00+07:00,SKU-002,2,1.8515,1.8515,1.0,0.0,0,,,train
2026-06-30 11:00:00+07:00,SKU-002,1,2.0457,2.0457,1.0,0.0,0,,,train
2026-06-30 12:00:00+07:00,SKU-002,0,2.1403,2.1403,1.0,0.0,0,,,train
2026-06-30 13:00:00+07:00,SKU-002,4,1.9389,1.9389,1.0,0.0,0,,,train
2026-06-30 14:00:00+07:00,SKU-002,7,1.7219,1.7219,1.0,0.0,0,,,train
2026-06-30 15:00:00+07:00,SKU-002,2,1.6694,1.6694,1.0,0.0,0,,,train
2026-06-30 16:00:00+07:00,SKU-002,0,1.7969,1.7969,1.0,0.0,0,,,train
2026-06-30 17:00:00+07:00,SKU-002,6,2.0871,2.0871,1.0,0.0,0,,,train
2026-06-30 18:00:00+07:00,SKU-002,6,2.4739,2.4739,1.0,0.0,0,,,train
2026-06-30 19:00:00+07:00,SKU-002,4,2.8919,2.8919,1.0,0.0,0,,,train
2026-06-30 20:00:00+07:00,SKU-002,2,3.0166,3.0166,1.0,0.0,0,,,train
2026-06-30 21:00:00+07:00,SKU-002,3,2.5096,2.5096,1.0,0.0,0,,,train
2026-06-30 22:00:00+07:00,SKU-002,0,1.6488,1.6488,1.0,0.0,0,,,train
2026-06-30 23:00:00+07:00,SKU-002,0,0.8393,0.8393,1.0,0.0,0,,,train
2026-07-01 00:00:00+07:00,SKU-002,0,0.3945,0.3945,1.0,0.0,0,,,train
2026-07-01 01:00:00+07:00,SKU-002,0,0.2521,0.2521,1.0,0.0,0,,,train
2026-07-01 02:00:00+07:00,SKU-002,0,0.1731,0.1731,1.0,0.0,0,,,train
2026-07-01 03:00:00+07:00,SKU-002,0,0.1414,0.1414,1.0,0.0,0,,,train
2026-07-01 04:00:00+07:00,SKU-002,0,0.1569,0.1569,1.0,0.0,0,,,train
2026-07-01 05:00:00+07:00,SKU-002,1,0.2822,0.2822,1.0,0.0,0,,,train
2026-07-01 06:00:00+07:00,SKU-002,0,0.595,0.595,1.0,0.0,0,,,train
2026-07-01 07:00:00+07:00,SKU-002,1,0.9698,0.9698,1.0,0.0,0,,,train
2026-07-01 08:00:00+07:00,SKU-002,0,1.3284,1.3284,1.0,0.0,0,,,train
2026-07-01 09:00:00+07:00,SKU-002,1,1.5614,1.5614,1.0,0.0,0,,,train
2026-07-01 10:00:00+07:00,SKU-002,5,1.7474,1.7474,1.0,0.0,0,,,train
2026-07-01 11:00:00+07:00,SKU-002,2,1.9332,1.9332,1.0,0.0,0,,,train
2026-07-01 12:00:00+07:00,SKU-002,1,2.0255,2.0255,1.0,0.0,0,,,train
2026-07-01 13:00:00+07:00,SKU-002,1,1.8375,1.8375,1.0,0.0,0,,,train
2026-07-01 14:00:00+07:00,SKU-002,1,1.6343,1.6343,1.0,0.0,0,,,train
2026-07-01 15:00:00+07:00,SKU-002,3,1.5871,1.5871,1.0,0.0,0,,,train
2026-07-01 16:00:00+07:00,SKU-002,2,1.7111,1.7111,1.0,0.0,0,,,train
2026-07-01 17:00:00+07:00,SKU-002,0,1.9907,1.9907,1.0,0.0,0,,,train
2026-07-01 18:00:00+07:00,SKU-002,1,2.3636,2.3636,1.0,0.0,0,,,train
2026-07-01 19:00:00+07:00,SKU-002,0,2.7679,2.7679,1.0,0.0,0,,,train
2026-07-01 20:00:00+07:00,SKU-002,2,2.8925,2.8925,1.0,0.0,0,,,train
2026-07-01 21:00:00+07:00,SKU-002,2,2.4108,2.4108,1.0,0.0,0,,,train
2026-07-01 22:00:00+07:00,SKU-002,1,1.5869,1.5869,1.0,0.0,0,,,train
2026-07-01 23:00:00+07:00,SKU-002,1,0.8093,0.8093,1.0,0.0,0,,,train
2026-07-02 00:00:00+07:00,SKU-002,0,0.4058,0.4058,1.0,0.0,0,,,train
2026-07-02 01:00:00+07:00,SKU-002,0,0.2598,0.2598,1.0,0.0,0,,,train
2026-07-02 02:00:00+07:00,SKU-002,0,0.1788,0.1788,1.0,0.0,0,,,train
2026-07-02 03:00:00+07:00,SKU-002,0,0.1464,0.1464,1.0,0.0,0,,,train
2026-07-02 04:00:00+07:00,SKU-002,0,0.1627,0.1627,1.0,0.0,0,,,train
2026-07-02 05:00:00+07:00,SKU-002,0,0.2932,0.2932,1.0,0.0,0,,,train
2026-07-02 06:00:00+07:00,SKU-002,0,0.6195,0.6195,1.0,0.0,0,,,train
2026-07-02 07:00:00+07:00,SKU-002,2,1.0118,1.0118,1.0,0.0,0,,,train
2026-07-02 08:00:00+07:00,SKU-002,1,1.3887,1.3887,1.0,0.0,0,,,train
2026-07-02 09:00:00+07:00,SKU-002,1,1.6357,1.6357,1.0,0.0,0,,,train
2026-07-02 10:00:00+07:00,SKU-002,3,1.8343,1.8343,1.0,0.0,0,,,train
2026-07-02 11:00:00+07:00,SKU-002,0,2.0336,2.0336,1.0,0.0,0,,,train
2026-07-02 12:00:00+07:00,SKU-002,2,2.135,2.135,1.0,0.0,0,,,train
2026-07-02 13:00:00+07:00,SKU-002,1,1.9408,1.9408,1.0,0.0,0,,,train
2026-07-02 14:00:00+07:00,SKU-002,1,1.7297,1.7297,1.0,0.0,0,,,train
2026-07-02 15:00:00+07:00,SKU-002,0,1.683,1.683,1.0,0.0,0,,,train
2026-07-02 16:00:00+07:00,SKU-002,1,1.818,1.818,1.0,0.0,0,,,train
2026-07-02 17:00:00+07:00,SKU-002,2,2.1192,2.1192,1.0,0.0,0,,,train
2026-07-02 18:00:00+07:00,SKU-002,7,2.5211,2.5211,1.0,0.0,0,,,train
2026-07-02 19:00:00+07:00,SKU-002,2,2.9578,2.9578,1.0,0.0,0,,,train
2026-07-02 20:00:00+07:00,SKU-002,4,3.0967,3.0967,1.0,0.0,0,,,train
2026-07-02 21:00:00+07:00,SKU-002,2,2.5856,2.5856,1.0,0.0,0,,,train
2026-07-02 22:00:00+07:00,SKU-002,1,1.7049,1.7049,1.0,0.0,0,,,train
2026-07-02 23:00:00+07:00,SKU-002,2,0.871,0.871,1.0,0.0,0,,,train
2026-07-03 00:00:00+07:00,SKU-002,1,0.471,0.471,1.0,0.0,0,,,train
2026-07-03 01:00:00+07:00,SKU-002,0,0.3021,0.3021,1.0,0.0,0,,,train
2026-07-03 02:00:00+07:00,SKU-002,1,0.2081,0.2081,1.0,0.0,0,,,train
2026-07-03 03:00:00+07:00,SKU-002,0,0.1707,0.1707,1.0,0.0,0,,,train
2026-07-03 04:00:00+07:00,SKU-002,0,0.1901,0.1901,1.0,0.0,0,,,train
2026-07-03 05:00:00+07:00,SKU-002,0,0.3429,0.3429,1.0,0.0,0,,,train
2026-07-03 06:00:00+07:00,SKU-002,0,0.7255,0.7255,1.0,0.0,0,,,train
2026-07-03 07:00:00+07:00,SKU-002,0,1.1865,1.1865,1.0,0.0,0,,,train
2026-07-03 08:00:00+07:00,SKU-002,0,1.6304,1.6304,1.0,0.0,0,,,train
2026-07-03 09:00:00+07:00,SKU-002,0,1.9226,1.9226,1.0,0.0,0,,,train
2026-07-03 10:00:00+07:00,SKU-002,2,2.1584,2.1584,1.0,0.0,0,,,train
2026-07-03 11:00:00+07:00,SKU-002,5,2.3953,2.3953,1.0,0.0,0,,,train
2026-07-03 12:00:00+07:00,SKU-002,3,2.5171,2.5171,1.0,0.0,0,,,train
2026-07-03 13:00:00+07:00,SKU-002,1,2.2902,2.2902,1.0,0.0,0,,,train
2026-07-03 14:00:00+07:00,SKU-002,2,2.0427,2.0427,1.0,0.0,0,,,train
2026-07-03 15:00:00+07:00,SKU-002,3,1.989,1.989,1.0,0.0,0,,,train
2026-07-03 16:00:00+07:00,SKU-002,1,2.15,2.15,1.0,0.0,0,,,train
2026-07-03 17:00:00+07:00,SKU-002,1,2.5077,2.5077,1.0,0.0,0,,,train
2026-07-03 18:00:00+07:00,SKU-002,5,2.9848,2.9848,1.0,0.0,0,,,train
2026-07-03 19:00:00+07:00,SKU-002,6,3.5035,3.5035,1.0,0.0,0,,,train
2026-07-03 20:00:00+07:00,SKU-002,5,3.6693,3.6693,1.0,0.0,0,,,train
2026-07-03 21:00:00+07:00,SKU-002,4,3.0647,3.0647,1.0,0.0,0,,,train
2026-07-03 22:00:00+07:00,SKU-002,2,2.0213,2.0213,1.0,0.0,0,,,train
2026-07-03 23:00:00+07:00,SKU-002,1,1.0327,1.0327,1.0,0.0,0,,,train
2026-07-04 00:00:00+07:00,SKU-002,0,0.579,0.579,1.0,0.0,0,,,train
2026-07-04 01:00:00+07:00,SKU-002,1,0.3714,0.3714,1.0,0.0,0,,,train
2026-07-04 02:00:00+07:00,SKU-002,0,0.2558,0.2558,1.0,0.0,0,,,train
2026-07-04 03:00:00+07:00,SKU-002,0,0.2098,0.2098,1.0,0.0,0,,,train
2026-07-04 04:00:00+07:00,SKU-002,0,0.2335,0.2335,1.0,0.0,0,,,train
2026-07-04 05:00:00+07:00,SKU-002,2,0.4212,0.4212,1.0,0.0,0,,,train
2026-07-04 06:00:00+07:00,SKU-002,0,0.8909,0.8909,1.0,0.0,0,,,train
2026-07-04 07:00:00+07:00,SKU-002,4,1.4564,1.4564,1.0,0.0,0,,,train
2026-07-04 08:00:00+07:00,SKU-002,5,2.0003,2.0003,1.0,0.0,0,,,train
2026-07-04 09:00:00+07:00,SKU-002,2,2.3575,2.3575,1.0,0.0,0,,,train
2026-07-04 10:00:00+07:00,SKU-002,5,2.6449,2.6449,1.0,0.0,0,,,train
2026-07-04 11:00:00+07:00,SKU-002,12,2.9332,2.9332,1.0,0.0,0,,,train
2026-07-04 12:00:00+07:00,SKU-002,4,3.0801,3.0801,1.0,0.0,0,,,train
2026-07-04 13:00:00+07:00,SKU-002,2,2.8001,2.8001,1.0,0.0,0,,,train
2026-07-04 14:00:00+07:00,SKU-002,3,2.4953,2.4953,1.0,0.0,0,,,train
2026-07-04 15:00:00+07:00,SKU-002,1,2.4275,2.4275,1.0,0.0,0,,,train
2026-07-04 16:00:00+07:00,SKU-002,4,2.6214,2.6214,1.0,0.0,0,,,train
2026-07-04 17:00:00+07:00,SKU-002,2,3.0543,3.0543,1.0,0.0,0,,,train
2026-07-04 18:00:00+07:00,SKU-002,7,3.6314,3.6314,1.0,0.0,0,,,train
2026-07-04 19:00:00+07:00,SKU-002,9,4.2574,4.2574,1.0,0.0,0,,,train
2026-07-04 20:00:00+07:00,SKU-002,4,4.4535,4.4535,1.0,0.0,0,,,train
2026-07-04 21:00:00+07:00,SKU-002,2,3.715,3.715,1.0,0.0,0,,,train
2026-07-04 22:00:00+07:00,SKU-002,1,2.447,2.447,1.0,0.0,0,,,train
2026-07-04 23:00:00+07:00,SKU-002,4,1.2485,1.2485,1.0,0.0,0,,,train
2026-07-05 00:00:00+07:00,SKU-002,0,0.5632,0.5632,1.0,0.0,0,,,train
2026-07-05 01:00:00+07:00,SKU-002,0,0.3607,0.3607,1.0,0.0,0,,,train
2026-07-05 02:00:00+07:00,SKU-002,1,0.2481,0.2481,1.0,0.0,0,,,train
2026-07-05 03:00:00+07:00,SKU-002,0,0.2031,0.2031,1.0,0.0,0,,,train
2026-07-05 04:00:00+07:00,SKU-002,0,0.2258,0.2258,1.0,0.0,0,,,train
2026-07-05 05:00:00+07:00,SKU-002,3,0.4066,0.4066,1.0,0.0,0,,,train
2026-07-05 06:00:00+07:00,SKU-002,0,0.8587,0.8587,1.0,0.0,0,,,train
2026-07-05 07:00:00+07:00,SKU-002,2,1.4013,1.4013,1.0,0.0,0,,,train
2026-07-05 08:00:00+07:00,SKU-002,5,1.9214,1.9214,1.0,0.0,0,,,train
2026-07-05 09:00:00+07:00,SKU-002,1,2.2607,2.2607,1.0,0.0,0,,,train
2026-07-05 10:00:00+07:00,SKU-002,4,2.5319,2.5319,1.0,0.0,0,,,train
2026-07-05 11:00:00+07:00,SKU-002,8,2.803,2.803,1.0,0.0,0,,,train
2026-07-05 12:00:00+07:00,SKU-002,1,2.9381,2.9381,1.0,0.0,0,,,train
2026-07-05 13:00:00+07:00,SKU-002,1,2.6663,2.6663,1.0,0.0,0,,,train
2026-07-05 14:00:00+07:00,SKU-002,0,2.3718,2.3718,1.0,0.0,0,,,train
2026-07-05 15:00:00+07:00,SKU-002,1,2.3031,2.3031,1.0,0.0,0,,,train
2026-07-05 16:00:00+07:00,SKU-002,0,2.4826,2.4826,1.0,0.0,0,,,train
2026-07-05 17:00:00+07:00,SKU-002,2,2.8872,2.8872,1.0,0.0,0,,,train
2026-07-05 18:00:00+07:00,SKU-002,0,3.4264,3.4264,1.0,0.0,0,,,train
2026-07-05 19:00:00+07:00,SKU-002,1,4.0097,4.0097,1.0,0.0,0,,,train
2026-07-05 20:00:00+07:00,SKU-002,3,4.1867,4.1867,1.0,0.0,0,EP-002-01,FADING_SURGE,train
2026-07-05 21:00:00+07:00,SKU-002,0,3.486,3.486,1.0,0.3333,0,EP-002-01,FADING_SURGE,train
2026-07-05 22:00:00+07:00,SKU-002,3,2.2919,2.2919,1.0,0.6667,0,EP-002-01,FADING_SURGE,train
2026-07-05 23:00:00+07:00,SKU-002,0,1.1673,1.1673,1.0,1.0,0,EP-002-01,FADING_SURGE,train
2026-07-06 00:00:00+07:00,SKU-002,0,0.4765,0.4765,1.0,0.889,0,EP-002-01,FADING_SURGE,train
2026-07-06 01:00:00+07:00,SKU-002,0,0.3046,0.3046,1.0,0.7903,0,EP-002-01,FADING_SURGE,train
2026-07-06 02:00:00+07:00,SKU-002,0,0.2092,0.2092,1.0,0.7026,0,EP-002-01,FADING_SURGE,train
2026-07-06 03:00:00+07:00,SKU-002,0,0.1709,0.1709,1.0,0.6246,0,EP-002-01,FADING_SURGE,train
2026-07-06 04:00:00+07:00,SKU-002,0,0.1897,0.1897,1.0,0.5553,0,EP-002-01,FADING_SURGE,train
2026-07-06 05:00:00+07:00,SKU-002,0,0.3409,0.3409,1.0,0.4936,0,EP-002-01,FADING_SURGE,train
2026-07-06 06:00:00+07:00,SKU-002,0,0.7187,0.7187,1.0,0.4389,0,EP-002-01,FADING_SURGE,train
2026-07-06 07:00:00+07:00,SKU-002,0,1.1709,1.1709,1.0,0.3901,0,EP-002-01,FADING_SURGE,train
2026-07-06 08:00:00+07:00,SKU-002,1,1.6028,1.6028,1.0,0.3468,0,EP-002-01,FADING_SURGE,train
2026-07-06 09:00:00+07:00,SKU-002,0,1.8826,1.8826,1.0,0.3083,0,EP-002-01,FADING_SURGE,train
2026-07-06 10:00:00+07:00,SKU-002,0,2.1051,2.1051,1.0,0.2741,0,EP-002-01,FADING_SURGE,train
2026-07-06 11:00:00+07:00,SKU-002,1,2.3266,2.3266,1.0,0.2437,0,EP-002-01,FADING_SURGE,train
2026-07-06 12:00:00+07:00,SKU-002,0,2.4349,2.4349,1.0,0.2166,0,EP-002-01,FADING_SURGE,train
2026-07-06 13:00:00+07:00,SKU-002,7,3.9026,2.2062,1.7689,0.1926,0,EP-002-01,FADING_SURGE,train
2026-07-06 14:00:00+07:00,SKU-002,7,4.9731,1.9596,2.5378,0.1712,0,EP-002-01,FADING_SURGE,train
2026-07-06 15:00:00+07:00,SKU-002,0,6.2829,1.9,3.3068,0.1522,0,EP-002-01,FADING_SURGE,train
2026-07-06 16:00:00+07:00,SKU-002,12,6.2391,2.0451,3.0507,0.1353,0,EP-002-01,FADING_SURGE,train
2026-07-06 17:00:00+07:00,SKU-002,7,6.7053,2.3751,2.8231,0.1203,0,EP-002-01,FADING_SURGE,train
2026-07-06 18:00:00+07:00,SKU-002,4,7.3771,2.8149,2.6207,0.1069,0,EP-002-01,FADING_SURGE,train
2026-07-06 19:00:00+07:00,SKU-002,3,8.0299,3.2898,2.4408,0.0951,0,EP-002-01,FADING_SURGE,train
2026-07-06 20:00:00+07:00,SKU-002,8,7.8251,3.4307,2.2809,0.0845,0,EP-002-01,FADING_SURGE,train
2026-07-06 21:00:00+07:00,SKU-002,5,6.1019,2.853,2.1387,0.0751,0,EP-002-01,FADING_SURGE,train
2026-07-06 22:00:00+07:00,SKU-002,4,3.7703,1.8736,2.0123,0.0668,0,EP-002-01,FADING_SURGE,train
2026-07-06 23:00:00+07:00,SKU-002,2,1.811,0.9532,1.9,0.0594,0,EP-002-01,FADING_SURGE,train
2026-07-07 00:00:00+07:00,SKU-002,2,0.7747,0.4304,1.8001,0.0528,0,EP-002-01,FADING_SURGE,train
2026-07-07 01:00:00+07:00,SKU-002,0,0.4704,0.2749,1.7113,0.0469,0,EP-002-01,FADING_SURGE,train
2026-07-07 02:00:00+07:00,SKU-002,0,0.3078,0.1886,1.6323,0.0417,0,EP-002-01,FADING_SURGE,train
2026-07-07 03:00:00+07:00,SKU-002,1,0.2405,0.154,1.5621,0.0371,0,EP-002-01,FADING_SURGE,train
2026-07-07 04:00:00+07:00,SKU-002,0,0.256,0.1707,1.4997,0.033,0,EP-002-01,FADING_SURGE,train
2026-07-07 05:00:00+07:00,SKU-002,0,0.4428,0.3066,1.4443,0.0293,0,EP-002-01,FADING_SURGE,train
2026-07-07 06:00:00+07:00,SKU-002,1,0.901,0.6459,1.395,0.0261,0,EP-002-01,FADING_SURGE,train
2026-07-07 07:00:00+07:00,SKU-002,3,1.4208,1.0516,1.3511,0.0232,0,EP-002-01,FADING_SURGE,train
2026-07-07 08:00:00+07:00,SKU-002,4,1.8877,1.4386,1.3121,0.0206,0,EP-002-01,FADING_SURGE,train
2026-07-07 09:00:00+07:00,SKU-002,0,2.1577,1.689,1.2775,0.0183,0,EP-002-01,FADING_SURGE,train
2026-07-07 10:00:00+07:00,SKU-002,4,2.3534,1.8877,1.2467,0.0163,0,EP-002-01,FADING_SURGE,train
2026-07-07 11:00:00+07:00,SKU-002,2,2.5431,2.0857,1.2193,0.0145,0,EP-002-01,FADING_SURGE,train
2026-07-07 12:00:00+07:00,SKU-002,8,2.6076,2.1822,1.195,0.0129,0,EP-002-01,FADING_SURGE,train
2026-07-07 13:00:00+07:00,SKU-002,1,2.3194,1.9768,1.1733,0.0114,0,EP-002-01,FADING_SURGE,train
2026-07-07 14:00:00+07:00,SKU-002,2,2.026,1.7555,1.1541,0.0102,0,EP-002-01,FADING_SURGE,train
2026-07-07 15:00:00+07:00,SKU-002,0,1.9352,1.702,1.137,0.009,0,EP-002-01,FADING_SURGE,train
2026-07-07 16:00:00+07:00,SKU-002,0,2.0551,1.832,1.1218,0.008,0,EP-002-01,FADING_SURGE,train
2026-07-07 17:00:00+07:00,SKU-002,3,2.3582,2.1278,1.1083,0.0071,0,EP-002-01,FADING_SURGE,train
2026-07-07 18:00:00+07:00,SKU-002,6,2.7649,2.5222,1.0962,0.0064,0,EP-002-01,FADING_SURGE,train
2026-07-07 19:00:00+07:00,SKU-002,2,3.2006,2.9484,1.0856,0.0056,0,EP-002-01,FADING_SURGE,train
2026-07-07 20:00:00+07:00,SKU-002,10,3.3095,3.0755,1.0761,0.005,0,,,train
2026-07-07 21:00:00+07:00,SKU-002,8,2.7317,2.5586,1.0676,0.0045,0,,,train
2026-07-07 22:00:00+07:00,SKU-002,1,1.7821,1.681,1.0601,0.004,0,,,train
2026-07-07 23:00:00+07:00,SKU-002,0,0.9014,0.8556,1.0534,0.0035,0,,,train
2026-07-08 00:00:00+07:00,SKU-002,0,0.4213,0.4022,1.0475,0.0031,0,,,train
2026-07-08 01:00:00+07:00,SKU-002,0,0.2679,0.257,1.0422,0.0028,0,,,train
2026-07-08 02:00:00+07:00,SKU-002,0,0.1831,0.1765,1.0375,0.0025,0,,,train
2026-07-08 03:00:00+07:00,SKU-002,0,0.149,0.1442,1.0334,0.0022,0,,,train
2026-07-08 04:00:00+07:00,SKU-002,0,0.1648,0.16,1.0297,0.002,0,,,train
2026-07-08 05:00:00+07:00,SKU-002,0,0.2953,0.2877,1.0264,0.0017,0,,,train
2026-07-08 06:00:00+07:00,SKU-002,1,0.6209,0.6066,1.0235,0.0015,0,,,train
2026-07-08 07:00:00+07:00,SKU-002,1,1.0094,0.9888,1.0209,0.0014,0,,,train
2026-07-08 08:00:00+07:00,SKU-002,3,1.3794,1.3543,1.0185,0.0012,0,,,train
2026-07-08 09:00:00+07:00,SKU-002,0,1.6181,1.5918,1.0165,0.0011,0,,,train
2026-07-08 10:00:00+07:00,SKU-002,0,1.8076,1.7815,1.0146,0.001,0,,,train
2026-07-08 11:00:00+07:00,SKU-002,3,1.9966,1.9709,1.013,0.0009,0,,,train
2026-07-08 12:00:00+07:00,SKU-002,4,2.0889,2.065,1.0116,0.0008,0,,,train
2026-07-08 13:00:00+07:00,SKU-002,1,1.8926,1.8733,1.0103,0.0007,0,,,train
2026-07-08 14:00:00+07:00,SKU-002,2,1.6814,1.6662,1.0092,0.0006,0,,,train
2026-07-08 15:00:00+07:00,SKU-002,4,1.6311,1.618,1.0081,0.0005,0,,,train
2026-07-08 16:00:00+07:00,SKU-002,0,1.757,1.7444,1.0072,0.0005,0,,,train
2026-07-08 17:00:00+07:00,SKU-002,1,2.0425,2.0294,1.0064,0.0004,0,,,train
2026-07-08 18:00:00+07:00,SKU-002,0,2.4235,2.4097,1.0057,0.0004,0,,,train
2026-07-08 19:00:00+07:00,SKU-002,1,2.8362,2.8218,1.0051,0.0003,0,,,train
2026-07-08 20:00:00+07:00,SKU-002,2,2.9622,2.9488,1.0045,0.0003,0,,,train
2026-07-08 21:00:00+07:00,SKU-002,2,2.4676,2.4578,1.004,0.0003,0,,,train
2026-07-08 22:00:00+07:00,SKU-002,2,1.6235,1.6178,1.0036,0.0002,0,,,train
2026-07-08 23:00:00+07:00,SKU-002,1,0.8276,0.825,1.0032,0.0002,0,,,train
2026-07-09 00:00:00+07:00,SKU-002,0,0.4149,0.4137,1.0028,0.0002,0,,,train
2026-07-09 01:00:00+07:00,SKU-002,0,0.2656,0.2649,1.0025,0.0002,0,,,train
2026-07-09 02:00:00+07:00,SKU-002,0,0.1826,0.1822,1.0022,0.0001,0,,,train
2026-07-09 03:00:00+07:00,SKU-002,0,0.1495,0.1492,1.002,0.0001,0,,,train
2026-07-09 04:00:00+07:00,SKU-002,0,0.1662,0.1659,1.0018,0.0001,0,,,train
2026-07-09 05:00:00+07:00,SKU-002,0,0.2994,0.2989,1.0016,0.0001,0,,,train
2026-07-09 06:00:00+07:00,SKU-002,0,0.6325,0.6316,1.0014,0.0001,0,,,train
2026-07-09 07:00:00+07:00,SKU-002,3,1.0328,1.0315,1.0012,0.0001,0,,,train
2026-07-09 08:00:00+07:00,SKU-002,0,1.4173,1.4157,1.0011,0.0001,0,,,train
2026-07-09 09:00:00+07:00,SKU-002,2,1.6692,1.6675,1.001,0.0001,0,,,train
2026-07-09 10:00:00+07:00,SKU-002,4,1.8716,1.87,1.0009,0.0001,0,,,train
2026-07-09 11:00:00+07:00,SKU-002,4,2.0747,2.0731,1.0008,0.0001,0,,,train
2026-07-09 12:00:00+07:00,SKU-002,2,2.178,2.1765,1.0007,0.0,0,,,train
2026-07-09 13:00:00+07:00,SKU-002,0,1.9797,1.9785,1.0006,0.0,0,,,train
2026-07-09 14:00:00+07:00,SKU-002,3,1.7642,1.7633,1.0005,0.0,0,,,train
2026-07-09 15:00:00+07:00,SKU-002,6,1.7165,1.7157,1.0005,0.0,0,,,train
2026-07-09 16:00:00+07:00,SKU-002,1,1.8541,1.8533,1.0004,0.0,0,,,train
2026-07-09 17:00:00+07:00,SKU-002,4,2.1612,2.1604,1.0004,0.0,0,,,train
2026-07-09 18:00:00+07:00,SKU-002,4,2.5709,2.57,1.0003,0.0,0,,,train
2026-07-09 19:00:00+07:00,SKU-002,0,3.0162,3.0153,1.0003,0.0,0,,,train
2026-07-09 20:00:00+07:00,SKU-002,5,3.1576,3.1568,1.0003,0.0,0,,,train
2026-07-09 21:00:00+07:00,SKU-002,1,2.6365,2.6358,1.0002,0.0,0,,,train
2026-07-09 22:00:00+07:00,SKU-002,4,1.7384,1.738,1.0002,0.0,0,,,train
2026-07-09 23:00:00+07:00,SKU-002,2,0.888,0.8879,1.0002,0.0,0,,,train
2026-07-10 00:00:00+07:00,SKU-002,0,0.4802,0.4801,1.0002,0.0,0,,,train
2026-07-10 01:00:00+07:00,SKU-002,0,0.308,0.3079,1.0001,0.0,0,,,train
2026-07-10 02:00:00+07:00,SKU-002,0,0.2122,0.2122,1.0001,0.0,0,,,train
2026-07-10 03:00:00+07:00,SKU-002,0,0.174,0.174,1.0001,0.0,0,,,train
2026-07-10 04:00:00+07:00,SKU-002,0,0.1938,0.1937,1.0001,0.0,0,,,train
2026-07-10 05:00:00+07:00,SKU-002,0,0.3496,0.3495,1.0001,0.0,0,,,train
2026-07-10 06:00:00+07:00,SKU-002,0,0.7396,0.7396,1.0001,0.0,0,,,train
2026-07-10 07:00:00+07:00,SKU-002,2,1.2096,1.2095,1.0001,0.0,0,,,train
2026-07-10 08:00:00+07:00,SKU-002,1,1.6621,1.662,1.0001,0.0,0,,,train
2026-07-10 09:00:00+07:00,SKU-002,2,1.96,1.9599,1.0001,0.0,0,,,train
2026-07-10 10:00:00+07:00,SKU-002,1,2.2003,2.2002,1.0001,0.0,0,,,train
2026-07-10 11:00:00+07:00,SKU-002,0,2.4418,2.4417,1.0,0.0,0,,,train
2026-07-10 12:00:00+07:00,SKU-002,3,2.566,2.5659,1.0,0.0,0,,,train
2026-07-10 13:00:00+07:00,SKU-002,3,2.3346,2.3345,1.0,0.0,0,,,train
2026-07-10 14:00:00+07:00,SKU-002,0,2.0823,2.0823,1.0,0.0,0,,,train
2026-07-10 15:00:00+07:00,SKU-002,2,2.0276,2.0275,1.0,0.0,0,,,train
2026-07-10 16:00:00+07:00,SKU-002,5,2.1917,2.1917,1.0,0.0,0,,,train
2026-07-10 17:00:00+07:00,SKU-002,1,2.5563,2.5563,1.0,0.0,0,,,train
2026-07-10 18:00:00+07:00,SKU-002,1,3.0427,3.0426,1.0,0.0,0,,,train
2026-07-10 19:00:00+07:00,SKU-002,11,3.5714,3.5713,1.0,0.0,0,,,train
2026-07-10 20:00:00+07:00,SKU-002,5,3.7404,3.7403,1.0,0.0,0,,,train
2026-07-10 21:00:00+07:00,SKU-002,4,3.1241,3.124,1.0,0.0,0,,,train
2026-07-10 22:00:00+07:00,SKU-002,5,3.3077,3.3076,1.0,0.0,0,,,train
2026-07-10 23:00:00+07:00,SKU-002,3,1.69,1.69,1.0,0.0,0,,,train
2026-07-11 00:00:00+07:00,SKU-002,1,0.9475,0.9475,1.0,0.0,0,,,train
2026-07-11 01:00:00+07:00,SKU-002,0,0.6077,0.6077,1.0,0.0,0,,,train
2026-07-11 02:00:00+07:00,SKU-002,1,0.4187,0.4187,1.0,0.0,0,,,train
2026-07-11 03:00:00+07:00,SKU-002,0,0.3433,0.3433,1.0,0.0,0,,,train
2026-07-11 04:00:00+07:00,SKU-002,0,0.3822,0.3822,1.0,0.0,0,,,train
2026-07-11 05:00:00+07:00,SKU-002,1,0.6893,0.6893,1.0,0.0,0,,,train
2026-07-11 06:00:00+07:00,SKU-002,0,1.4579,1.4579,1.0,0.0,0,,,train
2026-07-11 07:00:00+07:00,SKU-002,2,2.3832,2.3832,1.0,0.0,0,,,train
2026-07-11 08:00:00+07:00,SKU-002,1,3.2733,3.2733,1.0,0.0,0,,,train
2026-07-11 09:00:00+07:00,SKU-002,2,3.8578,3.8577,1.0,0.0,0,,,train
2026-07-11 10:00:00+07:00,SKU-002,3,4.3281,4.3281,1.0,0.0,0,,,train
2026-07-11 11:00:00+07:00,SKU-002,3,4.7998,4.7998,1.0,0.0,0,,,train
2026-07-11 12:00:00+07:00,SKU-002,1,5.0402,5.0402,1.0,0.0,0,,,train
2026-07-11 13:00:00+07:00,SKU-002,7,4.582,4.582,1.0,0.0,0,,,train
2026-07-11 14:00:00+07:00,SKU-002,6,4.0832,4.0832,1.0,0.0,0,,,train
2026-07-11 15:00:00+07:00,SKU-002,6,3.9722,3.9722,1.0,0.0,0,,,train
2026-07-11 16:00:00+07:00,SKU-002,7,4.2895,4.2895,1.0,0.0,0,,,train
2026-07-11 17:00:00+07:00,SKU-002,4,4.9979,4.9979,1.0,0.0,0,,,train
2026-07-11 18:00:00+07:00,SKU-002,7,5.9422,5.9422,1.0,0.0,0,,,train
2026-07-11 19:00:00+07:00,SKU-002,2,6.9666,6.9666,1.0,0.0,0,,,train
2026-07-11 20:00:00+07:00,SKU-002,9,7.2875,7.2875,1.0,0.0,0,,,train
2026-07-11 21:00:00+07:00,SKU-002,5,6.079,6.079,1.0,0.0,0,,,train
2026-07-11 22:00:00+07:00,SKU-002,2,2.4942,2.4942,1.0,0.0,0,,,train
2026-07-11 23:00:00+07:00,SKU-002,4,1.2726,1.2726,1.0,0.0,0,,,train
2026-07-12 00:00:00+07:00,SKU-002,0,0.5741,0.5741,1.0,0.0,0,,,train
2026-07-12 01:00:00+07:00,SKU-002,0,0.3677,0.3677,1.0,0.0,0,,,train
2026-07-12 02:00:00+07:00,SKU-002,0,0.2529,0.2529,1.0,0.0,0,,,train
2026-07-12 03:00:00+07:00,SKU-002,0,0.207,0.207,1.0,0.0,0,,,train
2026-07-12 04:00:00+07:00,SKU-002,1,0.2302,0.2302,1.0,0.0,0,,,train
2026-07-12 05:00:00+07:00,SKU-002,0,0.4144,0.4144,1.0,0.0,0,,,train
2026-07-12 06:00:00+07:00,SKU-002,0,0.8752,0.8752,1.0,0.0,0,,,train
2026-07-12 07:00:00+07:00,SKU-002,1,1.4283,1.4283,1.0,0.0,0,,,train
2026-07-12 08:00:00+07:00,SKU-002,1,1.9585,1.9585,1.0,0.0,0,,,train
2026-07-12 09:00:00+07:00,SKU-002,2,2.3042,2.3042,1.0,0.0,0,,,train
2026-07-12 10:00:00+07:00,SKU-002,3,2.5807,2.5807,1.0,0.0,0,,,train
2026-07-12 11:00:00+07:00,SKU-002,1,2.857,2.857,1.0,0.0,0,,,train
2026-07-12 12:00:00+07:00,SKU-002,2,2.9948,2.9948,1.0,0.0,0,,,train
2026-07-12 13:00:00+07:00,SKU-002,1,2.7177,2.7177,1.0,0.0,0,,,train
2026-07-12 14:00:00+07:00,SKU-002,5,2.4175,2.4175,1.0,0.0,0,,,train
2026-07-12 15:00:00+07:00,SKU-002,2,2.3475,2.3475,1.0,0.0,0,,,train
2026-07-12 16:00:00+07:00,SKU-002,3,2.5304,2.5304,1.0,0.0,0,,,train
2026-07-12 17:00:00+07:00,SKU-002,1,2.9428,2.9428,1.0,0.0,0,,,train
2026-07-12 18:00:00+07:00,SKU-002,6,3.4924,3.4924,1.0,0.0,0,,,train
2026-07-12 19:00:00+07:00,SKU-002,6,4.087,4.087,1.0,0.0,0,,,train
2026-07-12 20:00:00+07:00,SKU-002,3,4.2673,4.2673,1.0,0.0,0,,,train
2026-07-12 21:00:00+07:00,SKU-002,2,3.5531,3.5531,1.0,0.0,0,,,train
2026-07-12 22:00:00+07:00,SKU-002,5,2.336,2.336,1.0,0.0,0,,,train
2026-07-12 23:00:00+07:00,SKU-002,0,1.1897,1.1897,1.0,0.0,0,,,train
2026-07-13 00:00:00+07:00,SKU-002,0,0.4857,0.4857,1.0,0.0,0,,,train
2026-07-13 01:00:00+07:00,SKU-002,1,0.3105,0.3105,1.0,0.0,0,,,train
2026-07-13 02:00:00+07:00,SKU-002,1,0.2132,0.2132,1.0,0.0,0,,,train
2026-07-13 03:00:00+07:00,SKU-002,0,0.1742,0.1742,1.0,0.0,0,,,train
2026-07-13 04:00:00+07:00,SKU-002,0,0.1933,0.1933,1.0,0.0,0,,,train
2026-07-13 05:00:00+07:00,SKU-002,0,0.3475,0.3475,1.0,0.0,0,,,train
2026-07-13 06:00:00+07:00,SKU-002,3,0.7326,0.7326,1.0,0.0,0,,,train
2026-07-13 07:00:00+07:00,SKU-002,2,1.1934,1.1934,1.0,0.0,0,,,train
2026-07-13 08:00:00+07:00,SKU-002,2,1.6336,1.6336,1.0,0.0,0,,,train
2026-07-13 09:00:00+07:00,SKU-002,2,1.9188,1.9188,1.0,0.0,0,,,train
2026-07-13 10:00:00+07:00,SKU-002,2,2.1455,2.1455,1.0,0.0,0,,,train
2026-07-13 11:00:00+07:00,SKU-002,3,2.3714,2.3714,1.0,0.0,0,,,train
2026-07-13 12:00:00+07:00,SKU-002,2,2.4818,2.4818,1.0,0.0,0,,,train
2026-07-13 13:00:00+07:00,SKU-002,1,2.2486,2.2486,1.0,0.0,0,,,train
2026-07-13 14:00:00+07:00,SKU-002,2,1.9972,1.9972,1.0,0.0,0,,,train
2026-07-13 15:00:00+07:00,SKU-002,1,1.9365,1.9365,1.0,0.0,0,,,train
2026-07-13 16:00:00+07:00,SKU-002,3,2.0844,2.0844,1.0,0.0,0,,,train
2026-07-13 17:00:00+07:00,SKU-002,0,2.4208,2.4208,1.0,0.0,0,,,train
2026-07-13 18:00:00+07:00,SKU-002,3,2.869,2.869,1.0,0.0,0,,,train
2026-07-13 19:00:00+07:00,SKU-002,3,3.353,3.353,1.0,0.0,0,,,train
2026-07-13 20:00:00+07:00,SKU-002,0,3.4966,3.4966,1.0,0.0,0,,,train
2026-07-13 21:00:00+07:00,SKU-002,0,2.9078,2.9078,1.0,0.0,0,,,train
2026-07-13 22:00:00+07:00,SKU-002,1,1.9096,1.9096,1.0,0.0,0,,,train
2026-07-13 23:00:00+07:00,SKU-002,1,0.9715,0.9715,1.0,0.0,0,,,train
2026-07-14 00:00:00+07:00,SKU-002,1,0.4386,0.4386,1.0,0.0,0,,,train
2026-07-14 01:00:00+07:00,SKU-002,0,0.2801,0.2801,1.0,0.0,0,,,train
2026-07-14 02:00:00+07:00,SKU-002,0,0.1922,0.1922,1.0,0.0,0,,,train
2026-07-14 03:00:00+07:00,SKU-002,0,0.1569,0.1569,1.0,0.0,0,,,train
2026-07-14 04:00:00+07:00,SKU-002,0,0.174,0.174,1.0,0.0,0,,,train
2026-07-14 05:00:00+07:00,SKU-002,0,0.3125,0.3125,1.0,0.0,0,,,train
2026-07-14 06:00:00+07:00,SKU-002,0,0.6583,0.6583,1.0,0.0,0,,,train
2026-07-14 07:00:00+07:00,SKU-002,0,1.0718,1.0718,1.0,0.0,0,,,train
2026-07-14 08:00:00+07:00,SKU-002,0,1.4662,1.4662,1.0,0.0,0,,,train
2026-07-14 09:00:00+07:00,SKU-002,0,1.7214,1.7214,1.0,0.0,0,,,train
2026-07-14 10:00:00+07:00,SKU-002,0,1.9239,1.9239,1.0,0.0,0,,,train
2026-07-14 11:00:00+07:00,SKU-002,4,2.1257,2.1257,1.0,0.0,0,,,train
2026-07-14 12:00:00+07:00,SKU-002,2,2.224,2.224,1.0,0.0,0,,,train
2026-07-14 13:00:00+07:00,SKU-002,2,2.0147,2.0147,1.0,0.0,0,,,train
2026-07-14 14:00:00+07:00,SKU-002,1,1.7892,1.7892,1.0,0.0,0,,,train
2026-07-14 15:00:00+07:00,SKU-002,1,1.7347,1.7347,1.0,0.0,0,,,train
2026-07-14 16:00:00+07:00,SKU-002,2,1.8671,1.8671,1.0,0.0,0,,,train
2026-07-14 17:00:00+07:00,SKU-002,1,2.1686,2.1686,1.0,0.0,0,,,train
2026-07-14 18:00:00+07:00,SKU-002,0,2.5705,2.5705,1.0,0.0,0,,,train
2026-07-14 19:00:00+07:00,SKU-002,6,3.0048,3.0048,1.0,0.0,0,,,train
2026-07-14 20:00:00+07:00,SKU-002,2,3.1344,3.1344,1.0,0.0,0,,,train
2026-07-14 21:00:00+07:00,SKU-002,0,2.6076,2.6076,1.0,0.0,0,,,train
2026-07-14 22:00:00+07:00,SKU-002,4,1.7132,1.7132,1.0,0.0,0,,,train
2026-07-14 23:00:00+07:00,SKU-002,1,0.872,0.872,1.0,0.0,0,,,train
2026-07-15 00:00:00+07:00,SKU-002,1,0.4099,0.4099,1.0,0.0,0,,,train
2026-07-15 01:00:00+07:00,SKU-002,0,0.2619,0.2619,1.0,0.0,0,,,train
2026-07-15 02:00:00+07:00,SKU-002,0,0.1798,0.1798,1.0,0.0,0,,,train
2026-07-15 03:00:00+07:00,SKU-002,0,0.1469,0.1469,1.0,0.0,0,,,train
2026-07-15 04:00:00+07:00,SKU-002,0,0.1631,0.1631,1.0,0.0,0,,,train
2026-07-15 05:00:00+07:00,SKU-002,0,0.2932,0.2932,1.0,0.0,0,,,train
2026-07-15 06:00:00+07:00,SKU-002,3,0.6182,0.6182,1.0,0.0,0,,,train
2026-07-15 07:00:00+07:00,SKU-002,1,1.0077,1.0077,1.0,0.0,0,,,train
2026-07-15 08:00:00+07:00,SKU-002,3,1.3802,1.3802,1.0,0.0,0,,,train
2026-07-15 09:00:00+07:00,SKU-002,0,1.6223,1.6223,1.0,0.0,0,,,train
2026-07-15 10:00:00+07:00,SKU-002,0,1.8155,1.8155,1.0,0.0,0,,,train
2026-07-15 11:00:00+07:00,SKU-002,0,2.0086,2.0086,1.0,0.0,0,,,train
2026-07-15 12:00:00+07:00,SKU-002,3,2.1045,2.1045,1.0,0.0,0,,,train
2026-07-15 13:00:00+07:00,SKU-002,2,1.9092,1.9092,1.0,0.0,0,,,train
2026-07-15 14:00:00+07:00,SKU-002,1,1.698,1.698,1.0,0.0,0,,,train
2026-07-15 15:00:00+07:00,SKU-002,1,1.6489,1.6489,1.0,0.0,0,,,train
2026-07-15 16:00:00+07:00,SKU-002,0,1.7777,1.7777,1.0,0.0,0,,,train
2026-07-15 17:00:00+07:00,SKU-002,1,2.0682,2.0682,1.0,0.0,0,,,train
2026-07-15 18:00:00+07:00,SKU-002,5,2.4557,2.4557,1.0,0.0,0,,,train
2026-07-15 19:00:00+07:00,SKU-002,1,2.8757,2.8757,1.0,0.0,0,,,train
2026-07-15 20:00:00+07:00,SKU-002,0,3.0052,3.0052,1.0,0.0,0,,,train
2026-07-15 21:00:00+07:00,SKU-002,1,2.5047,2.5047,1.0,0.0,0,,,train
2026-07-15 22:00:00+07:00,SKU-002,2,1.6487,1.6487,1.0,0.0,0,,,train
2026-07-15 23:00:00+07:00,SKU-002,0,0.8408,0.8408,1.0,0.0,0,,,train
2026-07-16 00:00:00+07:00,SKU-002,0,0.4216,0.4216,1.0,0.0,0,,,train
2026-07-16 01:00:00+07:00,SKU-002,0,0.27,0.27,1.0,0.0,0,,,train
2026-07-16 02:00:00+07:00,SKU-002,0,0.1857,0.1857,1.0,0.0,0,,,train
2026-07-16 03:00:00+07:00,SKU-002,2,0.152,0.152,1.0,0.0,0,,,train
2026-07-16 04:00:00+07:00,SKU-002,0,0.1691,0.1691,1.0,0.0,0,,,train
2026-07-16 05:00:00+07:00,SKU-002,0,0.3046,0.3046,1.0,0.0,0,,,train
2026-07-16 06:00:00+07:00,SKU-002,0,0.6436,0.6436,1.0,0.0,0,,,train
2026-07-16 07:00:00+07:00,SKU-002,0,1.0512,1.0512,1.0,0.0,0,,,train
2026-07-16 08:00:00+07:00,SKU-002,1,1.4427,1.4427,1.0,0.0,0,,,train
2026-07-16 09:00:00+07:00,SKU-002,1,1.6994,1.6994,1.0,0.0,0,,,train
2026-07-16 10:00:00+07:00,SKU-002,4,1.9057,1.9057,1.0,0.0,0,,,train
2026-07-16 11:00:00+07:00,SKU-002,2,2.1127,2.1127,1.0,0.0,0,,,train
2026-07-16 12:00:00+07:00,SKU-002,2,2.218,2.218,1.0,0.0,0,,,train
2026-07-16 13:00:00+07:00,SKU-002,0,2.0162,2.0162,1.0,0.0,0,,,train
2026-07-16 14:00:00+07:00,SKU-002,0,1.7969,1.7969,1.0,0.0,0,,,train
2026-07-16 15:00:00+07:00,SKU-002,2,1.7484,1.7484,1.0,0.0,0,,,train
2026-07-16 16:00:00+07:00,SKU-002,4,1.8887,1.8887,1.0,0.0,0,,,train
2026-07-16 17:00:00+07:00,SKU-002,3,2.2015,2.2015,1.0,0.0,0,,,train
2026-07-16 18:00:00+07:00,SKU-002,3,2.619,2.619,1.0,0.0,0,,,train
2026-07-16 19:00:00+07:00,SKU-002,4,3.0727,3.0727,1.0,0.0,0,,,train
2026-07-16 20:00:00+07:00,SKU-002,2,3.2169,3.2169,1.0,0.0,0,,,train
2026-07-16 21:00:00+07:00,SKU-002,5,2.686,2.686,1.0,0.0,0,,,train
2026-07-16 22:00:00+07:00,SKU-002,2,1.7711,1.7711,1.0,0.0,0,,,train
2026-07-16 23:00:00+07:00,SKU-002,2,0.9048,0.9048,1.0,0.0,0,,,train
2026-07-17 00:00:00+07:00,SKU-002,2,0.4893,0.4893,1.0,0.0,0,,,train
2026-07-17 01:00:00+07:00,SKU-002,0,0.3138,0.3138,1.0,0.0,0,,,train
2026-07-17 02:00:00+07:00,SKU-002,0,0.2162,0.2162,1.0,0.0,0,,,train
2026-07-17 03:00:00+07:00,SKU-002,1,0.1773,0.1773,1.0,0.0,0,,,train
2026-07-17 04:00:00+07:00,SKU-002,2,0.1974,0.1974,1.0,0.0,0,,,train
2026-07-17 05:00:00+07:00,SKU-002,0,0.3562,0.3562,1.0,0.0,0,,,train
2026-07-17 06:00:00+07:00,SKU-002,0,0.7537,0.7537,1.0,0.0,0,,,train
2026-07-17 07:00:00+07:00,SKU-002,2,1.2325,1.2325,1.0,0.0,0,,,train
2026-07-17 08:00:00+07:00,SKU-002,0,1.6936,1.6936,1.0,0.0,0,,,train
2026-07-17 09:00:00+07:00,SKU-002,2,1.9971,1.9971,1.0,0.0,0,,,train
2026-07-17 10:00:00+07:00,SKU-002,2,2.2421,2.2421,1.0,0.0,0,,,train
2026-07-17 11:00:00+07:00,SKU-002,1,2.4881,2.4881,1.0,0.0,0,,,train
2026-07-17 12:00:00+07:00,SKU-002,3,2.6147,2.6147,1.0,0.0,0,,,train
2026-07-17 13:00:00+07:00,SKU-002,5,2.3789,2.3789,1.0,0.0,0,,,train
2026-07-17 14:00:00+07:00,SKU-002,1,2.1218,2.1218,1.0,0.0,0,,,train
2026-07-17 15:00:00+07:00,SKU-002,1,2.0661,2.0661,1.0,0.0,0,,,train
2026-07-17 16:00:00+07:00,SKU-002,3,2.2333,2.2333,1.0,0.0,0,,,train
2026-07-17 17:00:00+07:00,SKU-002,2,2.6049,2.6049,1.0,0.0,0,,,train
2026-07-17 18:00:00+07:00,SKU-002,7,3.1005,3.1005,1.0,0.0,0,,,train
2026-07-17 19:00:00+07:00,SKU-002,1,3.6392,3.6392,1.0,0.0,0,,,train
2026-07-17 20:00:00+07:00,SKU-002,6,3.8114,3.8114,1.0,0.0,0,,,train
2026-07-17 21:00:00+07:00,SKU-002,1,3.1833,3.1833,1.0,0.0,0,,,train
2026-07-17 22:00:00+07:00,SKU-002,4,2.0995,2.0995,1.0,0.0,0,,,train
2026-07-17 23:00:00+07:00,SKU-002,0,1.0727,1.0727,1.0,0.0,0,,,train
2026-07-18 00:00:00+07:00,SKU-002,1,0.6014,0.6014,1.0,0.0,0,,,train
2026-07-18 01:00:00+07:00,SKU-002,0,0.3857,0.3857,1.0,0.0,0,,,train
2026-07-18 02:00:00+07:00,SKU-002,1,0.2657,0.2657,1.0,0.0,0,,,train
2026-07-18 03:00:00+07:00,SKU-002,0,0.2179,0.2179,1.0,0.0,0,,,train
2026-07-18 04:00:00+07:00,SKU-002,0,0.2426,0.2426,1.0,0.0,0,,,train
2026-07-18 05:00:00+07:00,SKU-002,1,0.4375,0.4375,1.0,0.0,0,,,train
2026-07-18 06:00:00+07:00,SKU-002,2,0.9254,0.9254,1.0,0.0,0,,,train
2026-07-18 07:00:00+07:00,SKU-002,1,1.5127,1.5127,1.0,0.0,0,,,train
2026-07-18 08:00:00+07:00,SKU-002,3,2.0777,2.0777,1.0,0.0,0,,,train
2026-07-18 09:00:00+07:00,SKU-002,2,2.4487,2.4487,1.0,0.0,0,,,train
2026-07-18 10:00:00+07:00,SKU-002,1,2.7472,2.7472,1.0,0.0,0,,,train
2026-07-18 11:00:00+07:00,SKU-002,3,3.0466,3.0466,1.0,0.0,0,,,train
2026-07-18 12:00:00+07:00,SKU-002,3,3.1992,3.1992,1.0,0.0,0,,,train
2026-07-18 13:00:00+07:00,SKU-002,0,2.9083,2.9083,1.0,0.0,0,,,train
2026-07-18 14:00:00+07:00,SKU-002,3,2.5918,2.5918,1.0,0.0,0,,,train
2026-07-18 15:00:00+07:00,SKU-002,2,2.5213,2.5213,1.0,0.0,0,,,train
2026-07-18 16:00:00+07:00,SKU-002,2,2.7227,2.7227,1.0,0.0,0,,,train
2026-07-18 17:00:00+07:00,SKU-002,2,3.1723,3.1723,1.0,0.0,0,,,train
2026-07-18 18:00:00+07:00,SKU-002,1,3.7717,3.7717,1.0,0.0,0,,,train
2026-07-18 19:00:00+07:00,SKU-002,1,4.4218,4.4218,1.0,0.0,0,,,train
2026-07-18 20:00:00+07:00,SKU-002,1,4.6255,4.6255,1.0,0.0,0,,,train
2026-07-18 21:00:00+07:00,SKU-002,3,3.8585,3.8585,1.0,0.0,0,,,train
2026-07-18 22:00:00+07:00,SKU-002,1,2.5415,2.5415,1.0,0.0,0,,,train
2026-07-18 23:00:00+07:00,SKU-002,1,1.2967,1.2967,1.0,0.0,0,,,train
2026-07-19 00:00:00+07:00,SKU-002,2,0.5849,0.5849,1.0,0.0,0,,,train
2026-07-19 01:00:00+07:00,SKU-002,0,0.3746,0.3746,1.0,0.0,0,,,train
2026-07-19 02:00:00+07:00,SKU-002,0,0.2577,0.2577,1.0,0.0,0,,,train
2026-07-19 03:00:00+07:00,SKU-002,1,0.211,0.211,1.0,0.0,0,,,train
2026-07-19 04:00:00+07:00,SKU-002,0,0.2345,0.2345,1.0,0.0,0,,,train
2026-07-19 05:00:00+07:00,SKU-002,0,0.4223,0.4223,1.0,0.0,0,,,train
2026-07-19 06:00:00+07:00,SKU-002,1,0.8918,0.8918,1.0,0.0,0,,,train
2026-07-19 07:00:00+07:00,SKU-002,1,1.4553,1.4553,1.0,0.0,0,,,train
2026-07-19 08:00:00+07:00,SKU-002,1,1.9955,1.9955,1.0,0.0,0,,,train
2026-07-19 09:00:00+07:00,SKU-002,2,2.3478,2.3478,1.0,0.0,0,,,train
2026-07-19 10:00:00+07:00,SKU-002,2,2.6296,2.6296,1.0,0.0,0,,,train
2026-07-19 11:00:00+07:00,SKU-002,3,2.911,2.911,1.0,0.0,0,,,train
2026-07-19 12:00:00+07:00,SKU-002,0,3.0514,3.0514,1.0,0.0,0,,,train
2026-07-19 13:00:00+07:00,SKU-002,2,2.7691,2.7691,1.0,0.0,0,,,train
2026-07-19 14:00:00+07:00,SKU-002,2,2.4632,2.4632,1.0,0.0,0,,,train
2026-07-19 15:00:00+07:00,SKU-002,4,2.3919,2.3919,1.0,0.0,0,,,train
2026-07-19 16:00:00+07:00,SKU-002,0,2.5782,2.5782,1.0,0.0,0,,,train
2026-07-19 17:00:00+07:00,SKU-002,1,2.9985,2.9985,1.0,0.0,0,,,train
2026-07-19 18:00:00+07:00,SKU-002,1,3.5584,3.5584,1.0,0.0,0,,,train
2026-07-19 19:00:00+07:00,SKU-002,4,4.1642,4.1642,1.0,0.0,0,,,train
2026-07-19 20:00:00+07:00,SKU-002,1,4.348,4.348,1.0,0.0,0,,,train
2026-07-19 21:00:00+07:00,SKU-002,5,3.6202,3.6202,1.0,0.0,0,,,train
2026-07-19 22:00:00+07:00,SKU-002,3,2.3801,2.3801,1.0,0.0,0,,,train
2026-07-19 23:00:00+07:00,SKU-002,1,1.2122,1.2122,1.0,0.0,0,,,train
2026-07-20 00:00:00+07:00,SKU-002,0,0.4948,0.4948,1.0,0.0,0,,,train
2026-07-20 01:00:00+07:00,SKU-002,0,0.3163,0.3163,1.0,0.0,0,,,train
2026-07-20 02:00:00+07:00,SKU-002,0,0.2172,0.2172,1.0,0.0,0,,,train
2026-07-20 03:00:00+07:00,SKU-002,0,0.1775,0.1775,1.0,0.0,0,,,train
2026-07-20 04:00:00+07:00,SKU-002,0,0.197,0.197,1.0,0.0,0,,,train
2026-07-20 05:00:00+07:00,SKU-002,0,0.3541,0.3541,1.0,0.0,0,,,train
2026-07-20 06:00:00+07:00,SKU-002,0,0.7464,0.7464,1.0,0.0,0,,,train
2026-07-20 07:00:00+07:00,SKU-002,1,1.216,1.216,1.0,0.0,0,,,train
2026-07-20 08:00:00+07:00,SKU-002,1,1.6644,1.6644,1.0,0.0,0,,,train
2026-07-20 09:00:00+07:00,SKU-002,6,1.955,1.955,1.0,0.0,0,,,train
2026-07-20 10:00:00+07:00,SKU-002,3,2.186,2.186,1.0,0.0,0,,,train
2026-07-20 11:00:00+07:00,SKU-002,2,2.4161,2.4161,1.0,0.0,0,,,train
2026-07-20 12:00:00+07:00,SKU-002,3,2.5286,2.5286,1.0,0.0,0,,,train
2026-07-20 13:00:00+07:00,SKU-002,1,2.291,2.291,1.0,0.0,0,,,train
2026-07-20 14:00:00+07:00,SKU-002,3,2.0349,2.0349,1.0,0.0,0,,,train
2026-07-20 15:00:00+07:00,SKU-002,1,1.973,1.973,1.0,0.0,0,,,train
2026-07-20 16:00:00+07:00,SKU-002,1,2.1237,2.1237,1.0,0.0,0,,,train
2026-07-20 17:00:00+07:00,SKU-002,5,2.4664,2.4664,1.0,0.0,0,,,train
2026-07-20 18:00:00+07:00,SKU-002,0,2.9231,2.9231,1.0,0.0,0,,,train
2026-07-20 19:00:00+07:00,SKU-002,7,3.4162,3.4162,1.0,0.0,0,,,train
2026-07-20 20:00:00+07:00,SKU-002,3,3.5624,3.5624,1.0,0.0,0,,,train
2026-07-20 21:00:00+07:00,SKU-002,8,2.9626,2.9626,1.0,0.0,0,,,train
2026-07-20 22:00:00+07:00,SKU-002,3,1.9455,1.9455,1.0,0.0,0,,,train
2026-07-20 23:00:00+07:00,SKU-002,1,0.9898,0.9898,1.0,0.0,0,,,train
2026-07-21 00:00:00+07:00,SKU-002,0,0.4469,0.4469,1.0,0.0,0,,,train
2026-07-21 01:00:00+07:00,SKU-002,0,0.2854,0.2854,1.0,0.0,0,,,train
2026-07-21 02:00:00+07:00,SKU-002,1,0.1958,0.1958,1.0,0.0,0,,,train
2026-07-21 03:00:00+07:00,SKU-002,0,0.1599,0.1599,1.0,0.0,0,,,train
2026-07-21 04:00:00+07:00,SKU-002,0,0.1772,0.1772,1.0,0.0,0,,,train
2026-07-21 05:00:00+07:00,SKU-002,0,0.3184,0.3184,1.0,0.0,0,,,train
2026-07-21 06:00:00+07:00,SKU-002,1,0.6707,0.6707,1.0,0.0,0,,,train
2026-07-21 07:00:00+07:00,SKU-002,0,1.0919,1.0919,1.0,0.0,0,,,train
2026-07-21 08:00:00+07:00,SKU-002,6,1.4938,1.4938,1.0,0.0,0,,,train
2026-07-21 09:00:00+07:00,SKU-002,3,1.7538,1.7538,1.0,0.0,0,,,train
2026-07-21 10:00:00+07:00,SKU-002,2,1.9601,1.9601,1.0,0.0,0,,,train
2026-07-21 11:00:00+07:00,SKU-002,3,2.1657,2.1657,1.0,0.0,0,,,train
2026-07-21 12:00:00+07:00,SKU-002,0,2.2658,2.2658,1.0,0.0,0,,,train
2026-07-21 13:00:00+07:00,SKU-002,2,2.0525,2.0525,1.0,0.0,0,,,train
2026-07-21 14:00:00+07:00,SKU-002,0,1.8228,1.8228,1.0,0.0,0,,,train
2026-07-21 15:00:00+07:00,SKU-002,2,1.7673,1.7673,1.0,0.0,0,,,train
2026-07-21 16:00:00+07:00,SKU-002,0,1.9022,1.9022,1.0,0.0,0,,,train
2026-07-21 17:00:00+07:00,SKU-002,3,2.2094,2.2094,1.0,0.0,0,,,train
2026-07-21 18:00:00+07:00,SKU-002,0,2.6188,2.6188,1.0,0.0,0,,,train
2026-07-21 19:00:00+07:00,SKU-002,2,3.0613,3.0613,1.0,0.0,0,,,train
2026-07-21 20:00:00+07:00,SKU-002,2,3.1934,3.1934,1.0,0.0,0,,,train
2026-07-21 21:00:00+07:00,SKU-002,2,2.6566,2.6566,1.0,0.0,0,,,train
2026-07-21 22:00:00+07:00,SKU-002,2,1.7454,1.7454,1.0,0.0,0,,,train
2026-07-21 23:00:00+07:00,SKU-002,1,0.8884,0.8884,1.0,0.0,0,,,train
2026-07-22 00:00:00+07:00,SKU-002,0,0.4176,0.4176,1.0,0.0,0,,,train
2026-07-22 01:00:00+07:00,SKU-002,0,0.2669,0.2669,1.0,0.0,0,,,train
2026-07-22 02:00:00+07:00,SKU-002,1,0.1832,0.1832,1.0,0.0,0,,,train
2026-07-22 03:00:00+07:00,SKU-002,1,0.1497,0.1497,1.0,0.0,0,,,train
2026-07-22 04:00:00+07:00,SKU-002,0,0.1661,0.1661,1.0,0.0,0,,,train
2026-07-22 05:00:00+07:00,SKU-002,0,0.2987,0.2987,1.0,0.0,0,,,train
2026-07-22 06:00:00+07:00,SKU-002,1,0.6298,0.6298,1.0,0.0,0,,,train
2026-07-22 07:00:00+07:00,SKU-002,3,1.0266,1.0266,1.0,0.0,0,,,train
2026-07-22 08:00:00+07:00,SKU-002,3,1.4061,1.4061,1.0,0.0,0,,,train
2026-07-22 09:00:00+07:00,SKU-002,5,1.6527,1.6527,1.0,0.0,0,,,train
2026-07-22 10:00:00+07:00,SKU-002,1,1.8496,1.8496,1.0,0.0,0,,,train
2026-07-22 11:00:00+07:00,SKU-002,4,2.0463,2.0463,1.0,0.0,0,,,train
2026-07-22 12:00:00+07:00,SKU-002,4,2.1439,2.1439,1.0,0.0,0,,,train
2026-07-22 13:00:00+07:00,SKU-002,3,1.945,1.945,1.0,0.0,0,,,train
2026-07-22 14:00:00+07:00,SKU-002,1,1.7299,1.7299,1.0,0.0,0,,,train
2026-07-22 15:00:00+07:00,SKU-002,2,1.6798,1.6798,1.0,0.0,0,,,train
2026-07-22 16:00:00+07:00,SKU-002,2,1.8111,1.8111,1.0,0.0,0,,,train
2026-07-22 17:00:00+07:00,SKU-002,1,2.107,2.107,1.0,0.0,0,,,train
2026-07-22 18:00:00+07:00,SKU-002,3,2.5018,2.5018,1.0,0.0,0,,,train
2026-07-22 19:00:00+07:00,SKU-002,2,2.9296,2.9296,1.0,0.0,0,,,train
2026-07-22 20:00:00+07:00,SKU-002,0,3.0615,3.0615,1.0,0.0,0,,,train
2026-07-22 21:00:00+07:00,SKU-002,4,2.5516,2.5516,1.0,0.0,0,,,train
2026-07-22 22:00:00+07:00,SKU-002,0,1.6795,1.6795,1.0,0.0,0,,,train
2026-07-22 23:00:00+07:00,SKU-002,0,0.8565,0.8565,1.0,0.0,0,,,train
2026-07-23 00:00:00+07:00,SKU-002,0,0.4295,0.4295,1.0,0.0,0,,,train
2026-07-23 01:00:00+07:00,SKU-002,1,0.275,0.275,1.0,0.0,0,,,train
2026-07-23 02:00:00+07:00,SKU-002,0,0.1892,0.1892,1.0,0.0,0,,,train
2026-07-23 03:00:00+07:00,SKU-002,0,0.1549,0.1549,1.0,0.0,0,,,train
2026-07-23 04:00:00+07:00,SKU-002,0,0.1722,0.1722,1.0,0.0,0,,,train
2026-07-23 05:00:00+07:00,SKU-002,0,0.3103,0.3103,1.0,0.0,0,,,train
2026-07-23 06:00:00+07:00,SKU-002,0,0.6557,0.6557,1.0,0.0,0,,,train
2026-07-23 07:00:00+07:00,SKU-002,2,1.0709,1.0709,1.0,0.0,0,,,train
2026-07-23 08:00:00+07:00,SKU-002,2,1.4698,1.4698,1.0,0.0,0,,,train
2026-07-23 09:00:00+07:00,SKU-002,0,1.7312,1.7312,1.0,0.0,0,,,train
2026-07-23 10:00:00+07:00,SKU-002,2,1.9413,1.9413,1.0,0.0,0,,,train
2026-07-23 11:00:00+07:00,SKU-002,1,2.1522,2.1522,1.0,0.0,0,,,train
2026-07-23 12:00:00+07:00,SKU-002,6,2.2595,2.2595,1.0,0.0,0,,,train
2026-07-23 13:00:00+07:00,SKU-002,1,2.054,2.054,1.0,0.0,0,,,train
2026-07-23 14:00:00+07:00,SKU-002,1,1.8305,1.8305,1.0,0.0,0,,,train
2026-07-23 15:00:00+07:00,SKU-002,3,1.7811,1.7811,1.0,0.0,0,,,train
2026-07-23 16:00:00+07:00,SKU-002,1,1.924,1.924,1.0,0.0,0,,,train
2026-07-23 17:00:00+07:00,SKU-002,1,2.2427,2.2427,1.0,0.0,0,,,train
2026-07-23 18:00:00+07:00,SKU-002,2,2.668,2.668,1.0,0.0,0,,,train
2026-07-23 19:00:00+07:00,SKU-002,6,3.1301,3.1301,1.0,0.0,0,,,train
2026-07-23 20:00:00+07:00,SKU-002,0,3.2771,3.2771,1.0,0.0,0,,,train
2026-07-23 21:00:00+07:00,SKU-002,2,2.7362,2.7362,1.0,0.0,0,,,train
2026-07-23 22:00:00+07:00,SKU-002,3,1.8042,1.8042,1.0,0.0,0,,,train
2026-07-23 23:00:00+07:00,SKU-002,1,0.9217,0.9217,1.0,0.0,0,,,train
2026-07-24 00:00:00+07:00,SKU-002,0,0.4984,0.4984,1.0,0.0,0,,,train
2026-07-24 01:00:00+07:00,SKU-002,0,0.3197,0.3197,1.0,0.0,0,,,train
2026-07-24 02:00:00+07:00,SKU-002,0,0.2203,0.2203,1.0,0.0,0,,,train
2026-07-24 03:00:00+07:00,SKU-002,1,0.1806,0.1806,1.0,0.0,0,,,train
2026-07-24 04:00:00+07:00,SKU-002,0,0.2011,0.2011,1.0,0.0,0,,,train
2026-07-24 05:00:00+07:00,SKU-002,0,0.3628,0.3628,1.0,0.0,0,,,train
2026-07-24 06:00:00+07:00,SKU-002,0,0.7677,0.7677,1.0,0.0,0,,,train
2026-07-24 07:00:00+07:00,SKU-002,0,1.2555,1.2555,1.0,0.0,0,,,train
2026-07-24 08:00:00+07:00,SKU-002,0,1.7252,1.7252,1.0,0.0,0,,,train
2026-07-24 09:00:00+07:00,SKU-002,2,2.0344,2.0344,1.0,0.0,0,,,train
2026-07-24 10:00:00+07:00,SKU-002,6,2.2839,2.2839,1.0,0.0,0,,,train
2026-07-24 11:00:00+07:00,SKU-002,1,2.5346,2.5346,1.0,0.0,0,,,train
2026-07-24 12:00:00+07:00,SKU-002,1,2.6635,2.6635,1.0,0.0,0,,,train
2026-07-24 13:00:00+07:00,SKU-002,0,2.4233,2.4233,1.0,0.0,0,,,train
2026-07-24 14:00:00+07:00,SKU-002,2,2.1614,2.1614,1.0,0.0,0,,,train
2026-07-24 15:00:00+07:00,SKU-002,1,2.1046,2.1046,1.0,0.0,0,,,train
2026-07-24 16:00:00+07:00,SKU-002,1,2.275,2.275,1.0,0.0,0,EP-002-02,FALSE_CONTENT,train
2026-07-24 17:00:00+07:00,SKU-002,6,2.6534,2.6534,1.0,0.3333,0,EP-002-02,FALSE_CONTENT,train
2026-07-24 18:00:00+07:00,SKU-002,4,4.5339,4.5339,1.0,0.6667,0,EP-002-02,FALSE_CONTENT,train
2026-07-24 19:00:00+07:00,SKU-002,7,5.3217,5.3217,1.0,1.0,0,EP-002-02,FALSE_CONTENT,train
2026-07-24 20:00:00+07:00,SKU-002,4,5.5735,5.5735,1.0,0.9495,0,EP-002-02,FALSE_CONTENT,train
2026-07-24 21:00:00+07:00,SKU-002,11,4.6551,4.6551,1.0,0.9016,0,EP-002-02,FALSE_CONTENT,train
2026-07-24 22:00:00+07:00,SKU-002,1,3.0702,3.0702,1.0,0.8561,0,EP-002-02,FALSE_CONTENT,train
2026-07-24 23:00:00+07:00,SKU-002,3,1.5687,1.5687,1.0,0.8128,0,EP-002-02,FALSE_CONTENT,train
2026-07-25 00:00:00+07:00,SKU-002,2,0.8795,0.8795,1.0,0.7718,0,EP-002-02,FALSE_CONTENT,train
2026-07-25 01:00:00+07:00,SKU-002,0,0.5641,0.5641,1.0,0.7329,0,EP-002-02,FALSE_CONTENT,train
2026-07-25 02:00:00+07:00,SKU-002,0,0.3886,0.3886,1.0,0.6959,0,EP-002-02,FALSE_CONTENT,train
2026-07-25 03:00:00+07:00,SKU-002,1,0.3186,0.3186,1.0,0.6607,0,EP-002-02,FALSE_CONTENT,train
2026-07-25 04:00:00+07:00,SKU-002,0,0.3547,0.3547,1.0,0.6274,0,EP-002-02,FALSE_CONTENT,train
2026-07-25 05:00:00+07:00,SKU-002,0,0.6398,0.6398,1.0,0.5957,0,EP-002-02,FALSE_CONTENT,train
2026-07-25 06:00:00+07:00,SKU-002,1,1.3532,1.3532,1.0,0.5656,0,EP-002-02,FALSE_CONTENT,train
2026-07-25 07:00:00+07:00,SKU-002,2,2.3697,2.212,1.0713,0.5371,0,EP-002-02,FALSE_CONTENT,train
2026-07-25 08:00:00+07:00,SKU-002,8,3.4713,3.0382,1.1425,0.51,0,EP-002-02,FALSE_CONTENT,train
2026-07-25 09:00:00+07:00,SKU-002,2,4.3463,3.5807,1.2138,0.4842,0,EP-002-02,FALSE_CONTENT,train
2026-07-25 10:00:00+07:00,SKU-002,2,4.8328,4.0172,1.203,0.4598,0,EP-002-02,FALSE_CONTENT,train
2026-07-25 11:00:00+07:00,SKU-002,2,5.3139,4.455,1.1928,0.4366,0,EP-002-02,FALSE_CONTENT,train
2026-07-25 12:00:00+07:00,SKU-002,4,5.5344,4.6781,1.183,0.4145,0,EP-002-02,FALSE_CONTENT,train
2026-07-25 13:00:00+07:00,SKU-002,3,4.992,4.2528,1.1738,0.3936,0,EP-002-02,FALSE_CONTENT,train
2026-07-25 14:00:00+07:00,SKU-002,4,4.4153,3.7899,1.165,0.3737,0,EP-002-02,FALSE_CONTENT,train
2026-07-25 15:00:00+07:00,SKU-002,1,4.2645,3.6868,1.1567,0.3549,0,EP-002-02,FALSE_CONTENT,train
2026-07-25 16:00:00+07:00,SKU-002,12,4.5737,3.9813,1.1488,0.3369,0,EP-002-02,FALSE_CONTENT,train
2026-07-25 17:00:00+07:00,SKU-002,6,5.2941,4.6387,1.1413,0.3199,0,EP-002-02,FALSE_CONTENT,train
2026-07-25 18:00:00+07:00,SKU-002,2,6.255,5.5152,1.1341,0.3038,0,EP-002-02,FALSE_CONTENT,train
2026-07-25 19:00:00+07:00,SKU-002,11,7.2895,6.4659,1.1274,0.2884,0,EP-002-02,FALSE_CONTENT,train
2026-07-25 20:00:00+07:00,SKU-002,1,5.2814,4.7115,1.1209,0.2739,0,EP-002-02,FALSE_CONTENT,train
2026-07-25 21:00:00+07:00,SKU-002,9,4.3815,3.9302,1.1148,0.2601,0,EP-002-02,FALSE_CONTENT,train
2026-07-25 22:00:00+07:00,SKU-002,4,2.871,2.5887,1.109,0.2469,0,EP-002-02,FALSE_CONTENT,train
2026-07-25 23:00:00+07:00,SKU-002,5,1.4576,1.3209,1.1035,0.2345,0,EP-002-02,FALSE_CONTENT,train
2026-07-26 00:00:00+07:00,SKU-002,0,0.6544,0.5958,1.0983,0.2226,0,EP-002-02,FALSE_CONTENT,train
2026-07-26 01:00:00+07:00,SKU-002,0,0.4172,0.3816,1.0933,0.2114,0,EP-002-02,FALSE_CONTENT,train
2026-07-26 02:00:00+07:00,SKU-002,0,0.2858,0.2625,1.0886,0.2007,0,EP-002-02,FALSE_CONTENT,train
2026-07-26 03:00:00+07:00,SKU-002,0,0.233,0.2149,1.0842,0.1906,0,EP-002-02,FALSE_CONTENT,train
2026-07-26 04:00:00+07:00,SKU-002,0,0.258,0.2389,1.0799,0.181,0,EP-002-02,FALSE_CONTENT,train
2026-07-26 05:00:00+07:00,SKU-002,0,0.4628,0.4301,1.0759,0.1718,0,EP-002-02,FALSE_CONTENT,train
2026-07-26 06:00:00+07:00,SKU-002,0,0.9738,0.9083,1.072,0.1632,0,EP-002-02,FALSE_CONTENT,train
2026-07-26 07:00:00+07:00,SKU-002,0,1.5838,1.4824,1.0684,0.1549,0,EP-002-02,FALSE_CONTENT,train
2026-07-26 08:00:00+07:00,SKU-002,1,2.1646,2.0326,1.065,0.1471,0,EP-002-02,FALSE_CONTENT,train
2026-07-26 09:00:00+07:00,SKU-002,1,2.5389,2.3914,1.0617,0.1397,0,EP-002-02,FALSE_CONTENT,train
2026-07-26 10:00:00+07:00,SKU-002,10,2.8352,2.6784,1.0586,0.1326,0,EP-002-02,FALSE_CONTENT,train
2026-07-26 11:00:00+07:00,SKU-002,0,3.13,2.9651,1.0556,0.1259,0,EP-002-02,FALSE_CONTENT,train
2026-07-26 12:00:00+07:00,SKU-002,2,3.2721,3.108,1.0528,0.1196,0,EP-002-02,FALSE_CONTENT,train
2026-07-26 13:00:00+07:00,SKU-002,2,2.9618,2.8204,1.0501,0.1135,0,EP-002-02,FALSE_CONTENT,train
2026-07-26 14:00:00+07:00,SKU-002,0,2.6283,2.5089,1.0476,0.1078,0,EP-002-02,FALSE_CONTENT,train
2026-07-26 15:00:00+07:00,SKU-002,0,2.5464,2.4362,1.0452,0.1024,0,EP-002-02,FALSE_CONTENT,train
2026-07-26 16:00:00+07:00,SKU-002,6,2.7388,2.6261,1.0429,0.0972,0,EP-002-02,FALSE_CONTENT,train
2026-07-26 17:00:00+07:00,SKU-002,2,3.1785,3.0541,1.0408,0.0923,0,EP-002-02,FALSE_CONTENT,train
2026-07-26 18:00:00+07:00,SKU-002,2,3.7647,3.6244,1.0387,0.0876,0,EP-002-02,FALSE_CONTENT,train
2026-07-26 19:00:00+07:00,SKU-002,2,4.3972,4.2414,1.0367,0.0832,0,EP-002-02,FALSE_CONTENT,train
2026-07-26 20:00:00+07:00,SKU-002,5,4.5831,4.4286,1.0349,0.079,0,EP-002-02,FALSE_CONTENT,train
2026-07-26 21:00:00+07:00,SKU-002,4,3.8095,3.6873,1.0331,0.075,0,EP-002-02,FALSE_CONTENT,train
2026-07-26 22:00:00+07:00,SKU-002,0,2.5005,2.4243,1.0315,0.0712,0,EP-002-02,FALSE_CONTENT,train
2026-07-26 23:00:00+07:00,SKU-002,0,1.2716,1.2347,1.0299,0.0676,0,EP-002-02,FALSE_CONTENT,train
2026-07-27 00:00:00+07:00,SKU-002,0,0.5183,0.504,1.0284,0.0642,0,EP-002-02,FALSE_CONTENT,train
2026-07-27 01:00:00+07:00,SKU-002,1,0.3309,0.3222,1.0269,0.061,0,EP-002-02,FALSE_CONTENT,train
2026-07-27 02:00:00+07:00,SKU-002,0,0.2269,0.2213,1.0256,0.0579,0,EP-002-02,FALSE_CONTENT,train
2026-07-27 03:00:00+07:00,SKU-002,1,0.1852,0.1808,1.0243,0.055,0,EP-002-02,FALSE_CONTENT,train
2026-07-27 04:00:00+07:00,SKU-002,0,0.2052,0.2006,1.023,0.0522,0,EP-002-02,FALSE_CONTENT,train
2026-07-27 05:00:00+07:00,SKU-002,0,0.3685,0.3606,1.0219,0.0496,0,EP-002-02,FALSE_CONTENT,train
2026-07-27 06:00:00+07:00,SKU-002,1,0.776,0.7602,1.0208,0.0471,0,EP-002-02,FALSE_CONTENT,train
2026-07-27 07:00:00+07:00,SKU-002,1,1.2629,1.2385,1.0197,0.0447,0,EP-002-02,FALSE_CONTENT,train
2026-07-27 08:00:00+07:00,SKU-002,2,1.727,1.6953,1.0187,0.0424,0,EP-002-02,FALSE_CONTENT,train
2026-07-27 09:00:00+07:00,SKU-002,1,2.0267,1.9912,1.0178,0.0403,0,EP-002-02,FALSE_CONTENT,train
2026-07-27 10:00:00+07:00,SKU-002,2,2.2641,2.2265,1.0169,0.0383,0,EP-002-02,FALSE_CONTENT,train
2026-07-27 11:00:00+07:00,SKU-002,3,2.5003,2.4608,1.016,0.0363,0,EP-002-02,FALSE_CONTENT,train
2026-07-27 12:00:00+07:00,SKU-002,3,2.6146,2.5754,1.0152,0.0345,0,EP-002-02,FALSE_CONTENT,train
2026-07-27 13:00:00+07:00,SKU-002,2,2.3672,2.3334,1.0145,0.0327,0,EP-002-02,FALSE_CONTENT,train
2026-07-27 14:00:00+07:00,SKU-002,8,2.101,2.0725,1.0137,0.0311,0,EP-002-02,FALSE_CONTENT,train
2026-07-27 15:00:00+07:00,SKU-002,0,2.0357,2.0095,1.013,0.0295,0,EP-002-02,FALSE_CONTENT,train
2026-07-27 16:00:00+07:00,SKU-002,0,2.1898,2.163,1.0124,0.028,0,EP-002-02,FALSE_CONTENT,train
2026-07-27 17:00:00+07:00,SKU-002,6,2.5416,2.512,1.0118,0.0266,0,EP-002-02,FALSE_CONTENT,train
2026-07-27 18:00:00+07:00,SKU-002,3,3.0104,2.9771,1.0112,0.0253,0,EP-002-02,FALSE_CONTENT,train
2026-07-27 19:00:00+07:00,SKU-002,7,3.5162,3.4794,1.0106,0.024,0,EP-002-02,FALSE_CONTENT,train
2026-07-27 20:00:00+07:00,SKU-002,3,3.6648,3.6283,1.0101,0.0228,0,EP-002-02,FALSE_CONTENT,train
2026-07-27 21:00:00+07:00,SKU-002,10,3.0462,3.0174,1.0096,0.0216,0,EP-002-02,FALSE_CONTENT,train
2026-07-27 22:00:00+07:00,SKU-002,3,1.9995,1.9815,1.0091,0.0205,0,EP-002-02,FALSE_CONTENT,train
2026-07-27 23:00:00+07:00,SKU-002,0,1.0167,1.0081,1.0086,0.0195,0,EP-002-02,FALSE_CONTENT,train
2026-07-28 00:00:00+07:00,SKU-002,0,0.4589,0.4552,1.0082,0.0185,0,EP-002-02,FALSE_CONTENT,train
2026-07-28 01:00:00+07:00,SKU-002,0,0.2929,0.2907,1.0078,0.0176,0,EP-002-02,FALSE_CONTENT,train
2026-07-28 02:00:00+07:00,SKU-002,0,0.2009,0.1994,1.0074,0.0167,0,EP-002-02,FALSE_CONTENT,train
2026-07-28 03:00:00+07:00,SKU-002,0,0.164,0.1628,1.007,0.0159,0,,,train
2026-07-28 04:00:00+07:00,SKU-002,0,0.1817,0.1805,1.0066,0.0151,0,,,train
2026-07-28 05:00:00+07:00,SKU-002,0,0.3263,0.3242,1.0063,0.0143,0,,,train
2026-07-28 06:00:00+07:00,SKU-002,1,0.6872,0.6831,1.006,0.0136,0,,,train
2026-07-28 07:00:00+07:00,SKU-002,0,1.1184,1.1121,1.0057,0.0129,0,,,train
2026-07-28 08:00:00+07:00,SKU-002,1,1.5296,1.5214,1.0054,0.0122,0,,,train
2026-07-28 09:00:00+07:00,SKU-002,5,1.7953,1.7862,1.0051,0.0116,0,,,train
2026-07-28 10:00:00+07:00,SKU-002,1,2.0061,1.9963,1.0049,0.011,0,,,train
2026-07-28 11:00:00+07:00,SKU-002,5,2.2159,2.2057,1.0046,0.0105,0,,,train
2026-07-28 12:00:00+07:00,SKU-002,3,2.3178,2.3077,1.0044,0.0099,0,,,train
2026-07-28 13:00:00+07:00,SKU-002,1,2.0992,2.0904,1.0042,0.0094,0,,,train
2026-07-28 14:00:00+07:00,SKU-002,2,2.992,2.9802,1.004,0.009,0,,,train
2026-07-28 15:00:00+07:00,SKU-002,1,2.9003,2.8894,1.0038,0.0085,0,,,train
2026-07-28 16:00:00+07:00,SKU-002,2,3.1212,3.1101,1.0036,0.0081,0,,,train
2026-07-28 17:00:00+07:00,SKU-002,9,3.6245,3.6122,1.0034,0.0077,0,,,train
2026-07-28 18:00:00+07:00,SKU-002,8,4.2955,4.2817,1.0032,0.0073,0,,,train
2026-07-28 19:00:00+07:00,SKU-002,2,5.0204,5.0051,1.0031,0.0069,0,,,train
2026-07-28 20:00:00+07:00,SKU-002,1,5.2361,5.221,1.0029,0.0066,0,,,train
2026-07-28 21:00:00+07:00,SKU-002,8,4.3554,4.3435,1.0028,0.0062,0,,,train
2026-07-28 22:00:00+07:00,SKU-002,4,2.8611,2.8536,1.0026,0.0059,0,,,train
2026-07-28 23:00:00+07:00,SKU-002,1,1.4561,1.4525,1.0025,0.0056,0,,,train
2026-07-29 00:00:00+07:00,SKU-002,1,0.6843,0.6827,1.0024,0.0053,0,,,train
2026-07-29 01:00:00+07:00,SKU-002,0,0.4373,0.4363,1.0022,0.0051,0,,,train
2026-07-29 02:00:00+07:00,SKU-002,0,0.3002,0.2995,1.0021,0.0048,0,,,train
2026-07-29 03:00:00+07:00,SKU-002,0,0.2453,0.2448,1.002,0.0046,0,,,train
2026-07-29 04:00:00+07:00,SKU-002,0,0.2721,0.2716,1.0019,0.0043,0,,,train
2026-07-29 05:00:00+07:00,SKU-002,1,0.4892,0.4883,1.0018,0.0041,0,,,train
2026-07-29 06:00:00+07:00,SKU-002,3,1.0315,1.0297,1.0017,0.0039,0,,,train
2026-07-29 07:00:00+07:00,SKU-002,3,1.6811,1.6784,1.0016,0.0037,0,,,train
2026-07-29 08:00:00+07:00,SKU-002,3,2.3024,2.2988,1.0016,0.0035,0,,,train
2026-07-29 09:00:00+07:00,SKU-002,5,2.7061,2.7021,1.0015,0.0034,0,,,train
2026-07-29 10:00:00+07:00,SKU-002,3,3.0281,3.0239,1.0014,0.0032,0,,,train
2026-07-29 11:00:00+07:00,SKU-002,2,3.3499,3.3455,1.0013,0.003,0,,,train
2026-07-29 12:00:00+07:00,SKU-002,6,3.5096,3.5051,1.0013,0.0029,0,,,train
2026-07-29 13:00:00+07:00,SKU-002,2,3.1836,3.1798,1.0012,0.0027,0,,,train
2026-07-29 14:00:00+07:00,SKU-002,1,2.8314,2.8282,1.0011,0.0026,0,,,train
2026-07-29 15:00:00+07:00,SKU-002,1,2.7493,2.7463,1.0011,0.0025,0,,,train
2026-07-29 16:00:00+07:00,SKU-002,2,2.9639,2.9609,1.001,0.0023,0,,,train
2026-07-29 17:00:00+07:00,SKU-002,0,3.448,3.4447,1.001,0.0022,0,,,train
2026-07-29 18:00:00+07:00,SKU-002,3,4.0939,4.0901,1.0009,0.0021,0,,,train
2026-07-29 19:00:00+07:00,SKU-002,2,4.7938,4.7896,1.0009,0.002,0,,,train
2026-07-29 20:00:00+07:00,SKU-002,11,5.0093,5.0051,1.0008,0.0019,0,,,train
2026-07-29 21:00:00+07:00,SKU-002,3,4.1749,4.1716,1.0008,0.0018,0,,,train
2026-07-29 22:00:00+07:00,SKU-002,1,2.7479,2.7458,1.0008,0.0017,0,,,train
2026-07-29 23:00:00+07:00,SKU-002,1,1.4013,1.4003,1.0007,0.0016,0,,,train
2026-07-30 00:00:00+07:00,SKU-002,1,0.7026,0.7022,1.0007,0.0015,0,,,train
2026-07-30 01:00:00+07:00,SKU-002,1,0.4499,0.4496,1.0006,0.0015,0,,,train
2026-07-30 02:00:00+07:00,SKU-002,1,0.3095,0.3093,1.0006,0.0014,0,,,train
2026-07-30 03:00:00+07:00,SKU-002,0,0.2534,0.2532,1.0006,0.0013,0,,,train
2026-07-30 04:00:00+07:00,SKU-002,0,0.2817,0.2816,1.0006,0.0013,0,,,train
2026-07-30 05:00:00+07:00,SKU-002,1,0.5075,0.5073,1.0005,0.0012,0,,,train
2026-07-30 06:00:00+07:00,SKU-002,0,1.0725,1.0719,1.0005,0.0011,0,,,train
2026-07-30 07:00:00+07:00,SKU-002,2,1.7515,1.7507,1.0005,0.0011,0,,,train
2026-07-30 08:00:00+07:00,SKU-002,3,2.4039,2.4028,1.0004,0.001,0,,,train
2026-07-30 09:00:00+07:00,SKU-002,2,2.8314,2.8302,1.0004,0.001,0,,,train
2026-07-30 10:00:00+07:00,SKU-002,3,3.175,3.1737,1.0004,0.0009,0,,,train
2026-07-30 11:00:00+07:00,SKU-002,7,3.5198,3.5185,1.0004,0.0009,0,,,train
2026-07-30 12:00:00+07:00,SKU-002,3,3.6952,3.6939,1.0004,0.0008,0,,,train
2026-07-30 13:00:00+07:00,SKU-002,8,3.359,3.3578,1.0003,0.0008,0,,,train
2026-07-30 14:00:00+07:00,SKU-002,4,2.9935,2.9925,1.0003,0.0007,0,,,train
2026-07-30 15:00:00+07:00,SKU-002,0,2.9126,2.9117,1.0003,0.0007,0,,,train
2026-07-30 16:00:00+07:00,SKU-002,1,3.1463,3.1453,1.0003,0.0007,0,,,train
2026-07-30 17:00:00+07:00,SKU-002,1,3.6674,3.6664,1.0003,0.0006,0,,,train
2026-07-30 18:00:00+07:00,SKU-002,8,4.3628,4.3616,1.0003,0.0006,0,,,train
2026-07-30 19:00:00+07:00,SKU-002,8,5.1185,5.1172,1.0003,0.0006,0,,,train
2026-07-30 20:00:00+07:00,SKU-002,12,5.3586,5.3573,1.0002,0.0005,0,,,train
2026-07-30 21:00:00+07:00,SKU-002,1,4.4742,4.4732,1.0002,0.0005,0,,,train
2026-07-30 22:00:00+07:00,SKU-002,3,2.9502,2.9495,1.0002,0.0005,0,,,train
2026-07-30 23:00:00+07:00,SKU-002,5,1.5071,1.5068,1.0002,0.0005,0,,,train
2026-07-31 00:00:00+07:00,SKU-002,1,0.815,0.8148,1.0002,0.0004,0,,,train
2026-07-31 01:00:00+07:00,SKU-002,2,0.5227,0.5226,1.0002,0.0004,0,,,train
2026-07-31 02:00:00+07:00,SKU-002,0,0.3601,0.3601,1.0002,0.0004,0,,,train
2026-07-31 03:00:00+07:00,SKU-002,0,0.1839,0.1839,1.0002,0.0004,0,,,train
2026-07-31 04:00:00+07:00,SKU-002,0,0.2048,0.2048,1.0002,0.0004,0,,,train
2026-07-31 05:00:00+07:00,SKU-002,0,0.3695,0.3695,1.0002,0.0003,0,,,train
2026-07-31 06:00:00+07:00,SKU-002,2,0.7819,0.7818,1.0001,0.0003,0,,,train
2026-07-31 07:00:00+07:00,SKU-002,0,1.2787,1.2785,1.0001,0.0003,0,,,train
2026-07-31 08:00:00+07:00,SKU-002,1,1.7571,1.7568,1.0001,0.0003,0,,,train
2026-07-31 09:00:00+07:00,SKU-002,2,2.072,2.0717,1.0001,0.0003,0,,,train
2026-07-31 10:00:00+07:00,SKU-002,2,2.326,2.3257,1.0001,0.0003,0,,,train
2026-07-31 11:00:00+07:00,SKU-002,2,2.5813,2.581,1.0001,0.0003,0,,,train
2026-07-31 12:00:00+07:00,SKU-002,4,2.7125,2.7123,1.0001,0.0002,0,,,train
2026-07-31 13:00:00+07:00,SKU-002,2,2.4679,2.4677,1.0001,0.0002,0,,,train
2026-07-31 14:00:00+07:00,SKU-002,1,2.2012,2.201,1.0001,0.0002,0,,,train
2026-07-31 15:00:00+07:00,SKU-002,0,2.1433,2.1431,1.0001,0.0002,0,,,train
2026-07-31 16:00:00+07:00,SKU-002,4,2.3168,2.3166,1.0001,0.0002,0,,,train
2026-07-31 17:00:00+07:00,SKU-002,3,2.7022,2.702,1.0001,0.0002,0,,,train
2026-07-31 18:00:00+07:00,SKU-002,0,3.2163,3.2161,1.0001,0.0002,0,,,train
2026-07-31 19:00:00+07:00,SKU-002,5,3.7751,3.7749,1.0001,0.0002,0,,,train
2026-07-31 20:00:00+07:00,SKU-002,3,3.9538,3.9535,1.0001,0.0002,0,,,train
2026-07-31 21:00:00+07:00,SKU-002,3,3.3022,3.302,1.0001,0.0001,0,,,train
2026-07-31 22:00:00+07:00,SKU-002,5,2.1779,2.1778,1.0001,0.0001,0,,,train
2026-07-31 23:00:00+07:00,SKU-002,0,1.1128,1.1127,1.0001,0.0001,0,,,train
2026-08-01 00:00:00+07:00,SKU-002,0,0.6239,0.6238,1.0001,0.0001,0,,,train
2026-08-01 01:00:00+07:00,SKU-002,0,0.4001,0.4001,1.0001,0.0001,0,,,train
2026-08-01 02:00:00+07:00,SKU-002,1,0.2757,0.2757,1.0001,0.0001,0,,,train
2026-08-01 03:00:00+07:00,SKU-002,0,0.226,0.226,1.0,0.0001,0,,,train
2026-08-01 04:00:00+07:00,SKU-002,0,0.2516,0.2516,1.0,0.0001,0,,,train
2026-08-01 05:00:00+07:00,SKU-002,0,0.4538,0.4538,1.0,0.0001,0,,,train
2026-08-01 06:00:00+07:00,SKU-002,1,0.9599,0.9599,1.0,0.0001,0,,,train
2026-08-01 07:00:00+07:00,SKU-002,0,1.5691,1.569,1.0,0.0001,0,,,train
2026-08-01 08:00:00+07:00,SKU-002,1,2.1551,2.155,1.0,0.0001,0,,,train
2026-08-01 09:00:00+07:00,SKU-002,1,2.5399,2.5398,1.0,0.0001,0,,,train
2026-08-01 10:00:00+07:00,SKU-002,0,2.8496,2.8495,1.0,0.0001,0,,,train
2026-08-01 11:00:00+07:00,SKU-002,2,3.1601,3.16,1.0,0.0001,0,,,train
2026-08-01 12:00:00+07:00,SKU-002,1,3.3183,3.3182,1.0,0.0001,0,,,train
2026-08-01 13:00:00+07:00,SKU-002,2,3.0167,3.0166,1.0,0.0001,0,,,train
2026-08-01 14:00:00+07:00,SKU-002,2,2.6883,2.6882,1.0,0.0001,0,,,train
2026-08-01 15:00:00+07:00,SKU-002,2,2.6152,2.6151,1.0,0.0001,0,,,train
2026-08-01 16:00:00+07:00,SKU-002,3,2.8241,2.824,1.0,0.0001,0,,,train
2026-08-01 17:00:00+07:00,SKU-002,0,3.2904,3.2903,1.0,0.0001,0,,,train
2026-08-01 18:00:00+07:00,SKU-002,4,3.912,3.9119,1.0,0.0001,0,,,train
2026-08-01 19:00:00+07:00,SKU-002,6,4.5864,4.5863,1.0,0.0,0,,,train
2026-08-01 20:00:00+07:00,SKU-002,3,4.7976,4.7975,1.0,0.0,0,,,train
2026-08-01 21:00:00+07:00,SKU-002,4,4.002,4.0019,1.0,0.0,0,,,train
2026-08-01 22:00:00+07:00,SKU-002,0,2.636,2.636,1.0,0.0,0,,,train
2026-08-01 23:00:00+07:00,SKU-002,2,1.345,1.345,1.0,0.0,0,,,train
2026-08-02 00:00:00+07:00,SKU-002,0,0.6067,0.6067,1.0,0.0,0,,,train
2026-08-02 01:00:00+07:00,SKU-002,1,0.3885,0.3885,1.0,0.0,0,,,train
2026-08-02 02:00:00+07:00,SKU-002,1,0.2673,0.2673,1.0,0.0,0,,,train
2026-08-02 03:00:00+07:00,SKU-002,0,0.2188,0.2188,1.0,0.0,0,,,train
2026-08-02 04:00:00+07:00,SKU-002,0,0.2432,0.2432,1.0,0.0,0,,,train
2026-08-02 05:00:00+07:00,SKU-002,0,0.438,0.438,1.0,0.0,0,,,train
2026-08-02 06:00:00+07:00,SKU-002,0,0.9249,0.9249,1.0,0.0,0,,,train
2026-08-02 07:00:00+07:00,SKU-002,1,1.5094,1.5094,1.0,0.0,0,,,train
2026-08-02 08:00:00+07:00,SKU-002,1,2.0697,2.0696,1.0,0.0,0,,,train
2026-08-02 09:00:00+07:00,SKU-002,1,2.4351,2.435,1.0,0.0,0,,,train
2026-08-02 10:00:00+07:00,SKU-002,0,2.7272,2.7272,1.0,0.0,0,,,train
2026-08-02 11:00:00+07:00,SKU-002,2,3.0191,3.0191,1.0,0.0,0,,,train
2026-08-02 12:00:00+07:00,SKU-002,3,3.1647,3.1647,1.0,0.0,0,,,train
2026-08-02 13:00:00+07:00,SKU-002,3,2.8719,2.8718,1.0,0.0,0,,,train
2026-08-02 14:00:00+07:00,SKU-002,1,2.5546,2.5546,1.0,0.0,0,,,train
2026-08-02 15:00:00+07:00,SKU-002,2,2.4806,2.4806,1.0,0.0,0,,,train
2026-08-02 16:00:00+07:00,SKU-002,1,2.6739,2.6739,1.0,0.0,0,,,train
2026-08-02 17:00:00+07:00,SKU-002,5,3.1097,3.1097,1.0,0.0,0,,,train
2026-08-02 18:00:00+07:00,SKU-002,2,3.6905,3.6904,1.0,0.0,0,,,train
2026-08-02 19:00:00+07:00,SKU-002,2,4.3187,4.3186,1.0,0.0,0,,,train
2026-08-02 20:00:00+07:00,SKU-002,2,4.5092,4.5092,1.0,0.0,0,,,train
2026-08-02 21:00:00+07:00,SKU-002,3,3.7545,3.7545,1.0,0.0,0,,,train
2026-08-02 22:00:00+07:00,SKU-002,6,2.4684,2.4684,1.0,0.0,0,,,train
2026-08-02 23:00:00+07:00,SKU-002,0,1.2572,1.2571,1.0,0.0,0,,,train
2026-08-03 00:00:00+07:00,SKU-002,0,0.5132,0.5132,1.0,0.0,0,,,train
2026-08-03 01:00:00+07:00,SKU-002,0,0.3281,0.3281,1.0,0.0,0,,,train
2026-08-03 02:00:00+07:00,SKU-002,1,0.2253,0.2253,1.0,0.0,0,,,train
2026-08-03 03:00:00+07:00,SKU-002,0,0.1841,0.1841,1.0,0.0,0,,,train
2026-08-03 04:00:00+07:00,SKU-002,0,0.2043,0.2043,1.0,0.0,0,,,train
2026-08-03 05:00:00+07:00,SKU-002,1,0.3672,0.3672,1.0,0.0,0,,,train
2026-08-03 06:00:00+07:00,SKU-002,0,0.774,0.774,1.0,0.0,0,,,train
2026-08-03 07:00:00+07:00,SKU-002,1,1.261,1.261,1.0,0.0,0,,,train
2026-08-03 08:00:00+07:00,SKU-002,2,1.7261,1.7261,1.0,0.0,0,,,train
2026-08-03 09:00:00+07:00,SKU-002,0,2.0274,2.0274,1.0,0.0,0,,,train
2026-08-03 10:00:00+07:00,SKU-002,0,2.267,2.267,1.0,0.0,0,,,train
2026-08-03 11:00:00+07:00,SKU-002,1,2.5056,2.5056,1.0,0.0,0,,,train
2026-08-03 12:00:00+07:00,SKU-002,5,2.6222,2.6222,1.0,0.0,0,,,train
2026-08-03 13:00:00+07:00,SKU-002,1,2.3759,2.3758,1.0,0.0,0,,,train
2026-08-03 14:00:00+07:00,SKU-002,3,2.1102,2.1102,1.0,0.0,0,EP-002-03,MISSING_SIGNAL,train
2026-08-03 15:00:00+07:00,SKU-002,0,2.0461,2.0461,1.0,0.0,0,EP-002-03,MISSING_SIGNAL,train
2026-08-03 16:00:00+07:00,SKU-002,1,2.2023,2.2023,1.0,0.0,0,EP-002-03,MISSING_SIGNAL,train
2026-08-03 17:00:00+07:00,SKU-002,4,2.5577,2.5577,1.0,0.0,0,EP-002-03,MISSING_SIGNAL,train
2026-08-03 18:00:00+07:00,SKU-002,2,3.0312,3.0312,1.0,0.0,0,EP-002-03,MISSING_SIGNAL,train
2026-08-03 19:00:00+07:00,SKU-002,3,3.5426,3.5426,1.0,0.0,0,EP-002-03,MISSING_SIGNAL,train
2026-08-03 20:00:00+07:00,SKU-002,3,3.6942,3.6942,1.0,0.0,0,EP-002-03,MISSING_SIGNAL,train
2026-08-03 21:00:00+07:00,SKU-002,2,3.0722,3.0722,1.0,0.0,0,EP-002-03,MISSING_SIGNAL,train
2026-08-03 22:00:00+07:00,SKU-002,0,2.0175,2.0175,1.0,0.0,0,EP-002-03,MISSING_SIGNAL,train
2026-08-03 23:00:00+07:00,SKU-002,2,1.0264,1.0264,1.0,0.0,0,EP-002-03,MISSING_SIGNAL,train
2026-08-04 00:00:00+07:00,SKU-002,0,0.4634,0.4634,1.0,0.0,0,EP-002-03,MISSING_SIGNAL,train
2026-08-04 01:00:00+07:00,SKU-002,2,0.296,0.296,1.0,0.0,0,EP-002-03,MISSING_SIGNAL,train
2026-08-04 02:00:00+07:00,SKU-002,0,0.203,0.203,1.0,0.0,0,EP-002-03,MISSING_SIGNAL,train
2026-08-04 03:00:00+07:00,SKU-002,0,0.1658,0.1658,1.0,0.0,0,EP-002-03,MISSING_SIGNAL,train
2026-08-04 04:00:00+07:00,SKU-002,1,0.1838,0.1838,1.0,0.0,0,EP-002-03,MISSING_SIGNAL,train
2026-08-04 05:00:00+07:00,SKU-002,1,0.3301,0.3301,1.0,0.0,0,EP-002-03,MISSING_SIGNAL,train
2026-08-04 06:00:00+07:00,SKU-002,0,0.6954,0.6954,1.0,0.0,0,EP-002-03,MISSING_SIGNAL,train
2026-08-04 07:00:00+07:00,SKU-002,0,2.0403,1.1323,1.8019,0.0,0,EP-002-03,MISSING_SIGNAL,train
2026-08-04 08:00:00+07:00,SKU-002,6,4.0335,1.549,2.6039,0.0,0,EP-002-03,MISSING_SIGNAL,train
2026-08-04 09:00:00+07:00,SKU-002,9,6.1936,1.8185,3.4058,0.0,0,EP-002-03,MISSING_SIGNAL,train
2026-08-04 10:00:00+07:00,SKU-002,7,8.5524,2.0325,4.2078,0.0,0,EP-002-03,MISSING_SIGNAL,train
2026-08-04 11:00:00+07:00,SKU-002,15,9.2231,2.2456,4.1071,0.0,0,EP-002-03,MISSING_SIGNAL,train
2026-08-04 12:00:00+07:00,SKU-002,15,9.4206,2.3495,4.0096,0.0,0,EP-002-03,MISSING_SIGNAL,train
2026-08-04 13:00:00+07:00,SKU-002,4,8.3328,2.1283,3.9152,0.0,0,EP-002-03,MISSING_SIGNAL,train
2026-08-04 14:00:00+07:00,SKU-002,8,7.2271,1.8901,3.8237,0.0,0,EP-002-03,MISSING_SIGNAL,train
2026-08-04 15:00:00+07:00,SKU-002,2,6.8446,1.8325,3.7351,0.0,0,EP-002-03,MISSING_SIGNAL,train
2026-08-04 16:00:00+07:00,SKU-002,14,7.198,1.9725,3.6492,0.0,0,EP-002-03,MISSING_SIGNAL,train
2026-08-04 17:00:00+07:00,SKU-002,21,8.1696,2.2909,3.5661,0.0,0,EP-002-03,MISSING_SIGNAL,train
2026-08-04 18:00:00+07:00,SKU-002,1,9.465,2.7155,3.4856,0.0,0,EP-002-03,MISSING_SIGNAL,train
2026-08-04 19:00:00+07:00,SKU-002,11,10.8166,3.1743,3.4076,0.0,0,EP-002-03,MISSING_SIGNAL,train
2026-08-04 20:00:00+07:00,SKU-002,5,11.0329,3.3112,3.332,0.0,0,EP-002-03,MISSING_SIGNAL,train
2026-08-04 21:00:00+07:00,SKU-002,8,8.977,2.7546,3.2588,0.0,0,EP-002-03,MISSING_SIGNAL,train
2026-08-04 22:00:00+07:00,SKU-002,0,5.7695,1.8098,3.188,0.0,0,EP-002-03,MISSING_SIGNAL,train
2026-08-04 23:00:00+07:00,SKU-002,1,2.8734,0.9212,3.1193,0.0,0,EP-002-03,MISSING_SIGNAL,train
2026-08-05 00:00:00+07:00,SKU-002,1,1.3218,0.433,3.0528,0.0,0,EP-002-03,MISSING_SIGNAL,train
2026-08-05 01:00:00+07:00,SKU-002,1,0.8269,0.2767,2.9884,0.0,0,EP-002-03,MISSING_SIGNAL,train
2026-08-05 02:00:00+07:00,SKU-002,1,0.5558,0.19,2.926,0.0,0,EP-002-03,MISSING_SIGNAL,train
2026-08-05 03:00:00+07:00,SKU-002,0,0.4448,0.1552,2.8655,0.0,0,EP-002-03,MISSING_SIGNAL,train
2026-08-05 04:00:00+07:00,SKU-002,0,0.4835,0.1723,2.807,0.0,0,EP-002-03,MISSING_SIGNAL,train
2026-08-05 05:00:00+07:00,SKU-002,0,0.8517,0.3097,2.7503,0.0,0,EP-002-03,MISSING_SIGNAL,train
2026-08-05 06:00:00+07:00,SKU-002,5,1.7602,0.6531,2.6954,0.0,0,EP-002-03,MISSING_SIGNAL,train
2026-08-05 07:00:00+07:00,SKU-002,2,2.8123,1.0644,2.6422,0.0,0,EP-002-03,MISSING_SIGNAL,train
2026-08-05 08:00:00+07:00,SKU-002,1,3.7768,1.4579,2.5906,0.0,0,EP-002-03,MISSING_SIGNAL,train
2026-08-05 09:00:00+07:00,SKU-002,1,4.3538,1.7136,2.5407,0.0,0,EP-002-03,MISSING_SIGNAL,train
2026-08-05 10:00:00+07:00,SKU-002,6,4.7797,1.9177,2.4924,0.0,0,EP-002-03,MISSING_SIGNAL,train
2026-08-05 11:00:00+07:00,SKU-002,10,5.1886,2.1217,2.4455,0.0,0,EP-002-03,MISSING_SIGNAL,train
2026-08-05 12:00:00+07:00,SKU-002,2,5.3353,2.2229,2.4002,0.0,0,EP-002-03,MISSING_SIGNAL,train
2026-08-05 13:00:00+07:00,SKU-002,10,4.7516,2.0166,2.3562,0.0,0,EP-002-03,MISSING_SIGNAL,train
2026-08-05 14:00:00+07:00,SKU-002,1,4.1498,1.7936,2.3137,0.0,0,EP-002-03,MISSING_SIGNAL,train
2026-08-05 15:00:00+07:00,SKU-002,2,3.9579,1.7417,2.2725,0.0,0,EP-002-03,MISSING_SIGNAL,train
2026-08-05 16:00:00+07:00,SKU-002,4,4.1921,1.8777,2.2325,0.0,0,EP-002-03,MISSING_SIGNAL,train
2026-08-05 17:00:00+07:00,SKU-002,0,4.7925,2.1845,2.1938,0.0,0,EP-002-03,MISSING_SIGNAL,train
2026-08-05 18:00:00+07:00,SKU-002,8,5.5933,2.5938,2.1564,0.0,0,EP-002-03,MISSING_SIGNAL,train
2026-08-05 19:00:00+07:00,SKU-002,7,6.4396,3.0374,2.1201,0.0,0,EP-002-03,MISSING_SIGNAL,train
2026-08-05 20:00:00+07:00,SKU-002,6,6.6179,3.1741,2.0849,0.0,0,EP-002-03,MISSING_SIGNAL,train
2026-08-05 21:00:00+07:00,SKU-002,7,5.4257,2.6455,2.0509,0.0,3,EP-002-03,MISSING_SIGNAL,train
2026-08-05 22:00:00+07:00,SKU-002,7,3.5139,1.7413,2.0179,0.0,7,EP-002-03,MISSING_SIGNAL,train
2026-08-05 23:00:00+07:00,SKU-002,3,1.7636,0.888,1.986,0.0,3,EP-002-03,MISSING_SIGNAL,train
2026-08-06 00:00:00+07:00,SKU-002,0,0.8706,0.4453,1.955,0.0,0,EP-002-03,MISSING_SIGNAL,train
2026-08-06 01:00:00+07:00,SKU-002,0,0.5489,0.2851,1.9251,0.0,0,EP-002-03,MISSING_SIGNAL,train
2026-08-06 02:00:00+07:00,SKU-002,0,0.3719,0.1961,1.896,0.0,0,EP-002-03,MISSING_SIGNAL,train
2026-08-06 03:00:00+07:00,SKU-002,0,0.3,0.1606,1.8679,0.0,0,EP-002-03,MISSING_SIGNAL,train
2026-08-06 04:00:00+07:00,SKU-002,3,0.3287,0.1786,1.8407,0.0,3,EP-002-03,MISSING_SIGNAL,train
2026-08-06 05:00:00+07:00,SKU-002,0,0.5837,0.3217,1.8143,0.0,0,EP-002-03,MISSING_SIGNAL,train
2026-08-06 06:00:00+07:00,SKU-002,0,1.2159,0.6798,1.7887,0.0,0,EP-002-03,MISSING_SIGNAL,train
2026-08-06 07:00:00+07:00,SKU-002,5,1.9584,1.1102,1.764,0.0,5,EP-002-03,MISSING_SIGNAL,train
2026-08-06 08:00:00+07:00,SKU-002,4,2.6514,1.5238,1.74,0.0,4,EP-002-03,MISSING_SIGNAL,train
2026-08-06 09:00:00+07:00,SKU-002,1,3.0813,1.7948,1.7168,0.0,1,EP-002-03,MISSING_SIGNAL,train
2026-08-06 10:00:00+07:00,SKU-002,3,3.4101,2.0127,1.6943,0.0,3,EP-002-03,MISSING_SIGNAL,train
2026-08-06 11:00:00+07:00,SKU-002,1,3.7318,2.2313,1.6725,0.0,1,EP-002-03,MISSING_SIGNAL,train
2026-08-06 12:00:00+07:00,SKU-002,5,3.8684,2.3425,1.6514,0.0,5,EP-002-03,MISSING_SIGNAL,train
2026-08-06 13:00:00+07:00,SKU-002,1,3.473,2.1294,1.631,0.0,1,EP-002-03,MISSING_SIGNAL,train
2026-08-06 14:00:00+07:00,SKU-002,3,3.0575,1.8977,1.6112,0.0,3,EP-002-03,MISSING_SIGNAL,train
2026-08-06 15:00:00+07:00,SKU-002,1,2.9396,1.8465,1.592,0.0,1,EP-002-03,MISSING_SIGNAL,train
2026-08-06 16:00:00+07:00,SKU-002,3,3.1384,1.9946,1.5734,0.0,3,EP-002-03,MISSING_SIGNAL,train
2026-08-06 17:00:00+07:00,SKU-002,4,3.6164,2.325,1.5554,0.0,4,EP-002-03,MISSING_SIGNAL,train
2026-08-06 18:00:00+07:00,SKU-002,2,4.254,2.7659,1.538,0.0,2,EP-002-03,MISSING_SIGNAL,train
2026-08-06 19:00:00+07:00,SKU-002,4,4.936,3.245,1.5211,0.0,4,EP-002-03,MISSING_SIGNAL,train
2026-08-06 20:00:00+07:00,SKU-002,6,5.1122,3.3973,1.5048,0.0,6,EP-002-03,MISSING_SIGNAL,train
2026-08-06 21:00:00+07:00,SKU-002,1,4.2235,2.8366,1.4889,0.0,1,EP-002-03,MISSING_SIGNAL,train
2026-08-06 22:00:00+07:00,SKU-002,6,2.7562,1.8704,1.4736,0.0,6,EP-002-03,MISSING_SIGNAL,train
2026-08-06 23:00:00+07:00,SKU-002,1,1.3938,0.9555,1.4587,0.0,1,EP-002-03,MISSING_SIGNAL,train
2026-08-07 00:00:00+07:00,SKU-002,3,0.7463,0.5167,1.4443,0.0,3,EP-002-04,SLOW_BURN,train
2026-08-07 01:00:00+07:00,SKU-002,0,0.474,0.3314,1.4304,0.0833,0,EP-002-04,SLOW_BURN,train
2026-08-07 02:00:00+07:00,SKU-002,1,0.3235,0.2283,1.4169,0.1667,0,EP-002-04,SLOW_BURN,train
2026-08-07 03:00:00+07:00,SKU-002,0,0.2628,0.1872,1.4038,0.25,0,EP-002-04,SLOW_BURN,train
2026-08-07 04:00:00+07:00,SKU-002,0,0.29,0.2085,1.3911,0.3333,0,EP-002-04,SLOW_BURN,train
2026-08-07 05:00:00+07:00,SKU-002,3,0.5186,0.3761,1.3788,0.4167,0,EP-002-04,SLOW_BURN,train
2026-08-07 06:00:00+07:00,SKU-002,1,1.0879,0.7959,1.367,0.5,0,EP-002-04,SLOW_BURN,train
2026-08-07 07:00:00+07:00,SKU-002,1,1.7641,1.3015,1.3554,0.5833,0,EP-002-04,SLOW_BURN,train
2026-08-07 08:00:00+07:00,SKU-002,1,2.4042,1.7885,1.3443,0.6667,0,EP-002-04,SLOW_BURN,train
2026-08-07 09:00:00+07:00,SKU-002,0,2.8123,2.109,1.3335,0.75,0,EP-002-04,SLOW_BURN,train
2026-08-07 10:00:00+07:00,SKU-002,4,3.1324,2.3676,1.323,0.8333,0,EP-002-04,SLOW_BURN,train
2026-08-07 11:00:00+07:00,SKU-002,1,3.4495,2.6274,1.3129,0.9167,0,EP-002-04,SLOW_BURN,train
2026-08-07 12:00:00+07:00,SKU-002,3,3.5978,2.761,1.3031,1.0,0,EP-002-04,SLOW_BURN,train
2026-08-07 13:00:00+07:00,SKU-002,3,3.2495,2.5121,1.2935,0.9883,0,EP-002-04,SLOW_BURN,train
2026-08-07 14:00:00+07:00,SKU-002,3,2.8777,2.2406,1.2843,0.9768,0,EP-002-04,SLOW_BURN,train
2026-08-07 15:00:00+07:00,SKU-002,3,2.7826,2.1817,1.2754,0.9655,0,EP-002-04,SLOW_BURN,train
2026-08-07 16:00:00+07:00,SKU-002,7,2.9874,2.3583,1.2668,0.9542,0,EP-002-04,SLOW_BURN,train
2026-08-07 17:00:00+07:00,SKU-002,3,3.4614,2.7506,1.2584,0.9431,0,EP-002-04,SLOW_BURN,train
2026-08-07 18:00:00+07:00,SKU-002,5,4.0933,3.2739,1.2503,0.9321,0,EP-002-04,SLOW_BURN,train
2026-08-07 19:00:00+07:00,SKU-002,7,4.7743,3.8427,1.2424,0.9212,0,EP-002-04,SLOW_BURN,train
2026-08-07 20:00:00+07:00,SKU-002,0,4.9697,4.0246,1.2348,0.9105,0,EP-002-04,SLOW_BURN,train
2026-08-07 21:00:00+07:00,SKU-002,1,4.126,3.3614,1.2275,0.8999,0,EP-002-04,SLOW_BURN,train
2026-08-07 22:00:00+07:00,SKU-002,6,2.8184,2.2169,1.2713,0.8894,0,EP-002-04,SLOW_BURN,train
2026-08-07 23:00:00+07:00,SKU-002,7,1.5425,1.1327,1.3618,0.879,0,EP-002-04,SLOW_BURN,train
2026-08-08 00:00:00+07:00,SKU-002,4,0.9222,0.635,1.4522,0.8688,0,EP-002-04,SLOW_BURN,train
2026-08-08 01:00:00+07:00,SKU-002,1,0.6283,0.4073,1.5426,0.8587,0,EP-002-04,SLOW_BURN,train
2026-08-08 02:00:00+07:00,SKU-002,0,0.4582,0.2806,1.6331,0.8487,0,EP-002-04,SLOW_BURN,train
2026-08-08 03:00:00+07:00,SKU-002,3,0.3965,0.2301,1.7235,0.8388,0,EP-002-04,SLOW_BURN,train
2026-08-08 04:00:00+07:00,SKU-002,0,0.4646,0.2561,1.814,0.829,0,EP-002-04,SLOW_BURN,train
2026-08-08 05:00:00+07:00,SKU-002,0,0.8797,0.4619,1.9044,0.8194,0,EP-002-04,SLOW_BURN,train
2026-08-08 06:00:00+07:00,SKU-002,0,1.9492,0.9771,1.9949,0.8098,0,EP-002-04,SLOW_BURN,train
2026-08-08 07:00:00+07:00,SKU-002,4,3.3307,1.5972,2.0853,0.8004,0,EP-002-04,SLOW_BURN,train
2026-08-08 08:00:00+07:00,SKU-002,5,4.5468,2.1937,2.0727,0.7911,0,EP-002-04,SLOW_BURN,train
2026-08-08 09:00:00+07:00,SKU-002,0,5.3263,2.5854,2.0602,0.7818,0,EP-002-04,SLOW_BURN,train
2026-08-08 10:00:00+07:00,SKU-002,14,5.9399,2.9006,2.0478,0.7727,0,EP-002-04,SLOW_BURN,train
2026-08-08 11:00:00+07:00,SKU-002,3,6.548,3.2167,2.0356,0.7637,0,EP-002-04,SLOW_BURN,train
2026-08-08 12:00:00+07:00,SKU-002,9,6.835,3.3778,2.0235,0.7548,0,EP-002-04,SLOW_BURN,train
2026-08-08 13:00:00+07:00,SKU-002,4,6.177,3.0707,2.0116,0.746,0,EP-002-04,SLOW_BURN,train
2026-08-08 14:00:00+07:00,SKU-002,2,5.4723,2.7364,1.9998,0.7373,0,EP-002-04,SLOW_BURN,train
2026-08-08 15:00:00+07:00,SKU-002,5,5.2925,2.662,1.9882,0.7287,0,EP-002-04,SLOW_BURN,train
2026-08-08 16:00:00+07:00,SKU-002,12,5.6822,2.8746,1.9767,0.7203,0,EP-002-04,SLOW_BURN,train
2026-08-08 17:00:00+07:00,SKU-002,7,6.5823,3.3493,1.9653,0.7119,0,EP-002-04,SLOW_BURN,train
2026-08-08 18:00:00+07:00,SKU-002,3,7.7811,3.9821,1.954,0.7036,0,EP-002-04,SLOW_BURN,train
2026-08-08 19:00:00+07:00,SKU-002,14,9.0706,4.6685,1.9429,0.6954,0,EP-002-04,SLOW_BURN,train
2026-08-08 20:00:00+07:00,SKU-002,1,9.4347,4.8836,1.9319,0.6873,0,EP-002-04,SLOW_BURN,train
2026-08-08 21:00:00+07:00,SKU-002,6,7.8258,4.0737,1.9211,0.6793,0,EP-002-04,SLOW_BURN,train
2026-08-08 22:00:00+07:00,SKU-002,1,5.1258,2.6832,1.9103,0.6714,0,EP-002-04,SLOW_BURN,train
2026-08-08 23:00:00+07:00,SKU-002,2,2.6008,1.3691,1.8997,0.6635,0,EP-002-04,SLOW_BURN,train
2026-08-09 00:00:00+07:00,SKU-002,1,1.1667,0.6175,1.8892,0.6558,0,EP-002-04,SLOW_BURN,train
2026-08-09 01:00:00+07:00,SKU-002,1,0.7431,0.3955,1.8789,0.6482,0,EP-002-04,SLOW_BURN,train
2026-08-09 02:00:00+07:00,SKU-002,1,0.5084,0.2721,1.8686,0.6406,0,EP-002-04,SLOW_BURN,train
2026-08-09 03:00:00+07:00,SKU-002,0,0.4139,0.2227,1.8585,0.6331,0,EP-002-04,SLOW_BURN,train
2026-08-09 04:00:00+07:00,SKU-002,0,0.4577,0.2476,1.8485,0.6258,0,EP-002-04,SLOW_BURN,train
2026-08-09 05:00:00+07:00,SKU-002,0,0.8197,0.4458,1.8386,0.6185,0,EP-002-04,SLOW_BURN,train
2026-08-09 06:00:00+07:00,SKU-002,2,1.7218,0.9415,1.8289,0.6113,0,EP-002-04,SLOW_BURN,train
2026-08-09 07:00:00+07:00,SKU-002,0,2.7951,1.5364,1.8192,0.6041,0,EP-002-04,SLOW_BURN,train
2026-08-09 08:00:00+07:00,SKU-002,1,3.8124,2.1067,1.8097,0.5971,0,EP-002-04,SLOW_BURN,train
2026-08-09 09:00:00+07:00,SKU-002,5,4.4621,2.4786,1.8002,0.5902,0,EP-002-04,SLOW_BURN,train
2026-08-09 10:00:00+07:00,SKU-002,13,4.9716,2.776,1.7909,0.5833,0,EP-002-04,SLOW_BURN,train
2026-08-09 11:00:00+07:00,SKU-002,11,5.4754,3.0732,1.7817,0.5765,0,EP-002-04,SLOW_BURN,train
2026-08-09 12:00:00+07:00,SKU-002,2,5.71,3.2213,1.7726,0.5698,0,EP-002-04,SLOW_BURN,train
2026-08-09 13:00:00+07:00,SKU-002,3,5.1554,2.9232,1.7636,0.5631,0,EP-002-04,SLOW_BURN,train
2026-08-09 14:00:00+07:00,SKU-002,11,4.5628,2.6003,1.7547,0.5566,0,EP-002-04,SLOW_BURN,train
2026-08-09 15:00:00+07:00,SKU-002,1,4.4084,2.525,1.7459,0.5501,0,EP-002-04,SLOW_BURN,train
2026-08-09 16:00:00+07:00,SKU-002,6,4.7282,2.7217,1.7372,0.5437,0,EP-002-04,SLOW_BURN,train
2026-08-09 17:00:00+07:00,SKU-002,8,5.4716,3.1653,1.7286,0.5373,0,EP-002-04,SLOW_BURN,train
2026-08-09 18:00:00+07:00,SKU-002,6,6.4616,3.7564,1.7201,0.5311,0,EP-002-04,SLOW_BURN,train
2026-08-09 19:00:00+07:00,SKU-002,4,7.5246,4.3959,1.7117,0.5249,0,EP-002-04,SLOW_BURN,train
2026-08-09 20:00:00+07:00,SKU-002,10,7.8186,4.5898,1.7034,0.5188,0,EP-002-04,SLOW_BURN,train
2026-08-09 21:00:00+07:00,SKU-002,10,6.4786,3.8216,1.6952,0.5127,0,EP-002-04,SLOW_BURN,train
2026-08-09 22:00:00+07:00,SKU-002,6,4.239,2.5125,1.6871,0.5068,0,EP-002-04,SLOW_BURN,train
2026-08-09 23:00:00+07:00,SKU-002,4,2.1487,1.2796,1.6791,0.5009,0,EP-002-04,SLOW_BURN,train
2026-08-10 00:00:00+07:00,SKU-002,0,0.873,0.5224,1.6712,0.495,0,EP-002-04,SLOW_BURN,train
2026-08-10 01:00:00+07:00,SKU-002,0,0.5555,0.3339,1.6634,0.4892,0,EP-002-04,SLOW_BURN,train
2026-08-10 02:00:00+07:00,SKU-002,0,0.3797,0.2293,1.6557,0.4835,0,EP-002-04,SLOW_BURN,train
2026-08-10 03:00:00+07:00,SKU-002,0,0.3088,0.1874,1.648,0.4779,0,EP-002-04,SLOW_BURN,train
2026-08-10 04:00:00+07:00,SKU-002,0,0.3411,0.2079,1.6405,0.4723,0,EP-002-04,SLOW_BURN,train
2026-08-10 05:00:00+07:00,SKU-002,0,0.6103,0.3737,1.633,0.4668,0,EP-002-04,SLOW_BURN,train
2026-08-10 06:00:00+07:00,SKU-002,1,1.2808,0.7879,1.6257,0.4614,1,EP-002-04,SLOW_BURN,train
2026-08-10 07:00:00+07:00,SKU-002,2,2.0772,1.2835,1.6184,0.456,2,EP-002-04,SLOW_BURN,train
2026-08-10 08:00:00+07:00,SKU-002,9,2.8307,1.7569,1.6112,0.4507,9,EP-002-04,SLOW_BURN,train
2026-08-10 09:00:00+07:00,SKU-002,3,3.3102,2.0636,1.604,0.4455,3,EP-002-04,SLOW_BURN,train
2026-08-10 10:00:00+07:00,SKU-002,5,3.685,2.3074,1.597,0.4403,5,EP-002-04,SLOW_BURN,train
2026-08-10 11:00:00+07:00,SKU-002,6,4.0551,2.5503,1.59,0.4351,6,EP-002-04,SLOW_BURN,train
2026-08-10 12:00:00+07:00,SKU-002,3,4.2255,2.669,1.5832,0.4301,3,EP-002-04,SLOW_BURN,train
2026-08-10 13:00:00+07:00,SKU-002,8,3.8121,2.4183,1.5764,0.4251,8,EP-002-04,SLOW_BURN,train
2026-08-10 14:00:00+07:00,SKU-002,1,3.3714,2.1479,1.5697,0.4201,0,EP-002-04,SLOW_BURN,train
2026-08-10 15:00:00+07:00,SKU-002,3,3.2551,2.0826,1.563,0.4152,0,EP-002-04,SLOW_BURN,train
2026-08-10 16:00:00+07:00,SKU-002,6,3.489,2.2416,1.5565,0.4104,0,EP-002-04,SLOW_BURN,train
2026-08-10 17:00:00+07:00,SKU-002,2,4.0351,2.6033,1.55,0.4056,0,EP-002-04,SLOW_BURN,train
2026-08-10 18:00:00+07:00,SKU-002,5,4.7624,3.0853,1.5436,0.4009,0,EP-002-04,SLOW_BURN,train
2026-08-10 19:00:00+07:00,SKU-002,8,5.5429,3.6057,1.5372,0.3962,0,EP-002-04,SLOW_BURN,train
2026-08-10 20:00:00+07:00,SKU-002,5,5.7567,3.7601,1.531,0.3916,0,EP-002-04,SLOW_BURN,train
2026-08-10 21:00:00+07:00,SKU-002,2,4.768,3.127,1.5248,0.387,0,EP-002-04,SLOW_BURN,train
2026-08-10 22:00:00+07:00,SKU-002,0,3.1185,2.0535,1.5187,0.3825,0,EP-002-04,SLOW_BURN,train
2026-08-10 23:00:00+07:00,SKU-002,1,1.5802,1.0447,1.5126,0.3781,0,EP-002-04,SLOW_BURN,train
2026-08-11 00:00:00+07:00,SKU-002,0,0.7107,0.4717,1.5067,0.3737,0,EP-002-04,SLOW_BURN,train
2026-08-11 01:00:00+07:00,SKU-002,1,0.4521,0.3012,1.5008,0.3693,0,EP-002-04,SLOW_BURN,train
2026-08-11 02:00:00+07:00,SKU-002,0,0.3089,0.2067,1.4949,0.365,0,EP-002-04,SLOW_BURN,train
2026-08-11 03:00:00+07:00,SKU-002,0,0.2513,0.1687,1.4892,0.3607,0,EP-002-04,SLOW_BURN,train
2026-08-11 04:00:00+07:00,SKU-002,1,0.2775,0.1871,1.4835,0.3565,0,EP-002-04,SLOW_BURN,train
2026-08-11 05:00:00+07:00,SKU-002,0,0.4966,0.336,1.4778,0.3524,0,EP-002-04,SLOW_BURN,train
2026-08-11 06:00:00+07:00,SKU-002,3,1.0421,0.7078,1.4723,0.3483,0,EP-002-04,SLOW_BURN,train
2026-08-11 07:00:00+07:00,SKU-002,4,1.6903,1.1524,1.4668,0.3442,0,EP-002-04,SLOW_BURN,train
2026-08-11 08:00:00+07:00,SKU-002,5,2.3039,1.5766,1.4613,0.3402,0,EP-002-04,SLOW_BURN,train
2026-08-11 09:00:00+07:00,SKU-002,2,2.6949,1.8509,1.4559,0.3362,0,EP-002-04,SLOW_BURN,train
2026-08-11 10:00:00+07:00,SKU-002,2,3.001,2.0687,1.4506,0.3323,0,EP-002-04,SLOW_BURN,train
2026-08-11 11:00:00+07:00,SKU-002,5,3.3036,2.2856,1.4454,0.3285,0,EP-002-04,SLOW_BURN,train
2026-08-11 12:00:00+07:00,SKU-002,3,3.444,2.3913,1.4402,0.3246,0,EP-002-04,SLOW_BURN,train
2026-08-11 13:00:00+07:00,SKU-002,4,3.1087,2.1662,1.4351,0.3208,0,EP-002-04,SLOW_BURN,train
2026-08-11 14:00:00+07:00,SKU-002,5,2.7509,1.9237,1.43,0.3171,0,EP-002-04,SLOW_BURN,train
2026-08-11 15:00:00+07:00,SKU-002,5,2.6578,1.8651,1.425,0.3134,0,EP-002-04,SLOW_BURN,train
2026-08-11 16:00:00+07:00,SKU-002,3,2.8508,2.0076,1.42,0.3098,0,EP-002-04,SLOW_BURN,train
2026-08-11 17:00:00+07:00,SKU-002,2,3.2997,2.3317,1.4151,0.3062,0,EP-002-04,SLOW_BURN,train
2026-08-11 18:00:00+07:00,SKU-002,3,3.8978,2.7638,1.4103,0.3026,0,EP-002-04,SLOW_BURN,train
2026-08-11 19:00:00+07:00,SKU-002,6,4.5409,3.2308,1.4055,0.2991,0,EP-002-04,SLOW_BURN,train
2026-08-11 20:00:00+07:00,SKU-002,2,4.7208,3.3701,1.4008,0.2956,0,EP-002-04,SLOW_BURN,train
2026-08-11 21:00:00+07:00,SKU-002,1,3.9142,2.8036,1.3961,0.2921,0,EP-002-04,SLOW_BURN,train
2026-08-11 22:00:00+07:00,SKU-002,4,2.5631,1.842,1.3915,0.2887,0,EP-002-04,SLOW_BURN,train
2026-08-11 23:00:00+07:00,SKU-002,0,1.3003,0.9376,1.387,0.2854,0,EP-002-04,SLOW_BURN,train
2026-08-12 00:00:00+07:00,SKU-002,0,0.6092,0.4407,1.3824,0.282,0,EP-002-04,SLOW_BURN,train
2026-08-12 01:00:00+07:00,SKU-002,0,0.3881,0.2816,1.378,0.2788,0,EP-002-04,SLOW_BURN,train
2026-08-12 02:00:00+07:00,SKU-002,0,0.2656,0.1933,1.3736,0.2755,0,EP-002-04,SLOW_BURN,train
2026-08-12 03:00:00+07:00,SKU-002,0,0.2163,0.158,1.3692,0.2723,0,EP-002-04,SLOW_BURN,train
2026-08-12 04:00:00+07:00,SKU-002,0,0.2393,0.1753,1.3649,0.2691,0,EP-002-04,SLOW_BURN,train
2026-08-12 05:00:00+07:00,SKU-002,1,0.4289,0.3152,1.3607,0.266,0,EP-002-04,SLOW_BURN,train
2026-08-12 06:00:00+07:00,SKU-002,0,0.9016,0.6647,1.3565,0.2629,0,EP-002-04,SLOW_BURN,train
2026-08-12 07:00:00+07:00,SKU-002,1,1.465,1.0833,1.3523,0.2598,0,EP-002-04,SLOW_BURN,train
2026-08-12 08:00:00+07:00,SKU-002,0,2.0004,1.4838,1.3482,0.2568,0,EP-002-04,SLOW_BURN,train
2026-08-12 09:00:00+07:00,SKU-002,1,2.3443,1.7441,1.3442,0.2538,0,EP-002-04,SLOW_BURN,train
2026-08-12 10:00:00+07:00,SKU-002,2,2.6157,1.9518,1.3401,0.2509,0,EP-002-04,SLOW_BURN,train
2026-08-12 11:00:00+07:00,SKU-002,0,2.8853,2.1593,1.3362,0.2479,0,EP-002-04,SLOW_BURN,train
2026-08-12 12:00:00+07:00,SKU-002,0,3.0141,2.2624,1.3323,0.245,0,EP-002-04,SLOW_BURN,train
2026-08-12 13:00:00+07:00,SKU-002,2,2.7264,2.0524,1.3284,0.2422,0,EP-002-04,SLOW_BURN,train
2026-08-12 14:00:00+07:00,SKU-002,2,2.4179,1.8254,1.3246,0.2394,0,EP-002-04,SLOW_BURN,train
2026-08-12 15:00:00+07:00,SKU-002,4,2.3412,1.7726,1.3208,0.2366,0,EP-002-04,SLOW_BURN,train
2026-08-12 16:00:00+07:00,SKU-002,7,2.517,1.9111,1.3171,0.2338,0,EP-002-04,SLOW_BURN,train
2026-08-12 17:00:00+07:00,SKU-002,2,2.92,2.2233,1.3134,0.2311,0,EP-002-04,SLOW_BURN,train
2026-08-12 18:00:00+07:00,SKU-002,3,3.4575,2.6399,1.3097,0.2284,0,EP-002-04,SLOW_BURN,train
2026-08-12 19:00:00+07:00,SKU-002,4,4.0376,3.0913,1.3061,0.2257,0,EP-002-04,SLOW_BURN,train
2026-08-12 20:00:00+07:00,SKU-002,2,4.2078,3.2305,1.3025,0.2231,0,EP-002-04,SLOW_BURN,train
2026-08-12 21:00:00+07:00,SKU-002,5,3.4975,2.6925,1.299,0.2205,0,EP-002-04,SLOW_BURN,train
2026-08-12 22:00:00+07:00,SKU-002,2,2.296,1.7722,1.2955,0.2179,0,EP-002-04,SLOW_BURN,train
2026-08-12 23:00:00+07:00,SKU-002,1,1.1678,0.9038,1.2921,0.2154,0,EP-002-04,SLOW_BURN,train
2026-08-13 00:00:00+07:00,SKU-002,0,0.584,0.4532,1.2887,0.2129,0,EP-002-04,SLOW_BURN,train
2026-08-13 01:00:00+07:00,SKU-002,1,0.373,0.2902,1.2853,0.2104,0,EP-002-04,SLOW_BURN,train
2026-08-13 02:00:00+07:00,SKU-002,1,0.2559,0.1996,1.282,0.208,0,EP-002-04,SLOW_BURN,train
2026-08-13 03:00:00+07:00,SKU-002,0,0.209,0.1634,1.2787,0.2055,0,EP-002-04,SLOW_BURN,train
2026-08-13 04:00:00+07:00,SKU-002,0,0.2318,0.1817,1.2755,0.2031,0,EP-002-04,SLOW_BURN,train
2026-08-13 05:00:00+07:00,SKU-002,0,0.4165,0.3274,1.2722,0.2008,0,EP-002-04,SLOW_BURN,train
2026-08-13 06:00:00+07:00,SKU-002,0,0.878,0.6918,1.2691,0.1984,0,EP-002-04,SLOW_BURN,train
2026-08-13 07:00:00+07:00,SKU-002,1,1.4304,1.1299,1.2659,0.1961,0,EP-002-04,SLOW_BURN,train
2026-08-13 08:00:00+07:00,SKU-002,0,1.9584,1.5508,1.2628,0.1938,0,EP-002-04,SLOW_BURN,train
2026-08-13 09:00:00+07:00,SKU-002,1,2.3011,1.8266,1.2598,0.1916,0,EP-002-04,SLOW_BURN,train
2026-08-13 10:00:00+07:00,SKU-002,6,2.5742,2.0483,1.2568,0.1893,0,EP-002-04,SLOW_BURN,train
2026-08-13 11:00:00+07:00,SKU-002,6,2.847,2.2708,1.2538,0.1871,0,EP-002-04,SLOW_BURN,train
2026-08-13 12:00:00+07:00,SKU-002,4,2.9819,2.384,1.2508,0.185,0,EP-002-04,SLOW_BURN,train
2026-08-13 13:00:00+07:00,SKU-002,3,2.7043,2.1671,1.2479,0.1828,0,EP-002-04,SLOW_BURN,train
2026-08-13 14:00:00+07:00,SKU-002,6,2.4045,1.9313,1.245,0.1807,0,EP-002-04,SLOW_BURN,train
2026-08-13 15:00:00+07:00,SKU-002,3,2.3342,1.8792,1.2421,0.1786,0,EP-002-04,SLOW_BURN,train
2026-08-13 16:00:00+07:00,SKU-002,3,2.5157,2.0299,1.2393,0.1765,0,EP-002-04,SLOW_BURN,train
2026-08-13 17:00:00+07:00,SKU-002,3,2.9259,2.3662,1.2365,0.1744,0,EP-002-04,SLOW_BURN,train
2026-08-13 18:00:00+07:00,SKU-002,0,3.4729,2.8149,1.2338,0.1724,0,EP-002-04,SLOW_BURN,train
2026-08-13 19:00:00+07:00,SKU-002,4,4.0655,3.3025,1.2311,0.1704,0,EP-002-04,SLOW_BURN,train
2026-08-13 20:00:00+07:00,SKU-002,1,4.247,3.4575,1.2284,0.1684,0,EP-002-04,SLOW_BURN,train
2026-08-13 21:00:00+07:00,SKU-002,6,3.5384,2.8868,1.2257,0.1664,0,EP-002-04,SLOW_BURN,train
2026-08-13 22:00:00+07:00,SKU-002,7,3.6726,3.0028,1.2231,0.1645,0,EP-002-04,SLOW_BURN,train
2026-08-13 23:00:00+07:00,SKU-002,3,1.8722,1.534,1.2205,0.1626,0,EP-002-04,SLOW_BURN,train
2026-08-14 00:00:00+07:00,SKU-002,3,1.0103,0.8295,1.2179,0.1607,0,EP-002-04,SLOW_BURN,train
2026-08-14 01:00:00+07:00,SKU-002,2,0.6466,0.532,1.2154,0.1588,0,EP-002-04,SLOW_BURN,train
2026-08-14 02:00:00+07:00,SKU-002,0,0.4446,0.3666,1.2129,0.157,0,EP-002-04,SLOW_BURN,train
2026-08-14 03:00:00+07:00,SKU-002,0,0.3638,0.3006,1.2104,0.1551,0,EP-002-04,SLOW_BURN,train
2026-08-14 04:00:00+07:00,SKU-002,0,0.4043,0.3347,1.2079,0.1533,0,EP-002-04,SLOW_BURN,train
2026-08-14 05:00:00+07:00,SKU-002,1,0.7279,0.6038,1.2055,0.1516,0,EP-002-04,SLOW_BURN,train
2026-08-14 06:00:00+07:00,SKU-002,0,1.5372,1.2777,1.2031,0.1498,0,EP-002-04,SLOW_BURN,train
2026-08-14 07:00:00+07:00,SKU-002,0,2.5088,2.0894,1.2007,0.148,0,EP-002-04,SLOW_BURN,train
2026-08-14 08:00:00+07:00,SKU-002,3,3.4408,2.8711,1.1984,0.1463,0,EP-002-04,SLOW_BURN,train
2026-08-14 09:00:00+07:00,SKU-002,5,4.0496,3.3857,1.1961,0.1446,0,EP-002-04,SLOW_BURN,train
2026-08-14 10:00:00+07:00,SKU-002,7,4.5375,3.8008,1.1938,0.1429,0,EP-002-04,SLOW_BURN,train
2026-08-14 11:00:00+07:00,SKU-002,5,5.0259,4.218,1.1915,0.1413,0,EP-002-04,SLOW_BURN,train
2026-08-14 12:00:00+07:00,SKU-002,2,5.2716,4.4324,1.1893,0.1396,0,EP-002-04,SLOW_BURN,train
2026-08-14 13:00:00+07:00,SKU-002,8,4.7873,4.0328,1.1871,0.138,0,EP-002-04,SLOW_BURN,train
2026-08-14 14:00:00+07:00,SKU-002,2,4.2621,3.5969,1.1849,0.1364,0,EP-002-04,SLOW_BURN,train
2026-08-14 15:00:00+07:00,SKU-002,6,4.1425,3.5024,1.1828,0.1348,0,EP-002-04,SLOW_BURN,train
2026-08-14 16:00:00+07:00,SKU-002,3,4.4698,3.7859,1.1806,0.1332,0,EP-002-04,SLOW_BURN,train
2026-08-14 17:00:00+07:00,SKU-002,1,5.204,4.4156,1.1785,0.1317,0,EP-002-04,SLOW_BURN,train
2026-08-14 18:00:00+07:00,SKU-002,6,6.1831,5.2557,1.1765,0.1301,0,EP-002-04,SLOW_BURN,train
2026-08-14 19:00:00+07:00,SKU-002,5,7.2447,6.1688,1.1744,0.1286,0,EP-002-04,SLOW_BURN,train
2026-08-14 20:00:00+07:00,SKU-002,20,7.5744,6.4608,1.1724,0.1271,0,EP-002-04,SLOW_BURN,train
2026-08-14 21:00:00+07:00,SKU-002,2,6.3154,5.3961,1.1704,0.1256,0,EP-002-04,SLOW_BURN,train
2026-08-14 22:00:00+07:00,SKU-002,0,4.1581,3.5589,1.1684,0.1242,0,EP-002-04,SLOW_BURN,train
2026-08-14 23:00:00+07:00,SKU-002,6,2.1209,1.8183,1.1664,0.1227,0,EP-002-04,SLOW_BURN,train
2026-08-15 00:00:00+07:00,SKU-002,3,1.1871,1.0194,1.1645,0.1213,0,EP-002-04,SLOW_BURN,train
2026-08-15 01:00:00+07:00,SKU-002,1,0.7601,0.6538,1.1626,0.1199,0,EP-002-04,SLOW_BURN,train
2026-08-15 02:00:00+07:00,SKU-002,1,0.5228,0.4505,1.1607,0.1185,0,EP-002-04,SLOW_BURN,train
2026-08-15 03:00:00+07:00,SKU-002,1,0.428,0.3693,1.1588,0.1171,0,EP-002-04,SLOW_BURN,train
2026-08-15 04:00:00+07:00,SKU-002,0,0.4757,0.4112,1.1569,0.1157,0,EP-002-04,SLOW_BURN,train
2026-08-15 05:00:00+07:00,SKU-002,0,0.8566,0.7416,1.1551,0.1144,0,EP-002-04,SLOW_BURN,train
2026-08-15 06:00:00+07:00,SKU-002,0,1.809,1.5685,1.1533,0.1131,0,EP-002-04,SLOW_BURN,train
2026-08-15 07:00:00+07:00,SKU-002,3,2.9525,2.564,1.1515,0.1117,0,EP-002-04,SLOW_BURN,train
2026-08-15 08:00:00+07:00,SKU-002,11,4.0489,3.5216,1.1498,0.1104,0,EP-002-04,SLOW_BURN,train
2026-08-15 09:00:00+07:00,SKU-002,2,4.7646,4.1503,1.148,0.1092,0,EP-002-04,SLOW_BURN,train
2026-08-15 10:00:00+07:00,SKU-002,0,5.3375,4.6563,1.1463,0.1079,0,EP-002-04,SLOW_BURN,train
2026-08-15 11:00:00+07:00,SKU-002,2,5.9104,5.1638,1.1446,0.1066,0,EP-002-04,SLOW_BURN,train
2026-08-15 12:00:00+07:00,SKU-002,13,6.1971,5.4223,1.1429,0.1054,0,EP-002-04,SLOW_BURN,train
2026-08-15 13:00:00+07:00,SKU-002,7,5.6255,4.9293,1.1412,0.1042,0,EP-002-04,SLOW_BURN,train
2026-08-15 14:00:00+07:00,SKU-002,9,5.0059,4.3927,1.1396,0.1029,0,EP-002-04,SLOW_BURN,train
2026-08-15 15:00:00+07:00,SKU-002,5,4.8628,4.2732,1.138,0.1017,0,EP-002-04,SLOW_BURN,train
2026-08-15 16:00:00+07:00,SKU-002,9,5.2438,4.6146,1.1364,0.1006,0,EP-002-04,SLOW_BURN,train
2026-08-15 17:00:00+07:00,SKU-002,5,6.1011,5.3765,1.1348,0.0994,0,EP-002-04,SLOW_BURN,train
2026-08-15 18:00:00+07:00,SKU-002,2,7.2437,6.3923,1.1332,0.0982,0,EP-002-04,SLOW_BURN,train
2026-08-15 19:00:00+07:00,SKU-002,11,8.4808,7.4942,1.1316,0.0971,0,EP-002-04,SLOW_BURN,train
2026-08-15 20:00:00+07:00,SKU-002,18,8.8594,7.8394,1.1301,0.096,0,EP-002-04,SLOW_BURN,train
2026-08-15 21:00:00+07:00,SKU-002,4,7.3802,6.5393,1.1286,0.0948,0,EP-002-04,SLOW_BURN,train
2026-08-15 22:00:00+07:00,SKU-002,5,4.8546,4.3072,1.1271,0.0937,0,EP-002-04,SLOW_BURN,train
2026-08-15 23:00:00+07:00,SKU-002,0,2.4737,2.1977,1.1256,0.0926,0,EP-002-04,SLOW_BURN,train
2026-08-16 00:00:00+07:00,SKU-002,3,1.1144,0.9913,1.1242,0.0916,0,EP-002-04,SLOW_BURN,train
2026-08-16 01:00:00+07:00,SKU-002,0,0.7128,0.6349,1.1227,0.0905,0,EP-002-04,SLOW_BURN,train
2026-08-16 02:00:00+07:00,SKU-002,0,0.4897,0.4367,1.1213,0.0894,0,EP-002-04,SLOW_BURN,train
2026-08-16 03:00:00+07:00,SKU-002,1,0.4004,0.3575,1.1199,0.0884,0,EP-002-04,SLOW_BURN,train
2026-08-16 04:00:00+07:00,SKU-002,1,0.4445,0.3974,1.1185,0.0874,0,EP-002-04,SLOW_BURN,train
2026-08-16 05:00:00+07:00,SKU-002,0,0.7994,0.7157,1.1171,0.0863,0,EP-002-04,SLOW_BURN,train
2026-08-16 06:00:00+07:00,SKU-002,1,1.6862,1.5113,1.1157,0.0853,0,EP-002-04,SLOW_BURN,train
2026-08-16 07:00:00+07:00,SKU-002,2,2.7484,2.4663,1.1144,0.0843,0,EP-002-04,SLOW_BURN,train
2026-08-16 08:00:00+07:00,SKU-002,0,3.764,3.3817,1.113,0.0834,0,EP-002-04,SLOW_BURN,train
2026-08-16 09:00:00+07:00,SKU-002,5,4.4233,3.9787,1.1117,0.0824,0,EP-002-04,SLOW_BURN,train
2026-08-16 10:00:00+07:00,SKU-002,5,4.9482,4.4561,1.1104,0.0814,0,EP-002-04,SLOW_BURN,train
2026-08-16 11:00:00+07:00,SKU-002,6,5.4715,4.9331,1.1091,0.0805,0,EP-002-04,SLOW_BURN,train
2026-08-16 12:00:00+07:00,SKU-002,3,5.7286,5.1709,1.1079,0.0795,0,EP-002-04,SLOW_BURN,train
2026-08-16 13:00:00+07:00,SKU-002,4,5.1926,4.6924,1.1066,0.0786,3,EP-002-04,SLOW_BURN,train
2026-08-16 14:00:00+07:00,SKU-002,4,4.6139,4.174,1.1054,0.0777,0,EP-002-04,SLOW_BURN,train
2026-08-16 15:00:00+07:00,SKU-002,5,4.4752,4.0531,1.1041,0.0768,0,EP-002-04,SLOW_BURN,train
2026-08-16 16:00:00+07:00,SKU-002,11,4.8186,4.3689,1.1029,0.0759,0,EP-002-04,SLOW_BURN,train
2026-08-16 17:00:00+07:00,SKU-002,2,5.5978,5.081,1.1017,0.075,0,EP-002-04,SLOW_BURN,train
2026-08-16 18:00:00+07:00,SKU-002,9,6.6361,6.0298,1.1005,0.0741,0,EP-002-04,SLOW_BURN,train
2026-08-16 19:00:00+07:00,SKU-002,6,7.7574,7.0562,1.0994,0.0733,0,EP-002-04,SLOW_BURN,train
2026-08-16 20:00:00+07:00,SKU-002,4,8.0912,7.3676,1.0982,0.0724,0,EP-002-04,SLOW_BURN,train
2026-08-16 21:00:00+07:00,SKU-002,9,6.7298,6.1344,1.0971,0.0716,0,EP-002-04,SLOW_BURN,train
2026-08-16 22:00:00+07:00,SKU-002,1,2.8019,2.5567,1.0959,0.0708,0,EP-002-04,SLOW_BURN,train
2026-08-16 23:00:00+07:00,SKU-002,2,1.4256,1.3021,1.0948,0.0699,0,EP-002-04,SLOW_BURN,train
2026-08-17 00:00:00+07:00,SKU-002,2,0.5814,0.5315,1.0937,0.0691,0,EP-002-04,SLOW_BURN,train
2026-08-17 01:00:00+07:00,SKU-002,0,0.3713,0.3398,1.0926,0.0683,0,EP-002-04,SLOW_BURN,train
2026-08-17 02:00:00+07:00,SKU-002,0,0.2547,0.2333,1.0915,0.0675,0,EP-002-04,SLOW_BURN,train
2026-08-17 03:00:00+07:00,SKU-002,1,0.2079,0.1907,1.0905,0.0667,0,EP-002-04,SLOW_BURN,train
2026-08-17 04:00:00+07:00,SKU-002,1,0.2305,0.2116,1.0894,0.0659,0,EP-002-04,SLOW_BURN,train
2026-08-17 05:00:00+07:00,SKU-002,2,0.4139,0.3803,1.0884,0.0652,0,EP-002-04,SLOW_BURN,train
2026-08-17 06:00:00+07:00,SKU-002,1,0.8717,0.8017,1.0874,0.0644,0,EP-002-04,SLOW_BURN,train
2026-08-17 07:00:00+07:00,SKU-002,1,1.4188,1.306,1.0863,0.0637,0,EP-002-04,SLOW_BURN,train
2026-08-17 08:00:00+07:00,SKU-002,0,1.9403,1.7878,1.0853,0.0629,0,EP-002-04,SLOW_BURN,train
2026-08-17 09:00:00+07:00,SKU-002,0,2.2769,2.0998,1.0843,0.0622,0,EP-002-04,SLOW_BURN,train
2026-08-17 10:00:00+07:00,SKU-002,0,2.5436,2.3479,1.0834,0.0615,0,EP-002-04,SLOW_BURN,train
2026-08-17 11:00:00+07:00,SKU-002,2,2.8088,2.595,1.0824,0.0608,0,EP-002-04,SLOW_BURN,train
2026-08-17 12:00:00+07:00,SKU-002,5,2.9369,2.7158,1.0814,0.06,0,EP-002-04,SLOW_BURN,train
2026-08-17 13:00:00+07:00,SKU-002,2,2.6587,2.4607,1.0805,0.0593,0,EP-002-04,SLOW_BURN,train
2026-08-17 14:00:00+07:00,SKU-002,0,2.3593,2.1855,1.0795,0.0587,0,EP-002-04,SLOW_BURN,train
2026-08-17 15:00:00+07:00,SKU-002,1,2.2857,2.1191,1.0786,0.058,0,EP-002-04,SLOW_BURN,train
2026-08-17 16:00:00+07:00,SKU-002,0,2.4581,2.2809,1.0777,0.0573,0,EP-002-04,SLOW_BURN,train
2026-08-17 17:00:00+07:00,SKU-002,2,2.8523,2.6489,1.0768,0.0566,0,EP-002-04,SLOW_BURN,train
2026-08-17 18:00:00+07:00,SKU-002,6,3.3776,3.1394,1.0759,0.056,0,EP-002-04,SLOW_BURN,train
2026-08-17 19:00:00+07:00,SKU-002,4,3.9441,3.6689,1.075,0.0553,0,EP-002-04,SLOW_BURN,train
2026-08-17 20:00:00+07:00,SKU-002,1,4.1096,3.826,1.0741,0.0547,0,EP-002-04,SLOW_BURN,train
2026-08-17 21:00:00+07:00,SKU-002,1,3.4149,3.1818,1.0733,0.054,0,EP-002-04,SLOW_BURN,train
2026-08-17 22:00:00+07:00,SKU-002,1,2.2407,2.0894,1.0724,0.0534,0,EP-002-04,SLOW_BURN,train
2026-08-17 23:00:00+07:00,SKU-002,2,1.139,1.063,1.0716,0.0528,0,EP-002-04,SLOW_BURN,train
2026-08-18 00:00:00+07:00,SKU-002,1,0.5139,0.48,1.0707,0.0522,0,EP-002-04,SLOW_BURN,train
2026-08-18 01:00:00+07:00,SKU-002,0,0.328,0.3065,1.0699,0.0516,0,EP-002-04,SLOW_BURN,train
2026-08-18 02:00:00+07:00,SKU-002,0,0.2248,0.2103,1.0691,0.051,0,EP-002-04,SLOW_BURN,train
2026-08-18 03:00:00+07:00,SKU-002,0,0.1834,0.1717,1.0683,0.0504,0,EP-002-04,SLOW_BURN,train
2026-08-18 04:00:00+07:00,SKU-002,0,0.2032,0.1903,1.0675,0.0498,0,EP-002-04,SLOW_BURN,train
2026-08-18 05:00:00+07:00,SKU-002,0,0.3647,0.3419,1.0667,0.0492,0,EP-002-04,SLOW_BURN,train
2026-08-18 06:00:00+07:00,SKU-002,1,0.7677,0.7202,1.0659,0.0486,0,EP-002-04,SLOW_BURN,train
2026-08-18 07:00:00+07:00,SKU-002,0,1.249,1.1726,1.0652,0.0481,0,EP-002-04,SLOW_BURN,train
2026-08-18 08:00:00+07:00,SKU-002,6,1.7075,1.6042,1.0644,0.0475,0,EP-002-04,SLOW_BURN,train
2026-08-18 09:00:00+07:00,SKU-002,1,2.0032,1.8833,1.0637,0.0469,0,EP-002-04,SLOW_BURN,train
2026-08-18 10:00:00+07:00,SKU-002,0,2.2373,2.1049,1.0629,0.0464,0,EP-002-04,SLOW_BURN,train
2026-08-18 11:00:00+07:00,SKU-002,1,2.4702,2.3256,1.0622,0.0459,0,EP-002-04,SLOW_BURN,train
2026-08-18 12:00:00+07:00,SKU-002,1,2.5827,2.4332,1.0615,0.0453,0,EP-002-04,SLOW_BURN,train
2026-08-18 13:00:00+07:00,SKU-002,2,2.338,2.2041,1.0607,0.0448,0,EP-002-04,SLOW_BURN,train
2026-08-18 14:00:00+07:00,SKU-002,4,2.0749,1.9574,1.06,0.0443,0,EP-002-04,SLOW_BURN,train
2026-08-18 15:00:00+07:00,SKU-002,2,2.0104,1.8977,1.0593,0.0438,0,EP-002-04,SLOW_BURN,train
2026-08-18 16:00:00+07:00,SKU-002,2,2.1625,2.0427,1.0586,0.0432,0,EP-002-04,SLOW_BURN,train
2026-08-18 17:00:00+07:00,SKU-002,6,2.51,2.3725,1.058,0.0427,0,EP-002-04,SLOW_BURN,train
2026-08-18 18:00:00+07:00,SKU-002,6,2.9732,2.8121,1.0573,0.0422,0,EP-002-04,SLOW_BURN,train
2026-08-18 19:00:00+07:00,SKU-002,10,3.4733,3.2872,1.0566,0.0418,0,EP-002-04,SLOW_BURN,train
2026-08-18 20:00:00+07:00,SKU-002,2,3.6209,3.429,1.056,0.0413,0,EP-002-04,SLOW_BURN,train
2026-08-18 21:00:00+07:00,SKU-002,2,3.0104,2.8526,1.0553,0.0408,0,EP-002-04,SLOW_BURN,train
2026-08-18 22:00:00+07:00,SKU-002,4,1.9766,1.8741,1.0547,0.0403,0,EP-002-04,SLOW_BURN,train
2026-08-18 23:00:00+07:00,SKU-002,1,1.0055,0.9539,1.054,0.0398,0,EP-002-04,SLOW_BURN,train
2026-08-19 00:00:00+07:00,SKU-002,0,0.4723,0.4484,1.0534,0.0394,0,EP-002-04,SLOW_BURN,train
2026-08-19 01:00:00+07:00,SKU-002,0,0.3017,0.2865,1.0528,0.0389,0,EP-002-04,SLOW_BURN,train
2026-08-19 02:00:00+07:00,SKU-002,0,0.207,0.1967,1.0522,0.0385,0,EP-002-04,SLOW_BURN,train
2026-08-19 03:00:00+07:00,SKU-002,0,0.169,0.1607,1.0516,0.038,0,EP-002-04,SLOW_BURN,train
2026-08-19 04:00:00+07:00,SKU-002,0,0.1875,0.1784,1.0509,0.0376,0,EP-002-04,SLOW_BURN,train
2026-08-19 05:00:00+07:00,SKU-002,0,0.3368,0.3207,1.0504,0.0371,0,EP-002-04,SLOW_BURN,train
2026-08-19 06:00:00+07:00,SKU-002,2,0.7099,0.6763,1.0498,0.0367,0,EP-002-04,SLOW_BURN,train
2026-08-19 07:00:00+07:00,SKU-002,2,1.1565,1.1022,1.0492,0.0363,0,EP-002-04,SLOW_BURN,train
2026-08-19 08:00:00+07:00,SKU-002,2,1.5831,1.5097,1.0486,0.0359,0,EP-002-04,SLOW_BURN,train
2026-08-19 09:00:00+07:00,SKU-002,3,1.8598,1.7745,1.048,0.0354,0,EP-002-04,SLOW_BURN,train
2026-08-19 10:00:00+07:00,SKU-002,2,2.0802,1.9859,1.0475,0.035,0,EP-002-04,SLOW_BURN,train
2026-08-19 11:00:00+07:00,SKU-002,3,2.3001,2.197,1.0469,0.0346,0,EP-002-04,SLOW_BURN,train
2026-08-19 12:00:00+07:00,SKU-002,1,2.4086,2.3019,1.0464,0.0342,0,EP-002-04,SLOW_BURN,train
2026-08-19 13:00:00+07:00,SKU-002,5,2.184,2.0882,1.0458,0.0338,0,EP-002-04,SLOW_BURN,train
2026-08-19 14:00:00+07:00,SKU-002,1,1.9414,1.8573,1.0453,0.0334,0,EP-002-04,SLOW_BURN,train
2026-08-19 15:00:00+07:00,SKU-002,1,1.8843,1.8035,1.0448,0.033,0,EP-002-04,SLOW_BURN,train
2026-08-19 16:00:00+07:00,SKU-002,4,2.0305,1.9444,1.0443,0.0326,0,EP-002-04,SLOW_BURN,train
2026-08-19 17:00:00+07:00,SKU-002,1,2.3611,2.2621,1.0437,0.0323,0,EP-002-04,SLOW_BURN,train
2026-08-19 18:00:00+07:00,SKU-002,5,2.8021,2.6859,1.0432,0.0319,0,EP-002-04,SLOW_BURN,train
2026-08-19 19:00:00+07:00,SKU-002,4,3.2797,3.1452,1.0427,0.0315,0,EP-002-04,SLOW_BURN,train
2026-08-19 20:00:00+07:00,SKU-002,1,3.4256,3.2868,1.0422,0.0311,0,EP-002-04,SLOW_BURN,train
2026-08-19 21:00:00+07:00,SKU-002,4,2.8538,2.7394,1.0417,0.0308,0,EP-002-04,SLOW_BURN,train
2026-08-19 22:00:00+07:00,SKU-002,3,1.8775,1.8031,1.0413,0.0304,0,EP-002-04,SLOW_BURN,train
2026-08-19 23:00:00+07:00,SKU-002,0,0.957,0.9195,1.0408,0.0301,0,EP-002-04,SLOW_BURN,train
2026-08-20 00:00:00+07:00,SKU-002,0,0.4797,0.4611,1.0403,0.0297,0,EP-002-04,SLOW_BURN,train
2026-08-20 01:00:00+07:00,SKU-002,0,0.307,0.2952,1.0398,0.0294,0,EP-002-04,SLOW_BURN,train
2026-08-20 02:00:00+07:00,SKU-002,0,0.2111,0.2031,1.0394,0.029,0,EP-002-04,SLOW_BURN,train
2026-08-20 03:00:00+07:00,SKU-002,0,0.1728,0.1663,1.0389,0.0287,0,EP-002-04,SLOW_BURN,train
2026-08-20 04:00:00+07:00,SKU-002,0,0.192,0.1849,1.0385,0.0284,0,EP-002-04,SLOW_BURN,train
2026-08-20 05:00:00+07:00,SKU-002,1,0.3458,0.3331,1.038,0.028,0,EP-002-04,SLOW_BURN,train
2026-08-20 06:00:00+07:00,SKU-002,0,0.7303,0.7039,1.0376,0.0277,0,EP-002-04,SLOW_BURN,train
2026-08-20 07:00:00+07:00,SKU-002,2,1.1923,1.1496,1.0371,0.0274,0,EP-002-04,SLOW_BURN,train
2026-08-20 08:00:00+07:00,SKU-002,1,1.6357,1.5778,1.0367,0.0271,0,EP-002-04,SLOW_BURN,train
2026-08-20 09:00:00+07:00,SKU-002,3,1.9258,1.8584,1.0363,0.0267,0,EP-002-04,SLOW_BURN,train
2026-08-20 10:00:00+07:00,SKU-002,4,2.1587,2.084,1.0358,0.0264,0,EP-002-04,SLOW_BURN,train
2026-08-20 11:00:00+07:00,SKU-002,3,2.3922,2.3103,1.0354,0.0261,0,EP-002-04,SLOW_BURN,train
2026-08-20 12:00:00+07:00,SKU-002,3,2.5104,2.4255,1.035,0.0258,0,EP-002-04,SLOW_BURN,train
2026-08-20 13:00:00+07:00,SKU-002,5,2.2811,2.2048,1.0346,0.0255,0,EP-002-04,SLOW_BURN,train
2026-08-20 14:00:00+07:00,SKU-002,4,2.0322,1.9649,1.0342,0.0252,0,,,train
2026-08-20 15:00:00+07:00,SKU-002,2,1.9765,1.9119,1.0338,0.0249,0,,,train
2026-08-20 16:00:00+07:00,SKU-002,1,2.1343,2.0653,1.0334,0.0246,0,,,train
2026-08-20 17:00:00+07:00,SKU-002,2,2.4869,2.4074,1.033,0.0244,0,,,train
2026-08-20 18:00:00+07:00,SKU-002,5,2.9573,2.8639,1.0326,0.0241,0,,,train
2026-08-20 19:00:00+07:00,SKU-002,5,3.4683,3.3599,1.0323,0.0238,0,,,train
2026-08-20 20:00:00+07:00,SKU-002,1,3.6298,3.5176,1.0319,0.0235,0,,,train
2026-08-20 21:00:00+07:00,SKU-002,9,3.0296,2.9371,1.0315,0.0232,0,,,train
2026-08-20 22:00:00+07:00,SKU-002,7,1.9969,1.9366,1.0311,0.023,0,,,train
2026-08-20 23:00:00+07:00,SKU-002,1,1.0198,0.9893,1.0308,0.0227,0,,,train
2026-08-21 00:00:00+07:00,SKU-002,1,0.5513,0.535,1.0304,0.0224,0,,,train
2026-08-21 01:00:00+07:00,SKU-002,0,0.3534,0.3431,1.0301,0.0222,0,,,train
2026-08-21 02:00:00+07:00,SKU-002,0,0.2434,0.2364,1.0297,0.0219,0,,,train
2026-08-21 03:00:00+07:00,SKU-002,0,0.1995,0.1938,1.0294,0.0217,0,,,train
2026-08-21 04:00:00+07:00,SKU-002,0,0.2221,0.2159,1.029,0.0214,0,,,train
2026-08-21 05:00:00+07:00,SKU-002,0,0.4006,0.3894,1.0287,0.0212,0,,,train
2026-08-21 06:00:00+07:00,SKU-002,0,0.8474,0.824,1.0284,0.0209,0,,,train
2026-08-21 07:00:00+07:00,SKU-002,5,1.3853,1.3475,1.028,0.0207,0,,,train
2026-08-21 08:00:00+07:00,SKU-002,0,1.903,1.8517,1.0277,0.0204,0,,,train
2026-08-21 09:00:00+07:00,SKU-002,1,2.2433,2.1835,1.0274,0.0202,0,,,train
2026-08-21 10:00:00+07:00,SKU-002,4,2.5176,2.4513,1.0271,0.02,0,,,train
2026-08-21 11:00:00+07:00,SKU-002,4,2.793,2.7203,1.0267,0.0197,0,,,train
2026-08-21 12:00:00+07:00,SKU-002,1,2.9342,2.8586,1.0264,0.0195,0,,,train
2026-08-21 13:00:00+07:00,SKU-002,3,2.6688,2.6009,1.0261,0.0193,0,,,train
2026-08-21 14:00:00+07:00,SKU-002,1,2.3797,2.3198,1.0258,0.019,0,,,val
2026-08-21 15:00:00+07:00,SKU-002,0,2.3164,2.2588,1.0255,0.0188,0,,,val
2026-08-21 16:00:00+07:00,SKU-002,2,2.5032,2.4416,1.0252,0.0186,0,,,val
2026-08-21 17:00:00+07:00,SKU-002,3,2.9187,2.8478,1.0249,0.0184,0,,,val
2026-08-21 18:00:00+07:00,SKU-002,5,3.473,3.3895,1.0246,0.0182,0,,,val
2026-08-21 19:00:00+07:00,SKU-002,4,4.0753,3.9784,1.0243,0.018,0,,,val
2026-08-21 20:00:00+07:00,SKU-002,6,4.267,4.1667,1.0241,0.0177,0,,,val
2026-08-21 21:00:00+07:00,SKU-002,1,3.5628,3.4801,1.0238,0.0175,0,,,val
2026-08-21 22:00:00+07:00,SKU-002,0,2.3492,2.2952,1.0235,0.0173,0,,,val
2026-08-21 23:00:00+07:00,SKU-002,1,1.1999,1.1727,1.0232,0.0171,0,,,val
2026-08-22 00:00:00+07:00,SKU-002,0,0.6726,0.6575,1.023,0.0169,0,,,val
2026-08-22 01:00:00+07:00,SKU-002,1,0.4312,0.4217,1.0227,0.0167,0,,,val
2026-08-22 02:00:00+07:00,SKU-002,2,0.297,0.2905,1.0224,0.0165,0,,,val
2026-08-22 03:00:00+07:00,SKU-002,0,0.2435,0.2382,1.0222,0.0164,0,,,val
2026-08-22 04:00:00+07:00,SKU-002,0,0.271,0.2652,1.0219,0.0162,0,,,val
2026-08-22 05:00:00+07:00,SKU-002,2,0.4886,0.4782,1.0217,0.016,0,,,val
2026-08-22 06:00:00+07:00,SKU-002,0,1.0332,1.0116,1.0214,0.0158,0,,,val
2026-08-22 07:00:00+07:00,SKU-002,0,1.6885,1.6535,1.0212,0.0156,0,,,val
2026-08-22 08:00:00+07:00,SKU-002,1,2.3186,2.2711,1.0209,0.0154,0,,,val
2026-08-22 09:00:00+07:00,SKU-002,2,2.7319,2.6766,1.0207,0.0152,0,,,val
2026-08-22 10:00:00+07:00,SKU-002,5,3.0642,3.0029,1.0204,0.0151,0,,,val
2026-08-22 11:00:00+07:00,SKU-002,2,3.3974,3.3301,1.0202,0.0149,0,,,val
2026-08-22 12:00:00+07:00,SKU-002,5,3.5666,3.4968,1.02,0.0147,0,,,val
2026-08-22 13:00:00+07:00,SKU-002,8,3.2416,3.1789,1.0197,0.0145,0,,,val
2026-08-22 14:00:00+07:00,SKU-002,5,2.8881,2.8329,1.0195,0.0144,0,,,val
2026-08-22 15:00:00+07:00,SKU-002,4,2.8089,2.7558,1.0193,0.0142,0,,,val
2026-08-22 16:00:00+07:00,SKU-002,4,3.0326,2.9759,1.019,0.014,0,,,val
2026-08-22 17:00:00+07:00,SKU-002,7,3.5325,3.4673,1.0188,0.0139,0,,,val
2026-08-22 18:00:00+07:00,SKU-002,0,4.199,4.1224,1.0186,0.0137,0,,,val
2026-08-22 19:00:00+07:00,SKU-002,2,4.9218,4.833,1.0184,0.0136,0,,,val
2026-08-22 20:00:00+07:00,SKU-002,6,5.1474,5.0556,1.0182,0.0134,0,,,val
2026-08-22 21:00:00+07:00,SKU-002,5,4.2928,4.2171,1.018,0.0132,0,,,val
2026-08-22 22:00:00+07:00,SKU-002,3,2.827,2.7777,1.0177,0.0131,0,,,val
2026-08-22 23:00:00+07:00,SKU-002,1,1.4421,1.4173,1.0175,0.0129,0,,,val
2026-08-23 00:00:00+07:00,SKU-002,1,0.6504,0.6393,1.0173,0.0128,0,,,val
2026-08-23 01:00:00+07:00,SKU-002,0,0.4164,0.4094,1.0171,0.0126,0,,,val
2026-08-23 02:00:00+07:00,SKU-002,0,0.2864,0.2816,1.0169,0.0125,0,,,val
2026-08-23 03:00:00+07:00,SKU-002,0,0.2344,0.2306,1.0167,0.0123,0,,,val
2026-08-23 04:00:00+07:00,SKU-002,0,0.2605,0.2563,1.0165,0.0122,0,,,val
2026-08-23 05:00:00+07:00,SKU-002,1,0.4691,0.4615,1.0163,0.0121,0,,,val
2026-08-23 06:00:00+07:00,SKU-002,1,0.9903,0.9746,1.0162,0.0119,0,,,val
2026-08-23 07:00:00+07:00,SKU-002,2,1.6159,1.5905,1.016,0.0118,0,,,val
2026-08-23 08:00:00+07:00,SKU-002,0,2.2152,2.1808,1.0158,0.0116,0,,,val
2026-08-23 09:00:00+07:00,SKU-002,2,2.6058,2.5658,1.0156,0.0115,0,,,val
2026-08-23 10:00:00+07:00,SKU-002,3,2.918,2.8736,1.0154,0.0114,0,,,val
2026-08-23 11:00:00+07:00,SKU-002,9,3.2297,3.1812,1.0152,0.0112,0,,,val
2026-08-23 12:00:00+07:00,SKU-002,1,3.3848,3.3346,1.0151,0.0111,0,,,val
2026-08-23 13:00:00+07:00,SKU-002,3,3.071,3.026,1.0149,0.011,0,,,val
2026-08-23 14:00:00+07:00,SKU-002,2,2.7313,2.6917,1.0147,0.0108,0,,,val
2026-08-23 15:00:00+07:00,SKU-002,5,2.6518,2.6138,1.0145,0.0107,0,,,val
2026-08-23 16:00:00+07:00,SKU-002,1,2.8579,2.8174,1.0144,0.0106,0,,,val
2026-08-23 17:00:00+07:00,SKU-002,3,3.3231,3.2766,1.0142,0.0105,0,,,val
2026-08-23 18:00:00+07:00,SKU-002,5,3.943,3.8884,1.014,0.0104,0,,,val
2026-08-23 19:00:00+07:00,SKU-002,7,4.6135,4.5503,1.0139,0.0102,0,,,val
2026-08-23 20:00:00+07:00,SKU-002,2,4.8163,4.7511,1.0137,0.0101,0,,,val
2026-08-23 21:00:00+07:00,SKU-002,13,4.0095,3.9559,1.0136,0.01,0,,,val
2026-08-23 22:00:00+07:00,SKU-002,1,2.6356,2.6008,1.0134,0.0099,0,,,val
2026-08-23 23:00:00+07:00,SKU-002,0,1.3421,1.3246,1.0132,0.0098,0,,,val
2026-08-24 00:00:00+07:00,SKU-002,1,0.5478,0.5407,1.0131,0.0096,0,,,val
2026-08-24 01:00:00+07:00,SKU-002,0,0.3501,0.3457,1.0129,0.0095,0,,,val
2026-08-24 02:00:00+07:00,SKU-002,0,0.2404,0.2374,1.0128,0.0094,0,,,val
2026-08-24 03:00:00+07:00,SKU-002,0,0.1964,0.194,1.0126,0.0093,0,,,val
2026-08-24 04:00:00+07:00,SKU-002,0,0.2179,0.2152,1.0125,0.0092,0,,,val
2026-08-24 05:00:00+07:00,SKU-002,0,0.3916,0.3869,1.0123,0.0091,0,,,val
2026-08-24 06:00:00+07:00,SKU-002,1,0.8255,0.8155,1.0122,0.009,0,,,val
2026-08-24 07:00:00+07:00,SKU-002,0,1.3446,1.3286,1.0121,0.0089,0,,,val
2026-08-24 08:00:00+07:00,SKU-002,2,1.8402,1.8186,1.0119,0.0088,0,,,val
2026-08-24 09:00:00+07:00,SKU-002,4,2.1612,2.136,1.0118,0.0087,0,,,val
2026-08-24 10:00:00+07:00,SKU-002,3,2.4162,2.3884,1.0116,0.0086,0,,,val
2026-08-24 11:00:00+07:00,SKU-002,3,2.6701,2.6397,1.0115,0.0085,0,,,val
2026-08-24 12:00:00+07:00,SKU-002,3,2.794,2.7626,1.0114,0.0084,0,,,val
2026-08-24 13:00:00+07:00,SKU-002,1,2.5312,2.5031,1.0112,0.0083,0,,,val
2026-08-24 14:00:00+07:00,SKU-002,0,2.2479,2.2232,1.0111,0.0082,0,,,val
2026-08-24 15:00:00+07:00,SKU-002,2,2.1792,2.1556,1.011,0.0081,0,,,val
2026-08-24 16:00:00+07:00,SKU-002,2,2.3454,2.3202,1.0108,0.008,0,,,val
2026-08-24 17:00:00+07:00,SKU-002,0,2.7235,2.6946,1.0107,0.0079,0,,,val
2026-08-24 18:00:00+07:00,SKU-002,4,3.2273,3.1934,1.0106,0.0078,0,,,val
2026-08-24 19:00:00+07:00,SKU-002,8,3.7712,3.7321,1.0105,0.0077,0,,,val
2026-08-24 20:00:00+07:00,SKU-002,2,3.9322,3.8919,1.0104,0.0076,0,,,val
2026-08-24 21:00:00+07:00,SKU-002,3,3.2696,3.2365,1.0102,0.0075,0,,,val
2026-08-24 22:00:00+07:00,SKU-002,5,2.1469,2.1254,1.0101,0.0075,0,,,val
2026-08-24 23:00:00+07:00,SKU-002,3,1.0921,1.0813,1.01,0.0074,0,,,val
2026-08-25 00:00:00+07:00,SKU-002,3,0.493,0.4882,1.0099,0.0073,0,,,val
2026-08-25 01:00:00+07:00,SKU-002,0,0.3148,0.3118,1.0098,0.0072,0,,,val
2026-08-25 02:00:00+07:00,SKU-002,0,0.216,0.2139,1.0096,0.0071,0,,,val
2026-08-25 03:00:00+07:00,SKU-002,0,0.1763,0.1746,1.0095,0.007,0,,,val
2026-08-25 04:00:00+07:00,SKU-002,0,0.1954,0.1936,1.0094,0.0069,0,,,val
2026-08-25 05:00:00+07:00,SKU-002,0,0.351,0.3478,1.0093,0.0069,0,,,val
2026-08-25 06:00:00+07:00,SKU-002,0,0.7394,0.7326,1.0092,0.0068,0,,,val
2026-08-25 07:00:00+07:00,SKU-002,1,1.2036,1.1928,1.0091,0.0067,0,,,val
2026-08-25 08:00:00+07:00,SKU-002,5,1.6465,1.6318,1.009,0.0066,0,,,val
2026-08-25 09:00:00+07:00,SKU-002,9,1.9327,1.9157,1.0089,0.0066,0,,,val
2026-08-25 10:00:00+07:00,SKU-002,3,2.1599,2.1411,1.0088,0.0065,0,,,val
2026-08-25 11:00:00+07:00,SKU-002,3,2.3862,2.3656,1.0087,0.0064,0,,,val
2026-08-25 12:00:00+07:00,SKU-002,3,2.4962,2.475,1.0086,0.0063,0,,,val
2026-08-25 13:00:00+07:00,SKU-002,2,2.261,2.242,1.0085,0.0063,0,,,val
2026-08-25 14:00:00+07:00,SKU-002,1,2.0077,1.991,1.0084,0.0062,0,,,val
2026-08-25 15:00:00+07:00,SKU-002,0,1.9464,1.9304,1.0083,0.0061,0,,,val
2026-08-25 16:00:00+07:00,SKU-002,1,2.0948,2.0778,1.0082,0.006,0,,,val
2026-08-25 17:00:00+07:00,SKU-002,2,2.4328,2.4132,1.0081,0.006,0,,,val
2026-08-25 18:00:00+07:00,SKU-002,2,2.8833,2.8604,1.008,0.0059,0,,,val
2026-08-25 19:00:00+07:00,SKU-002,3,3.3701,3.3437,1.0079,0.0058,0,,,val
2026-08-25 20:00:00+07:00,SKU-002,3,3.5151,3.4879,1.0078,0.0058,0,,,val
2026-08-25 21:00:00+07:00,SKU-002,4,2.9241,2.9016,1.0077,0.0057,0,,,val
2026-08-25 22:00:00+07:00,SKU-002,6,1.9209,1.9063,1.0076,0.0056,0,,,val
2026-08-25 23:00:00+07:00,SKU-002,0,0.9776,0.9703,1.0075,0.0056,0,,,val
2026-08-26 00:00:00+07:00,SKU-002,0,0.4595,0.4561,1.0075,0.0055,0,,,val
2026-08-26 01:00:00+07:00,SKU-002,0,0.2936,0.2915,1.0074,0.0054,0,,,val
2026-08-26 02:00:00+07:00,SKU-002,0,0.2016,0.2001,1.0073,0.0054,0,,,val
2026-08-26 03:00:00+07:00,SKU-002,0,0.1647,0.1635,1.0072,0.0053,0,,,val
2026-08-26 04:00:00+07:00,SKU-002,0,0.1827,0.1814,1.0071,0.0052,0,,,val
2026-08-26 05:00:00+07:00,SKU-002,0,0.3285,0.3262,1.007,0.0052,0,,,val
2026-08-26 06:00:00+07:00,SKU-002,0,0.6927,0.6879,1.0069,0.0051,0,,,val
2026-08-26 07:00:00+07:00,SKU-002,1,1.1289,1.1212,1.0069,0.0051,0,,,val
2026-08-26 08:00:00+07:00,SKU-002,1,1.546,1.5356,1.0068,0.005,0,,,val
2026-08-26 09:00:00+07:00,SKU-002,4,1.8171,1.805,1.0067,0.0049,0,,,val
2026-08-26 10:00:00+07:00,SKU-002,0,2.0333,2.0199,1.0066,0.0049,0,,,val
2026-08-26 11:00:00+07:00,SKU-002,2,2.2494,2.2347,1.0066,0.0048,0,,,val
2026-08-26 12:00:00+07:00,SKU-002,3,2.3565,2.3413,1.0065,0.0048,0,,,val
2026-08-26 13:00:00+07:00,SKU-002,2,2.1376,2.124,1.0064,0.0047,0,,,val
2026-08-26 14:00:00+07:00,SKU-002,2,1.9011,1.8891,1.0063,0.0047,0,,,val
2026-08-26 15:00:00+07:00,SKU-002,1,1.8459,1.8344,1.0063,0.0046,0,,,val
2026-08-26 16:00:00+07:00,SKU-002,1,1.99,1.9777,1.0062,0.0046,0,,,val
2026-08-26 17:00:00+07:00,SKU-002,2,2.3149,2.3009,1.0061,0.0045,0,,,val
2026-08-26 18:00:00+07:00,SKU-002,1,2.7484,2.732,1.006,0.0045,0,,,val
2026-08-26 19:00:00+07:00,SKU-002,2,3.2182,3.1992,1.006,0.0044,0,,,val
2026-08-26 20:00:00+07:00,SKU-002,8,3.3628,3.3431,1.0059,0.0043,0,,,val
2026-08-26 21:00:00+07:00,SKU-002,2,2.8026,2.7863,1.0058,0.0043,0,,,val
2026-08-26 22:00:00+07:00,SKU-002,3,1.8446,1.834,1.0058,0.0042,0,,,val
2026-08-26 23:00:00+07:00,SKU-002,0,0.9406,0.9353,1.0057,0.0042,0,,,val
2026-08-27 00:00:00+07:00,SKU-002,1,0.4716,0.469,1.0056,0.0041,0,,,val
2026-08-27 01:00:00+07:00,SKU-002,0,0.302,0.3003,1.0056,0.0041,0,,,val
2026-08-27 02:00:00+07:00,SKU-002,0,0.2077,0.2066,1.0055,0.0041,0,,,val
2026-08-27 03:00:00+07:00,SKU-002,0,0.1701,0.1691,1.0054,0.004,0,,,val
2026-08-27 04:00:00+07:00,SKU-002,0,0.1891,0.1881,1.0054,0.004,0,,,val
2026-08-27 05:00:00+07:00,SKU-002,0,0.3406,0.3388,1.0053,0.0039,0,,,val
2026-08-27 06:00:00+07:00,SKU-002,0,0.7197,0.7159,1.0052,0.0039,0,,,val
2026-08-27 07:00:00+07:00,SKU-002,1,1.1753,1.1693,1.0052,0.0038,0,,,val
2026-08-27 08:00:00+07:00,SKU-002,2,1.613,1.6048,1.0051,0.0038,0,,,val
2026-08-27 09:00:00+07:00,SKU-002,2,1.8998,1.8902,1.0051,0.0037,0,,,val
2026-08-27 10:00:00+07:00,SKU-002,6,2.9789,2.9641,1.005,0.0037,0,,,val
2026-08-27 11:00:00+07:00,SKU-002,4,3.3022,3.286,1.0049,0.0036,0,,,val
2026-08-27 12:00:00+07:00,SKU-002,0,3.4666,3.4498,1.0049,0.0036,0,,,val
2026-08-27 13:00:00+07:00,SKU-002,3,3.1511,3.1359,1.0048,0.0036,0,,,val
2026-08-27 14:00:00+07:00,SKU-002,2,2.8081,2.7947,1.0048,0.0035,0,,,val
2026-08-27 15:00:00+07:00,SKU-002,4,2.7321,2.7192,1.0047,0.0035,0,,,val
2026-08-27 16:00:00+07:00,SKU-002,1,2.9511,2.9374,1.0047,0.0034,0,,,val
2026-08-27 17:00:00+07:00,SKU-002,7,3.4397,3.424,1.0046,0.0034,0,,,val
2026-08-27 18:00:00+07:00,SKU-002,2,4.0918,4.0732,1.0046,0.0034,0,,,val
2026-08-27 19:00:00+07:00,SKU-002,0,4.8003,4.7787,1.0045,0.0033,0,,,val
2026-08-27 20:00:00+07:00,SKU-002,5,5.0253,5.003,1.0045,0.0033,0,,,val
2026-08-27 21:00:00+07:00,SKU-002,6,4.1957,4.1773,1.0044,0.0032,0,,,val
2026-08-27 22:00:00+07:00,SKU-002,2,2.7664,2.7544,1.0043,0.0032,0,,,val
2026-08-27 23:00:00+07:00,SKU-002,4,1.4131,1.4071,1.0043,0.0032,0,,,val
2026-08-28 00:00:00+07:00,SKU-002,0,0.7641,0.7609,1.0042,0.0031,0,,,val
2026-08-28 01:00:00+07:00,SKU-002,1,0.4901,0.488,1.0042,0.0031,0,,,val
2026-08-28 02:00:00+07:00,SKU-002,0,0.3376,0.3362,1.0041,0.0031,0,,,val
2026-08-28 03:00:00+07:00,SKU-002,1,0.2768,0.2757,1.0041,0.003,0,,,val
2026-08-28 04:00:00+07:00,SKU-002,1,0.3083,0.307,1.0041,0.003,0,,,val
2026-08-28 05:00:00+07:00,SKU-002,0,0.5561,0.5539,1.004,0.003,0,,,val
2026-08-28 06:00:00+07:00,SKU-002,0,1.1766,1.172,1.004,0.0029,0,,,val
2026-08-28 07:00:00+07:00,SKU-002,0,1.924,1.9165,1.0039,0.0029,0,,,val
2026-08-28 08:00:00+07:00,SKU-002,1,2.6438,2.6336,1.0039,0.0029,0,,,val
2026-08-28 09:00:00+07:00,SKU-002,2,3.1174,3.1055,1.0038,0.0028,0,,,val
2026-08-28 10:00:00+07:00,SKU-002,11,3.4995,3.4863,1.0038,0.0028,0,,,val
2026-08-28 11:00:00+07:00,SKU-002,9,3.8834,3.8689,1.0037,0.0028,0,,,val
2026-08-28 12:00:00+07:00,SKU-002,6,4.0806,4.0656,1.0037,0.0027,0,,,val
2026-08-28 13:00:00+07:00,SKU-002,6,3.7125,3.699,1.0036,0.0027,0,,,val
2026-08-28 14:00:00+07:00,SKU-002,1,3.3111,3.2992,1.0036,0.0027,0,,,val
2026-08-28 15:00:00+07:00,SKU-002,1,3.2239,3.2125,1.0036,0.0026,0,,,val
2026-08-28 16:00:00+07:00,SKU-002,4,3.4848,3.4725,1.0035,0.0026,0,,,val
2026-08-28 17:00:00+07:00,SKU-002,1,4.0643,4.0502,1.0035,0.0026,0,,,val
2026-08-28 18:00:00+07:00,SKU-002,6,4.8373,4.8207,1.0034,0.0025,0,,,val
2026-08-28 19:00:00+07:00,SKU-002,6,5.6774,5.6582,1.0034,0.0025,0,,,val
2026-08-28 20:00:00+07:00,SKU-002,8,5.9459,5.9259,1.0034,0.0025,0,,,val
2026-08-28 21:00:00+07:00,SKU-002,1,4.9658,4.9494,1.0033,0.0024,0,,,val
2026-08-28 22:00:00+07:00,SKU-002,9,3.275,3.2643,1.0033,0.0024,0,,,val
2026-08-28 23:00:00+07:00,SKU-002,0,1.6732,1.6678,1.0032,0.0024,0,,,val
2026-08-29 00:00:00+07:00,SKU-002,0,0.938,0.935,1.0032,0.0024,0,,,val
2026-08-29 01:00:00+07:00,SKU-002,0,0.6016,0.5997,1.0032,0.0023,0,,,val
2026-08-29 02:00:00+07:00,SKU-002,0,0.4145,0.4132,1.0031,0.0023,0,,,val
2026-08-29 03:00:00+07:00,SKU-002,0,0.3398,0.3387,1.0031,0.0023,0,,,val
2026-08-29 04:00:00+07:00,SKU-002,0,0.3783,0.3771,1.0031,0.0023,0,,,val
2026-08-29 05:00:00+07:00,SKU-002,0,0.6822,0.6802,1.003,0.0022,0,,,val
2026-08-29 06:00:00+07:00,SKU-002,2,1.0319,1.0288,1.003,0.0022,0,,,val
2026-08-29 07:00:00+07:00,SKU-002,1,1.6867,1.6817,1.003,0.0022,0,,,val
2026-08-29 08:00:00+07:00,SKU-002,3,2.3165,2.3098,1.0029,0.0022,0,,,val
2026-08-29 09:00:00+07:00,SKU-002,7,2.73,2.7222,1.0029,0.0021,0,,,val
2026-08-29 10:00:00+07:00,SKU-002,0,3.0628,3.054,1.0029,0.0021,0,,,val
2026-08-29 11:00:00+07:00,SKU-002,5,3.3964,3.3868,1.0028,0.0021,0,,,val
2026-08-29 12:00:00+07:00,SKU-002,4,3.5663,3.5564,1.0028,0.0021,0,,,val
2026-08-29 13:00:00+07:00,SKU-002,0,3.2419,3.233,1.0028,0.002,0,,,val
2026-08-29 14:00:00+07:00,SKU-002,6,2.8889,2.8811,1.0027,0.002,0,,,val
2026-08-29 15:00:00+07:00,SKU-002,6,2.8102,2.8027,1.0027,0.002,0,,,val
2026-08-29 16:00:00+07:00,SKU-002,1,3.0346,3.0266,1.0027,0.002,0,,,val
2026-08-29 17:00:00+07:00,SKU-002,2,3.5356,3.5263,1.0026,0.0019,0,,,val
2026-08-29 18:00:00+07:00,SKU-002,11,4.2034,4.1925,1.0026,0.0019,0,,,val
2026-08-29 19:00:00+07:00,SKU-002,10,4.9278,4.9152,1.0026,0.0019,0,,,val
2026-08-29 20:00:00+07:00,SKU-002,5,5.1546,5.1416,1.0025,0.0019,0,,,val
2026-08-29 21:00:00+07:00,SKU-002,1,4.2996,4.2889,1.0025,0.0018,0,,,val
2026-08-29 22:00:00+07:00,SKU-002,7,2.8319,2.8249,1.0025,0.0018,0,,,val
2026-08-29 23:00:00+07:00,SKU-002,3,1.4449,1.4414,1.0024,0.0018,0,,,val
2026-08-30 00:00:00+07:00,SKU-002,0,0.6517,0.6502,1.0024,0.0018,0,,,val
2026-08-30 01:00:00+07:00,SKU-002,1,0.4174,0.4164,1.0024,0.0018,0,,,val
2026-08-30 02:00:00+07:00,SKU-002,0,0.2871,0.2864,1.0024,0.0017,0,,,val
2026-08-30 03:00:00+07:00,SKU-002,0,0.3356,0.3348,1.0023,0.0017,0,,,val
2026-08-30 04:00:00+07:00,SKU-002,3,0.3731,0.3722,1.0023,0.0017,0,,,val
2026-08-30 05:00:00+07:00,SKU-002,0,0.6718,0.6702,1.0023,0.0017,0,,,val
2026-08-30 06:00:00+07:00,SKU-002,1,1.4185,1.4154,1.0023,0.0017,0,,,val
2026-08-30 07:00:00+07:00,SKU-002,1,2.3149,2.3098,1.0022,0.0016,0,,,val
2026-08-30 08:00:00+07:00,SKU-002,2,3.174,3.1671,1.0022,0.0016,0,,,val
2026-08-30 09:00:00+07:00,SKU-002,4,3.7343,3.7262,1.0022,0.0016,0,EP-002-05,TRUE_SURGE,val
2026-08-30 10:00:00+07:00,SKU-002,5,4.1822,4.1732,1.0022,0.125,0,EP-002-05,TRUE_SURGE,val
2026-08-30 11:00:00+07:00,SKU-002,4,4.6297,4.6199,1.0021,0.25,0,EP-002-05,TRUE_SURGE,val
2026-08-30 12:00:00+07:00,SKU-002,6,4.8528,4.8426,1.0021,0.375,0,EP-002-05,TRUE_SURGE,val
2026-08-30 13:00:00+07:00,SKU-002,6,4.4036,4.3945,1.0021,0.5,0,EP-002-05,TRUE_SURGE,val
2026-08-30 14:00:00+07:00,SKU-002,4,3.917,3.909,1.0021,0.625,0,EP-002-05,TRUE_SURGE,val
2026-08-30 15:00:00+07:00,SKU-002,5,3.8035,3.7958,1.002,0.75,0,EP-002-05,TRUE_SURGE,val
2026-08-30 16:00:00+07:00,SKU-002,3,4.0997,4.0915,1.002,0.875,0,EP-002-05,TRUE_SURGE,val
2026-08-30 17:00:00+07:00,SKU-002,6,4.7677,4.7583,1.002,1.0,0,EP-002-05,TRUE_SURGE,val
2026-08-30 18:00:00+07:00,SKU-002,6,5.658,5.6469,1.002,0.9844,0,EP-002-05,TRUE_SURGE,val
2026-08-30 19:00:00+07:00,SKU-002,14,6.6209,6.6081,1.0019,0.9691,0,EP-002-05,TRUE_SURGE,val
2026-08-30 20:00:00+07:00,SKU-002,4,6.9128,6.8996,1.0019,0.954,0,EP-002-05,TRUE_SURGE,val
2026-08-30 21:00:00+07:00,SKU-002,12,5.7556,5.7447,1.0019,0.9392,0,EP-002-05,TRUE_SURGE,val
2026-08-30 22:00:00+07:00,SKU-002,4,3.784,3.7769,1.0019,0.9246,0,EP-002-05,TRUE_SURGE,val
2026-08-30 23:00:00+07:00,SKU-002,0,1.9271,1.9235,1.0018,0.9102,0,EP-002-05,TRUE_SURGE,val
2026-08-31 00:00:00+07:00,SKU-002,0,0.7867,0.7852,1.0018,0.896,0,EP-002-05,TRUE_SURGE,val
2026-08-31 01:00:00+07:00,SKU-002,0,0.5029,0.502,1.0018,0.8821,0,EP-002-05,TRUE_SURGE,val
2026-08-31 02:00:00+07:00,SKU-002,1,0.3453,0.3447,1.0018,0.8683,0,EP-002-05,TRUE_SURGE,val
2026-08-31 03:00:00+07:00,SKU-002,0,0.2822,0.2817,1.0018,0.8548,0,EP-002-05,TRUE_SURGE,val
2026-08-31 04:00:00+07:00,SKU-002,0,0.3131,0.3125,1.0017,0.8415,0,EP-002-05,TRUE_SURGE,val
2026-08-31 05:00:00+07:00,SKU-002,2,0.8081,0.5618,1.4384,0.8284,0,EP-002-05,TRUE_SURGE,val
2026-08-31 06:00:00+07:00,SKU-002,4,2.2226,1.1843,1.8768,0.8155,0,EP-002-05,TRUE_SURGE,val
2026-08-31 07:00:00+07:00,SKU-002,5,4.4667,1.9293,2.3152,0.8028,0,EP-002-05,TRUE_SURGE,val
2026-08-31 08:00:00+07:00,SKU-002,12,7.2719,2.6409,2.7536,0.7904,0,EP-002-05,TRUE_SURGE,val
2026-08-31 09:00:00+07:00,SKU-002,10,9.9012,3.1019,3.1919,0.7781,0,EP-002-05,TRUE_SURGE,val
2026-08-31 10:00:00+07:00,SKU-002,9,12.5913,3.4684,3.6303,0.7659,0,EP-002-05,TRUE_SURGE,val
2026-08-31 11:00:00+07:00,SKU-002,10,15.597,3.8334,4.0687,0.754,0,EP-002-05,TRUE_SURGE,val
2026-08-31 12:00:00+07:00,SKU-002,56,18.0815,4.0118,4.5071,0.7423,21,EP-002-05,TRUE_SURGE,val
2026-08-31 13:00:00+07:00,SKU-002,6,16.1844,3.6349,4.4525,0.7307,6,EP-002-05,TRUE_SURGE,val
2026-08-31 14:00:00+07:00,SKU-002,10,14.2013,3.2284,4.3988,0.7194,10,EP-002-05,TRUE_SURGE,val
2026-08-31 15:00:00+07:00,SKU-002,7,13.6039,3.1303,4.3459,0.7082,7,EP-002-05,TRUE_SURGE,val
2026-08-31 16:00:00+07:00,SKU-002,10,14.4672,3.3693,4.2938,0.6971,10,EP-002-05,TRUE_SURGE,val
2026-08-31 17:00:00+07:00,SKU-002,3,16.601,3.913,4.2426,0.6863,3,EP-002-05,TRUE_SURGE,val
2026-08-31 18:00:00+07:00,SKU-002,25,19.4404,4.6374,4.1921,0.6756,25,EP-002-05,TRUE_SURGE,val
2026-08-31 19:00:00+07:00,SKU-002,23,22.4505,5.4196,4.1424,0.6651,23,EP-002-05,TRUE_SURGE,val
2026-08-31 20:00:00+07:00,SKU-002,37,23.1351,5.6516,4.0935,0.6548,37,EP-002-05,TRUE_SURGE,val
2026-08-31 21:00:00+07:00,SKU-002,17,19.0131,4.7,4.0454,0.6446,17,EP-002-05,TRUE_SURGE,val
2026-08-31 22:00:00+07:00,SKU-002,7,12.3394,3.0864,3.998,0.6345,7,EP-002-05,TRUE_SURGE,val
2026-08-31 23:00:00+07:00,SKU-002,5,6.2042,1.5702,3.9513,0.6247,5,EP-002-05,TRUE_SURGE,val
2026-09-01 00:00:00+07:00,SKU-002,3,2.7688,0.709,3.9054,0.6149,3,EP-002-05,TRUE_SURGE,val
2026-09-01 01:00:00+07:00,SKU-002,2,1.7478,0.4528,3.8602,0.6054,2,EP-002-05,TRUE_SURGE,val
2026-09-01 02:00:00+07:00,SKU-002,1,1.1852,0.3106,3.8157,0.5959,1,EP-002-05,TRUE_SURGE,val
2026-09-01 03:00:00+07:00,SKU-002,1,0.6698,0.1776,3.7719,0.5867,1,EP-002-05,TRUE_SURGE,val
2026-09-01 04:00:00+07:00,SKU-002,0,0.7342,0.1969,3.7287,0.5775,0,EP-002-05,TRUE_SURGE,val
2026-09-01 05:00:00+07:00,SKU-002,1,1.3037,0.3537,3.6862,0.5686,1,EP-002-05,TRUE_SURGE,val
2026-09-01 06:00:00+07:00,SKU-002,3,2.7151,0.745,3.6444,0.5597,3,EP-002-05,TRUE_SURGE,val
2026-09-01 07:00:00+07:00,SKU-002,7,4.3706,1.213,3.6033,0.551,7,EP-002-05,TRUE_SURGE,val
2026-09-01 08:00:00+07:00,SKU-002,2,5.912,1.6594,3.5628,0.5424,2,EP-002-05,TRUE_SURGE,val
2026-09-01 09:00:00+07:00,SKU-002,1,6.863,1.9481,3.5229,0.534,1,EP-002-05,TRUE_SURGE,val
2026-09-01 10:00:00+07:00,SKU-002,5,7.5849,2.1773,3.4836,0.5257,5,EP-002-05,TRUE_SURGE,val
2026-09-01 11:00:00+07:00,SKU-002,6,8.2872,2.4056,3.445,0.5175,6,EP-002-05,TRUE_SURGE,val
2026-09-01 12:00:00+07:00,SKU-002,0,8.5747,2.5168,3.4069,0.5094,0,EP-002-05,TRUE_SURGE,val
2026-09-01 13:00:00+07:00,SKU-002,9,7.682,2.2799,3.3695,0.5015,9,EP-002-05,TRUE_SURGE,val
2026-09-01 14:00:00+07:00,SKU-002,14,6.7474,2.0247,3.3326,0.4937,0,EP-002-05,TRUE_SURGE,val
2026-09-01 15:00:00+07:00,SKU-002,2,6.4706,1.963,3.2963,0.486,0,EP-002-05,TRUE_SURGE,val
2026-09-01 16:00:00+07:00,SKU-002,6,6.8891,2.1129,3.2606,0.4785,0,EP-002-05,TRUE_SURGE,val
2026-09-01 17:00:00+07:00,SKU-002,2,7.915,2.454,3.2254,0.471,0,EP-002-05,TRUE_SURGE,val
2026-09-01 18:00:00+07:00,SKU-002,4,9.2811,2.9088,3.1907,0.4637,0,EP-002-05,TRUE_SURGE,val
2026-09-01 19:00:00+07:00,SKU-002,7,10.7332,3.4002,3.1566,0.4565,0,EP-002-05,TRUE_SURGE,val
2026-09-01 20:00:00+07:00,SKU-002,3,11.0769,3.5468,3.1231,0.4494,0,EP-002-05,TRUE_SURGE,val
2026-09-01 21:00:00+07:00,SKU-002,0,9.1176,2.9506,3.09,0.4424,0,EP-002-05,TRUE_SURGE,val
2026-09-01 22:00:00+07:00,SKU-002,12,5.9271,1.9385,3.0575,0.4355,0,EP-002-05,TRUE_SURGE,val
2026-09-01 23:00:00+07:00,SKU-002,2,2.9853,0.9867,3.0255,0.4287,0,EP-002-05,TRUE_SURGE,val
2026-09-02 00:00:00+07:00,SKU-002,1,1.3886,0.4638,2.994,0.422,0,EP-002-05,TRUE_SURGE,val
2026-09-02 01:00:00+07:00,SKU-002,1,0.8782,0.2964,2.9629,0.4155,0,EP-002-05,TRUE_SURGE,val
2026-09-02 02:00:00+07:00,SKU-002,3,0.5967,0.2035,2.9324,0.409,0,EP-002-05,TRUE_SURGE,val
2026-09-02 03:00:00+07:00,SKU-002,0,0.4825,0.1663,2.9023,0.4026,0,EP-002-05,TRUE_SURGE,val
2026-09-02 04:00:00+07:00,SKU-002,0,0.53,0.1845,2.8727,0.3964,0,EP-002-05,TRUE_SURGE,val
2026-09-02 05:00:00+07:00,SKU-002,2,0.9432,0.3317,2.8436,0.3902,0,EP-002-05,TRUE_SURGE,val
2026-09-02 06:00:00+07:00,SKU-002,0,1.969,0.6995,2.8149,0.3841,0,EP-002-05,TRUE_SURGE,val
2026-09-02 07:00:00+07:00,SKU-002,2,3.1769,1.1401,2.7866,0.3781,0,EP-002-05,TRUE_SURGE,val
2026-09-02 08:00:00+07:00,SKU-002,1,4.3079,1.5615,2.7588,0.3723,0,EP-002-05,TRUE_SURGE,val
2026-09-02 09:00:00+07:00,SKU-002,4,5.0133,1.8354,2.7315,0.3665,0,EP-002-05,TRUE_SURGE,val
2026-09-02 10:00:00+07:00,SKU-002,11,5.555,2.054,2.7045,0.3608,0,EP-002-05,TRUE_SURGE,val
2026-09-02 11:00:00+07:00,SKU-002,3,6.0854,2.2724,2.678,0.3551,0,EP-002-05,TRUE_SURGE,val
2026-09-02 12:00:00+07:00,SKU-002,1,6.3136,2.3808,2.6519,0.3496,0,EP-002-05,TRUE_SURGE,val
2026-09-02 13:00:00+07:00,SKU-002,7,5.6721,2.1598,2.6262,0.3442,0,EP-002-05,TRUE_SURGE,val
2026-09-02 14:00:00+07:00,SKU-002,3,4.9962,1.921,2.6009,0.3388,0,EP-002-05,TRUE_SURGE,val
2026-09-02 15:00:00+07:00,SKU-002,5,4.8051,1.8654,2.5759,0.3336,0,EP-002-05,TRUE_SURGE,val
2026-09-02 16:00:00+07:00,SKU-002,5,5.1311,2.0111,2.5514,0.3284,0,EP-002-05,TRUE_SURGE,val
2026-09-02 17:00:00+07:00,SKU-002,3,5.9129,2.3397,2.5273,0.3233,0,EP-002-05,TRUE_SURGE,val
2026-09-02 18:00:00+07:00,SKU-002,9,6.9547,2.778,2.5035,0.3182,0,EP-002-05,TRUE_SURGE,val
2026-09-02 19:00:00+07:00,SKU-002,7,8.0679,3.2531,2.4801,0.3133,0,EP-002-05,TRUE_SURGE,val
2026-09-02 20:00:00+07:00,SKU-002,7,8.3527,3.3994,2.4571,0.3084,0,EP-002-05,TRUE_SURGE,val
2026-09-02 21:00:00+07:00,SKU-002,4,6.8973,2.8333,2.4344,0.3036,0,EP-002-05,TRUE_SURGE,val
2026-09-02 22:00:00+07:00,SKU-002,2,4.4983,1.8649,2.4121,0.2989,0,EP-002-05,TRUE_SURGE,val
2026-09-02 23:00:00+07:00,SKU-002,1,2.2731,0.951,2.3901,0.2942,0,EP-002-05,TRUE_SURGE,val
2026-09-03 00:00:00+07:00,SKU-002,2,1.1295,0.4769,2.3685,0.2896,0,EP-002-05,TRUE_SURGE,val
2026-09-03 01:00:00+07:00,SKU-002,2,0.7167,0.3054,2.3472,0.2851,0,EP-002-05,TRUE_SURGE,val
2026-09-03 02:00:00+07:00,SKU-002,0,0.4886,0.2101,2.3262,0.2807,0,EP-002-05,TRUE_SURGE,val
2026-09-03 03:00:00+07:00,SKU-002,0,0.3965,0.172,2.3056,0.2763,0,EP-002-05,TRUE_SURGE,val
2026-09-03 04:00:00+07:00,SKU-002,1,0.437,0.1912,2.2852,0.272,0,EP-002-05,TRUE_SURGE,val
2026-09-03 05:00:00+07:00,SKU-002,3,0.7804,0.3445,2.2652,0.2678,0,EP-002-05,TRUE_SURGE,val
2026-09-03 06:00:00+07:00,SKU-002,0,1.6347,0.728,2.2455,0.2636,0,EP-002-05,TRUE_SURGE,val
2026-09-03 07:00:00+07:00,SKU-002,5,2.6468,1.1889,2.2262,0.2595,0,EP-002-05,TRUE_SURGE,val
2026-09-03 08:00:00+07:00,SKU-002,1,3.6015,1.6318,2.2071,0.2555,1,EP-002-05,TRUE_SURGE,val
2026-09-03 09:00:00+07:00,SKU-002,2,4.2059,1.922,2.1883,0.2515,2,EP-002-05,TRUE_SURGE,val
2026-09-03 10:00:00+07:00,SKU-002,7,4.6766,2.1553,2.1698,0.2476,7,EP-002-05,TRUE_SURGE,val
2026-09-03 11:00:00+07:00,SKU-002,4,5.141,2.3894,2.1516,0.2437,4,EP-002-05,TRUE_SURGE,val
2026-09-03 12:00:00+07:00,SKU-002,4,5.3523,2.5085,2.1337,0.2399,4,EP-002-05,TRUE_SURGE,val
2026-09-03 13:00:00+07:00,SKU-002,3,4.8251,2.2803,2.116,0.2362,3,EP-002-05,TRUE_SURGE,val
2026-09-03 14:00:00+07:00,SKU-002,1,4.2648,2.0322,2.0987,0.2325,0,EP-002-05,TRUE_SURGE,val
2026-09-03 15:00:00+07:00,SKU-002,4,4.1158,1.9773,2.0816,0.2289,0,EP-002-05,TRUE_SURGE,val
2026-09-03 16:00:00+07:00,SKU-002,26,4.4101,2.1359,2.0647,0.2254,0,EP-002-05,TRUE_SURGE,val
2026-09-03 17:00:00+07:00,SKU-002,5,5.0993,2.4897,2.0482,0.2218,0,EP-002-05,TRUE_SURGE,val
2026-09-03 18:00:00+07:00,SKU-002,10,6.0179,2.9618,2.0319,0.2184,0,EP-002-05,TRUE_SURGE,val
2026-09-03 19:00:00+07:00,SKU-002,2,7.0045,3.4748,2.0158,0.215,0,EP-002-05,TRUE_SURGE,val
2026-09-03 20:00:00+07:00,SKU-002,2,7.2757,3.6379,2.0,0.2116,0,EP-002-05,TRUE_SURGE,val
2026-09-03 21:00:00+07:00,SKU-002,3,6.0276,3.0375,1.9844,0.2084,0,EP-002-05,TRUE_SURGE,val
2026-09-03 22:00:00+07:00,SKU-002,3,3.9438,2.0028,1.9691,0.2051,0,EP-002-05,TRUE_SURGE,val
2026-09-03 23:00:00+07:00,SKU-002,2,1.9992,1.0231,1.954,0.2019,0,EP-002-05,TRUE_SURGE,val
2026-09-04 00:00:00+07:00,SKU-002,1,1.0729,0.5533,1.9392,0.1988,0,EP-002-05,TRUE_SURGE,val
2026-09-04 01:00:00+07:00,SKU-002,0,0.6829,0.3548,1.9246,0.1957,0,EP-002-05,TRUE_SURGE,val
2026-09-04 02:00:00+07:00,SKU-002,2,0.467,0.2445,1.9102,0.1926,0,EP-002-05,TRUE_SURGE,test
2026-09-04 03:00:00+07:00,SKU-002,0,0.3801,0.2005,1.896,0.1896,0,EP-002-05,TRUE_SURGE,test
2026-09-04 04:00:00+07:00,SKU-002,1,0.4202,0.2232,1.8821,0.1867,0,EP-002-05,TRUE_SURGE,test
2026-09-04 05:00:00+07:00,SKU-002,1,0.7524,0.4027,1.8683,0.1838,0,EP-002-05,TRUE_SURGE,test
2026-09-04 06:00:00+07:00,SKU-002,0,1.5806,0.8522,1.8548,0.1809,0,EP-002-05,TRUE_SURGE,test
2026-09-04 07:00:00+07:00,SKU-002,4,2.5662,1.3936,1.8415,0.1781,0,EP-002-05,TRUE_SURGE,test
2026-09-04 08:00:00+07:00,SKU-002,4,3.5013,1.9149,1.8284,0.1753,0,EP-002-05,TRUE_SURGE,test
2026-09-04 09:00:00+07:00,SKU-002,4,4.0996,2.2581,1.8155,0.1726,0,EP-002-05,TRUE_SURGE,test
2026-09-04 10:00:00+07:00,SKU-002,8,4.5701,2.535,1.8028,0.1699,0,EP-002-05,TRUE_SURGE,test
2026-09-04 11:00:00+07:00,SKU-002,2,5.0365,2.8132,1.7903,0.1673,0,EP-002-05,TRUE_SURGE,test
2026-09-04 12:00:00+07:00,SKU-002,5,5.2562,2.9562,1.778,0.1647,0,EP-002-05,TRUE_SURGE,test
2026-09-04 13:00:00+07:00,SKU-002,1,4.7497,2.6896,1.7659,0.1621,0,EP-002-05,TRUE_SURGE,test
2026-09-04 14:00:00+07:00,SKU-002,4,4.2077,2.3989,1.754,0.1596,0,EP-002-05,TRUE_SURGE,test
2026-09-04 15:00:00+07:00,SKU-002,6,4.0697,2.3358,1.7423,0.1571,0,EP-002-05,TRUE_SURGE,test
2026-09-04 16:00:00+07:00,SKU-002,5,4.37,2.5249,1.7307,0.1547,0,EP-002-05,TRUE_SURGE,test
2026-09-04 17:00:00+07:00,SKU-002,5,5.0634,2.9449,1.7194,0.1523,0,EP-002-05,TRUE_SURGE,test
2026-09-04 18:00:00+07:00,SKU-002,2,5.9874,3.5052,1.7082,0.1499,0,EP-002-05,TRUE_SURGE,test
2026-09-04 19:00:00+07:00,SKU-002,12,6.9823,4.1141,1.6971,0.1476,0,EP-002-05,TRUE_SURGE,test
2026-09-04 20:00:00+07:00,SKU-002,8,7.2659,4.3088,1.6863,0.1453,0,EP-002-05,TRUE_SURGE,test
2026-09-04 21:00:00+07:00,SKU-002,3,6.0301,3.5987,1.6756,0.143,0,EP-002-05,TRUE_SURGE,test
2026-09-04 22:00:00+07:00,SKU-002,10,3.952,2.3735,1.6651,0.1408,0,EP-002-05,TRUE_SURGE,test
2026-09-04 23:00:00+07:00,SKU-002,1,2.0066,1.2127,1.6547,0.1386,0,EP-002-05,TRUE_SURGE,test
2026-09-05 00:00:00+07:00,SKU-002,1,1.1181,0.6799,1.6446,0.1364,0,EP-002-05,TRUE_SURGE,test
2026-09-05 01:00:00+07:00,SKU-002,0,0.7127,0.436,1.6345,0.1343,0,EP-002-05,TRUE_SURGE,test
2026-09-05 02:00:00+07:00,SKU-002,2,0.4881,0.3004,1.6246,0.1322,0,EP-002-05,TRUE_SURGE,test
2026-09-05 03:00:00+07:00,SKU-002,0,0.3977,0.2463,1.6149,0.1302,0,EP-002-05,TRUE_SURGE,test
2026-09-05 04:00:00+07:00,SKU-002,1,0.4402,0.2742,1.6054,0.1281,0,EP-002-05,TRUE_SURGE,test
2026-09-05 05:00:00+07:00,SKU-002,0,0.7893,0.4945,1.5959,0.1261,0,EP-002-05,TRUE_SURGE,test
2026-09-05 06:00:00+07:00,SKU-002,3,1.6597,1.046,1.5867,0.1242,0,EP-002-05,TRUE_SURGE,test
2026-09-05 07:00:00+07:00,SKU-002,2,2.6974,1.7099,1.5775,0.1222,0,EP-002-05,TRUE_SURGE,test
2026-09-05 08:00:00+07:00,SKU-002,1,3.6836,2.3484,1.5685,0.1203,0,EP-002-05,TRUE_SURGE,test
2026-09-05 09:00:00+07:00,SKU-002,4,4.3169,2.7678,1.5597,0.1185,0,EP-002-05,TRUE_SURGE,test
2026-09-05 10:00:00+07:00,SKU-002,4,4.8161,3.1052,1.551,0.1166,0,EP-002-05,TRUE_SURGE,test
2026-09-05 11:00:00+07:00,SKU-002,2,5.3114,3.4436,1.5424,0.1148,0,EP-002-05,TRUE_SURGE,test
2026-09-05 12:00:00+07:00,SKU-002,3,5.5467,3.6159,1.534,0.113,0,EP-002-05,TRUE_SURGE,test
2026-09-05 13:00:00+07:00,SKU-002,4,5.0151,3.2872,1.5257,0.1113,0,EP-002-05,TRUE_SURGE,test
2026-09-05 14:00:00+07:00,SKU-002,0,4.4452,2.9293,1.5175,0.1095,0,EP-002-05,TRUE_SURGE,test
2026-09-05 15:00:00+07:00,SKU-002,3,4.3013,2.8496,1.5094,0.1078,0,EP-002-05,TRUE_SURGE,test
2026-09-05 16:00:00+07:00,SKU-002,3,4.6204,3.0772,1.5015,0.1061,0,EP-002-05,TRUE_SURGE,test
2026-09-05 17:00:00+07:00,SKU-002,5,5.3553,3.5853,1.4937,0.1045,0,EP-002-05,TRUE_SURGE,test
2026-09-05 18:00:00+07:00,SKU-002,13,6.3344,4.2627,1.486,0.1029,0,EP-002-05,TRUE_SURGE,test
2026-09-05 19:00:00+07:00,SKU-002,9,7.3884,4.9974,1.4784,0.1013,0,EP-002-05,TRUE_SURGE,test
2026-09-05 20:00:00+07:00,SKU-002,9,7.6898,5.2276,1.471,0.0997,0,EP-002-05,TRUE_SURGE,test
2026-09-05 21:00:00+07:00,SKU-002,5,6.3825,4.3606,1.4637,0.0981,0,EP-002-05,TRUE_SURGE,test
2026-09-05 22:00:00+07:00,SKU-002,1,4.1832,2.8722,1.4565,0.0966,0,EP-002-05,TRUE_SURGE,test
2026-09-05 23:00:00+07:00,SKU-002,2,2.124,1.4655,1.4493,0.0951,0,EP-002-05,TRUE_SURGE,test
2026-09-06 00:00:00+07:00,SKU-002,0,0.9534,0.661,1.4424,0.0936,0,EP-002-05,TRUE_SURGE,test
2026-09-06 01:00:00+07:00,SKU-002,0,0.6077,0.4233,1.4355,0.0922,0,EP-002-05,TRUE_SURGE,test
2026-09-06 02:00:00+07:00,SKU-002,0,0.4161,0.2912,1.4287,0.0907,0,EP-002-05,TRUE_SURGE,test
2026-09-06 03:00:00+07:00,SKU-002,0,0.339,0.2384,1.422,0.0893,0,EP-002-05,TRUE_SURGE,test
2026-09-06 04:00:00+07:00,SKU-002,0,0.3751,0.265,1.4155,0.0879,0,EP-002-05,TRUE_SURGE,test
2026-09-06 05:00:00+07:00,SKU-002,1,0.6724,0.4772,1.409,0.0866,0,EP-002-05,TRUE_SURGE,test
2026-09-06 06:00:00+07:00,SKU-002,0,1.4135,1.0077,1.4026,0.0852,0,EP-002-05,TRUE_SURGE,test
2026-09-06 07:00:00+07:00,SKU-002,0,2.2964,1.6445,1.3964,0.0839,0,EP-002-05,TRUE_SURGE,test
2026-09-06 08:00:00+07:00,SKU-002,3,3.1348,2.2549,1.3902,0.0826,0,EP-002-05,TRUE_SURGE,test
2026-09-06 09:00:00+07:00,SKU-002,1,3.672,2.653,1.3841,0.0813,0,EP-002-05,TRUE_SURGE,test
2026-09-06 10:00:00+07:00,SKU-002,7,4.0948,2.9713,1.3781,0.08,0,EP-002-05,TRUE_SURGE,test
2026-09-06 11:00:00+07:00,SKU-002,7,4.5138,3.2893,1.3723,0.0788,0,EP-002-05,TRUE_SURGE,test
2026-09-06 12:00:00+07:00,SKU-002,2,4.7114,3.4479,1.3665,0.0776,0,EP-002-05,TRUE_SURGE,test
2026-09-06 13:00:00+07:00,SKU-002,5,4.2575,3.1288,1.3608,0.0764,0,EP-002-05,TRUE_SURGE,test
2026-09-06 14:00:00+07:00,SKU-002,2,3.7716,2.7832,1.3551,0.0752,0,EP-002-05,TRUE_SURGE,test
2026-09-06 15:00:00+07:00,SKU-002,6,3.6474,2.7025,1.3496,0.074,0,EP-002-05,TRUE_SURGE,test
2026-09-06 16:00:00+07:00,SKU-002,4,3.9157,2.9131,1.3442,0.0728,0,EP-002-05,TRUE_SURGE,test
2026-09-06 17:00:00+07:00,SKU-002,2,4.5357,3.3878,1.3388,0.0717,0,EP-002-05,TRUE_SURGE,test
2026-09-06 18:00:00+07:00,SKU-002,10,5.3615,4.0205,1.3335,0.0706,0,EP-002-05,TRUE_SURGE,test
2026-09-06 19:00:00+07:00,SKU-002,0,6.2496,4.7048,1.3284,0.0695,0,EP-002-05,TRUE_SURGE,test
2026-09-06 20:00:00+07:00,SKU-002,7,6.5003,4.9124,1.3232,0.0684,0,EP-002-05,TRUE_SURGE,test
2026-09-06 21:00:00+07:00,SKU-002,6,5.3917,4.0901,1.3182,0.0674,0,EP-002-05,TRUE_SURGE,test
2026-09-06 22:00:00+07:00,SKU-002,8,3.5314,2.689,1.3133,0.0663,0,EP-002-05,TRUE_SURGE,test
2026-09-06 23:00:00+07:00,SKU-002,1,1.7919,1.3695,1.3084,0.0653,0,EP-002-05,TRUE_SURGE,test
2026-09-07 00:00:00+07:00,SKU-002,0,0.7288,0.5591,1.3036,0.0643,0,EP-002-05,TRUE_SURGE,test
2026-09-07 01:00:00+07:00,SKU-002,0,0.4642,0.3574,1.2989,0.0633,0,EP-002-05,TRUE_SURGE,test
2026-09-07 02:00:00+07:00,SKU-002,0,0.3176,0.2454,1.2942,0.0623,0,EP-002-05,TRUE_SURGE,test
2026-09-07 03:00:00+07:00,SKU-002,0,0.2586,0.2005,1.2896,0.0613,0,EP-002-05,TRUE_SURGE,test
2026-09-07 04:00:00+07:00,SKU-002,0,0.286,0.2225,1.2851,0.0603,0,EP-002-05,TRUE_SURGE,test
2026-09-07 05:00:00+07:00,SKU-002,0,0.5122,0.4,1.2807,0.0594,0,EP-002-05,TRUE_SURGE,test
2026-09-07 06:00:00+07:00,SKU-002,2,1.0761,0.8432,1.2763,0.0585,0,EP-002-05,TRUE_SURGE,test
2026-09-07 07:00:00+07:00,SKU-002,1,1.7473,1.3736,1.272,0.0576,0,EP-002-05,TRUE_SURGE,test
2026-09-07 08:00:00+07:00,SKU-002,3,2.3837,1.8802,1.2678,0.0567,0,EP-002-05,TRUE_SURGE,test
2026-09-07 09:00:00+07:00,SKU-002,3,2.7906,2.2085,1.2636,0.0558,0,EP-002-05,TRUE_SURGE,test
2026-09-07 10:00:00+07:00,SKU-002,8,3.1102,2.4693,1.2595,0.0549,0,EP-002-05,TRUE_SURGE,test
2026-09-07 11:00:00+07:00,SKU-002,3,3.4265,2.7292,1.2555,0.0541,0,EP-002-05,TRUE_SURGE,test
2026-09-07 12:00:00+07:00,SKU-002,3,3.5746,2.8562,1.2515,0.0532,0,EP-002-05,TRUE_SURGE,test
2026-09-07 13:00:00+07:00,SKU-002,5,5.276,4.229,1.2476,0.0524,0,EP-002-05,TRUE_SURGE,test
2026-09-07 14:00:00+07:00,SKU-002,3,4.6716,3.7561,1.2437,0.0516,0,EP-002-05,TRUE_SURGE,test
2026-09-07 15:00:00+07:00,SKU-002,0,4.5157,3.6419,1.2399,0.0508,0,EP-002-05,TRUE_SURGE,test
2026-09-07 16:00:00+07:00,SKU-002,2,4.8459,3.92,1.2362,0.05,0,EP-002-05,TRUE_SURGE,test
2026-09-07 17:00:00+07:00,SKU-002,1,5.6111,4.5525,1.2325,0.0492,0,EP-002-05,TRUE_SURGE,test
2026-09-07 18:00:00+07:00,SKU-002,18,6.6303,5.3953,1.2289,0.0485,0,EP-002-05,TRUE_SURGE,test
2026-09-07 19:00:00+07:00,SKU-002,9,7.7263,6.3054,1.2254,0.0477,0,EP-002-05,TRUE_SURGE,test
2026-09-07 20:00:00+07:00,SKU-002,12,8.034,6.5753,1.2218,0.047,0,EP-002-05,TRUE_SURGE,test
2026-09-07 21:00:00+07:00,SKU-002,4,6.6622,5.4681,1.2184,0.0462,0,EP-002-05,TRUE_SURGE,test
2026-09-07 22:00:00+07:00,SKU-002,7,4.3628,3.5908,1.215,0.0455,0,EP-002-05,TRUE_SURGE,test
2026-09-07 23:00:00+07:00,SKU-002,1,2.2134,1.8268,1.2116,0.0448,0,EP-002-05,TRUE_SURGE,test
2026-09-08 00:00:00+07:00,SKU-002,1,0.9967,0.8248,1.2084,0.0441,0,EP-002-05,TRUE_SURGE,test
2026-09-08 01:00:00+07:00,SKU-002,0,0.6348,0.5268,1.2051,0.0434,0,EP-002-05,TRUE_SURGE,test
2026-09-08 02:00:00+07:00,SKU-002,2,0.4343,0.3614,1.2019,0.0427,0,EP-002-05,TRUE_SURGE,test
2026-09-08 03:00:00+07:00,SKU-002,0,0.3537,0.295,1.1988,0.0421,0,EP-002-05,TRUE_SURGE,test
2026-09-08 04:00:00+07:00,SKU-002,0,0.3911,0.3271,1.1957,0.0414,0,EP-002-05,TRUE_SURGE,test
2026-09-08 05:00:00+07:00,SKU-002,1,0.7007,0.5875,1.1926,0.0408,0,EP-002-05,TRUE_SURGE,test
2026-09-08 06:00:00+07:00,SKU-002,0,1.4724,1.2377,1.1896,0.0401,0,EP-002-05,TRUE_SURGE,test
2026-09-08 07:00:00+07:00,SKU-002,3,2.3913,2.0151,1.1867,0.0395,0,EP-002-05,TRUE_SURGE,test
2026-09-08 08:00:00+07:00,SKU-002,6,3.2634,2.7568,1.1838,0.0389,0,EP-002-05,TRUE_SURGE,test
2026-09-08 09:00:00+07:00,SKU-002,0,3.822,3.2364,1.1809,0.0383,0,EP-002-05,TRUE_SURGE,test
2026-09-08 10:00:00+07:00,SKU-002,8,4.2615,3.6172,1.1781,0.0377,0,EP-002-05,TRUE_SURGE,test
2026-09-08 11:00:00+07:00,SKU-002,0,4.6972,3.9965,1.1753,0.0371,0,EP-002-05,TRUE_SURGE,test
2026-09-08 12:00:00+07:00,SKU-002,2,4.903,4.1813,1.1726,0.0365,0,EP-002-05,TRUE_SURGE,test
2026-09-08 13:00:00+07:00,SKU-002,2,4.4312,3.7876,1.1699,0.036,0,EP-002-05,TRUE_SURGE,test
2026-09-08 14:00:00+07:00,SKU-002,0,3.9263,3.3636,1.1673,0.0354,0,EP-002-05,TRUE_SURGE,test
2026-09-08 15:00:00+07:00,SKU-002,4,3.7981,3.2611,1.1647,0.0349,0,EP-002-05,TRUE_SURGE,test
2026-09-08 16:00:00+07:00,SKU-002,6,4.0792,3.5101,1.1621,0.0343,0,EP-002-05,TRUE_SURGE,test
2026-09-08 17:00:00+07:00,SKU-002,4,4.7274,4.0768,1.1596,0.0338,0,EP-002-05,TRUE_SURGE,test
2026-09-08 18:00:00+07:00,SKU-002,5,5.5915,4.8323,1.1571,0.0333,0,EP-002-05,TRUE_SURGE,test
2026-09-08 19:00:00+07:00,SKU-002,5,6.5223,5.6487,1.1547,0.0327,0,EP-002-05,TRUE_SURGE,test
2026-09-08 20:00:00+07:00,SKU-002,3,6.7894,5.8923,1.1523,0.0322,0,EP-002-05,TRUE_SURGE,test
2026-09-08 21:00:00+07:00,SKU-002,6,5.6366,4.9019,1.1499,0.0317,0,EP-002-05,TRUE_SURGE,test
2026-09-08 22:00:00+07:00,SKU-002,7,3.6956,3.2205,1.1475,0.0312,0,EP-002-05,TRUE_SURGE,test
2026-09-08 23:00:00+07:00,SKU-002,8,1.8773,1.6392,1.1453,0.0307,0,EP-002-05,TRUE_SURGE,test
2026-09-09 00:00:00+07:00,SKU-002,0,0.8806,0.7705,1.143,0.0303,0,EP-002-05,TRUE_SURGE,test
2026-09-09 01:00:00+07:00,SKU-002,0,0.5617,0.4924,1.1408,0.0298,0,EP-002-05,TRUE_SURGE,test
2026-09-09 02:00:00+07:00,SKU-002,1,0.3849,0.338,1.1386,0.0293,0,EP-002-05,TRUE_SURGE,test
2026-09-09 03:00:00+07:00,SKU-002,0,0.3139,0.2762,1.1364,0.0289,0,EP-002-05,TRUE_SURGE,test
2026-09-09 04:00:00+07:00,SKU-002,0,0.3477,0.3065,1.1343,0.0284,0,EP-002-05,TRUE_SURGE,test
2026-09-09 05:00:00+07:00,SKU-002,0,0.6239,0.5511,1.1322,0.028,0,EP-002-05,TRUE_SURGE,test
2026-09-09 06:00:00+07:00,SKU-002,1,1.3133,1.162,1.1301,0.0275,0,EP-002-05,TRUE_SURGE,test
2026-09-09 07:00:00+07:00,SKU-002,0,2.1366,1.894,1.1281,0.0271,0,EP-002-05,TRUE_SURGE,test
2026-09-09 08:00:00+07:00,SKU-002,4,2.9212,2.594,1.1261,0.0267,0,EP-002-05,TRUE_SURGE,test
2026-09-09 09:00:00+07:00,SKU-002,1,3.4277,3.0491,1.1242,0.0263,0,EP-002-05,TRUE_SURGE,test
2026-09-09 10:00:00+07:00,SKU-002,3,3.8293,3.4122,1.1222,0.0259,0,EP-002-05,TRUE_SURGE,test
2026-09-09 11:00:00+07:00,SKU-002,4,2.5881,2.3101,1.1203,0.0255,0,EP-002-05,TRUE_SURGE,test
2026-09-09 12:00:00+07:00,SKU-002,1,2.707,2.4203,1.1185,0.0251,0,EP-002-05,TRUE_SURGE,test
2026-09-09 13:00:00+07:00,SKU-002,1,2.4517,2.1956,1.1166,0.0247,0,EP-002-05,TRUE_SURGE,test
2026-09-09 14:00:00+07:00,SKU-002,1,2.177,1.9528,1.1148,0.0243,0,EP-002-05,TRUE_SURGE,test
2026-09-09 15:00:00+07:00,SKU-002,2,2.1106,1.8963,1.113,0.0239,0,EP-002-05,TRUE_SURGE,test
2026-09-09 16:00:00+07:00,SKU-002,2,2.2719,2.0444,1.1113,0.0235,0,,,test
2026-09-09 17:00:00+07:00,SKU-002,7,2.6389,2.3784,1.1095,0.0232,0,,,test
2026-09-09 18:00:00+07:00,SKU-002,2,3.1285,2.824,1.1078,0.0228,0,,,test
2026-09-09 19:00:00+07:00,SKU-002,4,3.658,3.307,1.1061,0.0225,0,,,test
2026-09-09 20:00:00+07:00,SKU-002,1,3.8169,3.4558,1.1045,0.0221,0,,,test
2026-09-09 21:00:00+07:00,SKU-002,6,3.1765,2.8802,1.1029,0.0218,0,,,test
2026-09-09 22:00:00+07:00,SKU-002,2,2.0878,1.8958,1.1013,0.0214,0,,,test
2026-09-09 23:00:00+07:00,SKU-002,2,1.0632,0.9668,1.0997,0.0211,0,,,test
2026-09-10 00:00:00+07:00,SKU-002,1,0.5324,0.4848,1.0981,0.0208,0,,,test
2026-09-10 01:00:00+07:00,SKU-002,0,0.3404,0.3104,1.0966,0.0204,0,,,test
2026-09-10 02:00:00+07:00,SKU-002,0,0.2338,0.2135,1.0951,0.0201,0,,,test
2026-09-10 03:00:00+07:00,SKU-002,0,0.1912,0.1748,1.0936,0.0198,0,,,test
2026-09-10 04:00:00+07:00,SKU-002,0,0.2123,0.1944,1.0922,0.0195,0,EP-002-06,FADING_SURGE,test
2026-09-10 05:00:00+07:00,SKU-002,1,0.382,0.3502,1.0907,0.5,0,EP-CONFLICT-02,TRUE_SURGE,test
2026-09-10 06:00:00+07:00,SKU-002,0,0.8061,0.74,1.0893,1.0,0,EP-CONFLICT-02,TRUE_SURGE,test
2026-09-10 07:00:00+07:00,SKU-002,1,1.3149,1.2086,1.0879,0.8997,0,EP-CONFLICT-02,TRUE_SURGE,test
2026-09-10 08:00:00+07:00,SKU-002,4,1.8024,1.6588,1.0866,0.8094,0,EP-CONFLICT-02,TRUE_SURGE,test
2026-09-10 09:00:00+07:00,SKU-002,3,2.1203,1.9538,1.0852,0.8,0,EP-CONFLICT-02,TRUE_SURGE,test
2026-09-10 10:00:00+07:00,SKU-002,0,2.3748,2.191,1.0839,1.0,0,EP-CONFLICT-02,TRUE_SURGE,test
2026-09-10 11:00:00+07:00,SKU-002,3,2.6295,2.4289,1.0826,0.9871,0,EP-CONFLICT-02,TRUE_SURGE,test
2026-09-10 12:00:00+07:00,SKU-002,1,2.7573,2.55,1.0813,0.9744,0,EP-CONFLICT-02,TRUE_SURGE,test
2026-09-10 13:00:00+07:00,SKU-002,2,2.5035,2.318,1.08,0.9618,0,EP-CONFLICT-02,TRUE_SURGE,test
2026-09-10 14:00:00+07:00,SKU-002,3,2.2285,2.0658,1.0788,0.9495,0,EP-CONFLICT-02,TRUE_SURGE,test
2026-09-10 15:00:00+07:00,SKU-002,3,2.1659,2.01,1.0776,0.9372,0,EP-CONFLICT-02,TRUE_SURGE,test
2026-09-10 16:00:00+07:00,SKU-002,3,2.337,2.1712,1.0764,0.9251,0,EP-CONFLICT-02,TRUE_SURGE,test
2026-09-10 17:00:00+07:00,SKU-002,3,2.7211,2.5309,1.0752,0.9132,0,EP-CONFLICT-02,TRUE_SURGE,test
2026-09-10 18:00:00+07:00,SKU-002,1,3.2335,3.0108,1.074,0.9015,0,EP-CONFLICT-02,TRUE_SURGE,test
2026-09-10 19:00:00+07:00,SKU-002,5,3.7896,3.5323,1.0728,0.8898,0,EP-CONFLICT-02,TRUE_SURGE,test
2026-09-10 20:00:00+07:00,SKU-002,2,3.9632,3.698,1.0717,0.8784,0,EP-CONFLICT-02,TRUE_SURGE,test
2026-09-10 21:00:00+07:00,SKU-002,4,3.3056,3.0877,1.0706,0.8671,0,EP-CONFLICT-02,TRUE_SURGE,test
2026-09-10 22:00:00+07:00,SKU-002,7,2.1774,2.0359,1.0695,0.8559,0,EP-CONFLICT-02,TRUE_SURGE,test
2026-09-10 23:00:00+07:00,SKU-002,2,1.9038,1.04,1.8305,0.8449,0,EP-CONFLICT-02,TRUE_SURGE,test
2026-09-11 00:00:00+07:00,SKU-002,3,1.558,0.5624,2.7701,0.834,0,EP-CONFLICT-02,TRUE_SURGE,test
2026-09-11 01:00:00+07:00,SKU-002,2,1.6377,0.3607,4.5402,0.8232,0,EP-CONFLICT-02,TRUE_SURGE,test
2026-09-11 02:00:00+07:00,SKU-002,0,1.0741,0.2485,4.3221,0.8126,0,EP-CONFLICT-02,TRUE_SURGE,test
2026-09-11 03:00:00+07:00,SKU-002,0,1.05,0.2038,5.1526,0.8022,0,EP-CONFLICT-02,TRUE_SURGE,test
2026-09-11 04:00:00+07:00,SKU-002,0,1.1571,0.2269,5.0991,0.7918,0,EP-CONFLICT-02,TRUE_SURGE,test
2026-09-11 05:00:00+07:00,SKU-002,1,2.0659,0.4094,5.0463,0.7816,0,EP-CONFLICT-02,TRUE_SURGE,test
2026-09-11 06:00:00+07:00,SKU-002,3,4.3261,0.8662,4.9942,0.7715,0,EP-CONFLICT-02,TRUE_SURGE,test
2026-09-11 07:00:00+07:00,SKU-002,4,7.0016,1.4166,4.9427,0.7616,0,EP-CONFLICT-02,TRUE_SURGE,test
2026-09-11 08:00:00+07:00,SKU-002,5,9.5223,1.9465,4.8919,0.7518,0,EP-CONFLICT-02,TRUE_SURGE,test
2026-09-11 09:00:00+07:00,SKU-002,17,11.1136,2.2954,4.8418,0.7421,0,EP-CONFLICT-02,TRUE_SURGE,test
2026-09-11 10:00:00+07:00,SKU-002,18,12.3488,2.5768,4.7923,0.7325,0,EP-CONFLICT-02,TRUE_SURGE,test
2026-09-11 11:00:00+07:00,SKU-002,14,13.5642,2.8596,4.7434,0.7231,0,EP-CONFLICT-02,TRUE_SURGE,test
2026-09-11 12:00:00+07:00,SKU-002,5,14.1089,3.005,4.6952,0.7138,0,EP-CONFLICT-02,TRUE_SURGE,test
2026-09-11 13:00:00+07:00,SKU-002,32,12.7065,2.734,4.6476,0.7046,0,EP-CONFLICT-02,TRUE_SURGE,test
2026-09-11 14:00:00+07:00,SKU-002,10,11.2185,2.4385,4.6006,0.6955,0,EP-CONFLICT-02,TRUE_SURGE,test
2026-09-11 15:00:00+07:00,SKU-002,8,10.8133,2.3744,4.5542,0.6866,0,EP-CONFLICT-02,TRUE_SURGE,test
2026-09-11 16:00:00+07:00,SKU-002,16,11.5711,2.5666,4.5084,0.6777,0,EP-CONFLICT-02,TRUE_SURGE,test
2026-09-11 17:00:00+07:00,SKU-002,10,13.3605,2.9935,4.4632,0.669,0,EP-CONFLICT-02,TRUE_SURGE,test
2026-09-11 18:00:00+07:00,SKU-002,11,15.7432,3.563,4.4186,0.6604,0,EP-CONFLICT-02,TRUE_SURGE,test
2026-09-11 19:00:00+07:00,SKU-002,30,18.2942,4.182,4.3745,0.6519,0,EP-CONFLICT-02,TRUE_SURGE,test
2026-09-11 20:00:00+07:00,SKU-002,10,18.9693,4.3799,4.331,0.6435,0,EP-CONFLICT-02,TRUE_SURGE,test
2026-09-11 21:00:00+07:00,SKU-002,7,15.6863,3.6581,4.2881,0.6352,0,EP-CONFLICT-02,TRUE_SURGE,test
2026-09-11 22:00:00+07:00,SKU-002,11,10.2433,2.4126,4.2458,0.627,0,EP-CONFLICT-02,TRUE_SURGE,test
2026-09-11 23:00:00+07:00,SKU-002,3,5.182,1.2326,4.2039,0.6189,0,EP-CONFLICT-02,TRUE_SURGE,test
2026-09-12 00:00:00+07:00,SKU-002,2,2.8767,0.6911,4.1627,0.6109,0,EP-CONFLICT-02,TRUE_SURGE,test
2026-09-12 01:00:00+07:00,SKU-002,2,1.827,0.4432,4.1219,0.6031,0,EP-CONFLICT-02,TRUE_SURGE,test
2026-09-12 02:00:00+07:00,SKU-002,2,1.2464,0.3054,4.0817,0.5953,0,EP-CONFLICT-02,TRUE_SURGE,test
2026-09-12 03:00:00+07:00,SKU-002,0,1.0119,0.2504,4.042,0.5876,0,EP-CONFLICT-02,TRUE_SURGE,test
2026-09-12 04:00:00+07:00,SKU-002,0,1.1157,0.2787,4.0028,0.58,0,EP-CONFLICT-02,TRUE_SURGE,test
2026-09-12 05:00:00+07:00,SKU-002,0,1.9927,0.5027,3.9641,0.5726,0,EP-CONFLICT-02,TRUE_SURGE,test
2026-09-12 06:00:00+07:00,SKU-002,1,4.1743,1.0633,3.9259,0.5652,0,EP-CONFLICT-02,TRUE_SURGE,test
2026-09-12 07:00:00+07:00,SKU-002,7,6.7579,1.738,3.8882,0.5579,0,EP-CONFLICT-02,TRUE_SURGE,test
2026-09-12 08:00:00+07:00,SKU-002,14,9.1929,2.3871,3.851,0.5507,0,EP-CONFLICT-02,TRUE_SURGE,test
2026-09-12 09:00:00+07:00,SKU-002,7,10.7308,2.8133,3.8143,0.5436,0,EP-CONFLICT-02,TRUE_SURGE,test
2026-09-12 10:00:00+07:00,SKU-002,15,11.9246,3.1563,3.778,0.5366,0,EP-CONFLICT-02,TRUE_SURGE,test
2026-09-12 11:00:00+07:00,SKU-002,5,13.0987,3.5003,3.7422,0.5297,0,EP-CONFLICT-02,TRUE_SURGE,test
2026-09-12 12:00:00+07:00,SKU-002,23,13.6245,3.6755,3.7069,0.5229,0,EP-CONFLICT-02,TRUE_SURGE,test
2026-09-12 13:00:00+07:00,SKU-002,6,12.2692,3.3413,3.672,0.5162,0,EP-CONFLICT-02,TRUE_SURGE,test
2026-09-12 14:00:00+07:00,SKU-002,20,10.831,2.9775,3.6376,0.5095,0,EP-CONFLICT-02,TRUE_SURGE,test
2026-09-12 15:00:00+07:00,SKU-002,11,10.4379,2.8965,3.6036,0.5029,0,EP-CONFLICT-02,TRUE_SURGE,test
2026-09-12 16:00:00+07:00,SKU-002,7,11.1667,3.1279,3.5701,0.4965,0,EP-CONFLICT-02,TRUE_SURGE,test
2026-09-12 17:00:00+07:00,SKU-002,6,12.8897,3.6443,3.5369,0.4901,0,EP-CONFLICT-02,TRUE_SURGE,test
2026-09-12 18:00:00+07:00,SKU-002,12,15.1833,4.3328,3.5043,0.4837,12,EP-CONFLICT-02,TRUE_SURGE,test
2026-09-12 19:00:00+07:00,SKU-002,13,17.6366,5.0797,3.472,0.4775,13,EP-CONFLICT-02,TRUE_SURGE,test
2026-09-12 20:00:00+07:00,SKU-002,19,18.2795,5.3136,3.4401,0.4714,19,EP-CONFLICT-02,TRUE_SURGE,test
2026-09-12 21:00:00+07:00,SKU-002,16,15.1086,4.4323,3.4087,0.4653,16,EP-CONFLICT-02,TRUE_SURGE,test
2026-09-12 22:00:00+07:00,SKU-002,11,9.8609,2.9194,3.3777,0.4593,11,EP-CONFLICT-02,TRUE_SURGE,test
2026-09-12 23:00:00+07:00,SKU-002,6,4.9857,1.4896,3.347,0.4534,6,EP-CONFLICT-02,TRUE_SURGE,test
2026-09-13 00:00:00+07:00,SKU-002,0,2.2285,0.6719,3.3168,0.4475,0,EP-CONFLICT-02,TRUE_SURGE,test
2026-09-13 01:00:00+07:00,SKU-002,3,1.4144,0.4303,3.287,0.4418,3,EP-CONFLICT-02,TRUE_SURGE,test
2026-09-13 02:00:00+07:00,SKU-002,1,0.9643,0.296,3.2575,0.4361,1,EP-CONFLICT-02,TRUE_SURGE,test
2026-09-13 03:00:00+07:00,SKU-002,3,0.7823,0.2423,3.2284,0.4305,3,EP-CONFLICT-02,TRUE_SURGE,test
2026-09-13 04:00:00+07:00,SKU-002,2,0.8619,0.2694,3.1997,0.4249,2,EP-CONFLICT-02,TRUE_SURGE,test
2026-09-13 05:00:00+07:00,SKU-002,1,1.5382,0.485,3.1713,0.4194,1,EP-CONFLICT-02,TRUE_SURGE,test
2026-09-13 06:00:00+07:00,SKU-002,1,3.2197,1.0243,3.1434,0.414,1,EP-CONFLICT-02,TRUE_SURGE,test
2026-09-13 07:00:00+07:00,SKU-002,3,5.2082,1.6716,3.1158,0.4087,3,EP-CONFLICT-02,TRUE_SURGE,test
2026-09-13 08:00:00+07:00,SKU-002,5,7.0787,2.292,3.0885,0.4034,5,EP-CONFLICT-02,TRUE_SURGE,test
2026-09-13 09:00:00+07:00,SKU-002,13,8.2558,2.6966,3.0616,0.3982,13,EP-CONFLICT-02,TRUE_SURGE,test
2026-09-13 10:00:00+07:00,SKU-002,9,9.1661,3.0201,3.035,0.3931,9,EP-CONFLICT-02,TRUE_SURGE,test
2026-09-13 11:00:00+07:00,SKU-002,4,10.0595,3.3433,3.0088,0.388,4,EP-CONFLICT-02,TRUE_SURGE,test
2026-09-13 12:00:00+07:00,SKU-002,14,10.4536,3.5045,2.9829,0.383,14,EP-CONFLICT-02,TRUE_SURGE,test
2026-09-13 13:00:00+07:00,SKU-002,14,9.405,3.1802,2.9574,0.3781,14,EP-CONFLICT-02,TRUE_SURGE,test
2026-09-13 14:00:00+07:00,SKU-002,20,8.2947,2.8289,2.9322,0.3732,0,EP-CONFLICT-02,TRUE_SURGE,test
2026-09-13 15:00:00+07:00,SKU-002,8,7.986,2.7469,2.9073,0.3684,0,EP-CONFLICT-02,TRUE_SURGE,test
2026-09-13 16:00:00+07:00,SKU-002,7,8.5353,2.9609,2.8827,0.3637,0,EP-CONFLICT-02,TRUE_SURGE,test
2026-09-13 17:00:00+07:00,SKU-002,11,9.8429,3.4434,2.8584,0.359,0,EP-CONFLICT-02,TRUE_SURGE,test
2026-09-13 18:00:00+07:00,SKU-002,7,11.583,4.0865,2.8345,0.3544,0,EP-CONFLICT-02,TRUE_SURGE,test
2026-09-13 19:00:00+07:00,SKU-002,25,13.4416,4.782,2.8109,0.3498,0,EP-CONFLICT-02,TRUE_SURGE,test
2026-09-13 20:00:00+07:00,SKU-002,16,13.9181,4.993,2.7875,0.3453,0,EP-CONFLICT-02,TRUE_SURGE,test
2026-09-13 21:00:00+07:00,SKU-002,24,11.4927,4.1572,2.7645,0.3408,0,EP-CONFLICT-02,TRUE_SURGE,test
2026-09-13 22:00:00+07:00,SKU-002,10,7.4937,2.7332,2.7418,0.3365,0,EP-CONFLICT-02,TRUE_SURGE,test
2026-09-13 23:00:00+07:00,SKU-002,3,3.7852,1.392,2.7193,0.3321,0,EP-CONFLICT-02,TRUE_SURGE,test
2026-09-14 00:00:00+07:00,SKU-002,5,1.5326,0.5682,2.6972,0.3278,0,EP-CONFLICT-02,TRUE_SURGE,test
2026-09-14 01:00:00+07:00,SKU-002,1,0.9718,0.3633,2.6753,0.3236,0,EP-CONFLICT-02,TRUE_SURGE,test
2026-09-14 02:00:00+07:00,SKU-002,1,0.6619,0.2494,2.6537,0.3194,0,EP-CONFLICT-02,TRUE_SURGE,test
2026-09-14 03:00:00+07:00,SKU-002,0,0.5365,0.2038,2.6324,0.3153,0,EP-CONFLICT-02,TRUE_SURGE,test
2026-09-14 04:00:00+07:00,SKU-002,0,0.5906,0.2262,2.6114,0.3113,0,EP-CONFLICT-02,TRUE_SURGE,test
2026-09-14 05:00:00+07:00,SKU-002,4,1.0532,0.4065,2.5906,0.3073,0,,,test
2026-09-14 06:00:00+07:00,SKU-002,0,2.2026,0.857,2.5701,0.3033,0,,,test
2026-09-14 07:00:00+07:00,SKU-002,9,3.56,1.3961,2.5499,0.2994,0,,,test
2026-09-14 08:00:00+07:00,SKU-002,0,4.8348,1.9111,2.5299,0.2955,0,,,test
2026-09-14 09:00:00+07:00,SKU-002,4,5.6346,2.2447,2.5102,0.2917,0,,,test
2026-09-14 10:00:00+07:00,SKU-002,8,6.2513,2.5098,2.4908,0.288,0,,,test
2026-09-14 11:00:00+07:00,SKU-002,1,6.8559,2.7739,2.4716,0.2843,0,,,test
2026-09-14 12:00:00+07:00,SKU-002,4,7.1199,2.903,2.4526,0.2806,0,,,test
2026-09-14 13:00:00+07:00,SKU-002,3,6.4018,2.6303,2.4339,0.277,0,,,test
2026-09-14 14:00:00+07:00,SKU-002,5,5.6428,2.3362,2.4154,0.2734,0,,,test
2026-09-14 15:00:00+07:00,SKU-002,0,5.4299,2.2651,2.3972,0.2699,0,,,test
2026-09-14 16:00:00+07:00,SKU-002,2,5.8006,2.4381,2.3792,0.2664,0,,,test
2026-09-14 17:00:00+07:00,SKU-002,7,6.6862,2.8315,2.3614,0.263,0,,,test
2026-09-14 18:00:00+07:00,SKU-002,1,7.8652,3.3557,2.3439,0.2596,0,,,test
2026-09-14 19:00:00+07:00,SKU-002,12,9.124,3.9217,2.3265,0.2562,0,,,test
2026-09-14 20:00:00+07:00,SKU-002,10,9.4446,4.0896,2.3095,0.2529,0,,,test
2026-09-14 21:00:00+07:00,SKU-002,4,7.7968,3.4009,2.2926,0.2497,0,,,test
2026-09-14 22:00:00+07:00,SKU-002,13,5.0829,2.2333,2.2759,0.2465,0,,,test
2026-09-14 23:00:00+07:00,SKU-002,4,2.5671,1.1362,2.2595,0.2433,0,,,test
2026-09-15 00:00:00+07:00,SKU-002,3,1.1508,0.513,2.2433,0.2402,0,,,test
2026-09-15 01:00:00+07:00,SKU-002,2,0.7297,0.3276,2.2272,0.2371,0,,,test
2026-09-15 02:00:00+07:00,SKU-002,2,0.497,0.2248,2.2114,0.234,0,,,test
2026-09-15 03:00:00+07:00,SKU-002,0,0.4029,0.1835,2.1958,0.231,0,,,test
2026-09-15 04:00:00+07:00,SKU-002,0,0.4436,0.2034,2.1804,0.228,0,,,test
2026-09-15 05:00:00+07:00,SKU-002,1,0.7912,0.3654,2.1652,0.2251,0,,,test
2026-09-15 06:00:00+07:00,SKU-002,6,1.6552,0.7698,2.1502,0.2222,0,,,test
2026-09-15 07:00:00+07:00,SKU-002,0,2.6763,1.2533,2.1354,0.2193,0,,,test
2026-09-15 08:00:00+07:00,SKU-002,2,3.6362,1.7146,2.1207,0.2165,0,,,test
2026-09-15 09:00:00+07:00,SKU-002,5,4.2398,2.0129,2.1063,0.2137,5,,,test
2026-09-15 10:00:00+07:00,SKU-002,5,4.7065,2.2497,2.0921,0.211,5,,,test
2026-09-15 11:00:00+07:00,SKU-002,5,5.165,2.4856,2.078,0.2082,5,,,test
2026-09-15 12:00:00+07:00,SKU-002,6,5.3677,2.6005,2.0641,0.2056,6,,,test
2026-09-15 13:00:00+07:00,SKU-002,3,4.8301,2.3557,2.0504,0.2029,3,,,test
2026-09-15 14:00:00+07:00,SKU-002,5,4.261,2.092,2.0369,0.2003,0,,,test
2026-09-15 15:00:00+07:00,SKU-002,18,4.1041,2.0282,2.0235,0.1977,0,,,test
2026-09-15 16:00:00+07:00,SKU-002,6,4.3887,2.1831,2.0103,0.1952,0,,,test
2026-09-15 17:00:00+07:00,SKU-002,5,5.0642,2.5355,1.9973,0.1926,0,,,test
2026-09-15 18:00:00+07:00,SKU-002,2,5.964,3.0054,1.9844,0.1902,0,,,test
2026-09-15 19:00:00+07:00,SKU-002,4,6.9271,3.5131,1.9718,0.1877,0,,,test
2026-09-15 20:00:00+07:00,SKU-002,7,7.1798,3.6646,1.9592,0.1853,0,,,test
2026-09-15 21:00:00+07:00,SKU-002,6,5.9354,3.0487,1.9469,0.1829,0,,,test
2026-09-15 22:00:00+07:00,SKU-002,3,3.875,2.0029,1.9347,0.1806,0,,,test
2026-09-15 23:00:00+07:00,SKU-002,5,1.9601,1.0195,1.9226,0.1782,0,,,test
2026-09-16 00:00:00+07:00,SKU-002,4,0.9156,0.4792,1.9107,0.1759,0,,,test
2026-09-16 01:00:00+07:00,SKU-002,0,0.5815,0.3062,1.899,0.1737,0,,,test
2026-09-16 02:00:00+07:00,SKU-002,0,0.3968,0.2102,1.8874,0.1714,0,,,test
2026-09-16 03:00:00+07:00,SKU-002,1,0.3223,0.1718,1.876,0.1692,0,,,test
2026-09-16 04:00:00+07:00,SKU-002,0,0.3555,0.1906,1.8647,0.167,0,,,test
2026-09-16 05:00:00+07:00,SKU-002,0,0.6352,0.3427,1.8536,0.1649,0,,,test
2026-09-16 06:00:00+07:00,SKU-002,2,1.3316,0.7227,1.8426,0.1628,0,,,test
2026-09-16 07:00:00+07:00,SKU-002,0,2.1576,1.1779,1.8317,0.1607,0,,,test
2026-09-16 08:00:00+07:00,SKU-002,5,2.9378,1.6133,1.821,0.1586,0,,,test
2026-09-16 09:00:00+07:00,SKU-002,3,3.4331,1.8963,1.8104,0.1565,0,,,test
2026-09-16 10:00:00+07:00,SKU-002,3,3.8198,2.1221,1.8,0.1545,0,,,test
2026-09-16 11:00:00+07:00,SKU-002,1,4.2017,2.3478,1.7897,0.1525,0,,,test
2026-09-16 12:00:00+07:00,SKU-002,5,4.3772,2.4598,1.7795,0.1506,0,,,test
2026-09-16 13:00:00+07:00,SKU-002,5,3.9485,2.2315,1.7695,0.1486,0,,,test
2026-09-16 14:00:00+07:00,SKU-002,1,3.4921,1.9847,1.7595,0.1467,0,,,test
2026-09-16 15:00:00+07:00,SKU-002,2,3.3722,1.9272,1.7498,0.1448,0,,,test
2026-09-16 16:00:00+07:00,SKU-002,3,3.6155,2.0777,1.7401,0.143,0,,,test
2026-09-16 17:00:00+07:00,SKU-002,4,4.1831,2.4172,1.7306,0.1411,0,,,test
2026-09-16 18:00:00+07:00,SKU-002,4,4.9398,2.8701,1.7212,0.1393,0,,,test
2026-09-16 19:00:00+07:00,SKU-002,5,5.7533,3.3609,1.7119,0.1375,0,,,test
2026-09-16 20:00:00+07:00,SKU-002,2,5.98,3.5121,1.7027,0.1357,0,,,test
2026-09-16 21:00:00+07:00,SKU-002,4,4.9575,2.9272,1.6936,0.134,0,,,test
2026-09-16 22:00:00+07:00,SKU-002,4,3.2459,1.9267,1.6847,0.1323,0,,,test
2026-09-16 23:00:00+07:00,SKU-002,1,1.6466,0.9826,1.6759,0.1306,0,,,test
2026-09-17 00:00:00+07:00,SKU-002,1,0.8214,0.4927,1.6672,0.1289,0,,,test
2026-09-17 01:00:00+07:00,SKU-002,1,0.5232,0.3155,1.6586,0.1272,0,,,test
2026-09-17 02:00:00+07:00,SKU-002,0,0.3581,0.217,1.6501,0.1256,0,,,test
2026-09-17 03:00:00+07:00,SKU-002,2,0.2917,0.1777,1.6417,0.124,0,,,test
2026-09-17 04:00:00+07:00,SKU-002,0,0.3227,0.1976,1.6334,0.1224,0,,,test
2026-09-17 05:00:00+07:00,SKU-002,2,0.5785,0.3559,1.6253,0.1208,0,,,test
2026-09-17 06:00:00+07:00,SKU-002,2,1.2163,0.7521,1.6172,0.1192,0,,,test
2026-09-17 07:00:00+07:00,SKU-002,5,1.9767,1.2283,1.6093,0.1177,0,,,test
2026-09-17 08:00:00+07:00,SKU-002,1,2.6997,1.6858,1.6014,0.1162,0,,,test
2026-09-17 09:00:00+07:00,SKU-002,1,3.1644,1.9856,1.5937,0.1147,0,,,test
2026-09-17 10:00:00+07:00,SKU-002,5,3.5315,2.2266,1.586,0.1132,0,,,test
2026-09-17 11:00:00+07:00,SKU-002,5,3.8964,2.4684,1.5785,0.1117,0,,,test
2026-09-17 12:00:00+07:00,SKU-002,0,4.0713,2.5915,1.571,0.1103,0,,,test
2026-09-17 13:00:00+07:00,SKU-002,7,3.6835,2.3557,1.5637,0.1089,0,,,test
2026-06-19 14:00:00+07:00,SKU-003,11,7.161,7.161,1.0,0.0,0,,,train
2026-06-19 15:00:00+07:00,SKU-003,5,6.9728,6.9728,1.0,0.0,0,,,train
2026-06-19 16:00:00+07:00,SKU-003,6,7.5374,7.5374,1.0,0.0,0,,,train
2026-06-19 17:00:00+07:00,SKU-003,9,8.7914,8.7914,1.0,0.0,0,,,train
2026-06-19 18:00:00+07:00,SKU-003,8,10.4641,10.4641,1.0,0.0,0,,,train
2026-06-19 19:00:00+07:00,SKU-003,16,12.2824,12.2824,1.0,0.0,0,,,train
2026-06-19 20:00:00+07:00,SKU-003,6,12.8638,12.8638,1.0,0.0,0,,,train
2026-06-19 21:00:00+07:00,SKU-003,10,10.7442,10.7442,1.0,0.0,0,,,train
2026-06-19 22:00:00+07:00,SKU-003,4,7.0862,7.0862,1.0,0.0,0,,,train
2026-06-19 23:00:00+07:00,SKU-003,2,3.6206,3.6206,1.0,0.0,0,,,train
2026-06-20 00:00:00+07:00,SKU-003,4,2.0299,2.0299,1.0,0.0,0,,,train
2026-06-20 01:00:00+07:00,SKU-003,1,1.3019,1.3019,1.0,0.0,0,,,train
2026-06-20 02:00:00+07:00,SKU-003,0,0.897,0.897,1.0,0.0,0,,,train
2026-06-20 03:00:00+07:00,SKU-003,2,0.7354,0.7354,1.0,0.0,0,,,train
2026-06-20 04:00:00+07:00,SKU-003,3,0.8188,0.8188,1.0,0.0,0,,,train
2026-06-20 05:00:00+07:00,SKU-003,1,1.4767,1.4767,1.0,0.0,0,,,train
2026-06-20 06:00:00+07:00,SKU-003,0,3.1236,3.1236,1.0,0.0,0,,,train
2026-06-20 07:00:00+07:00,SKU-003,1,5.106,5.106,1.0,0.0,0,,,train
2026-06-20 08:00:00+07:00,SKU-003,4,7.0131,7.0131,1.0,0.0,0,,,train
2026-06-20 09:00:00+07:00,SKU-003,7,8.2654,8.2654,1.0,0.0,0,,,train
2026-06-20 10:00:00+07:00,SKU-003,5,9.2733,9.2733,1.0,0.0,0,,,train
2026-06-20 11:00:00+07:00,SKU-003,12,10.284,10.284,1.0,0.0,0,,,train
2026-06-20 12:00:00+07:00,SKU-003,6,10.799,10.799,1.0,0.0,0,,,train
2026-06-20 13:00:00+07:00,SKU-003,8,9.8174,9.8174,1.0,0.0,0,,,train
2026-06-20 14:00:00+07:00,SKU-003,9,8.7488,8.7488,1.0,0.0,0,,,train
2026-06-20 15:00:00+07:00,SKU-003,20,8.511,8.511,1.0,0.0,0,,,train
2026-06-20 16:00:00+07:00,SKU-003,11,9.191,9.191,1.0,0.0,0,,,train
2026-06-20 17:00:00+07:00,SKU-003,8,10.7087,10.7087,1.0,0.0,0,,,train
2026-06-20 18:00:00+07:00,SKU-003,18,12.7322,12.7322,1.0,0.0,0,,,train
2026-06-20 19:00:00+07:00,SKU-003,13,14.9272,14.9272,1.0,0.0,0,,,train
2026-06-20 20:00:00+07:00,SKU-003,34,15.6149,15.6149,1.0,0.0,0,,,train
2026-06-20 21:00:00+07:00,SKU-003,13,13.0255,13.0255,1.0,0.0,0,,,train
2026-06-20 22:00:00+07:00,SKU-003,7,8.5796,8.5796,1.0,0.0,0,,,train
2026-06-20 23:00:00+07:00,SKU-003,9,4.3777,4.3777,1.0,0.0,0,,,train
2026-06-21 00:00:00+07:00,SKU-003,1,1.9747,1.9747,1.0,0.0,0,,,train
2026-06-21 01:00:00+07:00,SKU-003,0,1.2647,1.2647,1.0,0.0,0,,,train
2026-06-21 02:00:00+07:00,SKU-003,0,0.87,0.87,1.0,0.0,0,,,train
2026-06-21 03:00:00+07:00,SKU-003,2,0.7122,0.7122,1.0,0.0,0,,,train
2026-06-21 04:00:00+07:00,SKU-003,1,0.7917,0.7917,1.0,0.0,0,,,train
2026-06-21 05:00:00+07:00,SKU-003,0,1.4257,1.4257,1.0,0.0,0,,,train
2026-06-21 06:00:00+07:00,SKU-003,3,3.0107,3.0107,1.0,0.0,0,,,train
2026-06-21 07:00:00+07:00,SKU-003,1,4.9134,4.9134,1.0,0.0,0,,,train
2026-06-21 08:00:00+07:00,SKU-003,7,6.7372,6.7372,1.0,0.0,0,,,train
2026-06-21 09:00:00+07:00,SKU-003,1,7.9268,7.9268,1.0,0.0,0,,,train
2026-06-21 10:00:00+07:00,SKU-003,11,8.878,8.878,1.0,0.0,0,,,train
2026-06-21 11:00:00+07:00,SKU-003,8,9.8284,9.8284,1.0,0.0,0,,,train
2026-06-21 12:00:00+07:00,SKU-003,10,10.3024,10.3024,1.0,0.0,0,,,train
2026-06-21 13:00:00+07:00,SKU-003,6,9.3492,9.3492,1.0,0.0,0,,,train
2026-06-21 14:00:00+07:00,SKU-003,8,8.3166,8.3166,1.0,0.0,0,,,train
2026-06-21 15:00:00+07:00,SKU-003,5,8.0758,8.0758,1.0,0.0,0,,,train
2026-06-21 16:00:00+07:00,SKU-003,10,8.7051,8.7051,1.0,0.0,0,,,train
2026-06-21 17:00:00+07:00,SKU-003,7,10.1241,10.1241,1.0,0.0,0,,,train
2026-06-21 18:00:00+07:00,SKU-003,7,12.0149,12.0149,1.0,0.0,0,,,train
2026-06-21 19:00:00+07:00,SKU-003,9,14.0604,14.0604,1.0,0.0,0,,,train
2026-06-21 20:00:00+07:00,SKU-003,27,14.681,14.681,1.0,0.0,0,,,train
2026-06-21 21:00:00+07:00,SKU-003,27,12.2239,12.2239,1.0,0.0,0,,,train
2026-06-21 22:00:00+07:00,SKU-003,3,8.0368,8.0368,1.0,0.0,0,,,train
2026-06-21 23:00:00+07:00,SKU-003,2,4.0932,4.0932,1.0,0.0,0,,,train
2026-06-22 00:00:00+07:00,SKU-003,1,1.6709,1.6709,1.0,0.0,0,,,train
2026-06-22 01:00:00+07:00,SKU-003,2,1.0682,1.0682,1.0,0.0,0,,,train
2026-06-22 02:00:00+07:00,SKU-003,0,0.7335,0.7335,1.0,0.0,0,,,train
2026-06-22 03:00:00+07:00,SKU-003,0,0.5994,0.5994,1.0,0.0,0,,,train
2026-06-22 04:00:00+07:00,SKU-003,0,0.6651,0.6651,1.0,0.0,0,,,train
2026-06-22 05:00:00+07:00,SKU-003,0,1.1956,1.1956,1.0,0.0,0,,,train
2026-06-22 06:00:00+07:00,SKU-003,1,2.5204,2.5204,1.0,0.0,0,,,train
2026-06-22 07:00:00+07:00,SKU-003,6,4.1061,4.1061,1.0,0.0,0,,,train
2026-06-22 08:00:00+07:00,SKU-003,9,5.6207,5.6207,1.0,0.0,0,,,train
2026-06-22 09:00:00+07:00,SKU-003,4,6.602,6.602,1.0,0.0,0,,,train
2026-06-22 10:00:00+07:00,SKU-003,9,7.382,7.382,1.0,0.0,0,,,train
2026-06-22 11:00:00+07:00,SKU-003,9,8.1591,8.1591,1.0,0.0,0,,,train
2026-06-22 12:00:00+07:00,SKU-003,6,8.539,8.539,1.0,0.0,0,,,train
2026-06-22 13:00:00+07:00,SKU-003,8,11.2224,11.2224,1.0,0.0,0,,,train
2026-06-22 14:00:00+07:00,SKU-003,12,9.9677,9.9677,1.0,0.0,0,,,train
2026-06-22 15:00:00+07:00,SKU-003,3,9.6649,9.6649,1.0,0.0,0,,,train
2026-06-22 16:00:00+07:00,SKU-003,10,10.403,10.403,1.0,0.0,0,,,train
2026-06-22 17:00:00+07:00,SKU-003,16,12.0819,12.0819,1.0,0.0,0,,,train
2026-06-22 18:00:00+07:00,SKU-003,23,14.3189,14.3189,1.0,0.0,0,,,train
2026-06-22 19:00:00+07:00,SKU-003,16,16.7347,16.7347,1.0,0.0,0,,,train
2026-06-22 20:00:00+07:00,SKU-003,29,17.4514,17.4514,1.0,0.0,0,,,train
2026-06-22 21:00:00+07:00,SKU-003,13,14.513,14.513,1.0,0.0,0,,,train
2026-06-22 22:00:00+07:00,SKU-003,7,9.5307,9.5307,1.0,0.0,0,,,train
2026-06-22 23:00:00+07:00,SKU-003,7,4.8487,4.8487,1.0,0.0,0,,,train
2026-06-23 00:00:00+07:00,SKU-003,3,2.1894,2.1894,1.0,0.0,0,,,train
2026-06-23 01:00:00+07:00,SKU-003,0,1.3982,1.3982,1.0,0.0,0,,,train
2026-06-23 02:00:00+07:00,SKU-003,1,0.9592,0.9592,1.0,0.0,0,,,train
2026-06-23 03:00:00+07:00,SKU-003,2,0.7832,0.7832,1.0,0.0,0,,,train
2026-06-23 04:00:00+07:00,SKU-003,1,0.8683,0.8683,1.0,0.0,0,,,train
2026-06-23 05:00:00+07:00,SKU-003,0,1.5597,1.5597,1.0,0.0,0,,,train
2026-06-23 06:00:00+07:00,SKU-003,4,3.2857,3.2857,1.0,0.0,0,,,train
2026-06-23 07:00:00+07:00,SKU-003,2,5.3495,5.3495,1.0,0.0,0,,,train
2026-06-23 08:00:00+07:00,SKU-003,2,7.3186,7.3186,1.0,0.0,0,,,train
2026-06-23 09:00:00+07:00,SKU-003,8,8.5921,8.5921,1.0,0.0,0,,,train
2026-06-23 10:00:00+07:00,SKU-003,8,9.6033,9.6033,1.0,0.0,0,,,train
2026-06-23 11:00:00+07:00,SKU-003,12,10.6104,10.6104,1.0,0.0,0,,,train
2026-06-23 12:00:00+07:00,SKU-003,9,11.1012,11.1012,1.0,0.0,0,,,train
2026-06-23 13:00:00+07:00,SKU-003,14,10.0563,10.0563,1.0,0.0,0,,,train
2026-06-23 14:00:00+07:00,SKU-003,10,8.9308,8.9308,1.0,0.0,0,,,train
2026-06-23 15:00:00+07:00,SKU-003,12,8.6588,8.6588,1.0,0.0,0,,,train
2026-06-23 16:00:00+07:00,SKU-003,16,9.3202,9.3202,1.0,0.0,0,,,train
2026-06-23 17:00:00+07:00,SKU-003,11,10.8251,10.8251,1.0,0.0,0,,,train
2026-06-23 18:00:00+07:00,SKU-003,6,12.8314,12.8314,1.0,0.0,0,,,train
2026-06-23 19:00:00+07:00,SKU-003,24,14.9995,14.9995,1.0,0.0,0,,,train
2026-06-23 20:00:00+07:00,SKU-003,16,15.6466,15.6466,1.0,0.0,0,,,train
2026-06-23 21:00:00+07:00,SKU-003,14,13.017,13.017,1.0,0.0,0,,,train
2026-06-23 22:00:00+07:00,SKU-003,9,8.5521,8.5521,1.0,0.0,0,,,train
2026-06-23 23:00:00+07:00,SKU-003,4,4.3531,4.3531,1.0,0.0,0,,,train
2026-06-24 00:00:00+07:00,SKU-003,3,2.0461,2.0461,1.0,0.0,0,,,train
2026-06-24 01:00:00+07:00,SKU-003,5,1.3076,1.3076,1.0,0.0,0,,,train
2026-06-24 02:00:00+07:00,SKU-003,3,0.8978,0.8978,1.0,0.0,0,,,train
2026-06-24 03:00:00+07:00,SKU-003,0,0.7336,0.7336,1.0,0.0,0,,,train
2026-06-24 04:00:00+07:00,SKU-003,1,0.8141,0.8141,1.0,0.0,0,,,train
2026-06-24 05:00:00+07:00,SKU-003,0,1.4636,1.4636,1.0,0.0,0,,,train
2026-06-24 06:00:00+07:00,SKU-003,5,3.0864,3.0864,1.0,0.0,0,,,train
2026-06-24 07:00:00+07:00,SKU-003,3,5.0305,5.0305,1.0,0.0,0,,,train
2026-06-24 08:00:00+07:00,SKU-003,6,6.89,6.89,1.0,0.0,0,,,train
2026-06-24 09:00:00+07:00,SKU-003,11,8.0989,8.0989,1.0,0.0,0,,,train
2026-06-24 10:00:00+07:00,SKU-003,2,9.0636,9.0636,1.0,0.0,0,,,train
2026-06-24 11:00:00+07:00,SKU-003,15,10.0276,10.0276,1.0,0.0,0,,,train
2026-06-24 12:00:00+07:00,SKU-003,8,10.5062,10.5062,1.0,0.0,0,,,train
2026-06-24 13:00:00+07:00,SKU-003,3,9.5312,9.5312,1.0,0.0,0,,,train
2026-06-24 14:00:00+07:00,SKU-003,7,8.4773,8.4773,1.0,0.0,0,,,train
2026-06-24 15:00:00+07:00,SKU-003,10,8.2321,8.2321,1.0,0.0,0,,,train
2026-06-24 16:00:00+07:00,SKU-003,9,8.8752,8.8752,1.0,0.0,0,,,train
2026-06-24 17:00:00+07:00,SKU-003,6,10.3256,10.3256,1.0,0.0,0,,,train
2026-06-24 18:00:00+07:00,SKU-003,26,12.2603,12.2603,1.0,0.0,0,,,train
2026-06-24 19:00:00+07:00,SKU-003,19,14.3573,14.3573,1.0,0.0,0,,,train
2026-06-24 20:00:00+07:00,SKU-003,24,15.0036,15.0036,1.0,0.0,0,,,train
2026-06-24 21:00:00+07:00,SKU-003,12,12.5051,12.5051,1.0,0.0,0,,,train
2026-06-24 22:00:00+07:00,SKU-003,6,8.2312,8.2312,1.0,0.0,0,,,train
2026-06-24 23:00:00+07:00,SKU-003,3,4.1977,4.1977,1.0,0.0,0,,,train
2026-06-25 00:00:00+07:00,SKU-003,3,2.1049,2.1049,1.0,0.0,0,,,train
2026-06-25 01:00:00+07:00,SKU-003,2,1.3478,1.3478,1.0,0.0,0,,,train
2026-06-25 02:00:00+07:00,SKU-003,1,0.9272,0.9272,1.0,0.0,0,,,train
2026-06-25 03:00:00+07:00,SKU-003,1,0.7591,0.7591,1.0,0.0,0,,,train
2026-06-25 04:00:00+07:00,SKU-003,0,0.8442,0.8442,1.0,0.0,0,,,train
2026-06-25 05:00:00+07:00,SKU-003,1,1.5208,1.5208,1.0,0.0,0,,,train
2026-06-25 06:00:00+07:00,SKU-003,4,3.2136,3.2136,1.0,0.0,0,,,train
2026-06-25 07:00:00+07:00,SKU-003,1,5.2486,5.2486,1.0,0.0,0,,,train
2026-06-25 08:00:00+07:00,SKU-003,7,7.2037,7.2037,1.0,0.0,0,,,train
2026-06-25 09:00:00+07:00,SKU-003,2,5.8497,5.8497,1.0,0.0,0,,,train
2026-06-25 10:00:00+07:00,SKU-003,6,6.5599,6.5599,1.0,0.0,0,,,train
2026-06-25 11:00:00+07:00,SKU-003,9,7.2725,7.2725,1.0,0.0,0,,,train
2026-06-25 12:00:00+07:00,SKU-003,4,7.6351,7.6351,1.0,0.0,0,,,train
2026-06-25 13:00:00+07:00,SKU-003,2,6.9406,6.9406,1.0,0.0,0,,,train
2026-06-25 14:00:00+07:00,SKU-003,2,6.1856,6.1856,1.0,0.0,0,,,train
2026-06-25 15:00:00+07:00,SKU-003,7,6.0186,6.0186,1.0,0.0,0,,,train
2026-06-25 16:00:00+07:00,SKU-003,2,6.5016,6.5016,1.0,0.0,0,,,train
2026-06-25 17:00:00+07:00,SKU-003,2,7.5787,7.5787,1.0,0.0,0,,,train
2026-06-25 18:00:00+07:00,SKU-003,9,9.0159,9.0159,1.0,0.0,0,,,train
2026-06-25 19:00:00+07:00,SKU-003,7,10.5778,10.5778,1.0,0.0,0,,,train
2026-06-25 20:00:00+07:00,SKU-003,7,11.0744,11.0744,1.0,0.0,0,,,train
2026-06-25 21:00:00+07:00,SKU-003,12,9.2468,9.2468,1.0,0.0,0,,,train
2026-06-25 22:00:00+07:00,SKU-003,5,6.0973,6.0973,1.0,0.0,0,,,train
2026-06-25 23:00:00+07:00,SKU-003,4,3.1148,3.1148,1.0,0.0,0,,,train
2026-06-26 00:00:00+07:00,SKU-003,2,1.6844,1.6844,1.0,0.0,0,,,train
2026-06-26 01:00:00+07:00,SKU-003,0,1.0803,1.0803,1.0,0.0,0,,,train
2026-06-26 02:00:00+07:00,SKU-003,1,0.7443,0.7443,1.0,0.0,0,,,train
2026-06-26 03:00:00+07:00,SKU-003,0,0.6104,0.6104,1.0,0.0,0,,,train
2026-06-26 04:00:00+07:00,SKU-003,0,0.6797,0.6797,1.0,0.0,0,,,train
2026-06-26 05:00:00+07:00,SKU-003,1,1.2262,1.2262,1.0,0.0,0,,,train
2026-06-26 06:00:00+07:00,SKU-003,2,2.5946,2.5946,1.0,0.0,0,,,train
2026-06-26 07:00:00+07:00,SKU-003,3,4.2432,4.2432,1.0,0.0,0,,,train
2026-06-26 08:00:00+07:00,SKU-003,1,5.8308,5.8308,1.0,0.0,0,,,train
2026-06-26 09:00:00+07:00,SKU-003,10,6.8758,6.8758,1.0,0.0,0,,,train
2026-06-26 10:00:00+07:00,SKU-003,5,7.7191,7.7191,1.0,0.0,0,,,train
2026-06-26 11:00:00+07:00,SKU-003,4,8.5663,8.5663,1.0,0.0,0,,,train
2026-06-26 12:00:00+07:00,SKU-003,6,9.0021,9.0021,1.0,0.0,0,,,train
2026-06-26 13:00:00+07:00,SKU-003,9,8.1905,8.1905,1.0,0.0,0,,,train
2026-06-26 14:00:00+07:00,SKU-003,6,7.3054,7.3054,1.0,0.0,0,,,train
2026-06-26 15:00:00+07:00,SKU-003,7,7.1134,7.1134,1.0,0.0,0,,,train
2026-06-26 16:00:00+07:00,SKU-003,7,7.6894,7.6894,1.0,0.0,0,,,train
2026-06-26 17:00:00+07:00,SKU-003,4,8.9686,8.9686,1.0,0.0,0,,,train
2026-06-26 18:00:00+07:00,SKU-003,2,10.675,10.675,1.0,0.0,0,,,train
2026-06-26 19:00:00+07:00,SKU-003,6,12.5298,12.5298,1.0,0.0,0,,,train
2026-06-26 20:00:00+07:00,SKU-003,11,13.123,13.123,1.0,0.0,0,,,train
2026-06-26 21:00:00+07:00,SKU-003,10,10.9606,10.9606,1.0,0.0,0,,,train
2026-06-26 22:00:00+07:00,SKU-003,8,7.2289,7.2289,1.0,0.0,0,,,train
2026-06-26 23:00:00+07:00,SKU-003,2,3.6935,3.6935,1.0,0.0,0,,,train
2026-06-27 00:00:00+07:00,SKU-003,2,2.0708,2.0708,1.0,0.0,0,,,train
2026-06-27 01:00:00+07:00,SKU-003,1,1.3282,1.3282,1.0,0.0,0,,,train
2026-06-27 02:00:00+07:00,SKU-003,2,0.915,0.915,1.0,0.0,0,,,train
2026-06-27 03:00:00+07:00,SKU-003,0,0.7502,0.7502,1.0,0.0,0,,,train
2026-06-27 04:00:00+07:00,SKU-003,0,0.8353,0.8353,1.0,0.0,0,,,train
2026-06-27 05:00:00+07:00,SKU-003,1,1.5065,1.5065,1.0,0.0,0,,,train
2026-06-27 06:00:00+07:00,SKU-003,2,3.1864,3.1864,1.0,0.0,0,,,train
2026-06-27 07:00:00+07:00,SKU-003,3,5.2088,5.2088,1.0,0.0,0,,,train
2026-06-27 08:00:00+07:00,SKU-003,10,7.1541,7.1541,1.0,0.0,0,,,train
2026-06-27 09:00:00+07:00,SKU-003,4,8.4316,8.4316,1.0,0.0,0,,,train
2026-06-27 10:00:00+07:00,SKU-003,10,9.4598,9.4598,1.0,0.0,0,,,train
2026-06-27 11:00:00+07:00,SKU-003,16,10.4908,10.4908,1.0,0.0,0,,,train
2026-06-27 12:00:00+07:00,SKU-003,14,11.0161,11.0161,1.0,0.0,0,,,train
2026-06-27 13:00:00+07:00,SKU-003,12,10.0148,10.0148,1.0,0.0,0,,,train
2026-06-27 14:00:00+07:00,SKU-003,3,8.9247,8.9247,1.0,0.0,0,,,train
2026-06-27 15:00:00+07:00,SKU-003,11,8.682,8.682,1.0,0.0,0,,,train
2026-06-27 16:00:00+07:00,SKU-003,21,14.0635,14.0635,1.0,0.0,0,,,train
2026-06-27 17:00:00+07:00,SKU-003,25,16.3859,16.3859,1.0,0.0,0,,,train
2026-06-27 18:00:00+07:00,SKU-003,18,19.482,19.482,1.0,0.0,0,,,train
2026-06-27 19:00:00+07:00,SKU-003,28,22.8407,22.8407,1.0,0.0,0,,,train
2026-06-27 20:00:00+07:00,SKU-003,31,23.8929,23.8929,1.0,0.0,0,,,train
2026-06-27 21:00:00+07:00,SKU-003,17,19.9308,19.9308,1.0,0.0,0,,,train
2026-06-27 22:00:00+07:00,SKU-003,13,13.128,13.128,1.0,0.0,0,,,train
2026-06-27 23:00:00+07:00,SKU-003,7,6.6984,6.6984,1.0,0.0,0,,,train
2026-06-28 00:00:00+07:00,SKU-003,3,3.0215,3.0215,1.0,0.0,0,,,train
2026-06-28 01:00:00+07:00,SKU-003,1,1.9351,1.9351,1.0,0.0,0,,,train
2026-06-28 02:00:00+07:00,SKU-003,1,1.3312,1.3312,1.0,0.0,0,,,train
2026-06-28 03:00:00+07:00,SKU-003,0,1.0898,1.0898,1.0,0.0,0,,,train
2026-06-28 04:00:00+07:00,SKU-003,3,1.2114,1.2114,1.0,0.0,0,,,train
2026-06-28 05:00:00+07:00,SKU-003,3,2.1814,2.1814,1.0,0.0,0,,,train
2026-06-28 06:00:00+07:00,SKU-003,0,4.6067,4.6067,1.0,0.0,0,,,train
2026-06-28 07:00:00+07:00,SKU-003,12,7.518,7.518,1.0,0.0,0,,,train
2026-06-28 08:00:00+07:00,SKU-003,9,10.3086,10.3086,1.0,0.0,0,,,train
2026-06-28 09:00:00+07:00,SKU-003,7,12.1287,12.1287,1.0,0.0,0,,,train
2026-06-28 10:00:00+07:00,SKU-003,17,13.5841,13.5841,1.0,0.0,0,,,train
2026-06-28 11:00:00+07:00,SKU-003,13,15.0383,15.0383,1.0,0.0,0,,,train
2026-06-28 12:00:00+07:00,SKU-003,7,15.7635,15.7635,1.0,0.0,0,,,train
2026-06-28 13:00:00+07:00,SKU-003,14,14.305,14.305,1.0,0.0,0,,,train
2026-06-28 14:00:00+07:00,SKU-003,15,12.725,12.725,1.0,0.0,0,,,train
2026-06-28 15:00:00+07:00,SKU-003,14,12.3565,12.3565,1.0,0.0,0,,,train
2026-06-28 16:00:00+07:00,SKU-003,5,13.3194,13.3194,1.0,0.0,0,,,train
2026-06-28 17:00:00+07:00,SKU-003,12,15.4905,15.4905,1.0,0.0,0,,,train
2026-06-28 18:00:00+07:00,SKU-003,18,18.3835,18.3835,1.0,0.0,0,,,train
2026-06-28 19:00:00+07:00,SKU-003,15,21.5131,21.5131,1.0,0.0,0,,,train
2026-06-28 20:00:00+07:00,SKU-003,26,22.4626,22.4626,1.0,0.0,0,,,train
2026-06-28 21:00:00+07:00,SKU-003,18,18.7031,18.7031,1.0,0.0,0,,,train
2026-06-28 22:00:00+07:00,SKU-003,6,12.2966,12.2966,1.0,0.0,0,,,train
2026-06-28 23:00:00+07:00,SKU-003,6,6.2627,6.2627,1.0,0.0,0,,,train
2026-06-29 00:00:00+07:00,SKU-003,1,2.5566,2.5566,1.0,0.0,0,,,train
2026-06-29 01:00:00+07:00,SKU-003,1,1.6344,1.6344,1.0,0.0,0,,,train
2026-06-29 02:00:00+07:00,SKU-003,2,1.1223,1.1223,1.0,0.0,0,,,train
2026-06-29 03:00:00+07:00,SKU-003,1,0.9171,0.9171,1.0,0.0,0,,,train
2026-06-29 04:00:00+07:00,SKU-003,0,1.0177,1.0177,1.0,0.0,0,,,train
2026-06-29 05:00:00+07:00,SKU-003,2,1.8293,1.8293,1.0,0.0,0,,,train
2026-06-29 06:00:00+07:00,SKU-003,3,3.8562,3.8562,1.0,0.0,0,,,train
2026-06-29 07:00:00+07:00,SKU-003,4,6.2824,6.2824,1.0,0.0,0,,,train
2026-06-29 08:00:00+07:00,SKU-003,4,8.5996,8.5996,1.0,0.0,0,,,train
2026-06-29 09:00:00+07:00,SKU-003,20,10.101,10.101,1.0,0.0,0,,,train
2026-06-29 10:00:00+07:00,SKU-003,16,11.2945,11.2945,1.0,0.0,0,,,train
2026-06-29 11:00:00+07:00,SKU-003,11,12.4834,12.4834,1.0,0.0,0,,,train
2026-06-29 12:00:00+07:00,SKU-003,10,13.0645,13.0645,1.0,0.0,0,,,train
2026-06-29 13:00:00+07:00,SKU-003,3,11.8374,11.8374,1.0,0.0,0,,,train
2026-06-29 14:00:00+07:00,SKU-003,19,10.5139,10.5139,1.0,0.0,0,,,train
2026-06-29 15:00:00+07:00,SKU-003,10,10.1944,10.1944,1.0,0.0,0,,,train
2026-06-29 16:00:00+07:00,SKU-003,6,10.973,10.973,1.0,0.0,0,,,train
2026-06-29 17:00:00+07:00,SKU-003,12,12.7438,12.7438,1.0,0.0,0,,,train
2026-06-29 18:00:00+07:00,SKU-003,11,15.1034,15.1034,1.0,0.0,0,,,train
2026-06-29 19:00:00+07:00,SKU-003,20,17.6515,17.6515,1.0,0.0,0,,,train
2026-06-29 20:00:00+07:00,SKU-003,25,18.4074,18.4074,1.0,0.0,0,,,train
2026-06-29 21:00:00+07:00,SKU-003,22,15.308,15.308,1.0,0.0,0,,,train
2026-06-29 22:00:00+07:00,SKU-003,7,10.0528,10.0528,1.0,0.0,0,,,train
2026-06-29 23:00:00+07:00,SKU-003,7,5.1142,5.1142,1.0,0.0,0,,,train
2026-06-30 00:00:00+07:00,SKU-003,2,2.3093,2.3093,1.0,0.0,0,,,train
2026-06-30 01:00:00+07:00,SKU-003,1,1.4748,1.4748,1.0,0.0,0,,,train
2026-06-30 02:00:00+07:00,SKU-003,1,1.0118,1.0118,1.0,0.0,0,,,train
2026-06-30 03:00:00+07:00,SKU-003,2,0.8261,0.8261,1.0,0.0,0,,,train
2026-06-30 04:00:00+07:00,SKU-003,0,0.9159,0.9159,1.0,0.0,0,,,train
2026-06-30 05:00:00+07:00,SKU-003,0,1.6451,1.6451,1.0,0.0,0,,,train
2026-06-30 06:00:00+07:00,SKU-003,7,3.4656,3.4656,1.0,0.0,0,,,train
2026-06-30 07:00:00+07:00,SKU-003,6,5.6424,5.6424,1.0,0.0,0,,,train
2026-06-30 08:00:00+07:00,SKU-003,9,7.7193,7.7193,1.0,0.0,0,,,train
2026-06-30 09:00:00+07:00,SKU-003,11,9.0625,9.0625,1.0,0.0,0,,,train
2026-06-30 10:00:00+07:00,SKU-003,4,10.129,10.129,1.0,0.0,0,,,train
2026-06-30 11:00:00+07:00,SKU-003,3,11.1912,11.1912,1.0,0.0,0,,,train
2026-06-30 12:00:00+07:00,SKU-003,20,11.7089,11.7089,1.0,0.0,0,,,train
2026-06-30 13:00:00+07:00,SKU-003,12,10.6068,10.6068,1.0,0.0,0,,,train
2026-06-30 14:00:00+07:00,SKU-003,12,9.4196,9.4196,1.0,0.0,0,,,train
2026-06-30 15:00:00+07:00,SKU-003,18,9.1327,9.1327,1.0,0.0,0,,,train
2026-06-30 16:00:00+07:00,SKU-003,7,6.5535,6.5535,1.0,0.0,0,,,train
2026-06-30 17:00:00+07:00,SKU-003,2,7.6117,7.6117,1.0,0.0,0,,,train
2026-06-30 18:00:00+07:00,SKU-003,9,9.0224,9.0224,1.0,0.0,0,,,train
2026-06-30 19:00:00+07:00,SKU-003,12,10.5469,10.5469,1.0,0.0,0,,,train
2026-06-30 20:00:00+07:00,SKU-003,7,11.0018,11.0018,1.0,0.0,0,,,train
2026-06-30 21:00:00+07:00,SKU-003,5,9.1528,9.1528,1.0,0.0,0,,,train
2026-06-30 22:00:00+07:00,SKU-003,6,6.0134,6.0134,1.0,0.0,0,,,train
2026-06-30 23:00:00+07:00,SKU-003,3,3.0608,3.0608,1.0,0.0,0,,,train
2026-07-01 00:00:00+07:00,SKU-003,1,1.4387,1.4387,1.0,0.0,0,,,train
2026-07-01 01:00:00+07:00,SKU-003,3,0.9194,0.9194,1.0,0.0,0,,,train
2026-07-01 02:00:00+07:00,SKU-003,2,0.6312,0.6312,1.0,0.0,0,,,train
2026-07-01 03:00:00+07:00,SKU-003,0,0.5158,0.5158,1.0,0.0,0,,,train
2026-07-01 04:00:00+07:00,SKU-003,1,0.5724,0.5724,1.0,0.0,0,,,train
2026-07-01 05:00:00+07:00,SKU-003,3,1.0291,1.0291,1.0,0.0,0,,,train
2026-07-01 06:00:00+07:00,SKU-003,5,2.1701,2.1701,1.0,0.0,0,,,train
2026-07-01 07:00:00+07:00,SKU-003,1,3.5371,3.5371,1.0,0.0,0,,,train
2026-07-01 08:00:00+07:00,SKU-003,13,4.8446,4.8446,1.0,0.0,0,,,train
2026-07-01 09:00:00+07:00,SKU-003,7,5.6945,5.6945,1.0,0.0,0,,,train
2026-07-01 10:00:00+07:00,SKU-003,3,6.3728,6.3728,1.0,0.0,0,,,train
2026-07-01 11:00:00+07:00,SKU-003,3,7.0506,7.0506,1.0,0.0,0,,,train
2026-07-01 12:00:00+07:00,SKU-003,8,7.3871,7.3871,1.0,0.0,0,,,train
2026-07-01 13:00:00+07:00,SKU-003,7,6.7016,6.7016,1.0,0.0,0,,,train
2026-07-01 14:00:00+07:00,SKU-003,8,5.9606,5.9606,1.0,0.0,0,,,train
2026-07-01 15:00:00+07:00,SKU-003,8,5.7881,5.7881,1.0,0.0,0,,,train
2026-07-01 16:00:00+07:00,SKU-003,4,6.2403,6.2403,1.0,0.0,0,,,train
2026-07-01 17:00:00+07:00,SKU-003,7,7.26,7.26,1.0,0.0,0,,,train
2026-07-01 18:00:00+07:00,SKU-003,7,8.6204,8.6204,1.0,0.0,0,,,train
2026-07-01 19:00:00+07:00,SKU-003,19,10.0947,10.0947,1.0,0.0,0,,,train
2026-07-01 20:00:00+07:00,SKU-003,7,10.5492,10.5492,1.0,0.0,0,,,train
2026-07-01 21:00:00+07:00,SKU-003,5,8.7924,8.7924,1.0,0.0,0,,,train
2026-07-01 22:00:00+07:00,SKU-003,3,5.7874,5.7874,1.0,0.0,0,,,train
2026-07-01 23:00:00+07:00,SKU-003,0,2.9514,2.9514,1.0,0.0,0,,,train
2026-07-02 00:00:00+07:00,SKU-003,0,1.48,1.48,1.0,0.0,0,,,train
2026-07-02 01:00:00+07:00,SKU-003,0,0.9477,0.9477,1.0,0.0,0,,,train
2026-07-02 02:00:00+07:00,SKU-003,0,0.6519,0.6519,1.0,0.0,0,,,train
2026-07-02 03:00:00+07:00,SKU-003,0,0.5338,0.5338,1.0,0.0,0,,,train
2026-07-02 04:00:00+07:00,SKU-003,1,0.5935,0.5935,1.0,0.0,0,,,train
2026-07-02 05:00:00+07:00,SKU-003,1,1.0693,1.0693,1.0,0.0,0,,,train
2026-07-02 06:00:00+07:00,SKU-003,2,2.2594,2.2594,1.0,0.0,0,,,train
2026-07-02 07:00:00+07:00,SKU-003,2,3.6902,3.6902,1.0,0.0,0,,,train
2026-07-02 08:00:00+07:00,SKU-003,4,5.0648,5.0648,1.0,0.0,0,,,train
2026-07-02 09:00:00+07:00,SKU-003,3,5.9657,5.9657,1.0,0.0,0,,,train
2026-07-02 10:00:00+07:00,SKU-003,11,6.69,6.69,1.0,0.0,0,,,train
2026-07-02 11:00:00+07:00,SKU-003,7,7.4167,7.4167,1.0,0.0,0,,,train
2026-07-02 12:00:00+07:00,SKU-003,3,7.7865,7.7865,1.0,0.0,0,,,train
2026-07-02 13:00:00+07:00,SKU-003,10,7.0782,7.0782,1.0,0.0,0,,,train
2026-07-02 14:00:00+07:00,SKU-003,10,6.3082,6.3082,1.0,0.0,0,,,train
2026-07-02 15:00:00+07:00,SKU-003,6,6.1379,6.1379,1.0,0.0,0,,,train
2026-07-02 16:00:00+07:00,SKU-003,6,6.6304,6.6304,1.0,0.0,0,,,train
2026-07-02 17:00:00+07:00,SKU-003,6,7.7288,7.7288,1.0,0.0,0,,,train
2026-07-02 18:00:00+07:00,SKU-003,9,9.1945,9.1945,1.0,0.0,0,,,train
2026-07-02 19:00:00+07:00,SKU-003,21,10.7873,10.7873,1.0,0.0,0,,,train
2026-07-02 20:00:00+07:00,SKU-003,13,11.2937,11.2937,1.0,0.0,0,,,train
2026-07-02 21:00:00+07:00,SKU-003,16,9.4299,9.4299,1.0,0.0,0,,,train
2026-07-02 22:00:00+07:00,SKU-003,7,6.218,6.218,1.0,0.0,0,,,train
2026-07-02 23:00:00+07:00,SKU-003,2,3.1765,3.1765,1.0,0.0,0,,,train
2026-07-03 00:00:00+07:00,SKU-003,2,1.7178,1.7178,1.0,0.0,0,,,train
2026-07-03 01:00:00+07:00,SKU-003,1,1.1017,1.1017,1.0,0.0,0,,,train
2026-07-03 02:00:00+07:00,SKU-003,0,0.7591,0.7591,1.0,0.0,0,,,train
2026-07-03 03:00:00+07:00,SKU-003,0,0.6224,0.6224,1.0,0.0,0,,,train
2026-07-03 04:00:00+07:00,SKU-003,1,0.6931,0.6931,1.0,0.0,0,,,train
2026-07-03 05:00:00+07:00,SKU-003,0,1.2505,1.2505,1.0,0.0,0,,,train
2026-07-03 06:00:00+07:00,SKU-003,2,2.646,2.646,1.0,0.0,0,,,train
2026-07-03 07:00:00+07:00,SKU-003,4,4.3271,4.3271,1.0,0.0,0,,,train
2026-07-03 08:00:00+07:00,SKU-003,5,5.9461,5.9461,1.0,0.0,0,,,train
2026-07-03 09:00:00+07:00,SKU-003,7,7.0118,7.0118,1.0,0.0,0,,,train
2026-07-03 10:00:00+07:00,SKU-003,3,7.8717,7.8717,1.0,0.0,0,,,train
2026-07-03 11:00:00+07:00,SKU-003,2,8.7357,8.7357,1.0,0.0,0,,,train
2026-07-03 12:00:00+07:00,SKU-003,13,9.18,9.18,1.0,0.0,0,,,train
2026-07-03 13:00:00+07:00,SKU-003,8,8.3523,8.3523,1.0,0.0,0,,,train
2026-07-03 14:00:00+07:00,SKU-003,5,7.4497,7.4497,1.0,0.0,0,,,train
2026-07-03 15:00:00+07:00,SKU-003,10,7.254,7.254,1.0,0.0,0,,,train
2026-07-03 16:00:00+07:00,SKU-003,5,7.8413,7.8413,1.0,0.0,0,,,train
2026-07-03 17:00:00+07:00,SKU-003,4,9.1458,9.1458,1.0,0.0,0,,,train
2026-07-03 18:00:00+07:00,SKU-003,15,10.8858,10.8858,1.0,0.0,0,,,train
2026-07-03 19:00:00+07:00,SKU-003,12,12.7773,12.7773,1.0,0.0,0,,,train
2026-07-03 20:00:00+07:00,SKU-003,9,13.3821,13.3821,1.0,0.0,0,,,train
2026-07-03 21:00:00+07:00,SKU-003,11,11.177,11.177,1.0,0.0,0,,,train
2026-07-03 22:00:00+07:00,SKU-003,3,7.3717,7.3717,1.0,0.0,0,,,train
2026-07-03 23:00:00+07:00,SKU-003,3,3.7664,3.7664,1.0,0.0,0,,,train
2026-07-04 00:00:00+07:00,SKU-003,1,2.1117,2.1117,1.0,0.0,0,,,train
2026-07-04 01:00:00+07:00,SKU-003,2,1.3544,1.3544,1.0,0.0,0,,,train
2026-07-04 02:00:00+07:00,SKU-003,2,0.9331,0.9331,1.0,0.0,0,,,train
2026-07-04 03:00:00+07:00,SKU-003,0,0.765,0.765,1.0,0.0,0,,,train
2026-07-04 04:00:00+07:00,SKU-003,2,0.8517,0.8517,1.0,0.0,0,,,train
2026-07-04 05:00:00+07:00,SKU-003,0,1.5362,1.5362,1.0,0.0,0,,,train
2026-07-04 06:00:00+07:00,SKU-003,3,3.2493,3.2493,1.0,0.0,0,,,train
2026-07-04 07:00:00+07:00,SKU-003,6,5.3115,5.3115,1.0,0.0,0,,,train
2026-07-04 08:00:00+07:00,SKU-003,8,7.2952,7.2952,1.0,0.0,0,,,train
2026-07-04 09:00:00+07:00,SKU-003,8,8.5979,8.5979,1.0,0.0,0,,,train
2026-07-04 10:00:00+07:00,SKU-003,7,9.6463,9.6463,1.0,0.0,0,,,train
2026-07-04 11:00:00+07:00,SKU-003,12,10.6976,10.6976,1.0,0.0,0,,,train
2026-07-04 12:00:00+07:00,SKU-003,19,11.2333,11.2333,1.0,0.0,0,,,train
2026-07-04 13:00:00+07:00,SKU-003,10,10.2121,10.2121,1.0,0.0,0,,,train
2026-07-04 14:00:00+07:00,SKU-003,17,9.1006,9.1006,1.0,0.0,0,,,train
2026-07-04 15:00:00+07:00,SKU-003,16,8.8531,8.8531,1.0,0.0,0,,,train
2026-07-04 16:00:00+07:00,SKU-003,8,9.5604,9.5604,1.0,0.0,0,,,train
2026-07-04 17:00:00+07:00,SKU-003,14,11.1391,11.1391,1.0,0.0,0,,,train
2026-07-04 18:00:00+07:00,SKU-003,8,13.2438,13.2438,1.0,0.0,0,,,train
2026-07-04 19:00:00+07:00,SKU-003,7,15.527,15.527,1.0,0.0,0,,,train
2026-07-04 20:00:00+07:00,SKU-003,13,16.2423,16.2423,1.0,0.0,0,,,train
2026-07-04 21:00:00+07:00,SKU-003,15,13.5488,13.5488,1.0,0.0,0,,,train
2026-07-04 22:00:00+07:00,SKU-003,6,8.9243,8.9243,1.0,0.0,0,,,train
2026-07-04 23:00:00+07:00,SKU-003,6,4.5535,4.5535,1.0,0.0,0,,,train
2026-07-05 00:00:00+07:00,SKU-003,2,2.054,2.054,1.0,0.0,0,,,train
2026-07-05 01:00:00+07:00,SKU-003,0,1.3155,1.3155,1.0,0.0,0,,,train
2026-07-05 02:00:00+07:00,SKU-003,0,0.9049,0.9049,1.0,0.0,0,,,train
2026-07-05 03:00:00+07:00,SKU-003,0,0.7408,0.7408,1.0,0.0,0,,,train
2026-07-05 04:00:00+07:00,SKU-003,0,0.8235,0.8235,1.0,0.0,0,,,train
2026-07-05 05:00:00+07:00,SKU-003,1,1.4829,1.4829,1.0,0.0,0,,,train
2026-07-05 06:00:00+07:00,SKU-003,9,3.1316,3.1316,1.0,0.0,0,,,train
2026-07-05 07:00:00+07:00,SKU-003,3,5.1106,5.1106,1.0,0.0,0,,,train
2026-07-05 08:00:00+07:00,SKU-003,2,7.0075,7.0075,1.0,0.0,0,,,train
2026-07-05 09:00:00+07:00,SKU-003,14,8.2447,8.2447,1.0,0.0,0,,,train
2026-07-05 10:00:00+07:00,SKU-003,7,9.2341,9.2341,1.0,0.0,0,,,train
2026-07-05 11:00:00+07:00,SKU-003,8,10.2226,10.2226,1.0,0.0,0,,,train
2026-07-05 12:00:00+07:00,SKU-003,16,10.7155,10.7155,1.0,0.0,0,,,train
2026-07-05 13:00:00+07:00,SKU-003,21,9.724,9.724,1.0,0.0,0,,,train
2026-07-05 14:00:00+07:00,SKU-003,9,8.65,8.65,1.0,0.0,0,,,train
2026-07-05 15:00:00+07:00,SKU-003,11,8.3995,8.3995,1.0,0.0,0,,,train
2026-07-05 16:00:00+07:00,SKU-003,7,9.054,9.054,1.0,0.0,0,,,train
2026-07-05 17:00:00+07:00,SKU-003,6,10.5298,10.5298,1.0,0.0,0,,,train
2026-07-05 18:00:00+07:00,SKU-003,29,12.4964,12.4964,1.0,0.0,0,,,train
2026-07-05 19:00:00+07:00,SKU-003,11,14.6237,14.6237,1.0,0.0,0,,,train
2026-07-05 20:00:00+07:00,SKU-003,9,15.2691,15.2691,1.0,0.0,0,,,train
2026-07-05 21:00:00+07:00,SKU-003,11,12.7135,12.7135,1.0,0.0,0,,,train
2026-07-05 22:00:00+07:00,SKU-003,9,8.3587,8.3587,1.0,0.0,0,,,train
2026-07-05 23:00:00+07:00,SKU-003,6,4.2571,4.2571,1.0,0.0,0,,,train
2026-07-06 00:00:00+07:00,SKU-003,1,1.7378,1.7378,1.0,0.0,0,,,train
2026-07-06 01:00:00+07:00,SKU-003,0,1.111,1.111,1.0,0.0,0,,,train
2026-07-06 02:00:00+07:00,SKU-003,0,0.7629,0.7629,1.0,0.0,0,,,train
2026-07-06 03:00:00+07:00,SKU-003,0,0.6234,0.6234,1.0,0.0,0,,,train
2026-07-06 04:00:00+07:00,SKU-003,0,0.6917,0.6917,1.0,0.0,0,,,train
2026-07-06 05:00:00+07:00,SKU-003,1,1.2434,1.2434,1.0,0.0,0,,,train
2026-07-06 06:00:00+07:00,SKU-003,5,2.6212,2.6212,1.0,0.0,0,,,train
2026-07-06 07:00:00+07:00,SKU-003,3,4.2704,4.2704,1.0,0.0,0,,,train
2026-07-06 08:00:00+07:00,SKU-003,3,5.8455,5.8455,1.0,0.0,0,,,train
2026-07-06 09:00:00+07:00,SKU-003,8,6.866,6.866,1.0,0.0,0,,,train
2026-07-06 10:00:00+07:00,SKU-003,8,7.6773,7.6773,1.0,0.0,0,,,train
2026-07-06 11:00:00+07:00,SKU-003,9,8.4854,8.4854,1.0,0.0,0,,,train
2026-07-06 12:00:00+07:00,SKU-003,16,8.8804,8.8804,1.0,0.0,0,,,train
2026-07-06 13:00:00+07:00,SKU-003,3,8.0462,8.0462,1.0,0.0,0,,,train
2026-07-06 14:00:00+07:00,SKU-003,10,7.1466,7.1466,1.0,0.0,0,,,train
2026-07-06 15:00:00+07:00,SKU-003,5,6.9294,6.9294,1.0,0.0,0,,,train
2026-07-06 16:00:00+07:00,SKU-003,3,7.4586,7.4586,1.0,0.0,0,,,train
2026-07-06 17:00:00+07:00,SKU-003,13,8.6623,8.6623,1.0,0.0,0,,,train
2026-07-06 18:00:00+07:00,SKU-003,15,10.2661,10.2661,1.0,0.0,0,,,train
2026-07-06 19:00:00+07:00,SKU-003,10,11.9981,11.9981,1.0,0.0,0,,,train
2026-07-06 20:00:00+07:00,SKU-003,2,12.5119,12.5119,1.0,0.0,0,,,train
2026-07-06 21:00:00+07:00,SKU-003,9,10.4051,10.4051,1.0,0.0,0,,,train
2026-07-06 22:00:00+07:00,SKU-003,12,6.8331,6.8331,1.0,0.0,0,,,train
2026-07-06 23:00:00+07:00,SKU-003,4,3.4762,3.4762,1.0,0.0,0,,,train
2026-07-07 00:00:00+07:00,SKU-003,1,1.5696,1.5696,1.0,0.0,0,,,train
2026-07-07 01:00:00+07:00,SKU-003,0,1.0024,1.0024,1.0,0.0,0,,,train
2026-07-07 02:00:00+07:00,SKU-003,3,0.6877,0.6877,1.0,0.0,0,,,train
2026-07-07 03:00:00+07:00,SKU-003,1,0.5615,0.5615,1.0,0.0,0,,,train
2026-07-07 04:00:00+07:00,SKU-003,3,0.6225,0.6225,1.0,0.0,0,,,train
2026-07-07 05:00:00+07:00,SKU-003,0,1.1182,1.1182,1.0,0.0,0,,,train
2026-07-07 06:00:00+07:00,SKU-003,0,2.3556,2.3556,1.0,0.0,0,,,train
2026-07-07 07:00:00+07:00,SKU-003,0,3.8352,3.8352,1.0,0.0,0,,,train
2026-07-07 08:00:00+07:00,SKU-003,2,5.2468,5.2468,1.0,0.0,0,,,train
2026-07-07 09:00:00+07:00,SKU-003,6,6.1598,6.1598,1.0,0.0,0,,,train
2026-07-07 10:00:00+07:00,SKU-003,10,6.8847,6.8847,1.0,0.0,0,,,train
2026-07-07 11:00:00+07:00,SKU-003,10,7.6066,7.6066,1.0,0.0,0,,,train
2026-07-07 12:00:00+07:00,SKU-003,7,7.9585,7.9585,1.0,0.0,0,,,train
2026-07-07 13:00:00+07:00,SKU-003,11,7.2094,7.2094,1.0,0.0,0,,,train
2026-07-07 14:00:00+07:00,SKU-003,13,6.4024,6.4024,1.0,0.0,0,,,train
2026-07-07 15:00:00+07:00,SKU-003,2,6.2074,6.2074,1.0,0.0,0,,,train
2026-07-07 16:00:00+07:00,SKU-003,8,6.6815,6.6815,1.0,0.0,0,,,train
2026-07-07 17:00:00+07:00,SKU-003,8,7.7604,7.7604,1.0,0.0,0,,,train
2026-07-07 18:00:00+07:00,SKU-003,11,9.1986,9.1986,1.0,0.0,0,,,train
2026-07-07 19:00:00+07:00,SKU-003,14,10.7529,10.7529,1.0,0.0,0,,,train
2026-07-07 20:00:00+07:00,SKU-003,9,11.2167,11.2167,1.0,0.0,0,,,train
2026-07-07 21:00:00+07:00,SKU-003,7,9.3315,9.3315,1.0,0.0,0,,,train
2026-07-07 22:00:00+07:00,SKU-003,13,6.1307,6.1307,1.0,0.0,0,,,train
2026-07-07 23:00:00+07:00,SKU-003,4,3.1206,3.1206,1.0,0.0,0,,,train
2026-07-08 00:00:00+07:00,SKU-003,3,1.4668,1.4668,1.0,0.0,0,,,train
2026-07-08 01:00:00+07:00,SKU-003,1,0.9374,0.9374,1.0,0.0,0,,,train
2026-07-08 02:00:00+07:00,SKU-003,0,0.6436,0.6436,1.0,0.0,0,,,train
2026-07-08 03:00:00+07:00,SKU-003,1,0.5259,0.5259,1.0,0.0,0,,,train
2026-07-08 04:00:00+07:00,SKU-003,0,0.5836,0.5836,1.0,0.0,0,,,train
2026-07-08 05:00:00+07:00,SKU-003,4,1.0492,1.0492,1.0,0.0,0,,,train
2026-07-08 06:00:00+07:00,SKU-003,2,2.2124,2.2124,1.0,0.0,0,,,train
2026-07-08 07:00:00+07:00,SKU-003,5,3.606,3.606,1.0,0.0,0,,,train
2026-07-08 08:00:00+07:00,SKU-003,15,4.9391,4.9391,1.0,0.0,0,,,train
2026-07-08 09:00:00+07:00,SKU-003,5,5.8056,5.8056,1.0,0.0,0,,,train
2026-07-08 10:00:00+07:00,SKU-003,7,6.4971,6.4971,1.0,0.0,0,,,train
2026-07-08 11:00:00+07:00,SKU-003,5,7.188,7.188,1.0,0.0,0,,,train
2026-07-08 12:00:00+07:00,SKU-003,16,7.5311,7.5311,1.0,0.0,0,,,train
2026-07-08 13:00:00+07:00,SKU-003,6,6.8322,6.8322,1.0,0.0,0,,,train
2026-07-08 14:00:00+07:00,SKU-003,3,6.0767,6.0767,1.0,0.0,0,,,train
2026-07-08 15:00:00+07:00,SKU-003,1,5.9009,5.9009,1.0,0.0,0,,,train
2026-07-08 16:00:00+07:00,SKU-003,10,6.3619,6.3619,1.0,0.0,0,,,train
2026-07-08 17:00:00+07:00,SKU-003,10,7.4015,7.4015,1.0,0.0,0,,,train
2026-07-08 18:00:00+07:00,SKU-003,9,8.7883,8.7883,1.0,0.0,0,,,train
2026-07-08 19:00:00+07:00,SKU-003,5,10.2913,10.2913,1.0,0.0,0,,,train
2026-07-08 20:00:00+07:00,SKU-003,16,15.3474,15.3474,1.0,0.0,0,,,train
2026-07-08 21:00:00+07:00,SKU-003,7,12.7916,12.7916,1.0,0.0,0,,,train
2026-07-08 22:00:00+07:00,SKU-003,7,8.4198,8.4198,1.0,0.0,0,,,train
2026-07-08 23:00:00+07:00,SKU-003,1,4.2939,4.2939,1.0,0.0,0,,,train
2026-07-09 00:00:00+07:00,SKU-003,1,2.1531,2.1531,1.0,0.0,0,,,train
2026-07-09 01:00:00+07:00,SKU-003,1,1.3787,1.3787,1.0,0.0,0,,,train
2026-07-09 02:00:00+07:00,SKU-003,0,0.9484,0.9484,1.0,0.0,0,,,train
2026-07-09 03:00:00+07:00,SKU-003,0,0.7765,0.7765,1.0,0.0,0,,,train
2026-07-09 04:00:00+07:00,SKU-003,0,0.8635,0.8635,1.0,0.0,0,,,train
2026-07-09 05:00:00+07:00,SKU-003,1,1.5556,1.5556,1.0,0.0,0,,,train
2026-07-09 06:00:00+07:00,SKU-003,5,3.2871,3.2871,1.0,0.0,0,,,train
2026-07-09 07:00:00+07:00,SKU-003,8,5.3686,5.3686,1.0,0.0,0,,,train
2026-07-09 08:00:00+07:00,SKU-003,8,7.3683,7.3683,1.0,0.0,0,,,train
2026-07-09 09:00:00+07:00,SKU-003,5,8.6789,8.6789,1.0,0.0,0,,,train
2026-07-09 10:00:00+07:00,SKU-003,9,9.7326,9.7326,1.0,0.0,0,,,train
2026-07-09 11:00:00+07:00,SKU-003,10,10.7897,10.7897,1.0,0.0,0,,,train
2026-07-09 12:00:00+07:00,SKU-003,10,11.3278,11.3278,1.0,0.0,0,,,train
2026-07-09 13:00:00+07:00,SKU-003,13,10.2973,10.2973,1.0,0.0,0,,,train
2026-07-09 14:00:00+07:00,SKU-003,4,9.1771,9.1771,1.0,0.0,0,,,train
2026-07-09 15:00:00+07:00,SKU-003,10,8.9293,8.9293,1.0,0.0,0,,,train
2026-07-09 16:00:00+07:00,SKU-003,9,9.6458,9.6458,1.0,0.0,0,,,train
2026-07-09 17:00:00+07:00,SKU-003,11,11.2437,11.2437,1.0,0.0,0,,,train
2026-07-09 18:00:00+07:00,SKU-003,12,13.376,13.376,1.0,0.0,0,,,train
2026-07-09 19:00:00+07:00,SKU-003,11,15.6931,15.6931,1.0,0.0,0,,,train
2026-07-09 20:00:00+07:00,SKU-003,12,16.4298,16.4298,1.0,0.0,0,,,train
2026-07-09 21:00:00+07:00,SKU-003,22,13.7183,13.7183,1.0,0.0,0,,,train
2026-07-09 22:00:00+07:00,SKU-003,8,9.0457,9.0457,1.0,0.0,0,,,train
2026-07-09 23:00:00+07:00,SKU-003,12,4.621,4.621,1.0,0.0,0,,,train
2026-07-10 00:00:00+07:00,SKU-003,5,2.4989,2.4989,1.0,0.0,0,,,train
2026-07-10 01:00:00+07:00,SKU-003,1,1.6027,1.6027,1.0,0.0,0,,,train
2026-07-10 02:00:00+07:00,SKU-003,1,1.1043,1.1043,1.0,0.0,0,,,train
2026-07-10 03:00:00+07:00,SKU-003,0,0.9055,0.9055,1.0,0.0,0,,,train
2026-07-10 04:00:00+07:00,SKU-003,0,1.0083,1.0083,1.0,0.0,0,,,train
2026-07-10 05:00:00+07:00,SKU-003,1,1.8191,1.8191,1.0,0.0,0,,,train
2026-07-10 06:00:00+07:00,SKU-003,0,3.8492,3.8492,1.0,0.0,0,,,train
2026-07-10 07:00:00+07:00,SKU-003,1,6.2948,6.2948,1.0,0.0,0,,,train
2026-07-10 08:00:00+07:00,SKU-003,8,8.65,8.65,1.0,0.0,0,,,train
2026-07-10 09:00:00+07:00,SKU-003,10,10.2003,10.2003,1.0,0.0,0,,,train
2026-07-10 10:00:00+07:00,SKU-003,12,11.4511,11.4511,1.0,0.0,0,,,train
2026-07-10 11:00:00+07:00,SKU-003,16,12.708,12.708,1.0,0.0,0,,,train
2026-07-10 12:00:00+07:00,SKU-003,8,13.3543,13.3543,1.0,0.0,0,,,train
2026-07-10 13:00:00+07:00,SKU-003,9,12.1503,12.1503,1.0,0.0,0,,,train
2026-07-10 14:00:00+07:00,SKU-003,4,10.8372,10.8372,1.0,0.0,0,,,train
2026-07-10 15:00:00+07:00,SKU-003,19,10.5524,10.5524,1.0,0.0,0,,,train
2026-07-10 16:00:00+07:00,SKU-003,20,11.4068,11.4068,1.0,0.0,0,,,train
2026-07-10 17:00:00+07:00,SKU-003,20,13.3044,13.3044,1.0,0.0,0,EP-003-01,FALSE_CONTENT,train
2026-07-10 18:00:00+07:00,SKU-003,9,15.8356,15.8356,1.0,0.5,0,EP-003-01,FALSE_CONTENT,train
2026-07-10 19:00:00+07:00,SKU-003,14,18.5871,18.5871,1.0,1.0,0,EP-003-01,FALSE_CONTENT,train
2026-07-10 20:00:00+07:00,SKU-003,31,19.4669,19.4669,1.0,0.9507,0,EP-003-01,FALSE_CONTENT,train
2026-07-10 21:00:00+07:00,SKU-003,12,16.2591,16.2591,1.0,0.9038,0,EP-003-01,FALSE_CONTENT,train
2026-07-10 22:00:00+07:00,SKU-003,9,10.7235,10.7235,1.0,0.8592,0,EP-003-01,FALSE_CONTENT,train
2026-07-10 23:00:00+07:00,SKU-003,9,5.4789,5.4789,1.0,0.8168,0,EP-003-01,FALSE_CONTENT,train
2026-07-11 00:00:00+07:00,SKU-003,2,3.0718,3.0718,1.0,0.7765,0,EP-003-01,FALSE_CONTENT,train
2026-07-11 01:00:00+07:00,SKU-003,3,1.9702,1.9702,1.0,0.7382,0,EP-003-01,FALSE_CONTENT,train
2026-07-11 02:00:00+07:00,SKU-003,4,1.3573,1.3573,1.0,0.7018,0,EP-003-01,FALSE_CONTENT,train
2026-07-11 03:00:00+07:00,SKU-003,0,1.1128,1.1128,1.0,0.6672,0,EP-003-01,FALSE_CONTENT,train
2026-07-11 04:00:00+07:00,SKU-003,1,1.239,1.239,1.0,0.6343,0,EP-003-01,FALSE_CONTENT,train
2026-07-11 05:00:00+07:00,SKU-003,3,1.5659,1.5659,1.0,0.603,0,EP-003-01,FALSE_CONTENT,train
2026-07-11 06:00:00+07:00,SKU-003,2,3.3121,3.3121,1.0,0.5733,0,EP-003-01,FALSE_CONTENT,train
2026-07-11 07:00:00+07:00,SKU-003,2,5.4142,5.4142,1.0,0.545,0,EP-003-01,FALSE_CONTENT,train
2026-07-11 08:00:00+07:00,SKU-003,5,7.4363,7.4363,1.0,0.5181,0,EP-003-01,FALSE_CONTENT,train
2026-07-11 09:00:00+07:00,SKU-003,14,8.7641,8.7641,1.0,0.4926,0,EP-003-01,FALSE_CONTENT,train
2026-07-11 10:00:00+07:00,SKU-003,10,9.8328,9.8328,1.0,0.4683,0,EP-003-01,FALSE_CONTENT,train
2026-07-11 11:00:00+07:00,SKU-003,8,10.9044,10.9044,1.0,0.4452,0,EP-003-01,FALSE_CONTENT,train
2026-07-11 12:00:00+07:00,SKU-003,13,11.4504,11.4504,1.0,0.4232,0,EP-003-01,FALSE_CONTENT,train
2026-07-11 13:00:00+07:00,SKU-003,7,11.0297,10.4095,1.0596,0.4024,0,EP-003-01,FALSE_CONTENT,train
2026-07-11 14:00:00+07:00,SKU-003,5,10.3818,9.2764,1.1192,0.3825,0,EP-003-01,FALSE_CONTENT,train
2026-07-11 15:00:00+07:00,SKU-003,12,10.0464,9.0242,1.1133,0.3636,0,EP-003-01,FALSE_CONTENT,train
2026-07-11 16:00:00+07:00,SKU-003,13,10.7946,9.7451,1.1077,0.3457,0,EP-003-01,FALSE_CONTENT,train
2026-07-11 17:00:00+07:00,SKU-003,7,12.5168,11.3543,1.1024,0.3287,0,EP-003-01,FALSE_CONTENT,train
2026-07-11 18:00:00+07:00,SKU-003,8,14.8136,13.4996,1.0973,0.3124,0,EP-003-01,FALSE_CONTENT,train
2026-07-11 19:00:00+07:00,SKU-003,12,17.2914,15.8269,1.0925,0.297,0,EP-003-01,FALSE_CONTENT,train
2026-07-11 20:00:00+07:00,SKU-003,16,18.0123,16.5559,1.088,0.2824,0,EP-003-01,FALSE_CONTENT,train
2026-07-11 21:00:00+07:00,SKU-003,14,14.9654,13.8104,1.0836,0.2685,0,EP-003-01,FALSE_CONTENT,train
2026-07-11 22:00:00+07:00,SKU-003,4,9.8198,9.0966,1.0795,0.2552,0,EP-003-01,FALSE_CONTENT,train
2026-07-11 23:00:00+07:00,SKU-003,12,4.9922,4.6414,1.0756,0.2426,0,EP-003-01,FALSE_CONTENT,train
2026-07-12 00:00:00+07:00,SKU-003,2,2.244,2.0936,1.0719,0.2307,0,EP-003-01,FALSE_CONTENT,train
2026-07-12 01:00:00+07:00,SKU-003,1,1.4324,1.3408,1.0683,0.2193,0,EP-003-01,FALSE_CONTENT,train
2026-07-12 02:00:00+07:00,SKU-003,0,0.9823,0.9224,1.0649,0.2085,0,EP-003-01,FALSE_CONTENT,train
2026-07-12 03:00:00+07:00,SKU-003,2,0.8017,0.7551,1.0617,0.1982,0,EP-003-01,FALSE_CONTENT,train
2026-07-12 04:00:00+07:00,SKU-003,0,0.8887,0.8394,1.0587,0.1884,0,EP-003-01,FALSE_CONTENT,train
2026-07-12 05:00:00+07:00,SKU-003,1,1.5959,1.5115,1.0558,0.1791,0,EP-003-01,FALSE_CONTENT,train
2026-07-12 06:00:00+07:00,SKU-003,2,3.3613,3.192,1.053,0.1703,0,EP-003-01,FALSE_CONTENT,train
2026-07-12 07:00:00+07:00,SKU-003,9,5.4718,5.2091,1.0504,0.1619,0,EP-003-01,FALSE_CONTENT,train
2026-07-12 08:00:00+07:00,SKU-003,10,7.4851,7.1426,1.0479,0.1539,0,EP-003-01,FALSE_CONTENT,train
2026-07-12 09:00:00+07:00,SKU-003,9,8.7868,8.4037,1.0456,0.1463,0,EP-003-01,FALSE_CONTENT,train
2026-07-12 10:00:00+07:00,SKU-003,15,9.82,9.4121,1.0433,0.1391,0,EP-003-01,FALSE_CONTENT,train
2026-07-12 11:00:00+07:00,SKU-003,9,10.8489,10.4197,1.0412,0.1322,0,EP-003-01,FALSE_CONTENT,train
2026-07-12 12:00:00+07:00,SKU-003,18,11.3498,10.9221,1.0392,0.1257,0,EP-003-01,FALSE_CONTENT,train
2026-07-12 13:00:00+07:00,SKU-003,6,10.2805,9.9115,1.0372,0.1195,0,EP-003-01,FALSE_CONTENT,train
2026-07-12 14:00:00+07:00,SKU-003,12,9.1288,8.8167,1.0354,0.1136,0,EP-003-01,FALSE_CONTENT,train
2026-07-12 15:00:00+07:00,SKU-003,10,8.8495,8.5614,1.0336,0.108,0,EP-003-01,FALSE_CONTENT,train
2026-07-12 16:00:00+07:00,SKU-003,10,9.5237,9.2285,1.032,0.1027,0,EP-003-01,FALSE_CONTENT,train
2026-07-12 17:00:00+07:00,SKU-003,19,11.0591,10.7327,1.0304,0.0976,0,EP-003-01,FALSE_CONTENT,train
2026-07-12 18:00:00+07:00,SKU-003,7,13.1053,12.7371,1.0289,0.0928,0,EP-003-01,FALSE_CONTENT,train
2026-07-12 19:00:00+07:00,SKU-003,34,15.315,14.9053,1.0275,0.0882,0,EP-003-01,FALSE_CONTENT,train
2026-07-12 20:00:00+07:00,SKU-003,20,15.9699,15.5632,1.0261,0.0839,0,EP-003-01,FALSE_CONTENT,train
2026-07-12 21:00:00+07:00,SKU-003,5,13.2802,12.9583,1.0248,0.0797,0,EP-003-01,FALSE_CONTENT,train
2026-07-12 22:00:00+07:00,SKU-003,13,8.7208,8.5196,1.0236,0.0758,0,EP-003-01,FALSE_CONTENT,train
2026-07-12 23:00:00+07:00,SKU-003,4,4.4364,4.339,1.0225,0.0721,0,EP-003-01,FALSE_CONTENT,train
2026-07-13 00:00:00+07:00,SKU-003,1,1.8091,1.7713,1.0213,0.0685,0,EP-003-01,FALSE_CONTENT,train
2026-07-13 01:00:00+07:00,SKU-003,0,1.1553,1.1323,1.0203,0.0651,0,EP-003-01,FALSE_CONTENT,train
2026-07-13 02:00:00+07:00,SKU-003,0,0.7926,0.7776,1.0193,0.0619,0,EP-003-01,FALSE_CONTENT,train
2026-07-13 03:00:00+07:00,SKU-003,0,0.647,0.6354,1.0183,0.0589,0,EP-003-01,FALSE_CONTENT,train
2026-07-13 04:00:00+07:00,SKU-003,0,0.7173,0.7051,1.0174,0.056,0,EP-003-01,FALSE_CONTENT,train
2026-07-13 05:00:00+07:00,SKU-003,0,1.2884,1.2674,1.0166,0.0532,0,EP-003-01,FALSE_CONTENT,train
2026-07-13 06:00:00+07:00,SKU-003,2,2.7138,2.6717,1.0158,0.0506,0,EP-003-01,FALSE_CONTENT,train
2026-07-13 07:00:00+07:00,SKU-003,4,4.4177,4.3525,1.015,0.0481,0,EP-003-01,FALSE_CONTENT,train
2026-07-13 08:00:00+07:00,SKU-003,4,6.0428,5.9579,1.0142,0.0457,0,EP-003-01,FALSE_CONTENT,train
2026-07-13 09:00:00+07:00,SKU-003,5,7.0928,6.9981,1.0135,0.0435,0,EP-003-01,FALSE_CONTENT,train
2026-07-13 10:00:00+07:00,SKU-003,7,7.9256,7.8249,1.0129,0.0413,0,EP-003-01,FALSE_CONTENT,train
2026-07-13 11:00:00+07:00,SKU-003,2,8.7543,8.6485,1.0122,0.0393,0,EP-003-01,FALSE_CONTENT,train
2026-07-13 12:00:00+07:00,SKU-003,4,9.1564,9.0511,1.0116,0.0373,0,EP-003-01,FALSE_CONTENT,train
2026-07-13 13:00:00+07:00,SKU-003,15,8.2916,8.2009,1.0111,0.0355,0,EP-003-01,FALSE_CONTENT,train
2026-07-13 14:00:00+07:00,SKU-003,5,7.3606,7.284,1.0105,0.0337,0,EP-003-01,FALSE_CONTENT,train
2026-07-13 15:00:00+07:00,SKU-003,8,7.1332,7.0626,1.01,0.0321,0,EP-003-01,FALSE_CONTENT,train
2026-07-13 16:00:00+07:00,SKU-003,12,7.6742,7.602,1.0095,0.0305,0,EP-003-01,FALSE_CONTENT,train
2026-07-13 17:00:00+07:00,SKU-003,16,8.9084,8.8287,1.009,0.029,0,EP-003-01,FALSE_CONTENT,train
2026-07-13 18:00:00+07:00,SKU-003,13,10.5532,10.4633,1.0086,0.0276,0,EP-003-01,FALSE_CONTENT,train
2026-07-13 19:00:00+07:00,SKU-003,10,12.3284,12.2285,1.0082,0.0262,0,EP-003-01,FALSE_CONTENT,train
2026-07-13 20:00:00+07:00,SKU-003,5,12.8511,12.7522,1.0078,0.0249,0,EP-003-01,FALSE_CONTENT,train
2026-07-13 21:00:00+07:00,SKU-003,8,10.6832,10.605,1.0074,0.0237,0,EP-003-01,FALSE_CONTENT,train
2026-07-13 22:00:00+07:00,SKU-003,7,7.0131,6.9643,1.007,0.0225,0,EP-003-01,FALSE_CONTENT,train
2026-07-13 23:00:00+07:00,SKU-003,5,3.5666,3.543,1.0067,0.0214,0,EP-003-01,FALSE_CONTENT,train
2026-07-14 00:00:00+07:00,SKU-003,0,1.6099,1.5998,1.0063,0.0204,0,EP-003-01,FALSE_CONTENT,train
2026-07-14 01:00:00+07:00,SKU-003,0,1.0278,1.0217,1.006,0.0193,0,EP-003-01,FALSE_CONTENT,train
2026-07-14 02:00:00+07:00,SKU-003,0,0.7049,0.7009,1.0057,0.0184,0,EP-003-01,FALSE_CONTENT,train
2026-07-14 03:00:00+07:00,SKU-003,0,0.5754,0.5723,1.0054,0.0175,0,EP-003-01,FALSE_CONTENT,train
2026-07-14 04:00:00+07:00,SKU-003,1,0.6378,0.6345,1.0052,0.0166,0,EP-003-01,FALSE_CONTENT,train
2026-07-14 05:00:00+07:00,SKU-003,4,1.1452,1.1396,1.0049,0.0158,0,EP-003-01,FALSE_CONTENT,train
2026-07-14 06:00:00+07:00,SKU-003,1,2.412,2.4008,1.0047,0.015,0,EP-003-01,FALSE_CONTENT,train
2026-07-14 07:00:00+07:00,SKU-003,6,3.9261,3.9087,1.0044,0.0143,0,EP-003-01,FALSE_CONTENT,train
2026-07-14 08:00:00+07:00,SKU-003,9,5.3701,5.3475,1.0042,0.0136,0,EP-003-01,FALSE_CONTENT,train
2026-07-14 09:00:00+07:00,SKU-003,4,6.3032,6.2779,1.004,0.0129,0,EP-003-01,FALSE_CONTENT,train
2026-07-14 10:00:00+07:00,SKU-003,6,7.0435,7.0167,1.0038,0.0123,0,,,train
2026-07-14 11:00:00+07:00,SKU-003,10,7.7807,7.7525,1.0036,0.0117,0,,,train
2026-07-14 12:00:00+07:00,SKU-003,8,8.1391,8.1111,1.0035,0.0111,0,,,train
2026-07-14 13:00:00+07:00,SKU-003,4,7.3717,7.3476,1.0033,0.0105,0,,,train
2026-07-14 14:00:00+07:00,SKU-003,1,6.5455,6.5252,1.0031,0.01,0,,,train
2026-07-14 15:00:00+07:00,SKU-003,13,6.3452,6.3264,1.003,0.0095,0,,,train
2026-07-14 16:00:00+07:00,SKU-003,3,6.8288,6.8096,1.0028,0.0091,0,,,train
2026-07-14 17:00:00+07:00,SKU-003,11,10.5814,10.553,1.0027,0.0086,0,,,train
2026-07-14 18:00:00+07:00,SKU-003,9,12.5407,12.5088,1.0026,0.0082,0,,,train
2026-07-14 19:00:00+07:00,SKU-003,10,14.6579,14.6224,1.0024,0.0078,0,,,train
2026-07-14 20:00:00+07:00,SKU-003,5,15.2882,15.2531,1.0023,0.0074,0,,,train
2026-07-14 21:00:00+07:00,SKU-003,9,12.7173,12.6895,1.0022,0.007,0,,,train
2026-07-14 22:00:00+07:00,SKU-003,6,8.3543,8.3369,1.0021,0.0067,0,,,train
2026-07-14 23:00:00+07:00,SKU-003,5,4.2519,4.2435,1.002,0.0064,0,,,train
2026-07-15 00:00:00+07:00,SKU-003,2,1.9984,1.9946,1.0019,0.006,0,,,train
2026-07-15 01:00:00+07:00,SKU-003,1,1.277,1.2747,1.0018,0.0057,0,,,train
2026-07-15 02:00:00+07:00,SKU-003,2,0.8766,0.8751,1.0017,0.0055,0,,,train
2026-07-15 03:00:00+07:00,SKU-003,0,0.7162,0.7151,1.0016,0.0052,0,,,train
2026-07-15 04:00:00+07:00,SKU-003,0,0.7948,0.7935,1.0015,0.0049,0,,,train
2026-07-15 05:00:00+07:00,SKU-003,1,1.4288,1.4267,1.0015,0.0047,0,,,train
2026-07-15 06:00:00+07:00,SKU-003,7,3.0127,3.0085,1.0014,0.0045,0,,,train
2026-07-15 07:00:00+07:00,SKU-003,8,4.9101,4.9036,1.0013,0.0042,0,,,train
2026-07-15 08:00:00+07:00,SKU-003,12,6.7247,6.7162,1.0013,0.004,0,,,train
2026-07-15 09:00:00+07:00,SKU-003,10,7.9039,7.8945,1.0012,0.0038,0,,,train
2026-07-15 10:00:00+07:00,SKU-003,8,8.8448,8.8348,1.0011,0.0036,0,,,train
2026-07-15 11:00:00+07:00,SKU-003,11,9.785,9.7744,1.0011,0.0035,0,,,train
2026-07-15 12:00:00+07:00,SKU-003,9,10.2514,10.2409,1.001,0.0033,0,,,train
2026-07-15 13:00:00+07:00,SKU-003,8,9.2995,9.2905,1.001,0.0031,0,,,train
2026-07-15 14:00:00+07:00,SKU-003,12,8.2708,8.2631,1.0009,0.003,0,,,train
2026-07-15 15:00:00+07:00,SKU-003,11,8.0311,8.024,1.0009,0.0028,0,,,train
2026-07-15 16:00:00+07:00,SKU-003,7,8.6581,8.6509,1.0008,0.0027,0,,,train
2026-07-15 17:00:00+07:00,SKU-003,12,10.0725,10.0645,1.0008,0.0026,0,,,train
2026-07-15 18:00:00+07:00,SKU-003,12,11.9593,11.9502,1.0008,0.0024,0,,,train
2026-07-15 19:00:00+07:00,SKU-003,9,14.0041,13.994,1.0007,0.0023,0,,,train
2026-07-15 20:00:00+07:00,SKU-003,15,14.634,14.624,1.0007,0.0022,0,,,train
2026-07-15 21:00:00+07:00,SKU-003,1,12.1965,12.1885,1.0007,0.0021,0,,,train
2026-07-15 22:00:00+07:00,SKU-003,6,8.0278,8.0228,1.0006,0.002,0,,,train
2026-07-15 23:00:00+07:00,SKU-003,3,4.0938,4.0914,1.0006,0.0019,0,,,train
2026-07-16 00:00:00+07:00,SKU-003,1,2.0528,2.0516,1.0006,0.0018,0,,,train
2026-07-16 01:00:00+07:00,SKU-003,2,1.3144,1.3137,1.0005,0.0017,0,,,train
2026-07-16 02:00:00+07:00,SKU-003,0,0.9042,0.9037,1.0005,0.0016,0,,,train
2026-07-16 03:00:00+07:00,SKU-003,0,0.7403,0.7399,1.0005,0.0015,0,,,train
2026-07-16 04:00:00+07:00,SKU-003,2,0.8231,0.8227,1.0005,0.0015,0,,,train
2026-07-16 05:00:00+07:00,SKU-003,0,1.4829,1.4822,1.0004,0.0014,0,,,train
2026-07-16 06:00:00+07:00,SKU-003,3,3.1334,3.1321,1.0004,0.0013,0,,,train
2026-07-16 07:00:00+07:00,SKU-003,7,5.1174,5.1154,1.0004,0.0013,0,,,train
2026-07-16 08:00:00+07:00,SKU-003,3,7.0234,7.0208,1.0004,0.0012,0,,,train
2026-07-16 09:00:00+07:00,SKU-003,20,8.2725,8.2695,1.0004,0.0011,0,,,train
2026-07-16 10:00:00+07:00,SKU-003,9,9.2766,9.2735,1.0003,0.0011,0,,,train
2026-07-16 11:00:00+07:00,SKU-003,9,10.2841,10.2808,1.0003,0.001,0,,,train
2026-07-16 12:00:00+07:00,SKU-003,15,10.7967,10.7934,1.0003,0.001,0,,,train
2026-07-16 13:00:00+07:00,SKU-003,6,9.8144,9.8116,1.0003,0.0009,0,,,train
2026-07-16 14:00:00+07:00,SKU-003,2,8.7465,8.7441,1.0003,0.0009,0,,,train
2026-07-16 15:00:00+07:00,SKU-003,9,8.5102,8.508,1.0003,0.0008,0,,,train
2026-07-16 16:00:00+07:00,SKU-003,14,9.193,9.1907,1.0002,0.0008,0,,,train
2026-07-16 17:00:00+07:00,SKU-003,2,10.7158,10.7132,1.0002,0.0008,0,,,train
2026-07-16 18:00:00+07:00,SKU-003,2,12.7477,12.7449,1.0002,0.0007,0,,,train
2026-07-16 19:00:00+07:00,SKU-003,22,14.9558,14.9526,1.0002,0.0007,0,,,train
2026-07-16 20:00:00+07:00,SKU-003,7,15.6576,15.6545,1.0002,0.0007,0,,,train
2026-07-16 21:00:00+07:00,SKU-003,12,13.0735,13.071,1.0002,0.0006,0,,,train
2026-07-16 22:00:00+07:00,SKU-003,5,8.6204,8.6188,1.0002,0.0006,0,,,train
2026-07-16 23:00:00+07:00,SKU-003,4,4.4037,4.4029,1.0002,0.0006,0,,,train
2026-07-17 00:00:00+07:00,SKU-003,3,2.3814,2.381,1.0002,0.0005,0,,,train
2026-07-17 01:00:00+07:00,SKU-003,3,1.5273,1.5271,1.0002,0.0005,0,,,train
2026-07-17 02:00:00+07:00,SKU-003,2,1.0523,1.0521,1.0002,0.0005,0,,,train
2026-07-17 03:00:00+07:00,SKU-003,3,0.8629,0.8627,1.0001,0.0005,0,,,train
2026-07-17 04:00:00+07:00,SKU-003,0,0.9609,0.9608,1.0001,0.0004,0,,,train
2026-07-17 05:00:00+07:00,SKU-003,1,1.7335,1.7333,1.0001,0.0004,0,,,train
2026-07-17 06:00:00+07:00,SKU-003,5,3.6679,3.6675,1.0001,0.0004,0,,,train
2026-07-17 07:00:00+07:00,SKU-003,7,5.9983,5.9976,1.0001,0.0004,0,,,train
2026-07-17 08:00:00+07:00,SKU-003,10,8.2425,8.2416,1.0001,0.0004,0,,,train
2026-07-17 09:00:00+07:00,SKU-003,0,9.7197,9.7187,1.0001,0.0003,0,,,train
2026-07-17 10:00:00+07:00,SKU-003,19,10.9116,10.9105,1.0001,0.0003,0,,,train
2026-07-17 11:00:00+07:00,SKU-003,23,12.1091,12.1079,1.0001,0.0003,0,,,train
2026-07-17 12:00:00+07:00,SKU-003,10,9.5367,9.5359,1.0001,0.0003,0,,,train
2026-07-17 13:00:00+07:00,SKU-003,5,8.6768,8.6761,1.0001,0.0003,0,,,train
2026-07-17 14:00:00+07:00,SKU-003,11,7.7391,7.7385,1.0001,0.0003,0,,,train
2026-07-17 15:00:00+07:00,SKU-003,5,7.5357,7.5351,1.0001,0.0002,0,,,train
2026-07-17 16:00:00+07:00,SKU-003,8,8.1457,8.1451,1.0001,0.0002,0,,,train
2026-07-17 17:00:00+07:00,SKU-003,3,9.5008,9.5001,1.0001,0.0002,0,,,train
2026-07-17 18:00:00+07:00,SKU-003,5,11.3083,11.3075,1.0001,0.0002,0,,,train
2026-07-17 19:00:00+07:00,SKU-003,19,13.2731,13.2722,1.0001,0.0002,0,,,train
2026-07-17 20:00:00+07:00,SKU-003,25,13.9013,13.9004,1.0001,0.0002,0,,,train
2026-07-17 21:00:00+07:00,SKU-003,8,11.6105,11.6099,1.0001,0.0002,0,,,train
2026-07-17 22:00:00+07:00,SKU-003,13,7.6575,7.6571,1.0001,0.0002,0,,,train
2026-07-17 23:00:00+07:00,SKU-003,4,3.9124,3.9122,1.0001,0.0002,0,,,train
2026-07-18 00:00:00+07:00,SKU-003,2,2.1935,2.1934,1.0,0.0002,0,,,train
2026-07-18 01:00:00+07:00,SKU-003,0,1.4069,1.4068,1.0,0.0002,0,,,train
2026-07-18 02:00:00+07:00,SKU-003,0,0.9692,0.9692,1.0,0.0001,0,,,train
2026-07-18 03:00:00+07:00,SKU-003,0,0.7947,0.7946,1.0,0.0001,0,,,train
2026-07-18 04:00:00+07:00,SKU-003,1,0.8847,0.8847,1.0,0.0001,0,,,train
2026-07-18 05:00:00+07:00,SKU-003,1,1.5957,1.5956,1.0,0.0001,0,,,train
2026-07-18 06:00:00+07:00,SKU-003,6,3.3751,3.375,1.0,0.0001,0,,,train
2026-07-18 07:00:00+07:00,SKU-003,5,5.5171,5.5169,1.0,0.0001,0,,,train
2026-07-18 08:00:00+07:00,SKU-003,12,7.5776,7.5774,1.0,0.0001,0,,,train
2026-07-18 09:00:00+07:00,SKU-003,11,8.9307,8.9304,1.0,0.0001,0,,,train
2026-07-18 10:00:00+07:00,SKU-003,5,10.0196,10.0193,1.0,0.0001,0,,,train
2026-07-18 11:00:00+07:00,SKU-003,20,11.1115,11.1112,1.0,0.0001,0,,,train
2026-07-18 12:00:00+07:00,SKU-003,9,11.6679,11.6675,1.0,0.0001,0,,,train
2026-07-18 13:00:00+07:00,SKU-003,5,10.6071,10.6069,1.0,0.0001,0,,,train
2026-07-18 14:00:00+07:00,SKU-003,9,9.4525,9.4523,1.0,0.0001,0,,,train
2026-07-18 15:00:00+07:00,SKU-003,6,9.1954,9.1952,1.0,0.0001,0,,,train
2026-07-18 16:00:00+07:00,SKU-003,1,9.93,9.9298,1.0,0.0001,0,,,train
2026-07-18 17:00:00+07:00,SKU-003,10,11.5697,11.5695,1.0,0.0001,0,,,train
2026-07-18 18:00:00+07:00,SKU-003,13,13.7557,13.7554,1.0,0.0001,0,,,train
2026-07-18 19:00:00+07:00,SKU-003,26,16.1271,16.1267,1.0,0.0001,0,,,train
2026-07-18 20:00:00+07:00,SKU-003,7,16.8699,16.8696,1.0,0.0001,0,,,train
2026-07-18 21:00:00+07:00,SKU-003,9,14.0723,14.072,1.0,0.0001,0,,,train
2026-07-18 22:00:00+07:00,SKU-003,5,9.269,9.2689,1.0,0.0001,0,,,train
2026-07-18 23:00:00+07:00,SKU-003,6,4.7294,4.7293,1.0,0.0,0,,,train
2026-07-19 00:00:00+07:00,SKU-003,0,2.1333,2.1333,1.0,0.0,0,,,train
2026-07-19 01:00:00+07:00,SKU-003,1,1.3663,1.3662,1.0,0.0,0,,,train
2026-07-19 02:00:00+07:00,SKU-003,0,0.9399,0.9399,1.0,0.0,0,,,train
2026-07-19 03:00:00+07:00,SKU-003,0,0.7694,0.7694,1.0,0.0,0,,,train
2026-07-19 04:00:00+07:00,SKU-003,1,0.8553,0.8553,1.0,0.0,0,,,train
2026-07-19 05:00:00+07:00,SKU-003,2,1.5401,1.5401,1.0,0.0,0,,,train
2026-07-19 06:00:00+07:00,SKU-003,3,3.2524,3.2524,1.0,0.0,0,,,train
2026-07-19 07:00:00+07:00,SKU-003,11,5.3078,5.3077,1.0,0.0,0,,,train
2026-07-19 08:00:00+07:00,SKU-003,3,7.2779,7.2778,1.0,0.0,0,,,train
2026-07-19 09:00:00+07:00,SKU-003,20,8.5628,8.5627,1.0,0.0,0,,,train
2026-07-19 10:00:00+07:00,SKU-003,11,9.5902,9.5902,1.0,0.0,0,,,train
2026-07-19 11:00:00+07:00,SKU-003,13,10.6168,10.6168,1.0,0.0,0,,,train
2026-07-19 12:00:00+07:00,SKU-003,5,11.1287,11.1286,1.0,0.0,0,,,train
2026-07-19 13:00:00+07:00,SKU-003,14,10.099,10.0989,1.0,0.0,0,,,train
2026-07-19 14:00:00+07:00,SKU-003,6,8.9835,8.9834,1.0,0.0,0,,,train
2026-07-19 15:00:00+07:00,SKU-003,12,8.7233,8.7232,1.0,0.0,0,,,train
2026-07-19 16:00:00+07:00,SKU-003,20,9.403,9.4029,1.0,0.0,0,,,train
2026-07-19 17:00:00+07:00,SKU-003,7,10.9356,10.9356,1.0,0.0,0,,,train
2026-07-19 18:00:00+07:00,SKU-003,14,12.9779,12.9778,1.0,0.0,0,,,train
2026-07-19 19:00:00+07:00,SKU-003,11,15.1871,15.187,1.0,0.0,0,,,train
2026-07-19 20:00:00+07:00,SKU-003,19,15.8573,15.8573,1.0,0.0,0,,,train
2026-07-19 21:00:00+07:00,SKU-003,16,13.2032,13.2032,1.0,0.0,0,,,train
2026-07-19 22:00:00+07:00,SKU-003,20,8.6806,8.6805,1.0,0.0,0,,,train
2026-07-19 23:00:00+07:00,SKU-003,7,4.421,4.421,1.0,0.0,0,,,train
2026-07-20 00:00:00+07:00,SKU-003,0,1.8047,1.8047,1.0,0.0,0,,,train
2026-07-20 01:00:00+07:00,SKU-003,1,1.1537,1.1537,1.0,0.0,0,,,train
2026-07-20 02:00:00+07:00,SKU-003,1,0.7922,0.7922,1.0,0.0,0,,,train
2026-07-20 03:00:00+07:00,SKU-003,3,0.6474,0.6474,1.0,0.0,0,,,train
2026-07-20 04:00:00+07:00,SKU-003,0,1.0536,1.0536,1.0,0.0,0,,,train
2026-07-20 05:00:00+07:00,SKU-003,3,1.8938,1.8938,1.0,0.0,0,,,train
2026-07-20 06:00:00+07:00,SKU-003,2,3.9923,3.9922,1.0,0.0,0,,,train
2026-07-20 07:00:00+07:00,SKU-003,5,6.5039,6.5039,1.0,0.0,0,,,train
2026-07-20 08:00:00+07:00,SKU-003,8,8.9028,8.9028,1.0,0.0,0,,,train
2026-07-20 09:00:00+07:00,SKU-003,14,10.4571,10.457,1.0,0.0,0,,,train
2026-07-20 10:00:00+07:00,SKU-003,11,11.6925,11.6925,1.0,0.0,0,,,train
2026-07-20 11:00:00+07:00,SKU-003,6,12.9232,12.9232,1.0,0.0,0,,,train
2026-07-20 12:00:00+07:00,SKU-003,42,13.5248,13.5247,1.0,0.0,0,,,train
2026-07-20 13:00:00+07:00,SKU-003,14,12.2543,12.2542,1.0,0.0,0,,,train
2026-07-20 14:00:00+07:00,SKU-003,7,10.8842,10.8842,1.0,0.0,0,,,train
2026-07-20 15:00:00+07:00,SKU-003,8,10.5533,10.5533,1.0,0.0,0,,,train
2026-07-20 16:00:00+07:00,SKU-003,9,11.3593,11.3592,1.0,0.0,0,,,train
2026-07-20 17:00:00+07:00,SKU-003,16,13.1923,13.1923,1.0,0.0,0,,,train
2026-07-20 18:00:00+07:00,SKU-003,1,15.6348,15.6348,1.0,0.0,0,,,train
2026-07-20 19:00:00+07:00,SKU-003,11,18.2724,18.2724,1.0,0.0,0,,,train
2026-07-20 20:00:00+07:00,SKU-003,25,19.0548,19.0548,1.0,0.0,0,,,train
2026-07-20 21:00:00+07:00,SKU-003,12,15.8463,15.8463,1.0,0.0,0,,,train
2026-07-20 22:00:00+07:00,SKU-003,9,10.4062,10.4062,1.0,0.0,0,,,train
2026-07-20 23:00:00+07:00,SKU-003,6,5.294,5.294,1.0,0.0,0,,,train
2026-07-21 00:00:00+07:00,SKU-003,2,2.3904,2.3904,1.0,0.0,0,,,train
2026-07-21 01:00:00+07:00,SKU-003,2,1.5266,1.5266,1.0,0.0,0,,,train
2026-07-21 02:00:00+07:00,SKU-003,0,1.0473,1.0473,1.0,0.0,0,,,train
2026-07-21 03:00:00+07:00,SKU-003,2,0.8551,0.8551,1.0,0.0,0,,,train
2026-07-21 04:00:00+07:00,SKU-003,1,0.9481,0.9481,1.0,0.0,0,,,train
2026-07-21 05:00:00+07:00,SKU-003,1,1.7029,1.7029,1.0,0.0,0,,,train
2026-07-21 06:00:00+07:00,SKU-003,6,3.5873,3.5873,1.0,0.0,0,EP-003-02,MISSING_SIGNAL,train
2026-07-21 07:00:00+07:00,SKU-003,2,5.8405,5.8405,1.0,0.0,0,EP-003-02,MISSING_SIGNAL,train
2026-07-21 08:00:00+07:00,SKU-003,5,7.9902,7.9902,1.0,0.0,0,EP-003-02,MISSING_SIGNAL,train
2026-07-21 09:00:00+07:00,SKU-003,3,6.3961,6.3961,1.0,0.0,0,EP-003-02,MISSING_SIGNAL,train
2026-07-21 10:00:00+07:00,SKU-003,3,7.1487,7.1487,1.0,0.0,0,EP-003-02,MISSING_SIGNAL,train
2026-07-21 11:00:00+07:00,SKU-003,3,7.8983,7.8983,1.0,0.0,0,EP-003-02,MISSING_SIGNAL,train
2026-07-21 12:00:00+07:00,SKU-003,14,8.2636,8.2636,1.0,0.0,0,EP-003-02,MISSING_SIGNAL,train
2026-07-21 13:00:00+07:00,SKU-003,4,7.4858,7.4858,1.0,0.0,0,EP-003-02,MISSING_SIGNAL,train
2026-07-21 14:00:00+07:00,SKU-003,5,6.6479,6.6479,1.0,0.0,0,EP-003-02,MISSING_SIGNAL,train
2026-07-21 15:00:00+07:00,SKU-003,4,6.4454,6.4454,1.0,0.0,0,EP-003-02,MISSING_SIGNAL,train
2026-07-21 16:00:00+07:00,SKU-003,11,6.9376,6.9376,1.0,0.0,0,EP-003-02,MISSING_SIGNAL,train
2026-07-21 17:00:00+07:00,SKU-003,10,8.0577,8.0577,1.0,0.0,0,EP-003-02,MISSING_SIGNAL,train
2026-07-21 18:00:00+07:00,SKU-003,7,9.5511,9.551,1.0,0.0,0,EP-003-02,MISSING_SIGNAL,train
2026-07-21 19:00:00+07:00,SKU-003,11,11.1648,11.1648,1.0,0.0,0,EP-003-02,MISSING_SIGNAL,train
2026-07-21 20:00:00+07:00,SKU-003,17,11.6464,11.6464,1.0,0.0,0,EP-003-02,MISSING_SIGNAL,train
2026-07-21 21:00:00+07:00,SKU-003,6,9.6889,9.6889,1.0,0.0,0,EP-003-02,MISSING_SIGNAL,train
2026-07-21 22:00:00+07:00,SKU-003,7,9.6121,6.3655,1.51,0.0,0,EP-003-02,MISSING_SIGNAL,train
2026-07-21 23:00:00+07:00,SKU-003,6,6.545,3.2401,2.02,0.0,0,EP-003-02,MISSING_SIGNAL,train
2026-07-22 00:00:00+07:00,SKU-003,6,3.8532,1.523,2.53,0.0,0,EP-003-02,MISSING_SIGNAL,train
2026-07-22 01:00:00+07:00,SKU-003,1,2.9588,0.9733,3.0401,0.0,0,EP-003-02,MISSING_SIGNAL,train
2026-07-22 02:00:00+07:00,SKU-003,1,2.3722,0.6682,3.5501,0.0,0,EP-003-02,MISSING_SIGNAL,train
2026-07-22 03:00:00+07:00,SKU-003,5,1.9125,0.546,3.5028,0.0,0,EP-003-02,MISSING_SIGNAL,train
2026-07-22 04:00:00+07:00,SKU-003,1,2.0942,0.6059,3.4564,0.0,0,EP-003-02,MISSING_SIGNAL,train
2026-07-22 05:00:00+07:00,SKU-003,6,3.7155,1.0893,3.4109,0.0,0,EP-003-02,MISSING_SIGNAL,train
2026-07-22 06:00:00+07:00,SKU-003,11,7.7325,2.2971,3.3662,0.0,0,EP-003-02,MISSING_SIGNAL,train
2026-07-22 07:00:00+07:00,SKU-003,3,12.439,3.744,3.3224,0.0,0,EP-003-02,MISSING_SIGNAL,train
2026-07-22 08:00:00+07:00,SKU-003,20,16.8164,5.128,3.2793,0.0,0,EP-003-02,MISSING_SIGNAL,train
2026-07-22 09:00:00+07:00,SKU-003,10,19.512,6.0276,3.2371,0.0,0,EP-003-02,MISSING_SIGNAL,train
2026-07-22 10:00:00+07:00,SKU-003,14,21.5563,6.7455,3.1956,0.0,0,EP-003-02,MISSING_SIGNAL,train
2026-07-22 11:00:00+07:00,SKU-003,22,23.5451,7.4629,3.1549,0.0,0,EP-003-02,MISSING_SIGNAL,train
2026-07-22 12:00:00+07:00,SKU-003,21,24.3565,7.8191,3.115,0.0,0,EP-003-02,MISSING_SIGNAL,train
2026-07-22 13:00:00+07:00,SKU-003,34,21.818,7.0934,3.0758,0.0,0,EP-003-02,MISSING_SIGNAL,train
2026-07-22 14:00:00+07:00,SKU-003,29,19.1626,6.309,3.0373,0.0,0,EP-003-02,MISSING_SIGNAL,train
2026-07-22 15:00:00+07:00,SKU-003,12,18.3767,6.1264,2.9996,0.0,0,EP-003-02,MISSING_SIGNAL,train
2026-07-22 16:00:00+07:00,SKU-003,14,19.5675,6.605,2.9625,0.0,0,EP-003-02,MISSING_SIGNAL,train
2026-07-22 17:00:00+07:00,SKU-003,22,22.4854,7.6843,2.9262,0.0,0,EP-003-02,MISSING_SIGNAL,train
2026-07-22 18:00:00+07:00,SKU-003,24,26.3727,9.1241,2.8905,0.0,0,EP-003-02,MISSING_SIGNAL,train
2026-07-22 19:00:00+07:00,SKU-003,16,30.5088,10.6845,2.8554,0.0,0,EP-003-02,MISSING_SIGNAL,train
2026-07-22 20:00:00+07:00,SKU-003,34,31.4981,11.1654,2.821,0.0,0,EP-003-02,MISSING_SIGNAL,train
2026-07-22 21:00:00+07:00,SKU-003,71,25.9384,9.306,2.7873,0.0,0,EP-003-02,MISSING_SIGNAL,train
2026-07-22 22:00:00+07:00,SKU-003,14,16.8704,6.1254,2.7542,0.0,0,EP-003-02,MISSING_SIGNAL,train
2026-07-22 23:00:00+07:00,SKU-003,10,8.5019,3.1238,2.7217,0.0,0,EP-003-02,MISSING_SIGNAL,train
2026-07-23 00:00:00+07:00,SKU-003,4,4.2132,1.5664,2.6897,0.0,0,EP-003-02,MISSING_SIGNAL,train
2026-07-23 01:00:00+07:00,SKU-003,1,2.6664,1.003,2.6584,0.0,0,EP-003-02,MISSING_SIGNAL,train
2026-07-23 02:00:00+07:00,SKU-003,1,1.813,0.69,2.6277,0.0,0,EP-003-02,MISSING_SIGNAL,train
2026-07-23 03:00:00+07:00,SKU-003,2,1.4674,0.5649,2.5975,0.0,0,EP-003-02,MISSING_SIGNAL,train
2026-07-23 04:00:00+07:00,SKU-003,0,1.6131,0.6282,2.5679,0.0,0,EP-003-02,MISSING_SIGNAL,train
2026-07-23 05:00:00+07:00,SKU-003,0,2.8731,1.1317,2.5389,0.0,0,EP-003-02,MISSING_SIGNAL,train
2026-07-23 06:00:00+07:00,SKU-003,11,6.003,2.3913,2.5103,0.0,0,EP-003-02,MISSING_SIGNAL,train
2026-07-23 07:00:00+07:00,SKU-003,6,9.695,3.9056,2.4824,0.0,0,EP-003-02,MISSING_SIGNAL,train
2026-07-23 08:00:00+07:00,SKU-003,6,13.1588,5.3603,2.4549,0.0,0,EP-003-02,MISSING_SIGNAL,train
2026-07-23 09:00:00+07:00,SKU-003,10,15.329,6.3136,2.4279,0.0,0,EP-003-02,MISSING_SIGNAL,train
2026-07-23 10:00:00+07:00,SKU-003,4,17.0027,7.0802,2.4015,0.0,0,EP-003-02,MISSING_SIGNAL,train
2026-07-23 11:00:00+07:00,SKU-003,10,18.6456,7.8492,2.3755,0.0,0,EP-003-02,MISSING_SIGNAL,train
2026-07-23 12:00:00+07:00,SKU-003,20,19.3651,8.2405,2.35,0.0,0,EP-003-02,MISSING_SIGNAL,train
2026-07-23 13:00:00+07:00,SKU-003,25,17.4161,7.4909,2.325,0.0,0,EP-003-02,MISSING_SIGNAL,train
2026-07-23 14:00:00+07:00,SKU-003,11,15.3574,6.6759,2.3004,0.0,0,EP-003-02,MISSING_SIGNAL,train
2026-07-23 15:00:00+07:00,SKU-003,10,14.7861,6.4956,2.2763,0.0,0,EP-003-02,MISSING_SIGNAL,train
2026-07-23 16:00:00+07:00,SKU-003,17,15.8066,7.0168,2.2527,0.0,0,EP-003-02,MISSING_SIGNAL,train
2026-07-23 17:00:00+07:00,SKU-003,4,18.2352,8.1792,2.2294,0.0,0,EP-003-02,MISSING_SIGNAL,train
2026-07-23 18:00:00+07:00,SKU-003,17,21.4715,9.7303,2.2067,0.0,0,EP-003-02,MISSING_SIGNAL,train
2026-07-23 19:00:00+07:00,SKU-003,14,24.9355,11.4158,2.1843,0.0,0,EP-003-02,MISSING_SIGNAL,train
2026-07-23 20:00:00+07:00,SKU-003,13,25.8436,11.9516,2.1623,0.0,0,EP-003-02,MISSING_SIGNAL,train
2026-07-23 21:00:00+07:00,SKU-003,22,21.3636,9.9792,2.1408,0.0,0,EP-003-02,MISSING_SIGNAL,train
2026-07-23 22:00:00+07:00,SKU-003,9,13.9477,6.5801,2.1197,0.0,0,EP-003-02,MISSING_SIGNAL,train
2026-07-23 23:00:00+07:00,SKU-003,10,7.0554,3.3615,2.0989,0.0,0,EP-003-02,MISSING_SIGNAL,train
2026-07-24 00:00:00+07:00,SKU-003,8,3.7783,1.8178,2.0785,0.0,0,EP-003-02,MISSING_SIGNAL,train
2026-07-24 01:00:00+07:00,SKU-003,1,2.4,1.1659,2.0586,0.0,0,EP-003-02,MISSING_SIGNAL,train
2026-07-24 02:00:00+07:00,SKU-003,4,1.6378,0.8033,2.0389,0.0,0,EP-003-02,MISSING_SIGNAL,train
2026-07-24 03:00:00+07:00,SKU-003,1,1.3303,0.6587,2.0197,0.0,0,EP-003-02,MISSING_SIGNAL,train
2026-07-24 04:00:00+07:00,SKU-003,2,1.4676,0.7335,2.0008,0.0,0,EP-003-02,MISSING_SIGNAL,train
2026-07-24 05:00:00+07:00,SKU-003,4,2.623,1.3233,1.9822,0.0,0,EP-003-02,MISSING_SIGNAL,train
2026-07-24 06:00:00+07:00,SKU-003,6,5.4992,2.7999,1.964,0.0,0,EP-003-02,MISSING_SIGNAL,train
2026-07-24 07:00:00+07:00,SKU-003,1,8.9112,4.5788,1.9462,0.0,0,EP-003-02,MISSING_SIGNAL,train
2026-07-24 08:00:00+07:00,SKU-003,9,12.135,6.292,1.9286,0.0,0,EP-003-02,MISSING_SIGNAL,train
2026-07-24 09:00:00+07:00,SKU-003,20,14.1821,7.4197,1.9114,0.0,0,EP-003-02,MISSING_SIGNAL,train
2026-07-24 10:00:00+07:00,SKU-003,18,15.7806,8.3295,1.8945,0.0,0,EP-003-02,MISSING_SIGNAL,train
2026-07-24 11:00:00+07:00,SKU-003,18,17.3592,9.2437,1.878,0.0,0,EP-003-02,MISSING_SIGNAL,train
2026-07-24 12:00:00+07:00,SKU-003,22,18.0841,9.7138,1.8617,0.0,0,EP-003-02,MISSING_SIGNAL,train
2026-07-24 13:00:00+07:00,SKU-003,5,16.3124,8.838,1.8457,0.0,0,EP-003-02,MISSING_SIGNAL,train
2026-07-24 14:00:00+07:00,SKU-003,12,14.4259,7.8828,1.83,0.0,0,EP-003-02,MISSING_SIGNAL,train
2026-07-24 15:00:00+07:00,SKU-003,12,13.9286,7.6756,1.8147,0.0,0,EP-003-02,MISSING_SIGNAL,train
2026-07-24 16:00:00+07:00,SKU-003,8,14.931,8.297,1.7996,0.0,0,EP-003-02,MISSING_SIGNAL,train
2026-07-24 17:00:00+07:00,SKU-003,19,17.2714,9.6773,1.7847,0.0,0,EP-003-02,MISSING_SIGNAL,train
2026-07-24 18:00:00+07:00,SKU-003,3,20.3899,11.5184,1.7702,0.0,0,EP-003-02,MISSING_SIGNAL,train
2026-07-24 19:00:00+07:00,SKU-003,40,23.7396,13.5197,1.7559,0.0,0,EP-003-02,MISSING_SIGNAL,train
2026-07-24 20:00:00+07:00,SKU-003,27,24.6648,14.1596,1.7419,0.0,0,EP-003-02,MISSING_SIGNAL,train
2026-07-24 21:00:00+07:00,SKU-003,21,20.4378,11.8263,1.7282,0.0,0,EP-003-02,MISSING_SIGNAL,train
2026-07-24 22:00:00+07:00,SKU-003,13,13.3741,7.7998,1.7147,0.0,0,EP-003-02,MISSING_SIGNAL,train
2026-07-24 23:00:00+07:00,SKU-003,8,6.7804,3.9851,1.7014,0.0,0,EP-003-02,MISSING_SIGNAL,train
2026-07-25 00:00:00+07:00,SKU-003,7,3.7724,2.2343,1.6884,0.0,0,EP-003-02,MISSING_SIGNAL,train
2026-07-25 01:00:00+07:00,SKU-003,4,2.4012,1.433,1.6757,0.0,0,EP-003-02,MISSING_SIGNAL,train
2026-07-25 02:00:00+07:00,SKU-003,1,1.642,0.9873,1.6631,0.0,0,EP-003-02,MISSING_SIGNAL,train
2026-07-25 03:00:00+07:00,SKU-003,1,1.3362,0.8094,1.6509,0.0,0,EP-003-02,MISSING_SIGNAL,train
2026-07-25 04:00:00+07:00,SKU-003,1,1.4768,0.9012,1.6388,0.0,0,EP-003-02,MISSING_SIGNAL,train
2026-07-25 05:00:00+07:00,SKU-003,6,2.6443,1.6253,1.627,0.0,0,EP-003-02,MISSING_SIGNAL,train
2026-07-25 06:00:00+07:00,SKU-003,4,5.5533,3.4378,1.6153,0.0,0,EP-003-02,MISSING_SIGNAL,train
2026-07-25 07:00:00+07:00,SKU-003,9,9.0136,5.6197,1.6039,0.0,0,EP-003-02,MISSING_SIGNAL,train
2026-07-25 08:00:00+07:00,SKU-003,9,12.2935,7.7185,1.5927,0.0,0,EP-003-02,MISSING_SIGNAL,train
2026-07-25 09:00:00+07:00,SKU-003,11,14.3887,9.0967,1.5818,0.0,0,EP-003-02,MISSING_SIGNAL,train
2026-07-25 10:00:00+07:00,SKU-003,14,16.033,10.2058,1.571,0.0,0,EP-003-02,MISSING_SIGNAL,train
2026-07-25 11:00:00+07:00,SKU-003,8,17.6605,11.318,1.5604,0.0,0,EP-003-02,MISSING_SIGNAL,train
2026-07-25 12:00:00+07:00,SKU-003,17,18.4213,11.8847,1.55,0.0,0,EP-003-02,MISSING_SIGNAL,train
2026-07-25 13:00:00+07:00,SKU-003,25,16.6365,10.8043,1.5398,0.0,0,EP-003-02,MISSING_SIGNAL,train
2026-07-25 14:00:00+07:00,SKU-003,14,14.7292,9.6282,1.5298,0.0,0,EP-003-02,MISSING_SIGNAL,train
2026-07-25 15:00:00+07:00,SKU-003,16,14.2367,9.3663,1.52,0.0,0,EP-003-02,MISSING_SIGNAL,train
2026-07-25 16:00:00+07:00,SKU-003,20,15.2765,10.1145,1.5104,0.0,0,EP-003-02,MISSING_SIGNAL,train
2026-07-25 17:00:00+07:00,SKU-003,15,17.6876,11.7847,1.5009,0.0,0,EP-003-02,MISSING_SIGNAL,train
2026-07-25 18:00:00+07:00,SKU-003,37,20.8993,14.0113,1.4916,0.0,0,EP-003-02,MISSING_SIGNAL,train
2026-07-25 19:00:00+07:00,SKU-003,19,24.3525,16.4266,1.4825,0.0,0,EP-003-02,MISSING_SIGNAL,train
2026-07-25 20:00:00+07:00,SKU-003,30,25.3205,17.1833,1.4736,0.0,0,EP-003-02,MISSING_SIGNAL,train
2026-07-25 21:00:00+07:00,SKU-003,22,20.9957,14.3337,1.4648,0.0,0,EP-003-02,MISSING_SIGNAL,train
2026-07-25 22:00:00+07:00,SKU-003,10,13.7479,9.4412,1.4562,0.0,0,EP-003-02,MISSING_SIGNAL,train
2026-07-25 23:00:00+07:00,SKU-003,7,6.974,4.8172,1.4477,0.0,0,EP-003-02,MISSING_SIGNAL,train
2026-07-26 00:00:00+07:00,SKU-003,2,3.1277,2.1729,1.4394,0.0,0,EP-003-02,MISSING_SIGNAL,train
2026-07-26 01:00:00+07:00,SKU-003,3,1.9918,1.3916,1.4313,0.0,0,EP-003-02,MISSING_SIGNAL,train
2026-07-26 02:00:00+07:00,SKU-003,0,1.3626,0.9573,1.4233,0.0,0,EP-003-02,MISSING_SIGNAL,train
2026-07-26 03:00:00+07:00,SKU-003,1,1.1093,0.7837,1.4154,0.0,0,EP-003-02,MISSING_SIGNAL,train
2026-07-26 04:00:00+07:00,SKU-003,3,1.2264,0.8712,1.4077,0.0,0,EP-003-02,MISSING_SIGNAL,train
2026-07-26 05:00:00+07:00,SKU-003,2,2.1965,1.5687,1.4002,0.0,0,EP-003-03,SLOW_BURN,train
2026-07-26 06:00:00+07:00,SKU-003,11,4.6139,3.3128,1.3928,0.0556,0,EP-003-03,SLOW_BURN,train
2026-07-26 07:00:00+07:00,SKU-003,9,7.4903,5.4063,1.3855,0.1111,0,EP-003-03,SLOW_BURN,train
2026-07-26 08:00:00+07:00,SKU-003,8,10.2175,7.4129,1.3783,0.1667,0,EP-003-03,SLOW_BURN,train
2026-07-26 09:00:00+07:00,SKU-003,19,11.9603,8.7217,1.3713,0.2222,0,EP-003-03,SLOW_BURN,train
2026-07-26 10:00:00+07:00,SKU-003,13,13.3282,9.7682,1.3644,0.2778,0,EP-003-03,SLOW_BURN,train
2026-07-26 11:00:00+07:00,SKU-003,20,14.6819,10.8138,1.3577,0.3333,0,EP-003-03,SLOW_BURN,train
2026-07-26 12:00:00+07:00,SKU-003,8,15.3145,11.3352,1.3511,0.3889,0,EP-003-03,SLOW_BURN,train
2026-07-26 13:00:00+07:00,SKU-003,9,13.8305,10.2863,1.3446,0.4444,0,EP-003-03,SLOW_BURN,train
2026-07-26 14:00:00+07:00,SKU-003,13,12.2444,9.1501,1.3382,0.5,0,EP-003-03,SLOW_BURN,train
2026-07-26 15:00:00+07:00,SKU-003,14,11.8341,8.8851,1.3319,0.5556,0,EP-003-03,SLOW_BURN,train
2026-07-26 16:00:00+07:00,SKU-003,15,12.6973,9.5774,1.3258,0.6111,0,EP-003-03,SLOW_BURN,train
2026-07-26 17:00:00+07:00,SKU-003,19,14.6995,11.1384,1.3197,0.6667,0,EP-003-03,SLOW_BURN,train
2026-07-26 18:00:00+07:00,SKU-003,22,17.3664,13.2185,1.3138,0.7222,0,EP-003-03,SLOW_BURN,train
2026-07-26 19:00:00+07:00,SKU-003,20,20.2326,15.4687,1.308,0.7778,0,EP-003-03,SLOW_BURN,train
2026-07-26 20:00:00+07:00,SKU-003,17,21.0333,16.1513,1.3023,0.8333,0,EP-003-03,SLOW_BURN,train
2026-07-26 21:00:00+07:00,SKU-003,7,17.4375,13.448,1.2967,0.8889,0,EP-003-03,SLOW_BURN,train
2026-07-26 22:00:00+07:00,SKU-003,14,11.4158,8.8415,1.2912,0.9444,0,EP-003-03,SLOW_BURN,train
2026-07-26 23:00:00+07:00,SKU-003,10,5.7898,4.5029,1.2858,1.0,0,EP-003-03,SLOW_BURN,train
2026-07-27 00:00:00+07:00,SKU-003,0,2.3538,1.8382,1.2805,0.9922,0,EP-003-03,SLOW_BURN,train
2026-07-27 01:00:00+07:00,SKU-003,1,1.4986,1.1751,1.2753,0.9845,0,EP-003-03,SLOW_BURN,train
2026-07-27 02:00:00+07:00,SKU-003,1,1.0249,0.8069,1.2702,0.9768,0,EP-003-03,SLOW_BURN,train
2026-07-27 03:00:00+07:00,SKU-003,1,0.8342,0.6594,1.2652,0.9692,0,EP-003-03,SLOW_BURN,train
2026-07-27 04:00:00+07:00,SKU-003,0,0.9221,0.7317,1.2603,0.9616,0,EP-003-03,SLOW_BURN,train
2026-07-27 05:00:00+07:00,SKU-003,0,1.6511,1.3152,1.2554,0.9541,0,EP-003-03,SLOW_BURN,train
2026-07-27 06:00:00+07:00,SKU-003,4,3.4676,2.7725,1.2507,0.9466,0,EP-003-03,SLOW_BURN,train
2026-07-27 07:00:00+07:00,SKU-003,6,5.6282,4.5168,1.2461,0.9393,0,EP-003-03,SLOW_BURN,train
2026-07-27 08:00:00+07:00,SKU-003,5,7.6758,6.1828,1.2415,0.9319,0,EP-003-03,SLOW_BURN,train
2026-07-27 09:00:00+07:00,SKU-003,5,8.9834,7.2621,1.237,0.9247,0,EP-003-03,SLOW_BURN,train
2026-07-27 10:00:00+07:00,SKU-003,2,10.009,8.1201,1.2326,0.9174,0,EP-003-03,SLOW_BURN,train
2026-07-27 11:00:00+07:00,SKU-003,6,11.0238,8.9748,1.2283,0.9103,0,EP-003-03,SLOW_BURN,train
2026-07-27 12:00:00+07:00,SKU-003,16,11.4972,9.3925,1.2241,0.9032,0,EP-003-03,SLOW_BURN,train
2026-07-27 13:00:00+07:00,SKU-003,12,11.0423,8.5102,1.2975,0.8961,0,EP-003-03,SLOW_BURN,train
2026-07-27 14:00:00+07:00,SKU-003,6,10.3699,7.5587,1.3719,0.8891,0,EP-003-03,SLOW_BURN,train
2026-07-27 15:00:00+07:00,SKU-003,7,10.5998,7.3289,1.4463,0.8822,0,EP-003-03,SLOW_BURN,train
2026-07-27 16:00:00+07:00,SKU-003,9,11.9961,7.8886,1.5207,0.8753,0,EP-003-03,SLOW_BURN,train
2026-07-27 17:00:00+07:00,SKU-003,16,14.6133,9.1615,1.5951,0.8685,0,EP-003-03,SLOW_BURN,train
2026-07-27 18:00:00+07:00,SKU-003,12,18.1265,10.8578,1.6695,0.8617,0,EP-003-03,SLOW_BURN,train
2026-07-27 19:00:00+07:00,SKU-003,20,22.1283,12.6895,1.7438,0.855,0,EP-003-03,SLOW_BURN,train
2026-07-27 20:00:00+07:00,SKU-003,26,24.0601,13.2328,1.8182,0.8483,0,EP-003-03,SLOW_BURN,train
2026-07-27 21:00:00+07:00,SKU-003,28,20.8273,11.0046,1.8926,0.8417,0,EP-003-03,SLOW_BURN,train
2026-07-27 22:00:00+07:00,SKU-003,28,14.2148,7.2267,1.967,0.8351,0,EP-003-03,SLOW_BURN,train
2026-07-27 23:00:00+07:00,SKU-003,4,7.505,3.6765,2.0414,0.8286,0,EP-003-03,SLOW_BURN,train
2026-07-28 00:00:00+07:00,SKU-003,5,3.5122,1.66,2.1158,0.8221,0,EP-003-03,SLOW_BURN,train
2026-07-28 01:00:00+07:00,SKU-003,1,2.3219,1.0602,2.1901,0.8157,0,EP-003-03,SLOW_BURN,train
2026-07-28 02:00:00+07:00,SKU-003,0,1.647,0.7273,2.2645,0.8094,0,EP-003-03,SLOW_BURN,train
2026-07-28 03:00:00+07:00,SKU-003,1,1.3889,0.5938,2.3389,0.8031,0,EP-003-03,SLOW_BURN,train
2026-07-28 04:00:00+07:00,SKU-003,0,1.533,0.6584,2.3285,0.7968,0,EP-003-03,SLOW_BURN,train
2026-07-28 05:00:00+07:00,SKU-003,4,2.7412,1.1825,2.3181,0.7906,0,EP-003-03,SLOW_BURN,train
2026-07-28 06:00:00+07:00,SKU-003,5,5.7491,2.4912,2.3078,0.7844,0,EP-003-03,SLOW_BURN,train
2026-07-28 07:00:00+07:00,SKU-003,5,9.3188,4.0559,2.2976,0.7783,0,EP-003-03,SLOW_BURN,train
2026-07-28 08:00:00+07:00,SKU-003,10,12.6926,5.5487,2.2875,0.7722,0,EP-003-03,SLOW_BURN,train
2026-07-28 09:00:00+07:00,SKU-003,16,14.8357,6.5142,2.2774,0.7662,0,EP-003-03,SLOW_BURN,train
2026-07-28 10:00:00+07:00,SKU-003,27,16.5088,7.2807,2.2675,0.7602,0,EP-003-03,SLOW_BURN,train
2026-07-28 11:00:00+07:00,SKU-003,9,18.1603,8.0442,2.2576,0.7543,0,EP-003-03,SLOW_BURN,train
2026-07-28 12:00:00+07:00,SKU-003,27,18.9176,8.4162,2.2478,0.7484,0,EP-003-03,SLOW_BURN,train
2026-07-28 13:00:00+07:00,SKU-003,20,17.0626,7.624,2.238,0.7425,0,EP-003-03,SLOW_BURN,train
2026-07-28 14:00:00+07:00,SKU-003,17,15.0873,6.7706,2.2284,0.7368,0,EP-003-03,SLOW_BURN,train
2026-07-28 15:00:00+07:00,SKU-003,10,14.5648,6.5643,2.2188,0.731,0,EP-003-03,SLOW_BURN,train
2026-07-28 16:00:00+07:00,SKU-003,12,15.6099,7.0656,2.2093,0.7253,0,EP-003-03,SLOW_BURN,train
2026-07-28 17:00:00+07:00,SKU-003,10,18.0528,8.2064,2.1998,0.7196,0,EP-003-03,SLOW_BURN,train
2026-07-28 18:00:00+07:00,SKU-003,41,21.3073,9.7273,2.1905,0.714,0,EP-003-03,SLOW_BURN,train
2026-07-28 19:00:00+07:00,SKU-003,32,24.8018,11.3708,2.1812,0.7085,0,EP-003-03,SLOW_BURN,train
2026-07-28 20:00:00+07:00,SKU-003,34,25.7621,11.8612,2.172,0.7029,0,EP-003-03,SLOW_BURN,train
2026-07-28 21:00:00+07:00,SKU-003,20,21.342,9.8676,2.1628,0.6974,0,EP-003-03,SLOW_BURN,train
2026-07-28 22:00:00+07:00,SKU-003,24,13.9626,6.4829,2.1537,0.692,0,EP-003-03,SLOW_BURN,train
2026-07-28 23:00:00+07:00,SKU-003,9,7.0773,3.2998,2.1447,0.6866,0,EP-003-03,SLOW_BURN,train
2026-07-29 00:00:00+07:00,SKU-003,3,3.3127,1.551,2.1358,0.6812,0,EP-003-03,SLOW_BURN,train
2026-07-29 01:00:00+07:00,SKU-003,0,2.1083,0.9912,2.127,0.6759,0,EP-003-03,SLOW_BURN,train
2026-07-29 02:00:00+07:00,SKU-003,5,1.4414,0.6805,2.1182,0.6706,0,EP-003-03,SLOW_BURN,train
2026-07-29 03:00:00+07:00,SKU-003,2,1.1729,0.556,2.1094,0.6654,0,EP-003-03,SLOW_BURN,train
2026-07-29 04:00:00+07:00,SKU-003,1,1.2963,0.6171,2.1008,0.6602,0,EP-003-03,SLOW_BURN,train
2026-07-29 05:00:00+07:00,SKU-003,3,2.321,1.1094,2.0922,0.6551,0,EP-003-03,SLOW_BURN,train
2026-07-29 06:00:00+07:00,SKU-003,2,4.8746,2.3394,2.0837,0.65,0,EP-003-03,SLOW_BURN,train
2026-07-29 07:00:00+07:00,SKU-003,9,7.9127,3.813,2.0752,0.6449,0,EP-003-03,SLOW_BURN,train
2026-07-29 08:00:00+07:00,SKU-003,9,10.7939,5.2225,2.0668,0.6399,0,EP-003-03,SLOW_BURN,train
2026-07-29 09:00:00+07:00,SKU-003,6,12.6364,6.1387,2.0585,0.6349,0,EP-003-03,SLOW_BURN,train
2026-07-29 10:00:00+07:00,SKU-003,15,14.0847,6.8698,2.0502,0.6299,0,EP-003-03,SLOW_BURN,train
2026-07-29 11:00:00+07:00,SKU-003,14,15.5203,7.6004,2.042,0.625,0,EP-003-03,SLOW_BURN,train
2026-07-29 12:00:00+07:00,SKU-003,24,16.1961,7.9631,2.0339,0.6201,0,EP-003-03,SLOW_BURN,train
2026-07-29 13:00:00+07:00,SKU-003,8,14.6347,7.224,2.0258,0.6153,0,EP-003-03,SLOW_BURN,train
2026-07-29 14:00:00+07:00,SKU-003,13,12.9649,6.4252,2.0178,0.6105,0,EP-003-03,SLOW_BURN,train
2026-07-29 15:00:00+07:00,SKU-003,8,12.5402,6.2392,2.0099,0.6057,0,EP-003-03,SLOW_BURN,train
2026-07-29 16:00:00+07:00,SKU-003,20,13.4668,6.7266,2.002,0.601,0,EP-003-03,SLOW_BURN,train
2026-07-29 17:00:00+07:00,SKU-003,23,15.606,7.8257,1.9942,0.5963,0,EP-003-03,SLOW_BURN,train
2026-07-29 18:00:00+07:00,SKU-003,16,18.458,9.292,1.9864,0.5916,0,EP-003-03,SLOW_BURN,train
2026-07-29 19:00:00+07:00,SKU-003,21,21.5309,10.8811,1.9787,0.587,0,EP-003-03,SLOW_BURN,train
2026-07-29 20:00:00+07:00,SKU-003,25,22.4132,11.3709,1.9711,0.5825,0,EP-003-03,SLOW_BURN,train
2026-07-29 21:00:00+07:00,SKU-003,19,18.6087,9.4772,1.9635,0.5779,0,EP-003-03,SLOW_BURN,train
2026-07-29 22:00:00+07:00,SKU-003,12,12.2018,6.2381,1.956,0.5734,0,EP-003-03,SLOW_BURN,train
2026-07-29 23:00:00+07:00,SKU-003,10,6.1988,3.1813,1.9486,0.5689,0,EP-003-03,SLOW_BURN,train
2026-07-30 00:00:00+07:00,SKU-003,1,3.0965,1.5952,1.9411,0.5645,0,EP-003-03,SLOW_BURN,train
2026-07-30 01:00:00+07:00,SKU-003,5,1.9753,1.0214,1.9338,0.5601,0,EP-003-03,SLOW_BURN,train
2026-07-30 02:00:00+07:00,SKU-003,2,1.3537,0.7027,1.9265,0.5557,0,EP-003-03,SLOW_BURN,train
2026-07-30 03:00:00+07:00,SKU-003,3,1.1042,0.5753,1.9193,0.5514,0,EP-003-03,SLOW_BURN,train
2026-07-30 04:00:00+07:00,SKU-003,1,1.2232,0.6397,1.9121,0.5471,0,EP-003-03,SLOW_BURN,train
2026-07-30 05:00:00+07:00,SKU-003,1,2.1954,1.1525,1.905,0.5428,0,EP-003-03,SLOW_BURN,train
2026-07-30 06:00:00+07:00,SKU-003,1,4.6219,2.4352,1.8979,0.5386,0,EP-003-03,SLOW_BURN,train
2026-07-30 07:00:00+07:00,SKU-003,10,7.5208,3.9773,1.8909,0.5344,0,EP-003-03,SLOW_BURN,train
2026-07-30 08:00:00+07:00,SKU-003,8,10.2842,5.4588,1.884,0.5302,0,EP-003-03,SLOW_BURN,train
2026-07-30 09:00:00+07:00,SKU-003,21,12.0689,6.4296,1.8771,0.5261,0,EP-003-03,SLOW_BURN,train
2026-07-30 10:00:00+07:00,SKU-003,13,13.4848,7.2102,1.8702,0.522,0,EP-003-03,SLOW_BURN,train
2026-07-30 11:00:00+07:00,SKU-003,12,14.8952,7.9933,1.8634,0.5179,0,EP-003-03,SLOW_BURN,train
2026-07-30 12:00:00+07:00,SKU-003,19,15.5813,8.3919,1.8567,0.5138,0,EP-003-03,SLOW_BURN,train
2026-07-30 13:00:00+07:00,SKU-003,10,14.1129,7.6285,1.85,0.5098,0,EP-003-03,SLOW_BURN,train
2026-07-30 14:00:00+07:00,SKU-003,9,12.5323,6.7985,1.8434,0.5059,0,EP-003-03,SLOW_BURN,train
2026-07-30 15:00:00+07:00,SKU-003,17,12.1503,6.6149,1.8368,0.5019,0,EP-003-03,SLOW_BURN,train
2026-07-30 16:00:00+07:00,SKU-003,15,13.0786,7.1457,1.8303,0.498,0,EP-003-03,SLOW_BURN,train
2026-07-30 17:00:00+07:00,SKU-003,12,15.1911,8.3294,1.8238,0.4941,0,EP-003-03,SLOW_BURN,train
2026-07-30 18:00:00+07:00,SKU-003,22,18.0082,9.9089,1.8174,0.4902,0,EP-003-03,SLOW_BURN,train
2026-07-30 19:00:00+07:00,SKU-003,29,21.0534,11.6253,1.811,0.4864,0,EP-003-03,SLOW_BURN,train
2026-07-30 20:00:00+07:00,SKU-003,20,21.9646,12.171,1.8047,0.4826,0,EP-003-03,SLOW_BURN,train
2026-07-30 21:00:00+07:00,SKU-003,18,18.2758,10.1623,1.7984,0.4789,0,EP-003-03,SLOW_BURN,train
2026-07-30 22:00:00+07:00,SKU-003,12,12.009,6.7009,1.7922,0.4751,0,EP-003-03,SLOW_BURN,train
2026-07-30 23:00:00+07:00,SKU-003,3,6.1136,3.4231,1.786,0.4714,0,EP-003-03,SLOW_BURN,train
2026-07-31 00:00:00+07:00,SKU-003,2,3.2947,1.8511,1.7798,0.4677,0,EP-003-03,SLOW_BURN,train
2026-07-31 01:00:00+07:00,SKU-003,0,2.1059,1.1872,1.7738,0.4641,0,EP-003-03,SLOW_BURN,train
2026-07-31 02:00:00+07:00,SKU-003,4,1.446,0.818,1.7677,0.4605,0,EP-003-03,SLOW_BURN,train
2026-07-31 03:00:00+07:00,SKU-003,0,1.1817,0.6707,1.7617,0.4569,0,EP-003-03,SLOW_BURN,train
2026-07-31 04:00:00+07:00,SKU-003,2,1.3115,0.7469,1.7558,0.4533,0,EP-003-03,SLOW_BURN,train
2026-07-31 05:00:00+07:00,SKU-003,1,2.358,1.3475,1.7499,0.4498,0,EP-003-03,SLOW_BURN,train
2026-07-31 06:00:00+07:00,SKU-003,3,4.9727,2.8513,1.744,0.4463,0,EP-003-03,SLOW_BURN,train
2026-07-31 07:00:00+07:00,SKU-003,13,8.105,4.6628,1.7382,0.4428,0,EP-003-03,SLOW_BURN,train
2026-07-31 08:00:00+07:00,SKU-003,10,11.1005,6.4073,1.7325,0.4393,0,EP-003-03,SLOW_BURN,train
2026-07-31 09:00:00+07:00,SKU-003,15,13.0467,7.5556,1.7268,0.4359,0,EP-003-03,SLOW_BURN,train
2026-07-31 10:00:00+07:00,SKU-003,20,14.5985,8.4821,1.7211,0.4325,0,EP-003-03,SLOW_BURN,train
2026-07-31 11:00:00+07:00,SKU-003,29,16.1477,9.413,1.7155,0.4291,0,EP-003-03,SLOW_BURN,train
2026-07-31 12:00:00+07:00,SKU-003,20,16.9137,9.8918,1.7099,0.4258,0,EP-003-03,SLOW_BURN,train
2026-07-31 13:00:00+07:00,SKU-003,30,15.3388,8.9998,1.7043,0.4225,0,EP-003-03,SLOW_BURN,train
2026-07-31 14:00:00+07:00,SKU-003,25,13.637,8.0272,1.6988,0.4192,0,EP-003-03,SLOW_BURN,train
2026-07-31 15:00:00+07:00,SKU-003,9,13.2358,7.8162,1.6934,0.4159,0,EP-003-03,SLOW_BURN,train
2026-07-31 16:00:00+07:00,SKU-003,7,14.2617,8.449,1.688,0.4126,0,EP-003-03,SLOW_BURN,train
2026-07-31 17:00:00+07:00,SKU-003,12,16.5812,9.8544,1.6826,0.4094,0,EP-003-03,SLOW_BURN,train
2026-07-31 18:00:00+07:00,SKU-003,31,19.6733,11.7293,1.6773,0.4062,0,EP-003-03,SLOW_BURN,train
2026-07-31 19:00:00+07:00,SKU-003,25,23.0187,13.7672,1.672,0.4031,0,EP-003-03,SLOW_BURN,train
2026-07-31 20:00:00+07:00,SKU-003,8,24.0325,14.4187,1.6668,0.3999,0,EP-003-03,SLOW_BURN,train
2026-07-31 21:00:00+07:00,SKU-003,14,20.0096,12.0427,1.6616,0.3968,0,EP-003-03,SLOW_BURN,train
2026-07-31 22:00:00+07:00,SKU-003,32,13.156,7.9425,1.6564,0.3937,0,EP-003-03,SLOW_BURN,train
2026-07-31 23:00:00+07:00,SKU-003,10,6.701,4.0581,1.6513,0.3906,0,EP-003-03,SLOW_BURN,train
2026-08-01 00:00:00+07:00,SKU-003,5,3.7454,2.2752,1.6462,0.3876,0,EP-003-03,SLOW_BURN,train
2026-08-01 01:00:00+07:00,SKU-003,2,2.3948,1.4592,1.6411,0.3845,0,EP-003-03,SLOW_BURN,train
2026-08-01 02:00:00+07:00,SKU-003,2,1.6448,1.0053,1.6361,0.3815,0,EP-003-03,SLOW_BURN,train
2026-08-01 03:00:00+07:00,SKU-003,0,1.3445,0.8242,1.6312,0.3786,0,EP-003-03,SLOW_BURN,train
2026-08-01 04:00:00+07:00,SKU-003,0,1.4923,0.9177,1.6263,0.3756,0,EP-003-03,SLOW_BURN,train
2026-08-01 05:00:00+07:00,SKU-003,3,2.6834,1.655,1.6214,0.3727,0,EP-003-03,SLOW_BURN,train
2026-08-01 06:00:00+07:00,SKU-003,4,5.659,3.5007,1.6165,0.3698,0,EP-003-03,SLOW_BURN,train
2026-08-01 07:00:00+07:00,SKU-003,8,9.2228,5.7224,1.6117,0.3669,0,EP-003-03,SLOW_BURN,train
2026-08-01 08:00:00+07:00,SKU-003,10,12.6298,7.8595,1.6069,0.364,0,EP-003-03,SLOW_BURN,train
2026-08-01 09:00:00+07:00,SKU-003,15,14.841,9.2629,1.6022,0.3612,0,EP-003-03,SLOW_BURN,train
2026-08-01 10:00:00+07:00,SKU-003,24,16.6017,10.3923,1.5975,0.3584,0,EP-003-03,SLOW_BURN,train
2026-08-01 11:00:00+07:00,SKU-003,16,18.3572,11.5248,1.5928,0.3556,0,EP-003-03,SLOW_BURN,train
2026-08-01 12:00:00+07:00,SKU-003,22,19.2203,12.1018,1.5882,0.3528,0,EP-003-03,SLOW_BURN,train
2026-08-01 13:00:00+07:00,SKU-003,30,17.4224,11.0016,1.5836,0.35,0,EP-003-03,SLOW_BURN,train
2026-08-01 14:00:00+07:00,SKU-003,18,15.4813,9.804,1.5791,0.3473,0,EP-003-03,SLOW_BURN,train
2026-08-01 15:00:00+07:00,SKU-003,13,15.0171,9.5374,1.5746,0.3446,0,EP-003-03,SLOW_BURN,train
2026-08-01 16:00:00+07:00,SKU-003,10,16.1705,10.2992,1.5701,0.3419,0,EP-003-03,SLOW_BURN,train
2026-08-01 17:00:00+07:00,SKU-003,35,18.7873,11.9999,1.5656,0.3392,0,EP-003-03,SLOW_BURN,train
2026-08-01 18:00:00+07:00,SKU-003,13,22.2739,14.2671,1.5612,0.3366,0,EP-003-03,SLOW_BURN,train
2026-08-01 19:00:00+07:00,SKU-003,34,26.0403,16.7265,1.5568,0.334,0,EP-003-03,SLOW_BURN,train
2026-08-01 20:00:00+07:00,SKU-003,19,27.1637,17.4969,1.5525,0.3314,0,EP-003-03,SLOW_BURN,train
2026-08-01 21:00:00+07:00,SKU-003,31,22.596,14.5953,1.5482,0.3288,0,EP-003-03,SLOW_BURN,train
2026-08-01 22:00:00+07:00,SKU-003,11,14.8422,9.6135,1.5439,0.3262,0,EP-003-03,SLOW_BURN,train
2026-08-01 23:00:00+07:00,SKU-003,7,7.5522,4.9051,1.5397,0.3237,0,EP-003-03,SLOW_BURN,train
2026-08-02 00:00:00+07:00,SKU-003,5,3.3972,2.2126,1.5354,0.3211,0,EP-003-03,SLOW_BURN,train
2026-08-02 01:00:00+07:00,SKU-003,2,2.1698,1.417,1.5313,0.3186,0,EP-003-03,SLOW_BURN,train
2026-08-02 02:00:00+07:00,SKU-003,4,1.4886,0.9748,1.5271,0.3162,0,EP-003-03,SLOW_BURN,train
2026-08-02 03:00:00+07:00,SKU-003,1,1.2153,0.798,1.523,0.3137,0,EP-003-03,SLOW_BURN,train
2026-08-02 04:00:00+07:00,SKU-003,1,1.3474,0.8871,1.5189,0.3112,0,EP-003-03,SLOW_BURN,train
2026-08-02 05:00:00+07:00,SKU-003,0,2.4198,1.5973,1.5149,0.3088,0,EP-003-03,SLOW_BURN,train
2026-08-02 06:00:00+07:00,SKU-003,9,5.0964,3.3732,1.5109,0.3064,0,EP-003-03,SLOW_BURN,train
2026-08-02 07:00:00+07:00,SKU-003,4,8.2951,5.5048,1.5069,0.304,0,EP-003-03,SLOW_BURN,train
2026-08-02 08:00:00+07:00,SKU-003,11,11.3441,7.5481,1.5029,0.3016,0,EP-003-03,SLOW_BURN,train
2026-08-02 09:00:00+07:00,SKU-003,15,13.3121,8.8807,1.499,0.2993,0,EP-003-03,SLOW_BURN,train
2026-08-02 10:00:00+07:00,SKU-003,15,14.8706,9.9462,1.4951,0.297,0,EP-003-03,SLOW_BURN,train
2026-08-02 11:00:00+07:00,SKU-003,15,16.4198,11.0109,1.4912,0.2946,0,EP-003-03,SLOW_BURN,train
2026-08-02 12:00:00+07:00,SKU-003,21,17.1672,11.5417,1.4874,0.2923,0,EP-003-03,SLOW_BURN,train
2026-08-02 13:00:00+07:00,SKU-003,17,15.5388,10.4737,1.4836,0.2901,0,EP-003-03,SLOW_BURN,train
2026-08-02 14:00:00+07:00,SKU-003,28,13.7872,9.3168,1.4798,0.2878,0,EP-003-03,SLOW_BURN,train
2026-08-02 15:00:00+07:00,SKU-003,24,13.354,9.047,1.4761,0.2855,0,EP-003-03,SLOW_BURN,train
2026-08-02 16:00:00+07:00,SKU-003,29,14.3583,9.7518,1.4724,0.2833,0,EP-003-03,SLOW_BURN,train
2026-08-02 17:00:00+07:00,SKU-003,14,16.6567,11.3413,1.4687,0.2811,0,EP-003-03,SLOW_BURN,train
2026-08-02 18:00:00+07:00,SKU-003,11,19.7181,13.4592,1.465,0.2789,0,EP-003-03,SLOW_BURN,train
2026-08-02 19:00:00+07:00,SKU-003,40,23.0175,15.7503,1.4614,0.2767,0,EP-003-03,SLOW_BURN,train
2026-08-02 20:00:00+07:00,SKU-003,15,23.974,16.4454,1.4578,0.2746,0,EP-003-03,SLOW_BURN,train
2026-08-02 21:00:00+07:00,SKU-003,15,19.9124,13.6928,1.4542,0.2724,0,EP-003-03,SLOW_BURN,train
2026-08-02 22:00:00+07:00,SKU-003,12,13.0596,9.0024,1.4507,0.2703,0,EP-003-03,SLOW_BURN,train
2026-08-02 23:00:00+07:00,SKU-003,7,6.6351,4.5849,1.4472,0.2682,0,EP-003-03,SLOW_BURN,train
2026-08-03 00:00:00+07:00,SKU-003,1,2.702,1.8716,1.4437,0.2661,0,EP-003-03,SLOW_BURN,train
2026-08-03 01:00:00+07:00,SKU-003,1,1.7232,1.1965,1.4402,0.264,0,EP-003-03,SLOW_BURN,train
2026-08-03 02:00:00+07:00,SKU-003,0,1.1805,0.8216,1.4368,0.262,0,EP-003-03,SLOW_BURN,train
2026-08-03 03:00:00+07:00,SKU-003,5,0.9623,0.6714,1.4334,0.2599,0,EP-003-03,SLOW_BURN,train
2026-08-03 04:00:00+07:00,SKU-003,1,1.0653,0.745,1.43,0.2579,0,EP-003-03,SLOW_BURN,train
2026-08-03 05:00:00+07:00,SKU-003,2,1.9104,1.3391,1.4266,0.2559,0,EP-003-03,SLOW_BURN,train
2026-08-03 06:00:00+07:00,SKU-003,8,4.0179,2.8229,1.4233,0.2539,0,EP-003-03,SLOW_BURN,train
2026-08-03 07:00:00+07:00,SKU-003,10,6.5305,4.5989,1.42,0.2519,0,EP-003-03,SLOW_BURN,train
2026-08-03 08:00:00+07:00,SKU-003,8,8.9185,6.2952,1.4167,0.2499,0,EP-003-03,SLOW_BURN,train
2026-08-03 09:00:00+07:00,SKU-003,6,10.4515,7.3942,1.4135,0.248,0,EP-003-03,SLOW_BURN,train
2026-08-03 10:00:00+07:00,SKU-003,5,11.6595,8.2677,1.4102,0.2461,0,EP-003-03,SLOW_BURN,train
2026-08-03 11:00:00+07:00,SKU-003,18,12.8574,9.1379,1.407,0.2441,0,EP-003-03,SLOW_BURN,train
2026-08-03 12:00:00+07:00,SKU-003,14,13.4255,9.5632,1.4039,0.2422,0,EP-003-03,SLOW_BURN,train
2026-08-03 13:00:00+07:00,SKU-003,3,12.137,8.6648,1.4007,0.2403,0,EP-003-03,SLOW_BURN,train
2026-08-03 14:00:00+07:00,SKU-003,7,10.7559,7.696,1.3976,0.2385,0,EP-003-03,SLOW_BURN,train
2026-08-03 15:00:00+07:00,SKU-003,15,10.4058,7.4621,1.3945,0.2366,0,EP-003-03,SLOW_BURN,train
2026-08-03 16:00:00+07:00,SKU-003,5,11.1757,8.0319,1.3914,0.2348,0,EP-003-03,SLOW_BURN,train
2026-08-03 17:00:00+07:00,SKU-003,13,12.9505,9.328,1.3884,0.2329,0,EP-003-03,SLOW_BURN,train
2026-08-03 18:00:00+07:00,SKU-003,11,15.3147,11.055,1.3853,0.2311,0,EP-003-03,SLOW_BURN,train
2026-08-03 19:00:00+07:00,SKU-003,24,17.8594,12.9199,1.3823,0.2293,0,EP-003-03,SLOW_BURN,train
2026-08-03 20:00:00+07:00,SKU-003,11,18.5838,13.4731,1.3793,0.2275,0,EP-003-03,SLOW_BURN,train
2026-08-03 21:00:00+07:00,SKU-003,12,15.4214,11.2044,1.3764,0.2257,0,EP-003-03,SLOW_BURN,train
2026-08-03 22:00:00+07:00,SKU-003,16,10.1056,7.3579,1.3734,0.224,0,EP-003-03,SLOW_BURN,train
2026-08-03 23:00:00+07:00,SKU-003,4,5.1301,3.7432,1.3705,0.2222,0,EP-003-03,SLOW_BURN,train
2026-08-04 00:00:00+07:00,SKU-003,1,2.3115,1.6902,1.3676,0.2205,0,EP-003-03,SLOW_BURN,train
2026-08-04 01:00:00+07:00,SKU-003,3,1.4731,1.0794,1.3648,0.2188,0,EP-003-03,SLOW_BURN,train
2026-08-04 02:00:00+07:00,SKU-003,1,1.0085,0.7405,1.3619,0.2171,0,EP-003-03,SLOW_BURN,train
2026-08-04 03:00:00+07:00,SKU-003,0,0.8217,0.6046,1.3591,0.2154,0,EP-003-03,SLOW_BURN,train
2026-08-04 04:00:00+07:00,SKU-003,1,0.9091,0.6703,1.3563,0.2137,0,EP-003-03,SLOW_BURN,train
2026-08-04 05:00:00+07:00,SKU-003,2,1.6296,1.204,1.3535,0.212,0,EP-003-03,SLOW_BURN,train
2026-08-04 06:00:00+07:00,SKU-003,3,3.426,2.5363,1.3508,0.2104,0,EP-003-03,SLOW_BURN,train
2026-08-04 07:00:00+07:00,SKU-003,5,5.5666,4.1294,1.348,0.2087,0,EP-003-03,SLOW_BURN,train
2026-08-04 08:00:00+07:00,SKU-003,5,7.6001,5.6494,1.3453,0.2071,0,EP-003-03,SLOW_BURN,train
2026-08-04 09:00:00+07:00,SKU-003,10,8.9046,6.6323,1.3426,0.2055,0,EP-003-03,SLOW_BURN,train
2026-08-04 10:00:00+07:00,SKU-003,12,9.9326,7.4127,1.3399,0.2039,0,EP-003-03,SLOW_BURN,train
2026-08-04 11:00:00+07:00,SKU-003,5,10.9523,8.19,1.3373,0.2023,0,EP-003-03,SLOW_BURN,train
2026-08-04 12:00:00+07:00,SKU-003,17,11.4363,8.5688,1.3346,0.2007,0,EP-003-03,SLOW_BURN,train
2026-08-04 13:00:00+07:00,SKU-003,8,10.3395,7.7622,1.332,0.1991,0,EP-003-03,SLOW_BURN,train
2026-08-04 14:00:00+07:00,SKU-003,16,9.1643,6.8933,1.3294,0.1976,0,EP-003-03,SLOW_BURN,train
2026-08-04 15:00:00+07:00,SKU-003,4,8.8679,6.6833,1.3269,0.1961,0,EP-003-03,SLOW_BURN,train
2026-08-04 16:00:00+07:00,SKU-003,7,9.5267,7.1937,1.3243,0.1945,0,EP-003-03,SLOW_BURN,train
2026-08-04 17:00:00+07:00,SKU-003,9,11.0437,8.3551,1.3218,0.193,0,EP-003-03,SLOW_BURN,train
2026-08-04 18:00:00+07:00,SKU-003,15,13.0655,9.9035,1.3193,0.1915,0,EP-003-03,SLOW_BURN,train
2026-08-04 19:00:00+07:00,SKU-003,12,15.2442,11.5768,1.3168,0.19,0,EP-003-03,SLOW_BURN,train
2026-08-04 20:00:00+07:00,SKU-003,13,15.8718,12.076,1.3143,0.1885,0,EP-003-03,SLOW_BURN,train
2026-08-04 21:00:00+07:00,SKU-003,12,13.1795,10.0464,1.3119,0.1871,0,EP-003-03,SLOW_BURN,train
2026-08-04 22:00:00+07:00,SKU-003,6,8.6427,6.6003,1.3094,0.1856,0,EP-003-03,SLOW_BURN,train
2026-08-04 23:00:00+07:00,SKU-003,6,4.391,3.3596,1.307,0.1841,0,EP-003-03,SLOW_BURN,train
2026-08-05 00:00:00+07:00,SKU-003,0,2.0602,1.5791,1.3046,0.1827,0,EP-003-03,SLOW_BURN,train
2026-08-05 01:00:00+07:00,SKU-003,1,1.3142,1.0092,1.3022,0.1813,0,EP-003-03,SLOW_BURN,train
2026-08-05 02:00:00+07:00,SKU-003,2,0.9006,0.6928,1.2999,0.1799,0,EP-003-03,SLOW_BURN,train
2026-08-05 03:00:00+07:00,SKU-003,0,0.7346,0.5661,1.2975,0.1785,0,EP-003-03,SLOW_BURN,train
2026-08-05 04:00:00+07:00,SKU-003,1,0.8137,0.6282,1.2952,0.1771,0,EP-003-03,SLOW_BURN,train
2026-08-05 05:00:00+07:00,SKU-003,1,1.4603,1.1295,1.2929,0.1757,0,EP-003-03,SLOW_BURN,train
2026-08-05 06:00:00+07:00,SKU-003,6,3.074,2.3817,1.2906,0.1743,0,EP-003-03,SLOW_BURN,train
2026-08-05 07:00:00+07:00,SKU-003,3,5.0014,3.882,1.2884,0.173,0,EP-003-03,SLOW_BURN,train
2026-08-05 08:00:00+07:00,SKU-003,4,6.8382,5.3169,1.2861,0.1716,0,EP-003-03,SLOW_BURN,train
2026-08-05 09:00:00+07:00,SKU-003,5,8.0239,6.2497,1.2839,0.1703,0,EP-003-03,SLOW_BURN,train
2026-08-05 10:00:00+07:00,SKU-003,10,8.9641,6.994,1.2817,0.1689,0,EP-003-03,SLOW_BURN,train
2026-08-05 11:00:00+07:00,SKU-003,17,9.9003,7.7378,1.2795,0.1676,0,EP-003-03,SLOW_BURN,train
2026-08-05 12:00:00+07:00,SKU-003,4,10.3551,8.107,1.2773,0.1663,0,EP-003-03,SLOW_BURN,train
2026-08-05 13:00:00+07:00,SKU-003,12,9.3781,7.3546,1.2751,0.165,0,EP-003-03,SLOW_BURN,train
2026-08-05 14:00:00+07:00,SKU-003,5,8.327,6.5413,1.273,0.1637,0,EP-003-03,SLOW_BURN,train
2026-08-05 15:00:00+07:00,SKU-003,11,8.0725,6.352,1.2709,0.1625,0,EP-003-03,SLOW_BURN,train
2026-08-05 16:00:00+07:00,SKU-003,9,8.6886,6.8482,1.2687,0.1612,0,EP-003-03,SLOW_BURN,train
2026-08-05 17:00:00+07:00,SKU-003,7,10.0915,7.9671,1.2666,0.1599,0,EP-003-03,SLOW_BURN,train
2026-08-05 18:00:00+07:00,SKU-003,7,11.9626,9.4599,1.2646,0.1587,0,EP-003-03,SLOW_BURN,train
2026-08-05 19:00:00+07:00,SKU-003,16,13.9856,11.0777,1.2625,0.1574,0,EP-003-03,SLOW_BURN,train
2026-08-05 20:00:00+07:00,SKU-003,5,14.5913,11.5763,1.2604,0.1562,0,EP-003-03,SLOW_BURN,train
2026-08-05 21:00:00+07:00,SKU-003,21,12.1417,9.6484,1.2584,0.155,0,EP-003-03,SLOW_BURN,train
2026-08-05 22:00:00+07:00,SKU-003,5,7.9791,6.3508,1.2564,0.1538,0,EP-003-03,SLOW_BURN,train
2026-08-05 23:00:00+07:00,SKU-003,1,4.0626,3.2387,1.2544,0.1526,0,EP-003-03,SLOW_BURN,train
2026-08-06 00:00:00+07:00,SKU-003,2,2.0339,1.624,1.2524,0.1514,0,EP-003-03,SLOW_BURN,train
2026-08-06 01:00:00+07:00,SKU-003,2,1.3003,1.0399,1.2504,0.1502,0,EP-003-03,SLOW_BURN,train
2026-08-06 02:00:00+07:00,SKU-003,3,0.8931,0.7153,1.2485,0.149,0,EP-003-03,SLOW_BURN,train
2026-08-06 03:00:00+07:00,SKU-003,1,0.7301,0.5857,1.2466,0.1479,0,EP-003-03,SLOW_BURN,train
2026-08-06 04:00:00+07:00,SKU-003,0,0.8106,0.6513,1.2446,0.1467,0,EP-003-03,SLOW_BURN,train
2026-08-06 05:00:00+07:00,SKU-003,2,1.458,1.1733,1.2427,0.1456,0,EP-003-03,SLOW_BURN,train
2026-08-06 06:00:00+07:00,SKU-003,2,3.0762,2.4792,1.2408,0.1444,0,EP-003-03,SLOW_BURN,train
2026-08-06 07:00:00+07:00,SKU-003,8,5.0166,4.0491,1.2389,0.1433,0,EP-003-03,SLOW_BURN,train
2026-08-06 08:00:00+07:00,SKU-003,3,6.8748,5.5573,1.2371,0.1422,0,EP-003-03,SLOW_BURN,train
2026-08-06 09:00:00+07:00,SKU-003,7,8.0854,6.5456,1.2352,0.1411,0,EP-003-03,SLOW_BURN,train
2026-08-06 10:00:00+07:00,SKU-003,12,9.0535,7.3403,1.2334,0.14,0,EP-003-03,SLOW_BURN,train
2026-08-06 11:00:00+07:00,SKU-003,9,10.022,8.1375,1.2316,0.1389,0,EP-003-03,SLOW_BURN,train
2026-08-06 12:00:00+07:00,SKU-003,18,10.5062,8.5432,1.2298,0.1378,0,EP-003-03,SLOW_BURN,train
2026-08-06 13:00:00+07:00,SKU-003,10,9.5365,7.766,1.228,0.1367,0,EP-003-03,SLOW_BURN,train
2026-08-06 14:00:00+07:00,SKU-003,13,8.4866,6.9211,1.2262,0.1357,0,EP-003-03,SLOW_BURN,train
2026-08-06 15:00:00+07:00,SKU-003,12,8.2455,6.7342,1.2244,0.1346,0,EP-003-03,SLOW_BURN,train
2026-08-06 16:00:00+07:00,SKU-003,3,8.8944,7.2745,1.2227,0.1336,0,EP-003-03,SLOW_BURN,train
2026-08-06 17:00:00+07:00,SKU-003,12,10.353,8.4795,1.2209,0.1325,0,EP-003-03,SLOW_BURN,train
2026-08-06 18:00:00+07:00,SKU-003,13,12.2989,10.0875,1.2192,0.1315,0,EP-003-03,SLOW_BURN,train
2026-08-06 19:00:00+07:00,SKU-003,12,14.409,11.8348,1.2175,0.1305,0,EP-003-03,SLOW_BURN,train
2026-08-06 20:00:00+07:00,SKU-003,18,15.0642,12.3903,1.2158,0.1294,0,EP-003-03,SLOW_BURN,train
2026-08-06 21:00:00+07:00,SKU-003,16,12.5606,10.3454,1.2141,0.1284,0,EP-003-03,SLOW_BURN,train
2026-08-06 22:00:00+07:00,SKU-003,7,8.2709,6.8216,1.2125,0.1274,0,EP-003-03,SLOW_BURN,train
2026-08-06 23:00:00+07:00,SKU-003,5,4.2194,3.4848,1.2108,0.1264,0,EP-003-03,SLOW_BURN,train
2026-08-07 00:00:00+07:00,SKU-003,0,2.2786,1.8845,1.2092,0.1254,0,EP-003-03,SLOW_BURN,train
2026-08-07 01:00:00+07:00,SKU-003,0,1.4594,1.2086,1.2075,0.1245,0,EP-003-03,SLOW_BURN,train
2026-08-07 02:00:00+07:00,SKU-003,0,1.0042,0.8327,1.2059,0.1235,0,EP-003-03,SLOW_BURN,train
2026-08-07 03:00:00+07:00,SKU-003,0,0.8223,0.6828,1.2043,0.1225,0,EP-003-03,SLOW_BURN,train
2026-08-07 04:00:00+07:00,SKU-003,0,0.9145,0.7604,1.2027,0.1216,0,EP-003-03,SLOW_BURN,train
2026-08-07 05:00:00+07:00,SKU-003,1,1.6477,1.3718,1.2011,0.1206,0,EP-003-03,SLOW_BURN,train
2026-08-07 06:00:00+07:00,SKU-003,6,3.4818,2.9026,1.1996,0.1197,0,EP-003-03,SLOW_BURN,train
2026-08-07 07:00:00+07:00,SKU-003,1,5.6865,4.7467,1.198,0.1188,0,EP-003-03,SLOW_BURN,train
2026-08-07 08:00:00+07:00,SKU-003,6,7.804,6.5226,1.1964,0.1178,0,EP-003-03,SLOW_BURN,train
2026-08-07 09:00:00+07:00,SKU-003,8,9.1908,7.6916,1.1949,0.1169,0,EP-003-03,SLOW_BURN,train
2026-08-07 10:00:00+07:00,SKU-003,10,10.3047,8.6348,1.1934,0.116,0,EP-003-03,SLOW_BURN,train
2026-08-07 11:00:00+07:00,SKU-003,5,11.4211,9.5824,1.1919,0.1151,0,EP-003-03,SLOW_BURN,train
2026-08-07 12:00:00+07:00,SKU-003,16,11.9868,10.0697,1.1904,0.1142,0,EP-003-03,SLOW_BURN,train
2026-08-07 13:00:00+07:00,SKU-003,10,10.8924,9.1617,1.1889,0.1133,0,EP-003-03,SLOW_BURN,train
2026-08-07 14:00:00+07:00,SKU-003,7,9.7032,8.1716,1.1874,0.1124,0,EP-003-03,SLOW_BURN,train
2026-08-07 15:00:00+07:00,SKU-003,9,9.4364,7.9567,1.186,0.1115,0,EP-003-03,SLOW_BURN,train
2026-08-07 16:00:00+07:00,SKU-003,17,10.1879,8.6009,1.1845,0.1107,0,EP-003-03,SLOW_BURN,train
2026-08-07 17:00:00+07:00,SKU-003,17,11.8682,10.0316,1.1831,0.1098,0,EP-003-03,SLOW_BURN,train
2026-08-07 18:00:00+07:00,SKU-003,14,14.109,11.9401,1.1816,0.1089,0,EP-003-03,SLOW_BURN,train
2026-08-07 19:00:00+07:00,SKU-003,12,16.5405,14.0146,1.1802,0.1081,0,EP-003-03,SLOW_BURN,train
2026-08-07 20:00:00+07:00,SKU-003,19,17.3026,14.6779,1.1788,0.1073,0,EP-003-03,SLOW_BURN,train
2026-08-07 21:00:00+07:00,SKU-003,7,14.4342,12.2591,1.1774,0.1064,0,EP-003-03,SLOW_BURN,train
2026-08-07 22:00:00+07:00,SKU-003,9,9.5086,8.0853,1.176,0.1056,0,EP-003-03,SLOW_BURN,train
2026-08-07 23:00:00+07:00,SKU-003,1,4.8525,4.131,1.1747,0.1048,0,EP-003-03,SLOW_BURN,train
2026-08-08 00:00:00+07:00,SKU-003,6,2.7174,2.316,1.1733,0.1039,0,EP-003-03,SLOW_BURN,train
2026-08-08 01:00:00+07:00,SKU-003,3,1.7409,1.4854,1.172,0.1031,0,EP-003-03,SLOW_BURN,train
2026-08-08 02:00:00+07:00,SKU-003,0,1.198,1.0234,1.1706,0.1023,0,EP-003-03,SLOW_BURN,train
2026-08-08 03:00:00+07:00,SKU-003,0,0.9811,0.839,1.1693,0.1015,0,EP-003-03,SLOW_BURN,train
2026-08-08 04:00:00+07:00,SKU-003,1,1.091,0.9341,1.168,0.1007,0,EP-003-03,SLOW_BURN,train
2026-08-08 05:00:00+07:00,SKU-003,2,1.9655,1.6848,1.1667,0.1,0,EP-003-03,SLOW_BURN,train
2026-08-08 06:00:00+07:00,SKU-003,4,4.1528,3.5636,1.1654,0.0992,0,EP-003-03,SLOW_BURN,train
2026-08-08 07:00:00+07:00,SKU-003,5,6.7808,5.8251,1.1641,0.0984,0,EP-003-03,SLOW_BURN,train
2026-08-08 08:00:00+07:00,SKU-003,9,9.303,8.0006,1.1628,0.0976,0,EP-003-03,SLOW_BURN,train
2026-08-08 09:00:00+07:00,SKU-003,5,10.9521,9.4292,1.1615,0.0969,0,EP-003-03,SLOW_BURN,train
2026-08-08 10:00:00+07:00,SKU-003,14,12.274,10.5788,1.1602,0.0961,0,EP-003-03,SLOW_BURN,train
2026-08-08 11:00:00+07:00,SKU-003,15,13.5969,11.7316,1.159,0.0954,0,EP-003-03,SLOW_BURN,train
2026-08-08 12:00:00+07:00,SKU-003,16,14.2624,12.3189,1.1578,0.0946,0,EP-003-03,SLOW_BURN,train
2026-08-08 13:00:00+07:00,SKU-003,15,12.9519,11.199,1.1565,0.0939,0,EP-003-03,SLOW_BURN,train
2026-08-08 14:00:00+07:00,SKU-003,6,11.5298,9.9799,1.1553,0.0931,0,EP-003-03,SLOW_BURN,train
2026-08-08 15:00:00+07:00,SKU-003,11,11.2044,9.7084,1.1541,0.0924,0,EP-003-03,SLOW_BURN,train
2026-08-08 16:00:00+07:00,SKU-003,12,12.0869,10.4839,1.1529,0.0917,0,EP-003-03,SLOW_BURN,train
2026-08-08 17:00:00+07:00,SKU-003,21,14.0681,12.2151,1.1517,0.091,0,EP-003-03,SLOW_BURN,train
2026-08-08 18:00:00+07:00,SKU-003,16,16.7088,14.5229,1.1505,0.0903,0,EP-003-04,TRUE_SURGE,train
2026-08-08 19:00:00+07:00,SKU-003,19,19.5691,17.0264,1.1493,0.125,0,EP-003-04,TRUE_SURGE,train
2026-08-08 20:00:00+07:00,SKU-003,30,20.4497,17.8106,1.1482,0.25,0,EP-003-04,TRUE_SURGE,train
2026-08-08 21:00:00+07:00,SKU-003,16,17.0411,14.8569,1.147,0.375,0,EP-003-04,TRUE_SURGE,train
2026-08-08 22:00:00+07:00,SKU-003,20,11.2133,9.7858,1.1459,0.5,0,EP-003-04,TRUE_SURGE,train
2026-08-08 23:00:00+07:00,SKU-003,6,5.7157,4.993,1.1447,0.625,0,EP-003-04,TRUE_SURGE,train
2026-08-09 00:00:00+07:00,SKU-003,0,2.5756,2.2522,1.1436,0.75,0,EP-003-04,TRUE_SURGE,train
2026-08-09 01:00:00+07:00,SKU-003,1,1.6479,1.4424,1.1425,0.875,0,EP-003-04,TRUE_SURGE,train
2026-08-09 02:00:00+07:00,SKU-003,1,1.1325,0.9923,1.1414,1.0,0,EP-003-04,TRUE_SURGE,train
2026-08-09 03:00:00+07:00,SKU-003,1,0.9262,0.8123,1.1403,0.9878,0,EP-003-04,TRUE_SURGE,train
2026-08-09 04:00:00+07:00,SKU-003,0,1.0286,0.903,1.1392,0.9758,0,EP-003-04,TRUE_SURGE,train
2026-08-09 05:00:00+07:00,SKU-003,1,1.8505,1.6259,1.1381,0.9639,0,EP-003-04,TRUE_SURGE,train
2026-08-09 06:00:00+07:00,SKU-003,4,3.904,3.4336,1.137,0.9522,0,EP-003-04,TRUE_SURGE,train
2026-08-09 07:00:00+07:00,SKU-003,7,7.9195,5.6034,1.4133,0.9406,0,EP-003-04,TRUE_SURGE,train
2026-08-09 08:00:00+07:00,SKU-003,1,14.0348,7.6832,1.8267,0.9291,0,EP-003-04,TRUE_SURGE,train
2026-08-09 09:00:00+07:00,SKU-003,18,20.249,9.0397,2.24,0.9178,0,EP-003-04,TRUE_SURGE,train
2026-08-09 10:00:00+07:00,SKU-003,11,26.8633,10.1243,2.6534,0.9066,0,EP-003-04,TRUE_SURGE,train
2026-08-09 11:00:00+07:00,SKU-003,37,34.3715,11.208,3.0667,0.8956,0,EP-003-04,TRUE_SURGE,train
2026-08-09 12:00:00+07:00,SKU-003,18,40.8844,11.7483,3.48,0.8847,0,EP-003-04,TRUE_SURGE,train
2026-08-09 13:00:00+07:00,SKU-003,30,41.5079,10.6612,3.8934,0.8739,0,EP-003-04,TRUE_SURGE,train
2026-08-09 14:00:00+07:00,SKU-003,49,40.8428,9.4835,4.3067,0.8632,0,EP-003-04,TRUE_SURGE,train
2026-08-09 15:00:00+07:00,SKU-003,25,39.2888,9.2088,4.2664,0.8527,0,EP-003-04,TRUE_SURGE,train
2026-08-09 16:00:00+07:00,SKU-003,40,41.9549,9.9263,4.2267,0.8423,0,EP-003-04,TRUE_SURGE,train
2026-08-09 17:00:00+07:00,SKU-003,55,48.3393,11.5441,4.1873,0.8321,0,EP-003-04,TRUE_SURGE,train
2026-08-09 18:00:00+07:00,SKU-003,29,56.8347,13.7,4.1485,0.8219,0,EP-003-04,TRUE_SURGE,train
2026-08-09 19:00:00+07:00,SKU-003,30,65.8944,16.032,4.1102,0.8119,0,EP-003-04,TRUE_SURGE,train
2026-08-09 20:00:00+07:00,SKU-003,65,68.1679,16.7394,4.0723,0.802,0,EP-003-04,TRUE_SURGE,train
2026-08-09 21:00:00+07:00,SKU-003,87,56.2365,13.9376,4.0349,0.7923,0,EP-003-04,TRUE_SURGE,train
2026-08-09 22:00:00+07:00,SKU-003,46,36.6342,9.1634,3.9979,0.7826,0,EP-003-04,TRUE_SURGE,train
2026-08-09 23:00:00+07:00,SKU-003,14,18.4872,4.6669,3.9614,0.7731,0,EP-003-04,TRUE_SURGE,train
2026-08-10 00:00:00+07:00,SKU-003,7,7.4781,1.9051,3.9253,0.7637,0,EP-003-04,TRUE_SURGE,train
2026-08-10 01:00:00+07:00,SKU-003,9,4.7372,1.2179,3.8897,0.7544,0,EP-003-04,TRUE_SURGE,train
2026-08-10 02:00:00+07:00,SKU-003,1,3.2235,0.8363,3.8545,0.7452,0,EP-003-04,TRUE_SURGE,train
2026-08-10 03:00:00+07:00,SKU-003,1,2.6103,0.6834,3.8197,0.7361,0,EP-003-04,TRUE_SURGE,train
2026-08-10 04:00:00+07:00,SKU-003,2,2.8704,0.7583,3.7854,0.7271,0,EP-003-04,TRUE_SURGE,train
2026-08-10 05:00:00+07:00,SKU-003,5,5.1134,1.363,3.7515,0.7183,0,EP-003-04,TRUE_SURGE,train
2026-08-10 06:00:00+07:00,SKU-003,8,10.683,2.8734,3.7179,0.7095,0,EP-003-04,TRUE_SURGE,train
2026-08-10 07:00:00+07:00,SKU-003,24,17.249,4.6811,3.6848,0.7009,0,EP-003-04,TRUE_SURGE,train
2026-08-10 08:00:00+07:00,SKU-003,17,23.4014,6.4076,3.6521,0.6924,0,EP-003-04,TRUE_SURGE,train
2026-08-10 09:00:00+07:00,SKU-003,26,27.2436,7.5262,3.6198,0.6839,0,EP-003-04,TRUE_SURGE,train
2026-08-10 10:00:00+07:00,SKU-003,29,30.1936,8.4153,3.5879,0.6756,0,EP-003-04,TRUE_SURGE,train
2026-08-10 11:00:00+07:00,SKU-003,42,33.0782,9.301,3.5564,0.6674,0,EP-003-04,TRUE_SURGE,train
2026-08-10 12:00:00+07:00,SKU-003,31,34.3147,9.7339,3.5253,0.6592,0,EP-003-04,TRUE_SURGE,train
2026-08-10 13:00:00+07:00,SKU-003,34,30.8198,8.8195,3.4945,0.6512,0,EP-003-04,TRUE_SURGE,train
2026-08-10 14:00:00+07:00,SKU-003,21,27.1358,7.8334,3.4641,0.6433,0,EP-003-04,TRUE_SURGE,train
2026-08-10 15:00:00+07:00,SKU-003,14,26.0829,7.5952,3.4341,0.6354,0,EP-003-04,TRUE_SURGE,train
2026-08-10 16:00:00+07:00,SKU-003,21,27.8322,8.1752,3.4045,0.6277,0,EP-003-04,TRUE_SURGE,train
2026-08-10 17:00:00+07:00,SKU-003,40,32.0452,9.4944,3.3752,0.6201,0,EP-003-04,TRUE_SURGE,train
2026-08-10 18:00:00+07:00,SKU-003,43,37.6525,11.2522,3.3462,0.6125,0,EP-003-04,TRUE_SURGE,train
2026-08-10 19:00:00+07:00,SKU-003,32,43.6285,13.1504,3.3177,0.605,0,EP-003-04,TRUE_SURGE,train
2026-08-10 20:00:00+07:00,SKU-003,34,45.1092,13.7134,3.2894,0.5977,0,EP-003-04,TRUE_SURGE,train
2026-08-10 21:00:00+07:00,SKU-003,57,37.1954,11.4042,3.2615,0.5904,0,EP-003-04,TRUE_SURGE,train
2026-08-10 22:00:00+07:00,SKU-003,18,24.2197,7.4891,3.234,0.5832,0,EP-003-04,TRUE_SURGE,train
2026-08-10 23:00:00+07:00,SKU-003,12,12.2177,3.8099,3.2068,0.5761,0,EP-003-04,TRUE_SURGE,train
2026-08-11 00:00:00+07:00,SKU-003,12,5.4704,1.7203,3.1799,0.5691,0,EP-003-04,TRUE_SURGE,train
2026-08-11 01:00:00+07:00,SKU-003,2,3.4645,1.0987,3.1534,0.5621,0,EP-003-04,TRUE_SURGE,train
2026-08-11 02:00:00+07:00,SKU-003,1,2.357,0.7537,3.1271,0.5553,0,EP-003-04,TRUE_SURGE,train
2026-08-11 03:00:00+07:00,SKU-003,1,1.9084,0.6154,3.1012,0.5485,0,EP-003-04,TRUE_SURGE,train
2026-08-11 04:00:00+07:00,SKU-003,0,2.0984,0.6823,3.0756,0.5419,0,EP-003-04,TRUE_SURGE,train
2026-08-11 05:00:00+07:00,SKU-003,2,3.738,1.2254,3.0503,0.5353,0,EP-003-04,TRUE_SURGE,train
2026-08-11 06:00:00+07:00,SKU-003,4,7.8101,2.5815,3.0254,0.5287,0,EP-003-04,TRUE_SURGE,train
2026-08-11 07:00:00+07:00,SKU-003,10,12.612,4.203,3.0007,0.5223,0,EP-003-04,TRUE_SURGE,train
2026-08-11 08:00:00+07:00,SKU-003,16,17.1139,5.75,2.9763,0.5159,0,EP-003-04,TRUE_SURGE,train
2026-08-11 09:00:00+07:00,SKU-003,23,19.9291,6.7505,2.9523,0.5097,0,EP-003-04,TRUE_SURGE,train
2026-08-11 10:00:00+07:00,SKU-003,19,22.0946,7.5447,2.9285,0.5034,0,EP-003-04,TRUE_SURGE,train
2026-08-11 11:00:00+07:00,SKU-003,27,24.2156,8.3359,2.905,0.4973,0,EP-003-04,TRUE_SURGE,train
2026-08-11 12:00:00+07:00,SKU-003,35,25.1331,8.7213,2.8818,0.4913,0,EP-003-04,TRUE_SURGE,train
2026-08-11 13:00:00+07:00,SKU-003,30,22.586,7.9003,2.8589,0.4853,0,EP-003-04,TRUE_SURGE,train
2026-08-11 14:00:00+07:00,SKU-003,23,19.899,7.016,2.8362,0.4794,0,EP-003-04,TRUE_SURGE,train
2026-08-11 15:00:00+07:00,SKU-003,18,19.1406,6.8022,2.8139,0.4735,0,EP-003-04,TRUE_SURGE,train
2026-08-11 16:00:00+07:00,SKU-003,12,20.4405,7.3217,2.7918,0.4678,0,EP-003-04,TRUE_SURGE,train
2026-08-11 17:00:00+07:00,SKU-003,23,23.555,8.5038,2.7699,0.4621,0,EP-003-04,TRUE_SURGE,train
2026-08-11 18:00:00+07:00,SKU-003,35,27.7029,10.0797,2.7484,0.4564,0,EP-003-04,TRUE_SURGE,train
2026-08-11 19:00:00+07:00,SKU-003,29,32.1326,11.7828,2.7271,0.4509,0,EP-003-04,TRUE_SURGE,train
2026-08-11 20:00:00+07:00,SKU-003,36,33.2597,12.2909,2.7061,0.4454,0,EP-003-04,TRUE_SURGE,train
2026-08-11 21:00:00+07:00,SKU-003,29,27.4571,10.2251,2.6853,0.44,0,EP-003-04,TRUE_SURGE,train
2026-08-11 22:00:00+07:00,SKU-003,22,17.9011,6.7177,2.6647,0.4346,0,EP-003-04,TRUE_SURGE,train
2026-08-11 23:00:00+07:00,SKU-003,6,9.0423,3.4193,2.6445,0.4293,0,EP-003-04,TRUE_SURGE,train
2026-08-12 00:00:00+07:00,SKU-003,1,4.218,1.6072,2.6244,0.4241,0,EP-003-04,TRUE_SURGE,train
2026-08-12 01:00:00+07:00,SKU-003,2,2.6753,1.0271,2.6047,0.4189,0,EP-003-04,TRUE_SURGE,train
2026-08-12 02:00:00+07:00,SKU-003,2,1.8229,0.7052,2.5851,0.4138,0,EP-003-04,TRUE_SURGE,train
2026-08-12 03:00:00+07:00,SKU-003,0,1.4783,0.5762,2.5658,0.4088,0,EP-003-04,TRUE_SURGE,train
2026-08-12 04:00:00+07:00,SKU-003,2,1.6283,0.6394,2.5467,0.4038,0,EP-003-04,TRUE_SURGE,train
2026-08-12 05:00:00+07:00,SKU-003,3,2.9059,1.1495,2.5279,0.3989,0,EP-003-04,TRUE_SURGE,train
2026-08-12 06:00:00+07:00,SKU-003,6,6.0827,2.4241,2.5093,0.394,0,EP-003-04,TRUE_SURGE,train
2026-08-12 07:00:00+07:00,SKU-003,17,9.8414,3.9509,2.4909,0.3892,0,EP-003-04,TRUE_SURGE,train
2026-08-12 08:00:00+07:00,SKU-003,8,13.381,5.4114,2.4727,0.3845,0,EP-003-04,TRUE_SURGE,train
2026-08-12 09:00:00+07:00,SKU-003,10,15.6143,6.3607,2.4548,0.3798,0,EP-003-04,TRUE_SURGE,train
2026-08-12 10:00:00+07:00,SKU-003,14,17.3478,7.1183,2.4371,0.3752,0,EP-003-04,TRUE_SURGE,train
2026-08-12 11:00:00+07:00,SKU-003,16,19.0547,7.8752,2.4196,0.3706,0,EP-003-04,TRUE_SURGE,train
2026-08-12 12:00:00+07:00,SKU-003,14,19.8213,8.251,2.4023,0.3661,0,EP-003-04,TRUE_SURGE,train
2026-08-12 13:00:00+07:00,SKU-003,8,17.8538,7.4852,2.3852,0.3616,0,EP-003-04,TRUE_SURGE,train
2026-08-12 14:00:00+07:00,SKU-003,19,15.7671,6.6575,2.3683,0.3572,0,EP-003-04,TRUE_SURGE,train
2026-08-12 15:00:00+07:00,SKU-003,20,15.203,6.4648,2.3517,0.3529,0,EP-003-04,TRUE_SURGE,train
2026-08-12 16:00:00+07:00,SKU-003,11,16.2758,6.9698,2.3352,0.3486,0,EP-003-04,TRUE_SURGE,train
2026-08-12 17:00:00+07:00,SKU-003,19,18.8033,8.1086,2.3189,0.3443,0,EP-003-04,TRUE_SURGE,train
2026-08-12 18:00:00+07:00,SKU-003,19,22.1716,9.6278,2.3029,0.3401,0,EP-003-04,TRUE_SURGE,train
2026-08-12 19:00:00+07:00,SKU-003,18,25.7844,11.2743,2.287,0.336,0,EP-003-04,TRUE_SURGE,train
2026-08-12 20:00:00+07:00,SKU-003,56,26.7601,11.7817,2.2713,0.3319,0,EP-003-04,TRUE_SURGE,train
2026-08-12 21:00:00+07:00,SKU-003,23,22.1514,9.8195,2.2558,0.3278,0,EP-003-04,TRUE_SURGE,train
2026-08-12 22:00:00+07:00,SKU-003,12,14.4816,6.4634,2.2405,0.3239,0,EP-003-04,TRUE_SURGE,train
2026-08-12 23:00:00+07:00,SKU-003,11,7.3354,3.2962,2.2254,0.3199,0,EP-003-04,TRUE_SURGE,train
2026-08-13 00:00:00+07:00,SKU-003,8,3.6536,1.6528,2.2105,0.316,0,EP-003-04,TRUE_SURGE,train
2026-08-13 01:00:00+07:00,SKU-003,2,2.3238,1.0583,2.1958,0.3122,0,EP-003-04,TRUE_SURGE,train
2026-08-13 02:00:00+07:00,SKU-003,1,1.588,0.728,2.1812,0.3084,0,EP-003-04,TRUE_SURGE,train
2026-08-13 03:00:00+07:00,SKU-003,1,1.2916,0.5961,2.1668,0.3046,0,EP-003-04,TRUE_SURGE,train
2026-08-13 04:00:00+07:00,SKU-003,1,1.4267,0.6628,2.1526,0.3009,0,EP-003-04,TRUE_SURGE,train
2026-08-13 05:00:00+07:00,SKU-003,5,2.5536,1.1941,2.1386,0.2972,0,EP-003-04,TRUE_SURGE,train
2026-08-13 06:00:00+07:00,SKU-003,2,5.3609,2.5231,2.1247,0.2936,0,EP-003-04,TRUE_SURGE,train
2026-08-13 07:00:00+07:00,SKU-003,5,8.6991,4.1209,2.111,0.29,0,EP-003-04,TRUE_SURGE,train
2026-08-13 08:00:00+07:00,SKU-003,13,11.8627,5.6557,2.0975,0.2865,0,EP-003-04,TRUE_SURGE,train
2026-08-13 09:00:00+07:00,SKU-003,27,13.8835,6.6616,2.0841,0.283,0,EP-003-04,TRUE_SURGE,train
2026-08-13 10:00:00+07:00,SKU-003,24,15.4703,7.4703,2.0709,0.2796,0,EP-003-04,TRUE_SURGE,train
2026-08-13 11:00:00+07:00,SKU-003,12,17.0425,8.2817,2.0578,0.2762,0,EP-003-04,TRUE_SURGE,train
2026-08-13 12:00:00+07:00,SKU-003,8,17.7801,8.6946,2.045,0.2728,0,EP-003-04,TRUE_SURGE,train
2026-08-13 13:00:00+07:00,SKU-003,18,16.0619,7.9036,2.0322,0.2695,0,EP-003-04,TRUE_SURGE,train
2026-08-13 14:00:00+07:00,SKU-003,15,14.2258,7.0437,2.0197,0.2662,0,EP-003-04,TRUE_SURGE,train
2026-08-13 15:00:00+07:00,SKU-003,25,13.7565,6.8534,2.0072,0.2629,0,EP-003-04,TRUE_SURGE,train
2026-08-13 16:00:00+07:00,SKU-003,8,14.7694,7.4033,1.995,0.2597,0,EP-003-04,TRUE_SURGE,train
2026-08-13 17:00:00+07:00,SKU-003,12,17.1113,8.6297,1.9829,0.2566,0,EP-003-04,TRUE_SURGE,train
2026-08-13 18:00:00+07:00,SKU-003,23,20.2332,10.2661,1.9709,0.2535,0,EP-003-04,TRUE_SURGE,train
2026-08-13 19:00:00+07:00,SKU-003,12,23.5955,12.0443,1.9591,0.2504,0,EP-003-04,TRUE_SURGE,train
2026-08-13 20:00:00+07:00,SKU-003,40,24.5556,12.6096,1.9474,0.2473,0,EP-003-04,TRUE_SURGE,train
2026-08-13 21:00:00+07:00,SKU-003,6,20.3815,10.5285,1.9358,0.2443,0,EP-003-04,TRUE_SURGE,train
2026-08-13 22:00:00+07:00,SKU-003,10,13.36,6.9423,1.9244,0.2413,0,EP-003-04,TRUE_SURGE,train
2026-08-13 23:00:00+07:00,SKU-003,9,6.785,3.5465,1.9132,0.2384,0,EP-003-04,TRUE_SURGE,train
2026-08-14 00:00:00+07:00,SKU-003,2,3.6478,1.9178,1.9021,0.2355,0,EP-003-04,TRUE_SURGE,train
2026-08-14 01:00:00+07:00,SKU-003,4,2.326,1.23,1.8911,0.2326,0,EP-003-04,TRUE_SURGE,train
2026-08-14 02:00:00+07:00,SKU-003,3,1.5934,0.8475,1.8802,0.2298,0,EP-003-04,TRUE_SURGE,train
2026-08-14 03:00:00+07:00,SKU-003,1,1.2991,0.6949,1.8695,0.227,0,EP-003-04,TRUE_SURGE,train
2026-08-14 04:00:00+07:00,SKU-003,2,1.4385,0.7738,1.8589,0.2242,0,EP-003-04,TRUE_SURGE,train
2026-08-14 05:00:00+07:00,SKU-003,1,2.5805,1.396,1.8484,0.2215,0,EP-003-04,TRUE_SURGE,train
2026-08-14 06:00:00+07:00,SKU-003,7,5.4296,2.9539,1.8381,0.2188,0,EP-003-04,TRUE_SURGE,train
2026-08-14 07:00:00+07:00,SKU-003,12,8.8299,4.8306,1.8279,0.2161,0,EP-003-04,TRUE_SURGE,train
2026-08-14 08:00:00+07:00,SKU-003,9,12.0665,6.6379,1.8178,0.2135,0,EP-003-04,TRUE_SURGE,train
2026-08-14 09:00:00+07:00,SKU-003,15,14.151,7.8275,1.8079,0.2109,0,EP-003-04,TRUE_SURGE,train
2026-08-14 10:00:00+07:00,SKU-003,15,15.7998,8.7874,1.798,0.2083,0,EP-003-04,TRUE_SURGE,train
2026-08-14 11:00:00+07:00,SKU-003,11,17.4389,9.7517,1.7883,0.2058,0,EP-003-04,TRUE_SURGE,train
2026-08-14 12:00:00+07:00,SKU-003,18,18.2274,10.2476,1.7787,0.2033,0,EP-003-04,TRUE_SURGE,train
2026-08-14 13:00:00+07:00,SKU-003,3,16.4954,9.3236,1.7692,0.2008,0,EP-003-04,TRUE_SURGE,train
2026-08-14 14:00:00+07:00,SKU-003,15,14.6347,8.3159,1.7598,0.1984,0,EP-003-04,TRUE_SURGE,train
2026-08-14 15:00:00+07:00,SKU-003,12,14.175,8.0973,1.7506,0.1959,0,EP-003-04,TRUE_SURGE,train
2026-08-14 16:00:00+07:00,SKU-003,6,15.2425,8.7528,1.7414,0.1936,0,EP-003-04,TRUE_SURGE,train
2026-08-14 17:00:00+07:00,SKU-003,31,17.6858,10.2088,1.7324,0.1912,0,EP-003-04,TRUE_SURGE,train
2026-08-14 18:00:00+07:00,SKU-003,15,20.9421,12.151,1.7235,0.1889,0,EP-003-04,TRUE_SURGE,train
2026-08-14 19:00:00+07:00,SKU-003,18,24.4549,14.2621,1.7147,0.1866,0,EP-003-04,TRUE_SURGE,train
2026-08-14 20:00:00+07:00,SKU-003,35,25.4821,14.937,1.706,0.1843,0,EP-003-04,TRUE_SURGE,train
2026-08-14 21:00:00+07:00,SKU-003,27,21.1756,12.4755,1.6974,0.1821,0,EP-003-04,TRUE_SURGE,train
2026-08-14 22:00:00+07:00,SKU-003,12,13.8961,8.228,1.6889,0.1798,0,EP-003-04,TRUE_SURGE,train
2026-08-14 23:00:00+07:00,SKU-003,6,7.0646,4.2039,1.6805,0.1776,0,EP-003-04,TRUE_SURGE,train
2026-08-15 00:00:00+07:00,SKU-003,6,3.9412,2.3569,1.6722,0.1755,0,EP-003-04,TRUE_SURGE,train
2026-08-15 01:00:00+07:00,SKU-003,4,2.5154,1.5116,1.664,0.1733,0,EP-003-04,TRUE_SURGE,train
2026-08-15 02:00:00+07:00,SKU-003,1,1.7245,1.0414,1.6559,0.1712,0,EP-003-04,TRUE_SURGE,train
2026-08-15 03:00:00+07:00,SKU-003,2,1.4071,0.8538,1.6479,0.1691,0,EP-003-04,TRUE_SURGE,train
2026-08-15 04:00:00+07:00,SKU-003,2,1.559,0.9506,1.64,0.1671,0,EP-003-04,TRUE_SURGE,train
2026-08-15 05:00:00+07:00,SKU-003,1,2.7984,1.7145,1.6322,0.1651,0,EP-003-04,TRUE_SURGE,train
2026-08-15 06:00:00+07:00,SKU-003,6,5.8913,3.6264,1.6245,0.163,0,EP-003-04,TRUE_SURGE,train
2026-08-15 07:00:00+07:00,SKU-003,11,9.585,5.9278,1.6169,0.1611,0,EP-003-04,TRUE_SURGE,train
2026-08-15 08:00:00+07:00,SKU-003,9,13.1034,8.1417,1.6094,0.1591,0,EP-003-04,TRUE_SURGE,train
2026-08-15 09:00:00+07:00,SKU-003,16,15.3719,9.5954,1.602,0.1572,0,EP-003-04,TRUE_SURGE,train
2026-08-15 10:00:00+07:00,SKU-003,16,17.167,10.7653,1.5947,0.1552,0,EP-003-04,TRUE_SURGE,train
2026-08-15 11:00:00+07:00,SKU-003,15,18.9514,11.9384,1.5874,0.1534,0,EP-003-04,TRUE_SURGE,train
2026-08-15 12:00:00+07:00,SKU-003,26,19.8104,12.5361,1.5803,0.1515,0,EP-003-04,TRUE_SURGE,train
2026-08-15 13:00:00+07:00,SKU-003,16,17.9288,11.3964,1.5732,0.1496,0,EP-003-04,TRUE_SURGE,train
2026-08-15 14:00:00+07:00,SKU-003,17,15.9062,10.1558,1.5662,0.1478,0,EP-003-04,TRUE_SURGE,train
2026-08-15 15:00:00+07:00,SKU-003,24,15.4053,9.8795,1.5593,0.146,0,EP-003-04,TRUE_SURGE,train
2026-08-15 16:00:00+07:00,SKU-003,11,16.5632,10.6687,1.5525,0.1442,0,EP-003-04,TRUE_SURGE,train
2026-08-15 17:00:00+07:00,SKU-003,24,19.2145,12.4303,1.5458,0.1425,0,EP-003-04,TRUE_SURGE,train
2026-08-15 18:00:00+07:00,SKU-003,24,22.7464,14.7787,1.5391,0.1407,0,EP-003-04,TRUE_SURGE,train
2026-08-15 19:00:00+07:00,SKU-003,20,26.5537,17.3263,1.5326,0.139,0,EP-003-04,TRUE_SURGE,train
2026-08-15 20:00:00+07:00,SKU-003,27,27.6591,18.1243,1.5261,0.1373,0,EP-003-04,TRUE_SURGE,train
2026-08-15 21:00:00+07:00,SKU-003,9,22.9752,15.1185,1.5197,0.1357,0,EP-003-04,TRUE_SURGE,train
2026-08-15 22:00:00+07:00,SKU-003,10,15.07,9.9581,1.5133,0.134,0,EP-003-04,TRUE_SURGE,train
2026-08-15 23:00:00+07:00,SKU-003,8,7.6574,5.0809,1.5071,0.1324,0,EP-003-04,TRUE_SURGE,train
2026-08-16 00:00:00+07:00,SKU-003,4,3.4399,2.2918,1.5009,0.1308,0,EP-003-04,TRUE_SURGE,train
2026-08-16 01:00:00+07:00,SKU-003,1,2.1941,1.4678,1.4948,0.1292,0,EP-003-04,TRUE_SURGE,train
2026-08-16 02:00:00+07:00,SKU-003,4,1.5033,1.0097,1.4888,0.1276,0,EP-003-04,TRUE_SURGE,train
2026-08-16 03:00:00+07:00,SKU-003,2,1.2257,0.8266,1.4828,0.126,0,EP-003-04,TRUE_SURGE,train
2026-08-16 04:00:00+07:00,SKU-003,1,1.3571,0.9188,1.477,0.1245,0,EP-003-04,TRUE_SURGE,train
2026-08-16 05:00:00+07:00,SKU-003,1,2.4341,1.6546,1.4711,0.123,0,EP-003-04,TRUE_SURGE,train
2026-08-16 06:00:00+07:00,SKU-003,10,5.1201,3.494,1.4654,0.1215,0,EP-003-04,TRUE_SURGE,train
2026-08-16 07:00:00+07:00,SKU-003,5,8.3234,5.702,1.4597,0.12,0,EP-003-04,TRUE_SURGE,train
2026-08-16 08:00:00+07:00,SKU-003,18,11.3689,7.8184,1.4541,0.1186,0,EP-003-04,TRUE_SURGE,train
2026-08-16 09:00:00+07:00,SKU-003,16,13.3252,9.1986,1.4486,0.1171,0,EP-003-04,TRUE_SURGE,train
2026-08-16 10:00:00+07:00,SKU-003,15,14.8677,10.3023,1.4431,0.1157,0,EP-003-04,TRUE_SURGE,train
2026-08-16 11:00:00+07:00,SKU-003,17,16.3975,11.4051,1.4377,0.1143,0,EP-003-04,TRUE_SURGE,train
2026-08-16 12:00:00+07:00,SKU-003,15,17.1242,11.9548,1.4324,0.1129,0,EP-003-04,TRUE_SURGE,train
2026-08-16 13:00:00+07:00,SKU-003,14,15.4825,10.8486,1.4271,0.1115,0,EP-003-04,TRUE_SURGE,train
2026-08-16 14:00:00+07:00,SKU-003,11,13.722,9.6502,1.4219,0.1102,0,EP-003-04,TRUE_SURGE,train
2026-08-16 15:00:00+07:00,SKU-003,8,13.2764,9.3707,1.4168,0.1088,0,EP-003-04,TRUE_SURGE,train
2026-08-16 16:00:00+07:00,SKU-003,10,14.2595,10.1007,1.4117,0.1075,0,EP-003-04,TRUE_SURGE,train
2026-08-16 17:00:00+07:00,SKU-003,1,16.5246,11.747,1.4067,0.1062,0,EP-003-04,TRUE_SURGE,train
2026-08-16 18:00:00+07:00,SKU-003,17,19.5414,13.9407,1.4018,0.1049,0,EP-003-04,TRUE_SURGE,train
2026-08-16 19:00:00+07:00,SKU-003,25,22.7879,16.3137,1.3969,0.1036,0,EP-003-04,TRUE_SURGE,train
2026-08-16 20:00:00+07:00,SKU-003,17,23.7111,17.0335,1.392,0.1023,0,EP-003-04,TRUE_SURGE,train
2026-08-16 21:00:00+07:00,SKU-003,16,19.6746,14.1824,1.3873,0.1011,0,EP-003-04,TRUE_SURGE,train
2026-08-16 22:00:00+07:00,SKU-003,12,12.8912,9.3243,1.3825,0.0999,0,EP-003-04,TRUE_SURGE,train
2026-08-16 23:00:00+07:00,SKU-003,1,6.5433,4.7488,1.3779,0.0986,0,EP-003-04,TRUE_SURGE,train
2026-08-17 00:00:00+07:00,SKU-003,7,2.6622,1.9386,1.3733,0.0974,0,EP-003-04,TRUE_SURGE,train
2026-08-17 01:00:00+07:00,SKU-003,0,1.6962,1.2393,1.3687,0.0963,0,EP-003-04,TRUE_SURGE,train
2026-08-17 02:00:00+07:00,SKU-003,2,1.1609,0.851,1.3642,0.0951,0,EP-003-04,TRUE_SURGE,train
2026-08-17 03:00:00+07:00,SKU-003,0,0.9456,0.6954,1.3598,0.0939,0,EP-003-04,TRUE_SURGE,train
2026-08-17 04:00:00+07:00,SKU-003,3,1.0458,0.7716,1.3554,0.0928,0,EP-003-04,TRUE_SURGE,train
2026-08-17 05:00:00+07:00,SKU-003,4,1.8739,1.387,1.3511,0.0917,0,EP-003-04,TRUE_SURGE,train
2026-08-17 06:00:00+07:00,SKU-003,6,3.9378,2.9238,1.3468,0.0905,0,EP-003-04,TRUE_SURGE,train
2026-08-17 07:00:00+07:00,SKU-003,6,6.395,4.7632,1.3426,0.0894,0,EP-003-04,TRUE_SURGE,train
2026-08-17 08:00:00+07:00,SKU-003,5,8.7265,6.52,1.3384,0.0883,0,EP-003-04,TRUE_SURGE,train
2026-08-17 09:00:00+07:00,SKU-003,12,10.2183,7.6582,1.3343,0.0873,0,EP-003-04,TRUE_SURGE,train
2026-08-17 10:00:00+07:00,SKU-003,5,11.3906,8.563,1.3302,0.0862,0,EP-003-04,TRUE_SURGE,train
2026-08-17 11:00:00+07:00,SKU-003,16,12.5514,9.4642,1.3262,0.0852,0,EP-003-04,TRUE_SURGE,train
2026-08-17 12:00:00+07:00,SKU-003,7,13.0962,9.9047,1.3222,0.0841,0,EP-003-04,TRUE_SURGE,train
2026-08-17 13:00:00+07:00,SKU-003,17,11.8306,8.9742,1.3183,0.0831,0,EP-003-04,TRUE_SURGE,train
2026-08-17 14:00:00+07:00,SKU-003,14,10.4769,7.9707,1.3144,0.0821,0,EP-003-04,TRUE_SURGE,train
2026-08-17 15:00:00+07:00,SKU-003,7,10.1288,7.7284,1.3106,0.0811,0,EP-003-04,TRUE_SURGE,train
2026-08-17 16:00:00+07:00,SKU-003,17,10.8708,8.3185,1.3068,0.0801,0,EP-003-04,TRUE_SURGE,train
2026-08-17 17:00:00+07:00,SKU-003,10,12.5888,9.6608,1.3031,0.0791,0,EP-003-04,TRUE_SURGE,train
2026-08-17 18:00:00+07:00,SKU-003,10,14.8772,11.4494,1.2994,0.0782,0,EP-003-04,TRUE_SURGE,train
2026-08-17 19:00:00+07:00,SKU-003,13,17.338,13.3808,1.2957,0.0772,0,EP-003-04,TRUE_SURGE,train
2026-08-17 20:00:00+07:00,SKU-003,17,18.03,13.9537,1.2921,0.0763,0,EP-003-04,TRUE_SURGE,train
2026-08-17 21:00:00+07:00,SKU-003,12,14.9527,11.604,1.2886,0.0753,0,EP-003-04,TRUE_SURGE,train
2026-08-17 22:00:00+07:00,SKU-003,2,9.7925,7.6203,1.2851,0.0744,0,EP-003-04,TRUE_SURGE,train
2026-08-17 23:00:00+07:00,SKU-003,14,4.9683,3.8767,1.2816,0.0735,0,EP-003-04,TRUE_SURGE,train
2026-08-18 00:00:00+07:00,SKU-003,1,2.2373,1.7504,1.2782,0.0726,0,EP-003-04,TRUE_SURGE,train
2026-08-18 01:00:00+07:00,SKU-003,1,1.4251,1.1179,1.2748,0.0717,0,EP-003-04,TRUE_SURGE,train
2026-08-18 02:00:00+07:00,SKU-003,0,0.9751,0.7669,1.2714,0.0709,0,EP-003-04,TRUE_SURGE,train
2026-08-18 03:00:00+07:00,SKU-003,2,0.794,0.6261,1.2681,0.07,0,EP-003-04,TRUE_SURGE,train
2026-08-18 04:00:00+07:00,SKU-003,2,0.8781,0.6942,1.2649,0.0691,0,EP-003-04,TRUE_SURGE,train
2026-08-18 05:00:00+07:00,SKU-003,4,1.5731,1.2469,1.2616,0.0683,0,EP-003-04,TRUE_SURGE,train
2026-08-18 06:00:00+07:00,SKU-003,3,3.3056,2.6267,1.2584,0.0675,0,EP-003-04,TRUE_SURGE,train
2026-08-18 07:00:00+07:00,SKU-003,8,5.3683,4.2766,1.2553,0.0666,0,EP-003-04,TRUE_SURGE,train
2026-08-18 08:00:00+07:00,SKU-003,6,7.326,5.8506,1.2522,0.0658,0,EP-003-04,TRUE_SURGE,train
2026-08-18 09:00:00+07:00,SKU-003,20,8.5796,6.8686,1.2491,0.065,0,EP-003-04,TRUE_SURGE,train
2026-08-18 10:00:00+07:00,SKU-003,14,9.5658,7.6768,1.2461,0.0642,0,EP-003-04,TRUE_SURGE,train
2026-08-18 11:00:00+07:00,SKU-003,21,10.5434,8.4817,1.2431,0.0635,0,EP-003-04,TRUE_SURGE,train
2026-08-18 12:00:00+07:00,SKU-003,5,11.0047,8.8739,1.2401,0.0627,0,EP-003-04,TRUE_SURGE,train
2026-08-18 13:00:00+07:00,SKU-003,10,9.9452,8.0385,1.2372,0.0619,0,EP-003-04,TRUE_SURGE,train
2026-08-18 14:00:00+07:00,SKU-003,5,8.8114,7.1387,1.2343,0.0612,0,EP-003-04,TRUE_SURGE,train
2026-08-18 15:00:00+07:00,SKU-003,11,8.5231,6.9212,1.2315,0.0604,0,EP-003-04,TRUE_SURGE,train
2026-08-18 16:00:00+07:00,SKU-003,3,9.153,7.4497,1.2286,0.0597,0,EP-003-04,TRUE_SURGE,train
2026-08-18 17:00:00+07:00,SKU-003,9,10.6066,8.6525,1.2258,0.059,0,EP-003-04,TRUE_SURGE,train
2026-08-18 18:00:00+07:00,SKU-003,25,12.544,10.2559,1.2231,0.0582,0,EP-003-04,TRUE_SURGE,train
2026-08-18 19:00:00+07:00,SKU-003,9,14.6308,11.9887,1.2204,0.0575,0,EP-003-04,TRUE_SURGE,train
2026-08-18 20:00:00+07:00,SKU-003,21,15.2281,12.5057,1.2177,0.0568,0,EP-003-04,TRUE_SURGE,train
2026-08-18 21:00:00+07:00,SKU-003,16,12.641,10.4038,1.215,0.0561,0,EP-003-04,TRUE_SURGE,train
2026-08-18 22:00:00+07:00,SKU-003,5,8.2871,6.8351,1.2124,0.0555,0,EP-003-04,TRUE_SURGE,train
2026-08-18 23:00:00+07:00,SKU-003,5,4.2091,3.4791,1.2098,0.0548,0,EP-003-04,TRUE_SURGE,train
2026-08-19 00:00:00+07:00,SKU-003,1,1.9742,1.6353,1.2073,0.0541,0,EP-003-04,TRUE_SURGE,train
2026-08-19 01:00:00+07:00,SKU-003,2,1.259,1.0451,1.2048,0.0535,0,EP-003-04,TRUE_SURGE,train
2026-08-19 02:00:00+07:00,SKU-003,2,0.8626,0.7175,1.2023,0.0528,0,EP-003-04,TRUE_SURGE,train
2026-08-19 03:00:00+07:00,SKU-003,1,0.7034,0.5862,1.1998,0.0522,0,EP-003-04,TRUE_SURGE,train
2026-08-19 04:00:00+07:00,SKU-003,0,0.779,0.6506,1.1974,0.0515,0,EP-003-04,TRUE_SURGE,train
2026-08-19 05:00:00+07:00,SKU-003,5,1.3976,1.1696,1.195,0.0509,0,EP-003-04,TRUE_SURGE,train
2026-08-19 06:00:00+07:00,SKU-003,3,2.9414,2.4664,1.1926,0.0503,0,EP-003-04,TRUE_SURGE,train
2026-08-19 07:00:00+07:00,SKU-003,4,4.7847,4.0199,1.1902,0.0497,0,EP-003-04,TRUE_SURGE,train
2026-08-19 08:00:00+07:00,SKU-003,9,6.5405,5.5059,1.1879,0.0491,0,EP-003-04,TRUE_SURGE,train
2026-08-19 09:00:00+07:00,SKU-003,16,7.6731,6.4717,1.1856,0.0485,0,EP-003-04,TRUE_SURGE,train
2026-08-19 10:00:00+07:00,SKU-003,7,8.5706,7.2425,1.1834,0.0479,0,EP-003-04,TRUE_SURGE,train
2026-08-19 11:00:00+07:00,SKU-003,15,9.4641,8.0127,1.1811,0.0473,0,EP-003-04,TRUE_SURGE,train
2026-08-19 12:00:00+07:00,SKU-003,2,9.8971,8.395,1.1789,0.0467,0,EP-003-04,TRUE_SURGE,train
2026-08-19 13:00:00+07:00,SKU-003,1,8.962,7.6158,1.1768,0.0461,0,EP-003-04,TRUE_SURGE,train
2026-08-19 14:00:00+07:00,SKU-003,8,7.9563,6.7736,1.1746,0.0456,0,EP-003-04,TRUE_SURGE,train
2026-08-19 15:00:00+07:00,SKU-003,12,7.712,6.5775,1.1725,0.045,0,EP-003-04,TRUE_SURGE,train
2026-08-19 16:00:00+07:00,SKU-003,9,8.2995,7.0913,1.1704,0.0445,0,EP-003-04,TRUE_SURGE,train
2026-08-19 17:00:00+07:00,SKU-003,12,9.6385,8.25,1.1683,0.0439,0,EP-003-04,TRUE_SURGE,train
2026-08-19 18:00:00+07:00,SKU-003,15,11.4242,9.7957,1.1662,0.0434,0,EP-003-04,TRUE_SURGE,train
2026-08-19 19:00:00+07:00,SKU-003,6,13.3547,11.4709,1.1642,0.0429,0,EP-003-04,TRUE_SURGE,train
2026-08-19 20:00:00+07:00,SKU-003,9,13.9317,11.9871,1.1622,0.0423,0,EP-003-04,TRUE_SURGE,train
2026-08-19 21:00:00+07:00,SKU-003,4,11.5917,9.9907,1.1602,0.0418,0,EP-003-04,TRUE_SURGE,train
2026-08-19 22:00:00+07:00,SKU-003,7,7.6171,6.5761,1.1583,0.0413,0,EP-003-04,TRUE_SURGE,train
2026-08-19 23:00:00+07:00,SKU-003,7,3.878,3.3536,1.1564,0.0408,0,EP-003-04,TRUE_SURGE,train
2026-08-20 00:00:00+07:00,SKU-003,3,1.9414,1.6816,1.1545,0.0403,0,EP-003-04,TRUE_SURGE,train
2026-08-20 01:00:00+07:00,SKU-003,1,1.2411,1.0768,1.1526,0.0398,0,EP-003-04,TRUE_SURGE,train
2026-08-20 02:00:00+07:00,SKU-003,0,0.8524,0.7407,1.1507,0.0393,0,EP-003-04,TRUE_SURGE,train
2026-08-20 03:00:00+07:00,SKU-003,0,0.6967,0.6065,1.1489,0.0389,0,EP-003-04,TRUE_SURGE,train
2026-08-20 04:00:00+07:00,SKU-003,0,0.7735,0.6743,1.1471,0.0384,0,EP-003-04,TRUE_SURGE,train
2026-08-20 05:00:00+07:00,SKU-003,1,1.3914,1.2149,1.1453,0.0379,0,EP-003-04,TRUE_SURGE,train
2026-08-20 06:00:00+07:00,SKU-003,5,2.9355,2.5671,1.1435,0.0375,0,EP-003-04,TRUE_SURGE,train
2026-08-20 07:00:00+07:00,SKU-003,3,4.787,4.1926,1.1418,0.037,0,EP-003-04,TRUE_SURGE,train
2026-08-20 08:00:00+07:00,SKU-003,7,6.56,5.7542,1.14,0.0366,0,EP-003-04,TRUE_SURGE,train
2026-08-20 09:00:00+07:00,SKU-003,11,7.7152,6.7776,1.1383,0.0361,0,EP-003-04,TRUE_SURGE,train
2026-08-20 10:00:00+07:00,SKU-003,3,8.639,7.6004,1.1366,0.0357,0,EP-003-04,TRUE_SURGE,train
2026-08-20 11:00:00+07:00,SKU-003,8,9.5632,8.4259,1.135,0.0352,0,EP-003-04,TRUE_SURGE,train
2026-08-20 12:00:00+07:00,SKU-003,14,10.0254,8.8459,1.1333,0.0348,0,EP-003-04,TRUE_SURGE,train
2026-08-20 13:00:00+07:00,SKU-003,8,9.1003,8.0412,1.1317,0.0344,0,EP-003-04,TRUE_SURGE,train
2026-08-20 14:00:00+07:00,SKU-003,6,8.0987,7.1663,1.1301,0.034,0,EP-003-04,TRUE_SURGE,train
2026-08-20 15:00:00+07:00,SKU-003,6,7.8688,6.9727,1.1285,0.0336,0,EP-003-04,TRUE_SURGE,train
2026-08-20 16:00:00+07:00,SKU-003,6,8.4884,7.5321,1.127,0.0331,0,EP-003-04,TRUE_SURGE,train
2026-08-20 17:00:00+07:00,SKU-003,13,9.8809,8.7798,1.1254,0.0327,0,EP-003-04,TRUE_SURGE,train
2026-08-20 18:00:00+07:00,SKU-003,4,11.7386,10.4447,1.1239,0.0323,0,EP-003-04,TRUE_SURGE,train
2026-08-20 19:00:00+07:00,SKU-003,4,13.7534,12.2538,1.1224,0.0319,0,EP-003-04,TRUE_SURGE,train
2026-08-20 20:00:00+07:00,SKU-003,13,14.3797,12.8289,1.1209,0.0316,0,EP-003-04,TRUE_SURGE,train
2026-08-20 21:00:00+07:00,SKU-003,19,11.9907,10.7116,1.1194,0.0312,0,EP-003-04,TRUE_SURGE,train
2026-08-20 22:00:00+07:00,SKU-003,5,7.8962,7.063,1.118,0.0308,0,EP-003-04,TRUE_SURGE,train
2026-08-20 23:00:00+07:00,SKU-003,6,4.0285,3.6081,1.1165,0.0304,0,EP-003-04,TRUE_SURGE,train
2026-08-21 00:00:00+07:00,SKU-003,3,2.1757,1.9511,1.1151,0.03,0,EP-003-04,TRUE_SURGE,train
2026-08-21 01:00:00+07:00,SKU-003,5,1.3937,1.2514,1.1137,0.0297,0,EP-003-04,TRUE_SURGE,train
2026-08-21 02:00:00+07:00,SKU-003,2,0.959,0.8622,1.1123,0.0293,0,EP-003-04,TRUE_SURGE,train
2026-08-21 03:00:00+07:00,SKU-003,0,0.7854,0.707,1.1109,0.029,0,EP-003-04,TRUE_SURGE,train
2026-08-21 04:00:00+07:00,SKU-003,0,0.8736,0.7873,1.1096,0.0286,0,EP-003-04,TRUE_SURGE,train
2026-08-21 05:00:00+07:00,SKU-003,8,1.5741,1.4203,1.1083,0.0283,0,EP-003-04,TRUE_SURGE,train
2026-08-21 06:00:00+07:00,SKU-003,3,3.3266,3.0052,1.1069,0.0279,0,EP-003-04,TRUE_SURGE,train
2026-08-21 07:00:00+07:00,SKU-003,9,5.4337,4.9145,1.1056,0.0276,0,EP-003-04,TRUE_SURGE,train
2026-08-21 08:00:00+07:00,SKU-003,10,7.458,6.7532,1.1044,0.0272,0,,,train
2026-08-21 09:00:00+07:00,SKU-003,0,8.7844,7.9635,1.1031,0.0269,0,,,train
2026-08-21 10:00:00+07:00,SKU-003,6,9.8503,8.94,1.1018,0.0266,0,,,train
2026-08-21 11:00:00+07:00,SKU-003,3,10.919,9.9211,1.1006,0.0263,0,,,train
2026-08-21 12:00:00+07:00,SKU-003,14,11.4615,10.4256,1.0994,0.0259,0,,,train
2026-08-21 13:00:00+07:00,SKU-003,17,10.4165,9.4855,1.0982,0.0256,0,,,train
2026-08-21 14:00:00+07:00,SKU-003,5,9.2806,8.4603,1.097,0.0253,0,,,val
2026-08-21 15:00:00+07:00,SKU-003,14,9.0268,8.2378,1.0958,0.025,0,,,val
2026-08-21 16:00:00+07:00,SKU-003,4,9.7472,8.9047,1.0946,0.0247,0,,,val
2026-08-21 17:00:00+07:00,SKU-003,9,11.3566,10.3859,1.0935,0.0244,0,,,val
2026-08-21 18:00:00+07:00,SKU-003,3,13.503,12.3618,1.0923,0.0241,0,,,val
2026-08-21 19:00:00+07:00,SKU-003,17,15.8327,14.5096,1.0912,0.0238,0,,,val
2026-08-21 20:00:00+07:00,SKU-003,20,16.5651,15.1962,1.0901,0.0235,0,,,val
2026-08-21 21:00:00+07:00,SKU-003,8,13.8214,12.692,1.089,0.0232,0,,,val
2026-08-21 22:00:00+07:00,SKU-003,20,9.1065,8.3707,1.0879,0.0229,0,,,val
2026-08-21 23:00:00+07:00,SKU-003,2,4.6482,4.2768,1.0868,0.0227,0,,,val
2026-08-22 00:00:00+07:00,SKU-003,1,2.6035,2.3978,1.0858,0.0224,0,,,val
2026-08-22 01:00:00+07:00,SKU-003,0,1.6682,1.5379,1.0847,0.0221,0,,,val
2026-08-22 02:00:00+07:00,SKU-003,4,1.1482,1.0595,1.0837,0.0218,0,,,val
2026-08-22 03:00:00+07:00,SKU-003,3,0.9405,0.8686,1.0827,0.0216,0,,,val
2026-08-22 04:00:00+07:00,SKU-003,1,1.0461,0.9671,1.0817,0.0213,0,,,val
2026-08-22 05:00:00+07:00,SKU-003,3,1.8849,1.7442,1.0807,0.0211,0,,,val
2026-08-22 06:00:00+07:00,SKU-003,4,3.9833,3.6893,1.0797,0.0208,0,,,val
2026-08-22 07:00:00+07:00,SKU-003,5,6.5053,6.0306,1.0787,0.0206,0,,,val
2026-08-22 08:00:00+07:00,SKU-003,7,8.9269,8.2828,1.0778,0.0203,0,,,val
2026-08-22 09:00:00+07:00,SKU-003,9,10.5115,9.7617,1.0768,0.0201,0,,,val
2026-08-22 10:00:00+07:00,SKU-003,11,11.7828,10.9518,1.0759,0.0198,0,,,val
2026-08-22 11:00:00+07:00,SKU-003,8,13.0556,12.1452,1.075,0.0196,0,,,val
2026-08-22 12:00:00+07:00,SKU-003,9,13.6975,12.7532,1.074,0.0193,0,,,val
2026-08-22 13:00:00+07:00,SKU-003,13,12.4417,11.5937,1.0731,0.0191,0,,,val
2026-08-22 14:00:00+07:00,SKU-003,11,11.0781,10.3316,1.0723,0.0189,0,,,val
2026-08-22 15:00:00+07:00,SKU-003,7,10.7679,10.0506,1.0714,0.0186,0,,,val
2026-08-22 16:00:00+07:00,SKU-003,8,11.6185,10.8534,1.0705,0.0184,0,,,val
2026-08-22 17:00:00+07:00,SKU-003,11,13.5261,12.6454,1.0696,0.0182,0,,,val
2026-08-22 18:00:00+07:00,SKU-003,19,16.0688,15.0345,1.0688,0.018,0,,,val
2026-08-22 19:00:00+07:00,SKU-003,31,18.824,17.6262,1.068,0.0177,0,,,val
2026-08-22 20:00:00+07:00,SKU-003,27,19.6756,18.4379,1.0671,0.0175,0,,,val
2026-08-22 21:00:00+07:00,SKU-003,23,16.4,15.3801,1.0663,0.0173,0,,,val
2026-08-22 22:00:00+07:00,SKU-003,9,10.794,10.1304,1.0655,0.0171,0,,,val
2026-08-22 23:00:00+07:00,SKU-003,8,5.5033,5.1689,1.0647,0.0169,0,,,val
2026-08-23 00:00:00+07:00,SKU-003,1,2.4805,2.3315,1.0639,0.0167,0,,,val
2026-08-23 01:00:00+07:00,SKU-003,1,1.5875,1.4932,1.0631,0.0165,0,,,val
2026-08-23 02:00:00+07:00,SKU-003,1,1.0913,1.0272,1.0624,0.0163,0,,,val
2026-08-23 03:00:00+07:00,SKU-003,0,0.8927,0.8409,1.0616,0.0161,0,,,val
2026-08-23 04:00:00+07:00,SKU-003,1,0.9916,0.9347,1.0609,0.0159,0,,,val
2026-08-23 05:00:00+07:00,SKU-003,4,1.7843,1.6832,1.0601,0.0157,0,,,val
2026-08-23 06:00:00+07:00,SKU-003,5,3.7655,3.5544,1.0594,0.0155,0,,,val
2026-08-23 07:00:00+07:00,SKU-003,1,6.1408,5.8006,1.0587,0.0153,0,,,val
2026-08-23 08:00:00+07:00,SKU-003,9,8.4144,7.9535,1.0579,0.0151,0,,,val
2026-08-23 09:00:00+07:00,SKU-003,15,9.8933,9.3576,1.0572,0.0149,0,,,val
2026-08-23 10:00:00+07:00,SKU-003,6,11.073,10.4804,1.0565,0.0148,0,,,val
2026-08-23 11:00:00+07:00,SKU-003,10,12.2502,11.6021,1.0559,0.0146,0,,,val
2026-08-23 12:00:00+07:00,SKU-003,9,12.8324,12.1614,1.0552,0.0144,0,,,val
2026-08-23 13:00:00+07:00,SKU-003,6,11.6375,11.036,1.0545,0.0142,0,,,val
2026-08-23 14:00:00+07:00,SKU-003,23,10.3455,9.8169,1.0538,0.0141,0,,,val
2026-08-23 15:00:00+07:00,SKU-003,11,10.0395,9.5325,1.0532,0.0139,0,,,val
2026-08-23 16:00:00+07:00,SKU-003,9,10.815,10.2752,1.0525,0.0137,0,,,val
2026-08-23 17:00:00+07:00,SKU-003,22,12.57,11.9499,1.0519,0.0135,0,,,val
2026-08-23 18:00:00+07:00,SKU-003,11,14.9084,14.1814,1.0513,0.0134,0,,,val
2026-08-23 19:00:00+07:00,SKU-003,28,17.4357,16.5953,1.0506,0.0132,0,,,val
2026-08-23 20:00:00+07:00,SKU-003,20,18.1943,17.3276,1.05,0.0131,0,,,val
2026-08-23 21:00:00+07:00,SKU-003,14,15.1402,14.4272,1.0494,0.0129,0,,,val
2026-08-23 22:00:00+07:00,SKU-003,18,9.9482,9.4852,1.0488,0.0127,0,,,val
2026-08-23 23:00:00+07:00,SKU-003,7,5.0637,4.8308,1.0482,0.0126,0,,,val
2026-08-24 00:00:00+07:00,SKU-003,1,2.0659,1.972,1.0476,0.0124,0,,,val
2026-08-24 01:00:00+07:00,SKU-003,0,1.32,1.2606,1.0471,0.0123,0,,,val
2026-08-24 02:00:00+07:00,SKU-003,0,0.9059,0.8657,1.0465,0.0121,0,,,val
2026-08-24 03:00:00+07:00,SKU-003,1,0.7398,0.7074,1.0459,0.012,0,,,val
2026-08-24 04:00:00+07:00,SKU-003,1,0.8205,0.7849,1.0454,0.0118,0,,,val
2026-08-24 05:00:00+07:00,SKU-003,0,1.4741,1.4109,1.0448,0.0117,0,,,val
2026-08-24 06:00:00+07:00,SKU-003,4,3.1058,2.9742,1.0443,0.0116,0,,,val
2026-08-24 07:00:00+07:00,SKU-003,9,5.0572,4.8454,1.0437,0.0114,0,,,val
2026-08-24 08:00:00+07:00,SKU-003,17,6.9189,6.6325,1.0432,0.0113,0,,,val
2026-08-24 09:00:00+07:00,SKU-003,4,8.1226,7.7903,1.0427,0.0111,0,,,val
2026-08-24 10:00:00+07:00,SKU-003,6,9.0776,8.7106,1.0421,0.011,0,,,val
2026-08-24 11:00:00+07:00,SKU-003,12,10.028,9.6273,1.0416,0.0109,0,,,val
2026-08-24 12:00:00+07:00,SKU-003,9,10.4896,10.0754,1.0411,0.0107,0,,,val
2026-08-24 13:00:00+07:00,SKU-003,8,9.4996,9.1288,1.0406,0.0106,0,,,val
2026-08-24 14:00:00+07:00,SKU-003,7,8.4334,8.1081,1.0401,0.0105,0,,,val
2026-08-24 15:00:00+07:00,SKU-003,4,8.1731,7.8616,1.0396,0.0103,0,,,val
2026-08-24 16:00:00+07:00,SKU-003,8,8.7931,8.4619,1.0391,0.0102,0,,,val
2026-08-24 17:00:00+07:00,SKU-003,12,10.2073,9.8272,1.0387,0.0101,0,,,val
2026-08-24 18:00:00+07:00,SKU-003,18,12.0915,11.6466,1.0382,0.01,0,,,val
2026-08-24 19:00:00+07:00,SKU-003,11,14.1249,13.6113,1.0377,0.0099,0,,,val
2026-08-24 20:00:00+07:00,SKU-003,16,14.7231,14.194,1.0373,0.0097,0,,,val
2026-08-24 21:00:00+07:00,SKU-003,10,12.2385,11.8039,1.0368,0.0096,0,,,val
2026-08-24 22:00:00+07:00,SKU-003,8,8.0334,7.7515,1.0364,0.0095,0,,,val
2026-08-24 23:00:00+07:00,SKU-003,4,4.0851,3.9434,1.0359,0.0094,0,,,val
2026-08-25 00:00:00+07:00,SKU-003,2,1.8438,1.7806,1.0355,0.0093,0,,,val
2026-08-25 01:00:00+07:00,SKU-003,1,1.177,1.1371,1.0351,0.0092,0,,,val
2026-08-25 02:00:00+07:00,SKU-003,1,0.8071,0.7801,1.0346,0.009,0,,,val
2026-08-25 03:00:00+07:00,SKU-003,1,0.6587,0.6369,1.0342,0.0089,0,,,val
2026-08-25 04:00:00+07:00,SKU-003,0,0.73,0.7062,1.0338,0.0088,0,,,val
2026-08-25 05:00:00+07:00,SKU-003,1,1.3107,1.2684,1.0334,0.0087,0,,,val
2026-08-25 06:00:00+07:00,SKU-003,5,2.76,2.6719,1.033,0.0086,0,,,val
2026-08-25 07:00:00+07:00,SKU-003,12,4.4918,4.3501,1.0326,0.0085,0,,,val
2026-08-25 08:00:00+07:00,SKU-003,4,6.1428,5.9512,1.0322,0.0084,0,,,val
2026-08-25 09:00:00+07:00,SKU-003,6,7.2088,6.9867,1.0318,0.0083,0,,,val
2026-08-25 10:00:00+07:00,SKU-003,10,8.054,7.8088,1.0314,0.0082,0,,,val
2026-08-25 11:00:00+07:00,SKU-003,8,8.8951,8.6275,1.031,0.0081,0,,,val
2026-08-25 12:00:00+07:00,SKU-003,7,9.3031,9.0265,1.0306,0.008,0,,,val
2026-08-25 13:00:00+07:00,SKU-003,5,8.4242,8.1767,1.0303,0.0079,0,,,val
2026-08-25 14:00:00+07:00,SKU-003,5,7.4785,7.2614,1.0299,0.0078,0,,,val
2026-08-25 15:00:00+07:00,SKU-003,0,7.2481,7.0402,1.0295,0.0077,0,,,val
2026-08-25 16:00:00+07:00,SKU-003,9,7.7988,7.5778,1.0292,0.0076,0,,,val
2026-08-25 17:00:00+07:00,SKU-003,6,9.0548,8.8012,1.0288,0.0075,0,,,val
2026-08-25 18:00:00+07:00,SKU-003,8,10.7291,10.4322,1.0285,0.0074,0,,,val
2026-08-25 19:00:00+07:00,SKU-003,16,12.5376,12.1947,1.0281,0.0073,0,,,val
2026-08-25 20:00:00+07:00,SKU-003,13,13.0739,12.7205,1.0278,0.0073,0,,,val
2026-08-25 21:00:00+07:00,SKU-003,4,10.8729,10.5825,1.0274,0.0072,0,,,val
2026-08-25 22:00:00+07:00,SKU-003,5,7.141,6.9525,1.0271,0.0071,0,,,val
2026-08-25 23:00:00+07:00,SKU-003,2,3.6336,3.5388,1.0268,0.007,0,,,val
2026-08-26 00:00:00+07:00,SKU-003,1,1.7074,1.6634,1.0264,0.0069,0,,,val
2026-08-26 01:00:00+07:00,SKU-003,1,1.0908,1.063,1.0261,0.0068,0,,,val
2026-08-26 02:00:00+07:00,SKU-003,0,0.7486,0.7298,1.0258,0.0067,0,,,val
2026-08-26 03:00:00+07:00,SKU-003,0,0.6115,0.5963,1.0255,0.0067,0,,,val
2026-08-26 04:00:00+07:00,SKU-003,0,0.6784,0.6617,1.0252,0.0066,0,,,val
2026-08-26 05:00:00+07:00,SKU-003,0,1.2193,1.1897,1.0249,0.0065,0,,,val
2026-08-26 06:00:00+07:00,SKU-003,3,2.5704,2.5087,1.0246,0.0064,0,,,val
2026-08-26 07:00:00+07:00,SKU-003,2,4.1882,4.0889,1.0243,0.0063,0,,,val
2026-08-26 08:00:00+07:00,SKU-003,8,5.7346,5.6003,1.024,0.0063,0,,,val
2026-08-26 09:00:00+07:00,SKU-003,9,6.7387,6.5828,1.0237,0.0062,0,,,val
2026-08-26 10:00:00+07:00,SKU-003,7,7.5391,7.3668,1.0234,0.0061,0,,,val
2026-08-26 11:00:00+07:00,SKU-003,8,8.3385,8.1501,1.0231,0.006,0,,,val
2026-08-26 12:00:00+07:00,SKU-003,2,8.734,8.539,1.0228,0.006,0,,,val
2026-08-26 13:00:00+07:00,SKU-003,9,7.9212,7.7464,1.0226,0.0059,0,,,val
2026-08-26 14:00:00+07:00,SKU-003,14,7.0433,6.8898,1.0223,0.0058,0,,,val
2026-08-26 15:00:00+07:00,SKU-003,9,6.8376,6.6903,1.022,0.0057,0,,,val
2026-08-26 16:00:00+07:00,SKU-003,8,7.3697,7.2129,1.0217,0.0057,0,,,val
2026-08-26 17:00:00+07:00,SKU-003,4,8.5716,8.3914,1.0215,0.0056,0,,,val
2026-08-26 18:00:00+07:00,SKU-003,22,10.175,9.9636,1.0212,0.0055,0,,,val
2026-08-26 19:00:00+07:00,SKU-003,11,11.912,11.6675,1.021,0.0055,0,,,val
2026-08-26 20:00:00+07:00,SKU-003,9,12.4449,12.1926,1.0207,0.0054,0,,,val
2026-08-26 21:00:00+07:00,SKU-003,25,10.3697,10.1619,1.0204,0.0053,0,,,val
2026-08-26 22:00:00+07:00,SKU-003,6,6.8239,6.6888,1.0202,0.0053,0,,,val
2026-08-26 23:00:00+07:00,SKU-003,7,3.4791,3.4111,1.02,0.0052,0,,,val
2026-08-27 00:00:00+07:00,SKU-003,0,1.7441,1.7104,1.0197,0.0051,0,,,val
2026-08-27 01:00:00+07:00,SKU-003,0,1.1165,1.0952,1.0195,0.0051,0,,,val
2026-08-27 02:00:00+07:00,SKU-003,0,0.7679,0.7534,1.0192,0.005,0,,,val
2026-08-27 03:00:00+07:00,SKU-003,2,0.6286,0.6168,1.019,0.005,0,,,val
2026-08-27 04:00:00+07:00,SKU-003,0,0.6988,0.6859,1.0188,0.0049,0,,,val
2026-08-27 05:00:00+07:00,SKU-003,0,1.2586,1.2357,1.0185,0.0048,0,,,val
2026-08-27 06:00:00+07:00,SKU-003,3,2.6588,2.611,1.0183,0.0048,0,,,val
2026-08-27 07:00:00+07:00,SKU-003,1,4.3415,4.2644,1.0181,0.0047,0,,,val
2026-08-27 08:00:00+07:00,SKU-003,4,5.9573,5.8527,1.0179,0.0047,0,,,val
2026-08-27 09:00:00+07:00,SKU-003,10,7.0153,6.8936,1.0177,0.0046,0,,,val
2026-08-27 10:00:00+07:00,SKU-003,14,7.8653,7.7305,1.0174,0.0046,0,,,val
2026-08-27 11:00:00+07:00,SKU-003,7,8.7177,8.57,1.0172,0.0045,0,,,val
2026-08-27 12:00:00+07:00,SKU-003,6,9.1503,8.9973,1.017,0.0044,0,,,val
2026-08-27 13:00:00+07:00,SKU-003,6,8.3162,8.1787,1.0168,0.0044,0,,,val
2026-08-27 14:00:00+07:00,SKU-003,11,7.4099,7.2888,1.0166,0.0043,0,,,val
2026-08-27 15:00:00+07:00,SKU-003,12,7.2082,7.0919,1.0164,0.0043,0,,,val
2026-08-27 16:00:00+07:00,SKU-003,7,7.785,7.6609,1.0162,0.0042,0,,,val
2026-08-27 17:00:00+07:00,SKU-003,12,9.0728,8.9299,1.016,0.0042,0,,,val
2026-08-27 18:00:00+07:00,SKU-003,18,10.7912,10.6233,1.0158,0.0041,0,,,val
2026-08-27 19:00:00+07:00,SKU-003,7,12.658,12.4633,1.0156,0.0041,0,,,val
2026-08-27 20:00:00+07:00,SKU-003,6,13.2495,13.0482,1.0154,0.004,0,,,val
2026-08-27 21:00:00+07:00,SKU-003,20,11.0607,10.8947,1.0152,0.004,0,,,val
2026-08-27 22:00:00+07:00,SKU-003,12,7.2919,7.1837,1.0151,0.0039,0,,,val
2026-08-27 23:00:00+07:00,SKU-003,4,3.7243,3.6698,1.0149,0.0039,0,,,val
2026-08-28 00:00:00+07:00,SKU-003,2,2.0136,1.9845,1.0147,0.0038,0,,,val
2026-08-28 01:00:00+07:00,SKU-003,0,1.2912,1.2728,1.0145,0.0038,0,,,val
2026-08-28 02:00:00+07:00,SKU-003,1,0.8895,0.8769,1.0143,0.0037,0,,,val
2026-08-28 03:00:00+07:00,SKU-003,1,0.7292,0.7191,1.0142,0.0037,0,,,val
2026-08-28 04:00:00+07:00,SKU-003,1,0.8119,0.8007,1.014,0.0037,0,,,val
2026-08-28 05:00:00+07:00,SKU-003,1,1.4645,1.4446,1.0138,0.0036,0,,,val
2026-08-28 06:00:00+07:00,SKU-003,0,3.0983,3.0565,1.0136,0.0036,0,,,val
2026-08-28 07:00:00+07:00,SKU-003,5,5.0658,4.9984,1.0135,0.0035,0,,,val
2026-08-28 08:00:00+07:00,SKU-003,9,6.96,6.8686,1.0133,0.0035,0,,,val
2026-08-28 09:00:00+07:00,SKU-003,15,8.206,8.0995,1.0132,0.0034,0,,,val
2026-08-28 10:00:00+07:00,SKU-003,6,9.2107,9.0926,1.013,0.0034,0,,,val
2026-08-28 11:00:00+07:00,SKU-003,3,10.2199,10.0904,1.0128,0.0034,0,,,val
2026-08-28 12:00:00+07:00,SKU-003,10,10.7379,10.6035,1.0127,0.0033,0,,,val
2026-08-28 13:00:00+07:00,SKU-003,8,9.7682,9.6473,1.0125,0.0033,0,,,val
2026-08-28 14:00:00+07:00,SKU-003,14,8.7111,8.6047,1.0124,0.0032,0,,,val
2026-08-28 15:00:00+07:00,SKU-003,4,8.4808,8.3784,1.0122,0.0032,0,,,val
2026-08-28 16:00:00+07:00,SKU-003,14,9.166,9.0566,1.0121,0.0032,0,,,val
2026-08-28 17:00:00+07:00,SKU-003,9,10.6891,10.5631,1.0119,0.0031,0,,,val
2026-08-28 18:00:00+07:00,SKU-003,20,12.7208,12.5727,1.0118,0.0031,0,,,val
2026-08-28 19:00:00+07:00,SKU-003,15,14.9287,14.757,1.0116,0.003,0,,,val
2026-08-28 20:00:00+07:00,SKU-003,14,15.633,15.4553,1.0115,0.003,0,,,val
2026-08-28 21:00:00+07:00,SKU-003,11,13.055,12.9084,1.0114,0.003,0,,,val
2026-08-28 22:00:00+07:00,SKU-003,6,8.6089,8.5134,1.0112,0.0029,0,,,val
2026-08-28 23:00:00+07:00,SKU-003,5,4.3979,4.3497,1.0111,0.0029,0,,,val
2026-08-29 00:00:00+07:00,SKU-003,2,2.4654,2.4387,1.0109,0.0029,0,,,val
2026-08-29 01:00:00+07:00,SKU-003,2,1.581,1.5641,1.0108,0.0028,0,,,val
2026-08-29 02:00:00+07:00,SKU-003,1,1.0891,1.0775,1.0107,0.0028,0,,,val
2026-08-29 03:00:00+07:00,SKU-003,0,0.8928,0.8834,1.0105,0.0028,0,,,val
2026-08-29 04:00:00+07:00,SKU-003,1,0.9938,0.9836,1.0104,0.0027,0,,,val
2026-08-29 05:00:00+07:00,SKU-003,0,1.7922,1.7739,1.0103,0.0027,0,,,val
2026-08-29 06:00:00+07:00,SKU-003,7,3.7903,3.7521,1.0102,0.0027,0,,,val
2026-08-29 07:00:00+07:00,SKU-003,4,6.1949,6.1333,1.01,0.0026,0,,,val
2026-08-29 08:00:00+07:00,SKU-003,11,8.5074,8.4239,1.0099,0.0026,0,,,val
2026-08-29 09:00:00+07:00,SKU-003,13,10.0252,9.9279,1.0098,0.0026,0,,,val
2026-08-29 10:00:00+07:00,SKU-003,8,11.2461,11.1383,1.0097,0.0025,0,,,val
2026-08-29 11:00:00+07:00,SKU-003,19,12.4702,12.352,1.0096,0.0025,0,,,val
2026-08-29 12:00:00+07:00,SKU-003,13,13.0929,12.9703,1.0094,0.0025,0,,,val
2026-08-29 13:00:00+07:00,SKU-003,13,11.9012,11.7911,1.0093,0.0024,0,,,val
2026-08-29 14:00:00+07:00,SKU-003,9,10.6044,10.5075,1.0092,0.0024,0,,,val
2026-08-29 15:00:00+07:00,SKU-003,11,10.3147,10.2216,1.0091,0.0024,0,,,val
2026-08-29 16:00:00+07:00,SKU-003,6,11.1374,11.0381,1.009,0.0023,0,,,val
2026-08-29 17:00:00+07:00,SKU-003,12,12.9749,12.8606,1.0089,0.0023,0,EP-003-05,FADING_SURGE,val
2026-08-29 18:00:00+07:00,SKU-003,12,15.4246,15.2904,1.0088,0.2,0,EP-003-05,FADING_SURGE,val
2026-08-29 19:00:00+07:00,SKU-003,9,18.0815,17.9261,1.0087,0.4,0,EP-003-05,FADING_SURGE,val
2026-08-29 20:00:00+07:00,SKU-003,22,18.9122,18.7516,1.0086,0.6,0,EP-003-05,FADING_SURGE,val
2026-08-29 21:00:00+07:00,SKU-003,12,15.7741,15.6418,1.0085,0.8,0,EP-003-05,FADING_SURGE,val
2026-08-29 22:00:00+07:00,SKU-003,13,10.3888,10.3027,1.0084,1.0,0,EP-003-05,FADING_SURGE,val
2026-08-29 23:00:00+07:00,SKU-003,3,5.3002,5.2568,1.0083,0.8968,0,EP-003-05,FADING_SURGE,val
2026-08-30 00:00:00+07:00,SKU-003,2,2.3905,2.3711,1.0082,0.8043,0,EP-003-05,FADING_SURGE,val
2026-08-30 01:00:00+07:00,SKU-003,3,1.5308,1.5186,1.0081,0.7213,0,EP-003-05,FADING_SURGE,val
2026-08-30 02:00:00+07:00,SKU-003,1,1.053,1.0447,1.008,0.6469,0,EP-003-05,FADING_SURGE,val
2026-08-30 03:00:00+07:00,SKU-003,3,1.3992,0.8552,1.6361,0.5802,0,EP-003-05,FADING_SURGE,val
2026-08-30 04:00:00+07:00,SKU-003,0,2.16,0.9506,2.2722,0.5203,0,EP-003-05,FADING_SURGE,val
2026-08-30 05:00:00+07:00,SKU-003,2,4.9784,1.7118,2.9083,0.4666,0,EP-003-05,FADING_SURGE,val
2026-08-30 06:00:00+07:00,SKU-003,19,12.8124,3.6148,3.5444,0.4185,0,EP-003-05,FADING_SURGE,val
2026-08-30 07:00:00+07:00,SKU-003,16,24.6615,5.8991,4.1805,0.3753,0,EP-003-05,FADING_SURGE,val
2026-08-30 08:00:00+07:00,SKU-003,32,31.1606,8.0886,3.8524,0.3366,0,EP-003-05,FADING_SURGE,val
2026-08-30 09:00:00+07:00,SKU-003,24,33.8611,9.5166,3.5581,0.3019,0,EP-003-05,FADING_SURGE,val
2026-08-30 10:00:00+07:00,SKU-003,58,35.1107,10.6584,3.2942,0.2707,0,EP-003-05,FADING_SURGE,val
2026-08-30 11:00:00+07:00,SKU-003,33,36.0759,11.7992,3.0575,0.2428,0,EP-003-05,FADING_SURGE,val
2026-08-30 12:00:00+07:00,SKU-003,47,35.1895,12.368,2.8452,0.2177,0,EP-003-05,FADING_SURGE,val
2026-08-30 13:00:00+07:00,SKU-003,33,29.7964,11.2234,2.6548,0.1953,0,EP-003-05,FADING_SURGE,val
2026-08-30 14:00:00+07:00,SKU-003,29,24.8004,9.9836,2.4841,0.1751,0,EP-003-05,FADING_SURGE,val
2026-08-30 15:00:00+07:00,SKU-003,25,22.5975,9.6944,2.331,0.1571,0,EP-003-05,FADING_SURGE,val
2026-08-30 16:00:00+07:00,SKU-003,27,22.9231,10.4496,2.1937,0.1409,0,EP-003-05,FADING_SURGE,val
2026-08-30 17:00:00+07:00,SKU-003,23,25.1624,12.1527,2.0705,0.1263,0,EP-003-05,FADING_SURGE,val
2026-08-30 18:00:00+07:00,SKU-003,16,28.2684,14.4221,1.9601,0.1133,0,EP-003-05,FADING_SURGE,val
2026-08-30 19:00:00+07:00,SKU-003,14,31.4085,16.877,1.861,0.1016,0,EP-003-05,FADING_SURGE,val
2026-08-30 20:00:00+07:00,SKU-003,23,31.2288,17.6216,1.7722,0.0911,0,EP-003-05,FADING_SURGE,val
2026-08-30 21:00:00+07:00,SKU-003,32,24.8328,14.6721,1.6925,0.0817,0,EP-003-05,FADING_SURGE,val
2026-08-30 22:00:00+07:00,SKU-003,10,15.6371,9.6462,1.6211,0.0733,0,EP-003-05,FADING_SURGE,val
2026-08-30 23:00:00+07:00,SKU-003,5,7.6491,4.9127,1.557,0.0657,0,EP-003-05,FADING_SURGE,val
2026-08-31 00:00:00+07:00,SKU-003,3,3.0072,2.0055,1.4995,0.0589,0,EP-003-05,FADING_SURGE,val
2026-08-31 01:00:00+07:00,SKU-003,0,1.8564,1.282,1.448,0.0529,0,EP-003-05,FADING_SURGE,val
2026-08-31 02:00:00+07:00,SKU-003,0,1.234,0.8803,1.4018,0.0474,0,EP-003-05,FADING_SURGE,val
2026-08-31 03:00:00+07:00,SKU-003,3,0.9786,0.7194,1.3603,0.0425,0,EP-003-05,FADING_SURGE,val
2026-08-31 04:00:00+07:00,SKU-003,2,1.0562,0.7982,1.3231,0.0381,0,EP-003-05,FADING_SURGE,val
2026-08-31 05:00:00+07:00,SKU-003,1,1.8506,1.4348,1.2898,0.0342,0,EP-003-05,FADING_SURGE,val
2026-08-31 06:00:00+07:00,SKU-003,5,3.8108,3.0246,1.2599,0.0307,0,EP-003-05,FADING_SURGE,val
2026-08-31 07:00:00+07:00,SKU-003,1,6.0761,4.9275,1.2331,0.0275,0,EP-003-05,FADING_SURGE,val
2026-08-31 08:00:00+07:00,SKU-003,12,8.1549,6.7449,1.209,0.0247,0,EP-003-05,FADING_SURGE,val
2026-08-31 09:00:00+07:00,SKU-003,10,9.4076,7.9223,1.1875,0.0221,0,EP-003-05,FADING_SURGE,val
2026-08-31 10:00:00+07:00,SKU-003,7,10.3476,8.8582,1.1681,0.0198,0,EP-003-05,FADING_SURGE,val
2026-08-31 11:00:00+07:00,SKU-003,8,11.2667,9.7905,1.1508,0.0178,0,EP-003-05,FADING_SURGE,val
2026-08-31 12:00:00+07:00,SKU-003,3,11.6317,10.2461,1.1352,0.016,0,EP-003-05,FADING_SURGE,val
2026-08-31 13:00:00+07:00,SKU-003,5,10.4094,9.2835,1.1213,0.0143,0,EP-003-05,FADING_SURGE,val
2026-08-31 14:00:00+07:00,SKU-003,8,9.1423,8.2454,1.1088,0.0128,0,,,val
2026-08-31 15:00:00+07:00,SKU-003,11,8.7746,7.9947,1.0975,0.0115,0,,,val
2026-08-31 16:00:00+07:00,SKU-003,12,9.358,8.6052,1.0875,0.0103,0,,,val
2026-08-31 17:00:00+07:00,SKU-003,11,10.7777,9.9937,1.0785,0.0093,0,,,val
2026-08-31 18:00:00+07:00,SKU-003,14,12.6772,11.8438,1.0704,0.0083,0,,,val
2026-08-31 19:00:00+07:00,SKU-003,31,14.7152,13.8418,1.0631,0.0074,0,,,val
2026-08-31 20:00:00+07:00,SKU-003,11,15.2511,14.4343,1.0566,0.0067,0,,,val
2026-08-31 21:00:00+07:00,SKU-003,13,12.6129,12.0037,1.0508,0.006,0,,,val
2026-08-31 22:00:00+07:00,SKU-003,4,8.2415,7.8827,1.0455,0.0054,0,,,val
2026-08-31 23:00:00+07:00,SKU-003,10,4.1739,4.0102,1.0408,0.0048,0,,,val
2026-09-01 00:00:00+07:00,SKU-003,2,1.877,1.8107,1.0366,0.0043,0,,,val
2026-09-01 01:00:00+07:00,SKU-003,0,1.1943,1.1564,1.0328,0.0039,0,,,val
2026-09-01 02:00:00+07:00,SKU-003,1,0.8167,0.7933,1.0294,0.0035,0,,,val
2026-09-01 03:00:00+07:00,SKU-003,0,0.6648,0.6477,1.0264,0.0031,0,,,val
2026-09-01 04:00:00+07:00,SKU-003,0,0.7351,0.7181,1.0237,0.0028,0,,,val
2026-09-01 05:00:00+07:00,SKU-003,1,1.3172,1.2898,1.0212,0.0025,0,,,val
2026-09-01 06:00:00+07:00,SKU-003,1,2.7689,2.7171,1.019,0.0022,0,,,val
2026-09-01 07:00:00+07:00,SKU-003,4,4.4993,4.4237,1.0171,0.002,0,,,val
2026-09-01 08:00:00+07:00,SKU-003,5,6.1446,6.0519,1.0153,0.0018,0,,,val
2026-09-01 09:00:00+07:00,SKU-003,3,7.2025,7.1048,1.0137,0.0016,0,,,val
2026-09-01 10:00:00+07:00,SKU-003,8,8.0386,7.9408,1.0123,0.0015,0,,,val
2026-09-01 11:00:00+07:00,SKU-003,12,8.8703,8.7734,1.0111,0.0013,0,,,val
2026-09-01 12:00:00+07:00,SKU-003,7,9.27,9.1791,1.0099,0.0012,0,,,val
2026-09-01 13:00:00+07:00,SKU-003,9,8.3888,8.3149,1.0089,0.001,0,,,val
2026-09-01 14:00:00+07:00,SKU-003,10,7.443,7.3841,1.008,0.001,0,,,val
2026-09-01 15:00:00+07:00,SKU-003,2,7.2103,7.1591,1.0071,0.001,0,,,val
2026-09-01 16:00:00+07:00,SKU-003,4,7.7552,7.7058,1.0064,0.001,0,,,val
2026-09-01 17:00:00+07:00,SKU-003,14,9.0013,8.9499,1.0057,0.001,0,,,val
2026-09-01 18:00:00+07:00,SKU-003,3,10.6631,10.6084,1.0052,0.001,0,,,val
2026-09-01 19:00:00+07:00,SKU-003,21,12.458,12.4007,1.0046,0.001,0,,,val
2026-09-01 20:00:00+07:00,SKU-003,15,12.989,12.9354,1.0041,0.001,0,,,val
2026-09-01 21:00:00+07:00,SKU-003,8,10.8012,10.7612,1.0037,0.001,0,,,val
2026-09-01 22:00:00+07:00,SKU-003,3,7.0944,7.0699,1.0035,0.001,0,,,val
2026-09-01 23:00:00+07:00,SKU-003,4,3.6109,3.5986,1.0034,0.001,0,,,val
2026-09-02 00:00:00+07:00,SKU-003,3,1.6972,1.6914,1.0034,0.0009,0,,,val
2026-09-02 01:00:00+07:00,SKU-003,2,1.0845,1.0809,1.0033,0.0009,0,,,val
2026-09-02 02:00:00+07:00,SKU-003,1,0.7445,0.7421,1.0033,0.0009,0,,,val
2026-09-02 03:00:00+07:00,SKU-003,0,0.6083,0.6064,1.0033,0.0009,0,,,val
2026-09-02 04:00:00+07:00,SKU-003,0,0.675,0.6729,1.0032,0.0009,0,,,val
2026-09-02 05:00:00+07:00,SKU-003,2,1.2136,1.2098,1.0032,0.0009,0,,,val
2026-09-02 06:00:00+07:00,SKU-003,0,2.5591,2.5511,1.0031,0.0009,0,,,val
2026-09-02 07:00:00+07:00,SKU-003,2,4.1708,4.1579,1.0031,0.0009,0,,,val
2026-09-02 08:00:00+07:00,SKU-003,5,5.7122,5.6948,1.0031,0.0009,0,,,val
2026-09-02 09:00:00+07:00,SKU-003,8,6.714,6.6938,1.003,0.0009,0,,,val
2026-09-02 10:00:00+07:00,SKU-003,10,7.5134,7.491,1.003,0.0009,0,,,val
2026-09-02 11:00:00+07:00,SKU-003,22,8.312,8.2876,1.0029,0.0009,0,,,val
2026-09-02 12:00:00+07:00,SKU-003,6,8.7083,8.683,1.0029,0.0009,0,,,val
2026-09-02 13:00:00+07:00,SKU-003,11,7.8997,7.8771,1.0029,0.0009,0,,,val
2026-09-02 14:00:00+07:00,SKU-003,4,7.0258,7.0059,1.0028,0.0008,0,,,val
2026-09-02 15:00:00+07:00,SKU-003,3,6.8222,6.8031,1.0028,0.0008,0,,,val
2026-09-02 16:00:00+07:00,SKU-003,8,7.3548,7.3345,1.0028,0.0008,0,,,val
2026-09-02 17:00:00+07:00,SKU-003,15,8.5562,8.5328,1.0027,0.0008,0,,,val
2026-09-02 18:00:00+07:00,SKU-003,9,10.1589,10.1315,1.0027,0.0008,0,,,val
2026-09-02 19:00:00+07:00,SKU-003,10,11.8958,11.8641,1.0027,0.0008,0,,,val
2026-09-02 20:00:00+07:00,SKU-003,17,12.4307,12.398,1.0026,0.0008,0,,,val
2026-09-02 21:00:00+07:00,SKU-003,8,10.3601,10.3331,1.0026,0.0008,0,,,val
2026-09-02 22:00:00+07:00,SKU-003,6,6.819,6.8014,1.0026,0.0008,0,,,val
2026-09-02 23:00:00+07:00,SKU-003,4,3.4774,3.4685,1.0025,0.0008,0,,,val
2026-09-03 00:00:00+07:00,SKU-003,3,1.7436,1.7392,1.0025,0.0008,0,,,val
2026-09-03 01:00:00+07:00,SKU-003,2,1.1164,1.1137,1.0025,0.0008,0,,,val
2026-09-03 02:00:00+07:00,SKU-003,1,0.768,0.7661,1.0025,0.0008,0,,,val
2026-09-03 03:00:00+07:00,SKU-003,2,0.6287,0.6272,1.0024,0.0008,0,,,val
2026-09-03 04:00:00+07:00,SKU-003,1,0.6991,0.6974,1.0024,0.0008,0,,,val
2026-09-03 05:00:00+07:00,SKU-003,3,1.2594,1.2565,1.0024,0.0008,0,,,val
2026-09-03 06:00:00+07:00,SKU-003,1,2.6612,2.655,1.0023,0.0007,0,,,val
2026-09-03 07:00:00+07:00,SKU-003,3,4.3462,4.3362,1.0023,0.0007,0,,,val
2026-09-03 08:00:00+07:00,SKU-003,2,5.9648,5.9512,1.0023,0.0007,0,,,val
2026-09-03 09:00:00+07:00,SKU-003,10,7.0254,7.0096,1.0023,0.0007,0,,,val
2026-09-03 10:00:00+07:00,SKU-003,6,7.878,7.8605,1.0022,0.0007,0,,,val
2026-09-03 11:00:00+07:00,SKU-003,2,8.7334,8.7142,1.0022,0.0007,0,,,val
2026-09-03 12:00:00+07:00,SKU-003,17,9.1685,9.1486,1.0022,0.0007,0,,,val
2026-09-03 13:00:00+07:00,SKU-003,6,8.3341,8.3163,1.0021,0.0007,0,,,val
2026-09-03 14:00:00+07:00,SKU-003,11,7.4271,7.4114,1.0021,0.0007,0,,,val
2026-09-03 15:00:00+07:00,SKU-003,0,7.2263,7.2112,1.0021,0.0007,0,,,val
2026-09-03 16:00:00+07:00,SKU-003,25,11.9828,11.958,1.0021,0.0007,0,,,val
2026-09-03 17:00:00+07:00,SKU-003,7,13.9673,13.9388,1.002,0.0007,0,,,val
2026-09-03 18:00:00+07:00,SKU-003,23,16.6154,16.5819,1.002,0.0007,0,,,val
2026-09-03 19:00:00+07:00,SKU-003,3,19.4929,19.4541,1.002,0.0007,0,,,val
2026-09-03 20:00:00+07:00,SKU-003,10,20.4071,20.367,1.002,0.0007,0,,,val
2026-09-03 21:00:00+07:00,SKU-003,5,17.0386,17.0056,1.0019,0.0007,0,,,val
2026-09-03 22:00:00+07:00,SKU-003,7,11.2346,11.2131,1.0019,0.0007,0,,,val
2026-09-03 23:00:00+07:00,SKU-003,4,5.739,5.7282,1.0019,0.0007,0,,,val
2026-09-04 00:00:00+07:00,SKU-003,1,3.1034,3.0976,1.0019,0.0006,0,,,val
2026-09-04 01:00:00+07:00,SKU-003,3,1.9903,1.9867,1.0019,0.0006,0,,,val
2026-09-04 02:00:00+07:00,SKU-003,5,1.3713,1.3688,1.0018,0.0006,0,,,test
2026-09-04 03:00:00+07:00,SKU-003,2,1.1244,1.1224,1.0018,0.0006,0,,,test
2026-09-04 04:00:00+07:00,SKU-003,1,1.2521,1.2498,1.0018,0.0006,0,,,test
2026-09-04 05:00:00+07:00,SKU-003,3,2.2588,2.2548,1.0018,0.0006,0,,,test
2026-09-04 06:00:00+07:00,SKU-003,4,4.7792,4.7709,1.0017,0.0006,0,,,test
2026-09-04 07:00:00+07:00,SKU-003,6,7.8154,7.802,1.0017,0.0006,0,,,test
2026-09-04 08:00:00+07:00,SKU-003,7,10.7392,10.721,1.0017,0.0006,0,,,test
2026-09-04 09:00:00+07:00,SKU-003,5,12.6634,12.6422,1.0017,0.0006,0,,,test
2026-09-04 10:00:00+07:00,SKU-003,17,14.2159,14.1923,1.0017,0.0006,0,,,test
2026-09-04 11:00:00+07:00,SKU-003,20,15.7756,15.7498,1.0016,0.0006,0,,,test
2026-09-04 12:00:00+07:00,SKU-003,20,16.5774,16.5506,1.0016,0.0006,0,,,test
2026-09-04 13:00:00+07:00,SKU-003,12,15.0822,15.0582,1.0016,0.0006,0,,,test
2026-09-04 14:00:00+07:00,SKU-003,4,13.4519,13.4307,1.0016,0.0006,0,,,test
2026-09-04 15:00:00+07:00,SKU-003,10,13.0979,13.0775,1.0016,0.0006,0,,,test
2026-09-04 16:00:00+07:00,SKU-003,17,14.1578,14.1361,1.0015,0.0006,0,,,test
2026-09-04 17:00:00+07:00,SKU-003,32,16.5125,16.4875,1.0015,0.0006,0,,,test
2026-09-04 18:00:00+07:00,SKU-003,16,19.6535,19.624,1.0015,0.0006,0,,,test
2026-09-04 19:00:00+07:00,SKU-003,19,23.0676,23.0334,1.0015,0.0006,0,,,test
2026-09-04 20:00:00+07:00,SKU-003,18,24.1587,24.1233,1.0015,0.0006,0,,,test
2026-09-04 21:00:00+07:00,SKU-003,21,20.1771,20.1479,1.0014,0.0006,0,,,test
2026-09-04 22:00:00+07:00,SKU-003,18,13.3071,13.2881,1.0014,0.0005,0,,,test
2026-09-04 23:00:00+07:00,SKU-003,6,6.7988,6.7892,1.0014,0.0005,0,,,test
2026-09-05 00:00:00+07:00,SKU-003,2,3.8117,3.8063,1.0014,0.0005,0,,,test
2026-09-05 01:00:00+07:00,SKU-003,1,2.4446,2.4412,1.0014,0.0005,0,,,test
2026-09-05 02:00:00+07:00,SKU-003,2,1.6842,1.6819,1.0014,0.0005,0,,,test
2026-09-05 03:00:00+07:00,SKU-003,0,0.8994,0.8982,1.0013,0.0005,0,,,test
2026-09-05 04:00:00+07:00,SKU-003,0,1.0014,1.0,1.0013,0.0005,0,,,test
2026-09-05 05:00:00+07:00,SKU-003,0,1.806,1.8036,1.0013,0.0005,0,,,test
2026-09-05 06:00:00+07:00,SKU-003,4,3.8199,3.815,1.0013,0.0005,0,,,test
2026-09-05 07:00:00+07:00,SKU-003,9,6.244,6.236,1.0013,0.0005,0,,,test
2026-09-05 08:00:00+07:00,SKU-003,3,8.5758,8.5649,1.0013,0.0005,0,,,test
2026-09-05 09:00:00+07:00,SKU-003,10,10.1068,10.0942,1.0013,0.0005,0,,,test
2026-09-05 10:00:00+07:00,SKU-003,13,11.3388,11.3248,1.0012,0.0005,0,,,test
2026-09-05 11:00:00+07:00,SKU-003,8,12.5742,12.5588,1.0012,0.0005,0,,,test
2026-09-05 12:00:00+07:00,SKU-003,17,13.2034,13.1875,1.0012,0.0005,0,,,test
2026-09-05 13:00:00+07:00,SKU-003,4,12.0028,11.9885,1.0012,0.0005,0,,,test
2026-09-05 14:00:00+07:00,SKU-003,11,10.6959,10.6834,1.0012,0.0005,0,,,test
2026-09-05 15:00:00+07:00,SKU-003,6,10.4048,10.3927,1.0012,0.0005,0,,,test
2026-09-05 16:00:00+07:00,SKU-003,21,11.2357,11.2228,1.0011,0.0005,0,,,test
2026-09-05 17:00:00+07:00,SKU-003,5,13.0907,13.0758,1.0011,0.0005,0,,,test
2026-09-05 18:00:00+07:00,SKU-003,25,15.5636,15.5462,1.0011,0.0005,0,,,test
2026-09-05 19:00:00+07:00,SKU-003,16,18.2461,18.226,1.0011,0.0005,0,,,test
2026-09-05 20:00:00+07:00,SKU-003,24,19.0861,19.0653,1.0011,0.0005,0,,,test
2026-09-05 21:00:00+07:00,SKU-003,23,15.9206,15.9034,1.0011,0.0005,0,,,test
2026-09-05 22:00:00+07:00,SKU-003,12,10.4862,10.475,1.0011,0.0005,0,,,test
2026-09-05 23:00:00+07:00,SKU-003,12,5.3503,5.3447,1.0011,0.0004,0,,,test
2026-09-06 00:00:00+07:00,SKU-003,4,2.4133,2.4108,1.001,0.0004,0,,,test
2026-09-06 01:00:00+07:00,SKU-003,4,1.5455,1.544,1.001,0.0004,0,,,test
2026-09-06 02:00:00+07:00,SKU-003,1,1.0632,1.0621,1.001,0.0004,0,,,test
2026-09-06 03:00:00+07:00,SKU-003,1,0.8703,0.8695,1.001,0.0004,0,,,test
2026-09-06 04:00:00+07:00,SKU-003,1,0.9675,0.9665,1.001,0.0004,0,,,test
2026-09-06 05:00:00+07:00,SKU-003,6,1.7421,1.7404,1.001,0.0004,0,,,test
2026-09-06 06:00:00+07:00,SKU-003,0,3.6788,3.6752,1.001,0.0004,0,,,test
2026-09-06 07:00:00+07:00,SKU-003,11,6.0034,5.9977,1.001,0.0004,0,,,test
2026-09-06 08:00:00+07:00,SKU-003,7,8.2315,8.2238,1.0009,0.0004,0,,,test
2026-09-06 09:00:00+07:00,SKU-003,13,9.6846,9.6756,1.0009,0.0004,0,,,test
2026-09-06 10:00:00+07:00,SKU-003,6,10.8464,10.8364,1.0009,0.0004,0,,,test
2026-09-06 11:00:00+07:00,SKU-003,15,12.0072,11.9963,1.0009,0.0004,0,,,test
2026-09-06 12:00:00+07:00,SKU-003,1,12.5858,12.5745,1.0009,0.0004,0,,,test
2026-09-06 13:00:00+07:00,SKU-003,13,11.421,11.4109,1.0009,0.0004,0,,,test
2026-09-06 14:00:00+07:00,SKU-003,12,10.1592,10.1503,1.0009,0.0004,0,,,test
2026-09-06 15:00:00+07:00,SKU-003,8,9.8648,9.8562,1.0009,0.0004,0,,,test
2026-09-06 16:00:00+07:00,SKU-003,11,10.6332,10.6241,1.0009,0.0004,0,,,test
2026-09-06 17:00:00+07:00,SKU-003,14,12.366,12.3556,1.0008,0.0004,0,EP-003-06,FALSE_CONTENT,test
2026-09-06 18:00:00+07:00,SKU-003,15,14.6751,14.6628,1.0008,0.2,0,EP-003-06,FALSE_CONTENT,test
2026-09-06 19:00:00+07:00,SKU-003,19,17.1728,17.1587,1.0008,0.4,0,EP-003-06,FALSE_CONTENT,test
2026-09-06 20:00:00+07:00,SKU-003,9,17.9303,17.9157,1.0008,0.6,0,EP-003-06,FALSE_CONTENT,test
2026-09-06 21:00:00+07:00,SKU-003,18,14.9289,14.9169,1.0008,0.8,0,EP-003-06,FALSE_CONTENT,test
2026-09-06 22:00:00+07:00,SKU-003,8,9.8149,9.8071,1.0008,1.0,0,EP-003-06,FALSE_CONTENT,test
2026-09-06 23:00:00+07:00,SKU-003,4,4.9986,4.9947,1.0008,0.9464,0,EP-003-06,FALSE_CONTENT,test
2026-09-07 00:00:00+07:00,SKU-003,3,2.0405,2.0389,1.0008,0.8957,0,EP-003-06,FALSE_CONTENT,test
2026-09-07 01:00:00+07:00,SKU-003,0,1.3044,1.3034,1.0008,0.8477,0,EP-003-06,FALSE_CONTENT,test
2026-09-07 02:00:00+07:00,SKU-003,0,0.8957,0.895,1.0008,0.8022,0,EP-003-06,FALSE_CONTENT,test
2026-09-07 03:00:00+07:00,SKU-003,0,0.7319,0.7314,1.0007,0.7592,0,EP-003-06,FALSE_CONTENT,test
2026-09-07 04:00:00+07:00,SKU-003,1,0.8121,0.8115,1.0007,0.7185,0,EP-003-06,FALSE_CONTENT,test
2026-09-07 05:00:00+07:00,SKU-003,0,1.4598,1.4587,1.0007,0.68,0,EP-003-06,FALSE_CONTENT,test
2026-09-07 06:00:00+07:00,SKU-003,3,3.0773,3.0751,1.0007,0.6436,0,EP-003-06,FALSE_CONTENT,test
2026-09-07 07:00:00+07:00,SKU-003,6,5.0132,5.0096,1.0007,0.6091,0,EP-003-06,FALSE_CONTENT,test
2026-09-07 08:00:00+07:00,SKU-003,5,6.8621,6.8573,1.0007,0.5764,0,EP-003-06,FALSE_CONTENT,test
2026-09-07 09:00:00+07:00,SKU-003,5,8.0599,8.0544,1.0007,0.5455,0,EP-003-06,FALSE_CONTENT,test
2026-09-07 10:00:00+07:00,SKU-003,6,9.4859,9.0058,1.0533,0.5163,0,EP-003-06,FALSE_CONTENT,test
2026-09-07 11:00:00+07:00,SKU-003,13,11.0147,9.9536,1.1066,0.4886,0,EP-003-06,FALSE_CONTENT,test
2026-09-07 12:00:00+07:00,SKU-003,10,12.0826,10.4168,1.1599,0.4624,0,EP-003-06,FALSE_CONTENT,test
2026-09-07 13:00:00+07:00,SKU-003,17,11.4505,9.4381,1.2132,0.4376,0,EP-003-06,FALSE_CONTENT,test
2026-09-07 14:00:00+07:00,SKU-003,9,10.617,8.3828,1.2665,0.4142,0,EP-003-06,FALSE_CONTENT,test
2026-09-07 15:00:00+07:00,SKU-003,11,10.1781,8.1279,1.2522,0.392,0,EP-003-06,FALSE_CONTENT,test
2026-09-07 16:00:00+07:00,SKU-003,9,10.8369,8.7485,1.2387,0.3709,0,EP-003-06,FALSE_CONTENT,test
2026-09-07 17:00:00+07:00,SKU-003,8,12.4555,10.1601,1.2259,0.3511,0,EP-003-06,FALSE_CONTENT,test
2026-09-07 18:00:00+07:00,SKU-003,6,14.6156,12.0411,1.2138,0.3322,0,EP-003-06,FALSE_CONTENT,test
2026-09-07 19:00:00+07:00,SKU-003,6,16.9197,14.0722,1.2024,0.3144,0,EP-003-06,FALSE_CONTENT,test
2026-09-07 20:00:00+07:00,SKU-003,30,17.4848,14.6746,1.1915,0.2976,0,EP-003-06,FALSE_CONTENT,test
2026-09-07 21:00:00+07:00,SKU-003,6,14.4152,12.2035,1.1812,0.2816,0,EP-003-06,FALSE_CONTENT,test
2026-09-07 22:00:00+07:00,SKU-003,9,9.3885,8.0139,1.1715,0.2665,0,EP-003-06,FALSE_CONTENT,test
2026-09-07 23:00:00+07:00,SKU-003,9,4.7387,4.0769,1.1623,0.2522,0,EP-003-06,FALSE_CONTENT,test
2026-09-08 00:00:00+07:00,SKU-003,6,2.1236,1.8408,1.1536,0.2387,0,EP-003-06,FALSE_CONTENT,test
2026-09-08 01:00:00+07:00,SKU-003,1,1.3465,1.1756,1.1454,0.2259,0,EP-003-06,FALSE_CONTENT,test
2026-09-08 02:00:00+07:00,SKU-003,1,0.9175,0.8065,1.1376,0.2138,0,EP-003-06,FALSE_CONTENT,test
2026-09-08 03:00:00+07:00,SKU-003,1,0.7442,0.6585,1.1302,0.2024,0,EP-003-06,FALSE_CONTENT,test
2026-09-08 04:00:00+07:00,SKU-003,1,0.82,0.73,1.1232,0.1915,0,EP-003-06,FALSE_CONTENT,test
2026-09-08 05:00:00+07:00,SKU-003,1,1.4642,1.3113,1.1166,0.1812,0,EP-003-06,FALSE_CONTENT,test
2026-09-08 06:00:00+07:00,SKU-003,6,3.0672,2.7623,1.1104,0.1715,0,EP-003-06,FALSE_CONTENT,test
2026-09-08 07:00:00+07:00,SKU-003,7,4.9671,4.4973,1.1045,0.1623,0,EP-003-06,FALSE_CONTENT,test
2026-09-08 08:00:00+07:00,SKU-003,3,6.7608,6.1525,1.0989,0.1536,0,EP-003-06,FALSE_CONTENT,test
2026-09-08 09:00:00+07:00,SKU-003,5,7.8988,7.223,1.0936,0.1454,0,EP-003-06,FALSE_CONTENT,test
2026-09-08 10:00:00+07:00,SKU-003,15,8.7877,8.0728,1.0886,0.1376,0,EP-003-06,FALSE_CONTENT,test
2026-09-08 11:00:00+07:00,SKU-003,9,9.6667,8.9192,1.0838,0.1302,0,EP-003-06,FALSE_CONTENT,test
2026-09-08 12:00:00+07:00,SKU-003,8,10.0717,9.3316,1.0793,0.1232,0,EP-003-06,FALSE_CONTENT,test
2026-09-08 13:00:00+07:00,SKU-003,13,9.0876,8.4531,1.0751,0.1166,0,EP-003-06,FALSE_CONTENT,test
2026-09-08 14:00:00+07:00,SKU-003,13,8.0401,7.5069,1.071,0.1104,0,EP-003-06,FALSE_CONTENT,test
2026-09-08 15:00:00+07:00,SKU-003,13,7.7674,7.2781,1.0672,0.1045,0,EP-003-06,FALSE_CONTENT,test
2026-09-08 16:00:00+07:00,SKU-003,10,8.3323,7.8338,1.0636,0.0989,0,EP-003-06,FALSE_CONTENT,test
2026-09-08 17:00:00+07:00,SKU-003,8,9.6464,9.0985,1.0602,0.0936,0,EP-003-06,FALSE_CONTENT,test
2026-09-08 18:00:00+07:00,SKU-003,6,11.3992,10.7846,1.057,0.0886,0,EP-003-06,FALSE_CONTENT,test
2026-09-08 19:00:00+07:00,SKU-003,9,13.2866,12.6067,1.0539,0.0838,0,EP-003-06,FALSE_CONTENT,test
2026-09-08 20:00:00+07:00,SKU-003,2,13.8214,13.1502,1.051,0.0793,0,EP-003-06,FALSE_CONTENT,test
2026-09-08 21:00:00+07:00,SKU-003,19,11.4684,10.9399,1.0483,0.0751,0,EP-003-06,FALSE_CONTENT,test
2026-09-08 22:00:00+07:00,SKU-003,3,7.5159,7.1873,1.0457,0.071,0,EP-003-06,FALSE_CONTENT,test
2026-09-08 23:00:00+07:00,SKU-003,5,3.8166,3.6583,1.0433,0.0672,0,EP-003-06,FALSE_CONTENT,test
2026-09-09 00:00:00+07:00,SKU-003,0,1.7899,1.7195,1.0409,0.0636,0,EP-003-06,FALSE_CONTENT,test
2026-09-09 01:00:00+07:00,SKU-003,0,1.1415,1.0989,1.0388,0.0602,0,EP-003-06,FALSE_CONTENT,test
2026-09-09 02:00:00+07:00,SKU-003,0,0.7821,0.7544,1.0367,0.057,0,EP-003-06,FALSE_CONTENT,test
2026-09-09 03:00:00+07:00,SKU-003,1,0.6378,0.6164,1.0347,0.0539,0,EP-003-06,FALSE_CONTENT,test
2026-09-09 04:00:00+07:00,SKU-003,0,0.7065,0.6841,1.0328,0.051,0,EP-003-06,FALSE_CONTENT,test
2026-09-09 05:00:00+07:00,SKU-003,1,1.2681,1.2298,1.0311,0.0483,0,EP-003-06,FALSE_CONTENT,test
2026-09-09 06:00:00+07:00,SKU-003,3,2.6697,2.5934,1.0294,0.0457,0,EP-003-06,FALSE_CONTENT,test
2026-09-09 07:00:00+07:00,SKU-003,6,4.3446,4.2269,1.0278,0.0433,0,EP-003-06,FALSE_CONTENT,test
2026-09-09 08:00:00+07:00,SKU-003,4,5.9418,5.7893,1.0264,0.0409,0,EP-003-06,FALSE_CONTENT,test
2026-09-09 09:00:00+07:00,SKU-003,10,6.9745,6.8048,1.0249,0.0388,0,EP-003-06,FALSE_CONTENT,test
2026-09-09 10:00:00+07:00,SKU-003,7,7.795,7.6152,1.0236,0.0367,0,EP-003-06,FALSE_CONTENT,test
2026-09-09 11:00:00+07:00,SKU-003,14,8.6132,8.425,1.0223,0.0347,0,EP-003-06,FALSE_CONTENT,test
2026-09-09 12:00:00+07:00,SKU-003,9,9.0136,8.827,1.0211,0.0328,0,EP-003-06,FALSE_CONTENT,test
2026-09-09 13:00:00+07:00,SKU-003,6,8.1679,8.0077,1.02,0.0311,0,EP-003-06,FALSE_CONTENT,test
2026-09-09 14:00:00+07:00,SKU-003,4,7.2569,7.1221,1.0189,0.0294,0,EP-003-06,FALSE_CONTENT,test
2026-09-09 15:00:00+07:00,SKU-003,7,7.0398,6.9159,1.0179,0.0278,0,EP-003-06,FALSE_CONTENT,test
2026-09-09 16:00:00+07:00,SKU-003,9,7.5825,7.456,1.017,0.0264,0,EP-003-06,FALSE_CONTENT,test
2026-09-09 17:00:00+07:00,SKU-003,11,8.8135,8.6743,1.016,0.0249,0,EP-003-06,FALSE_CONTENT,test
2026-09-09 18:00:00+07:00,SKU-003,13,10.4558,10.2994,1.0152,0.0236,0,EP-003-06,FALSE_CONTENT,test
2026-09-09 19:00:00+07:00,SKU-003,2,12.2341,12.0607,1.0144,0.0223,0,EP-003-06,FALSE_CONTENT,test
2026-09-09 20:00:00+07:00,SKU-003,10,12.7749,12.6034,1.0136,0.0211,0,EP-003-06,FALSE_CONTENT,test
2026-09-09 21:00:00+07:00,SKU-003,14,10.6396,10.5043,1.0129,0.02,0,EP-003-06,FALSE_CONTENT,test
2026-09-09 22:00:00+07:00,SKU-003,3,6.9984,6.9141,1.0122,0.0189,0,EP-003-06,FALSE_CONTENT,test
2026-09-09 23:00:00+07:00,SKU-003,0,3.5666,3.526,1.0115,0.0179,0,EP-003-06,FALSE_CONTENT,test
2026-09-10 00:00:00+07:00,SKU-003,0,1.7873,1.768,1.0109,0.017,0,EP-003-06,FALSE_CONTENT,test
2026-09-10 01:00:00+07:00,SKU-003,0,1.1438,1.1321,1.0103,0.016,0,EP-003-06,FALSE_CONTENT,test
2026-09-10 02:00:00+07:00,SKU-003,0,0.7864,0.7788,1.0098,0.0152,0,EP-003-06,FALSE_CONTENT,test
2026-09-10 03:00:00+07:00,SKU-003,1,0.6435,0.6376,1.0093,0.0144,0,EP-003-06,FALSE_CONTENT,test
2026-09-10 04:00:00+07:00,SKU-003,1,0.7152,0.709,1.0088,0.0136,0,,,test
2026-09-10 05:00:00+07:00,SKU-003,3,1.2878,1.2773,1.0083,0.0129,0,,,test
2026-09-10 06:00:00+07:00,SKU-003,0,3.9673,3.9364,1.0078,0.0122,0,,,test
2026-09-10 07:00:00+07:00,SKU-003,8,6.4767,6.429,1.0074,0.0115,0,,,test
2026-09-10 08:00:00+07:00,SKU-003,13,8.8855,8.8235,1.007,0.0109,0,,,test
2026-09-10 09:00:00+07:00,SKU-003,6,10.4618,10.3927,1.0066,0.0103,0,,,test
2026-09-10 10:00:00+07:00,SKU-003,19,11.7276,11.6543,1.0063,0.0098,0,,,test
2026-09-10 11:00:00+07:00,SKU-003,10,12.9969,12.92,1.006,0.0093,0,,,test
2026-09-10 12:00:00+07:00,SKU-003,20,13.6404,13.564,1.0056,0.0088,0,,,test
2026-09-10 13:00:00+07:00,SKU-003,7,12.3957,12.33,1.0053,0.0083,0,,,test
2026-09-10 14:00:00+07:00,SKU-003,6,11.0438,10.9884,1.005,0.0078,0,,,test
2026-09-10 15:00:00+07:00,SKU-003,3,10.7426,10.6915,1.0048,0.0074,0,,,test
2026-09-10 16:00:00+07:00,SKU-003,11,11.6014,11.5492,1.0045,0.007,0,,,test
2026-09-10 17:00:00+07:00,SKU-003,17,13.5199,13.4623,1.0043,0.0066,0,,,test
2026-09-10 18:00:00+07:00,SKU-003,16,16.0798,16.015,1.004,0.0063,0,,,test
2026-09-10 19:00:00+07:00,SKU-003,15,18.8609,18.7889,1.0038,0.006,0,,,test
2026-09-10 20:00:00+07:00,SKU-003,24,19.7419,19.6706,1.0036,0.0056,0,,,test
2026-09-10 21:00:00+07:00,SKU-003,14,16.4804,16.4241,1.0034,0.0053,0,,,test
2026-09-10 22:00:00+07:00,SKU-003,3,10.8648,10.8297,1.0032,0.005,0,,,test
2026-09-10 23:00:00+07:00,SKU-003,5,5.5493,5.5323,1.0031,0.0048,0,,,test
2026-09-11 00:00:00+07:00,SKU-003,0,3.0003,2.9916,1.0029,0.0045,0,,,test
2026-09-11 01:00:00+07:00,SKU-003,1,1.924,1.9187,1.0028,0.0043,0,,,test
2026-09-11 02:00:00+07:00,SKU-003,1,1.3254,1.322,1.0026,0.004,0,,,test
2026-09-11 03:00:00+07:00,SKU-003,3,1.0866,1.084,1.0025,0.0038,0,,,test
2026-09-11 04:00:00+07:00,SKU-003,1,1.2099,1.2071,1.0023,0.0036,0,,,test
2026-09-11 05:00:00+07:00,SKU-003,1,2.1825,2.1776,1.0022,0.0034,0,,,test
2026-09-11 06:00:00+07:00,SKU-003,7,4.6173,4.6077,1.0021,0.0032,0,,,test
2026-09-11 07:00:00+07:00,SKU-003,7,7.55,7.5351,1.002,0.0031,0,,,test
2026-09-11 08:00:00+07:00,SKU-003,16,10.3736,10.3542,1.0019,0.0029,0,,,test
2026-09-11 09:00:00+07:00,SKU-003,12,12.2313,12.2097,1.0018,0.0028,0,,,test
2026-09-11 10:00:00+07:00,SKU-003,10,13.7297,13.7068,1.0017,0.0026,0,,,test
2026-09-11 11:00:00+07:00,SKU-003,21,15.235,15.2109,1.0016,0.0025,0,,,test
2026-09-11 12:00:00+07:00,SKU-003,20,16.0083,15.9843,1.0015,0.0023,0,,,test
2026-09-11 13:00:00+07:00,SKU-003,13,14.5635,14.5429,1.0014,0.0022,0,,,test
2026-09-11 14:00:00+07:00,SKU-003,4,12.9885,12.971,1.0013,0.0021,0,,,test
2026-09-11 15:00:00+07:00,SKU-003,5,12.646,12.6299,1.0013,0.002,0,,,test
2026-09-11 16:00:00+07:00,SKU-003,9,13.6687,13.6523,1.0012,0.0019,0,,,test
2026-09-11 17:00:00+07:00,SKU-003,13,15.9413,15.9232,1.0011,0.0018,0,,,test
2026-09-11 18:00:00+07:00,SKU-003,22,18.9728,18.9524,1.0011,0.0017,0,,,test
2026-09-11 19:00:00+07:00,SKU-003,18,22.2678,22.245,1.001,0.0016,0,,,test
2026-09-11 20:00:00+07:00,SKU-003,28,23.3201,23.2976,1.001,0.0015,0,,,test
2026-09-11 21:00:00+07:00,SKU-003,16,19.476,19.4582,1.0009,0.0014,0,EP-003-07,MISSING_SIGNAL,test
2026-09-11 22:00:00+07:00,SKU-003,13,12.8443,12.8332,1.0009,0.0013,0,EP-003-07,MISSING_SIGNAL,test
2026-09-11 23:00:00+07:00,SKU-003,2,6.5621,6.5568,1.0008,0.0013,0,EP-003-07,MISSING_SIGNAL,test
2026-09-12 00:00:00+07:00,SKU-003,2,3.6789,3.676,1.0008,0.0012,0,EP-003-07,MISSING_SIGNAL,test
2026-09-12 01:00:00+07:00,SKU-003,1,2.3594,2.3577,1.0007,0.0011,0,EP-003-07,MISSING_SIGNAL,test
2026-09-12 02:00:00+07:00,SKU-003,5,1.6254,1.6243,1.0007,0.0011,0,EP-003-07,MISSING_SIGNAL,test
2026-09-12 03:00:00+07:00,SKU-003,1,1.3326,1.3317,1.0007,0.001,0,EP-003-07,MISSING_SIGNAL,test
2026-09-12 04:00:00+07:00,SKU-003,1,1.4835,1.4826,1.0006,0.001,0,EP-003-07,MISSING_SIGNAL,test
2026-09-12 05:00:00+07:00,SKU-003,3,2.6755,2.6739,1.0006,0.0009,0,EP-003-07,MISSING_SIGNAL,test
2026-09-12 06:00:00+07:00,SKU-003,10,5.6589,5.6558,1.0006,0.0009,0,EP-003-07,MISSING_SIGNAL,test
2026-09-12 07:00:00+07:00,SKU-003,7,9.25,9.2451,1.0005,0.0008,0,EP-003-07,MISSING_SIGNAL,test
2026-09-12 08:00:00+07:00,SKU-003,14,12.7041,12.6978,1.0005,0.0008,0,EP-003-07,MISSING_SIGNAL,test
2026-09-12 09:00:00+07:00,SKU-003,7,14.9719,14.9649,1.0005,0.0007,0,EP-003-07,MISSING_SIGNAL,test
2026-09-12 10:00:00+07:00,SKU-003,12,16.7967,16.7892,1.0004,0.0007,0,EP-003-07,MISSING_SIGNAL,test
2026-09-12 11:00:00+07:00,SKU-003,16,18.6266,18.6187,1.0004,0.0007,0,EP-003-07,MISSING_SIGNAL,test
2026-09-12 12:00:00+07:00,SKU-003,15,19.5585,19.5507,1.0004,0.0006,0,EP-003-07,MISSING_SIGNAL,test
2026-09-12 13:00:00+07:00,SKU-003,16,17.7799,17.7731,1.0004,0.0006,0,EP-003-07,MISSING_SIGNAL,test
2026-09-12 14:00:00+07:00,SKU-003,5,10.8631,10.8593,1.0004,0.0006,0,EP-003-07,MISSING_SIGNAL,test
2026-09-12 15:00:00+07:00,SKU-003,3,10.5674,10.5638,1.0003,0.0005,0,EP-003-07,MISSING_SIGNAL,test
2026-09-12 16:00:00+07:00,SKU-003,5,11.4112,11.4075,1.0003,0.0005,0,EP-003-07,MISSING_SIGNAL,test
2026-09-12 17:00:00+07:00,SKU-003,15,13.2951,13.291,1.0003,0.0005,0,EP-003-07,MISSING_SIGNAL,test
2026-09-12 18:00:00+07:00,SKU-003,20,15.8065,15.802,1.0003,0.0004,0,EP-003-07,MISSING_SIGNAL,test
2026-09-12 19:00:00+07:00,SKU-003,2,18.5309,18.5259,1.0003,0.0004,0,EP-003-07,MISSING_SIGNAL,test
2026-09-12 20:00:00+07:00,SKU-003,27,19.3839,19.3789,1.0003,0.0004,0,EP-003-07,MISSING_SIGNAL,test
2026-09-12 21:00:00+07:00,SKU-003,15,16.1689,16.165,1.0002,0.0004,0,EP-003-07,MISSING_SIGNAL,test
2026-09-12 22:00:00+07:00,SKU-003,14,10.6498,10.6473,1.0002,0.0004,0,EP-003-07,MISSING_SIGNAL,test
2026-09-12 23:00:00+07:00,SKU-003,3,5.4338,5.4326,1.0002,0.0003,0,EP-003-07,MISSING_SIGNAL,test
2026-09-13 00:00:00+07:00,SKU-003,1,2.4509,2.4504,1.0002,0.0003,0,EP-003-07,MISSING_SIGNAL,test
2026-09-13 01:00:00+07:00,SKU-003,1,1.5697,1.5694,1.0002,0.0003,0,EP-003-07,MISSING_SIGNAL,test
2026-09-13 02:00:00+07:00,SKU-003,4,1.4811,1.0796,1.372,0.0003,0,EP-003-07,MISSING_SIGNAL,test
2026-09-13 03:00:00+07:00,SKU-003,3,1.5412,0.8838,1.7439,0.0003,0,EP-003-07,MISSING_SIGNAL,test
2026-09-13 04:00:00+07:00,SKU-003,1,2.0786,0.9824,2.1159,0.0003,0,EP-003-07,MISSING_SIGNAL,test
2026-09-13 05:00:00+07:00,SKU-003,5,4.4009,1.769,2.4878,0.0002,0,EP-003-07,MISSING_SIGNAL,test
2026-09-13 06:00:00+07:00,SKU-003,8,10.6831,3.7356,2.8598,0.0002,0,EP-003-07,MISSING_SIGNAL,test
2026-09-13 07:00:00+07:00,SKU-003,22,17.1933,6.0963,2.8203,0.0002,0,EP-003-07,MISSING_SIGNAL,test
2026-09-13 08:00:00+07:00,SKU-003,19,23.2516,8.3589,2.7817,0.0002,0,EP-003-07,MISSING_SIGNAL,test
2026-09-13 09:00:00+07:00,SKU-003,29,26.9844,9.8346,2.7438,0.0002,0,EP-003-07,MISSING_SIGNAL,test
2026-09-13 10:00:00+07:00,SKU-003,37,29.8141,11.0145,2.7068,0.0002,0,EP-003-07,MISSING_SIGNAL,test
2026-09-13 11:00:00+07:00,SKU-003,33,32.5633,12.1934,2.6706,0.0002,0,EP-003-07,MISSING_SIGNAL,test
2026-09-13 12:00:00+07:00,SKU-003,31,33.6795,12.7811,2.6351,0.0002,0,EP-003-07,MISSING_SIGNAL,test
2026-09-13 13:00:00+07:00,SKU-003,52,30.1601,11.5983,2.6004,0.0002,0,EP-003-07,MISSING_SIGNAL,test
2026-09-13 14:00:00+07:00,SKU-003,7,26.4778,10.317,2.5664,0.0001,0,EP-003-07,MISSING_SIGNAL,test
2026-09-13 15:00:00+07:00,SKU-003,23,25.3775,10.0181,2.5332,0.0001,0,EP-003-07,MISSING_SIGNAL,test
2026-09-13 16:00:00+07:00,SKU-003,25,27.0029,10.7985,2.5006,0.0001,0,EP-003-07,MISSING_SIGNAL,test
2026-09-13 17:00:00+07:00,SKU-003,39,31.0037,12.5584,2.4688,0.0001,0,EP-003-07,MISSING_SIGNAL,test
2026-09-13 18:00:00+07:00,SKU-003,21,36.3285,14.9036,2.4376,0.0001,0,EP-003-07,MISSING_SIGNAL,test
2026-09-13 19:00:00+07:00,SKU-003,28,41.9798,17.4403,2.4071,0.0001,0,EP-003-07,MISSING_SIGNAL,test
2026-09-13 20:00:00+07:00,SKU-003,40,43.2879,18.2098,2.3772,0.0001,0,EP-003-07,MISSING_SIGNAL,test
2026-09-13 21:00:00+07:00,SKU-003,42,35.5988,15.1617,2.3479,0.0001,0,EP-003-07,MISSING_SIGNAL,test
2026-09-13 22:00:00+07:00,SKU-003,22,23.1192,9.968,2.3193,0.0001,0,EP-003-07,MISSING_SIGNAL,test
2026-09-13 23:00:00+07:00,SKU-003,23,11.6322,5.0766,2.2913,0.0001,0,EP-003-07,MISSING_SIGNAL,test
2026-09-14 00:00:00+07:00,SKU-003,3,4.6916,2.0724,2.2639,0.0001,0,EP-003-07,MISSING_SIGNAL,test
2026-09-14 01:00:00+07:00,SKU-003,1,2.9637,1.3248,2.2371,0.0001,0,EP-003-07,MISSING_SIGNAL,test
2026-09-14 02:00:00+07:00,SKU-003,2,2.0112,0.9097,2.2108,0.0001,0,EP-003-07,MISSING_SIGNAL,test
2026-09-14 03:00:00+07:00,SKU-003,1,1.6243,0.7434,2.1851,0.0001,0,EP-003-07,MISSING_SIGNAL,test
2026-09-14 04:00:00+07:00,SKU-003,2,1.7816,0.8248,2.1599,0.0001,0,EP-003-07,MISSING_SIGNAL,test
2026-09-14 05:00:00+07:00,SKU-003,3,3.1659,1.4827,2.1353,0.0001,0,EP-003-07,MISSING_SIGNAL,test
2026-09-14 06:00:00+07:00,SKU-003,6,6.5986,3.1255,2.1112,0.0001,0,EP-003-07,MISSING_SIGNAL,test
2026-09-14 07:00:00+07:00,SKU-003,5,10.6297,5.0918,2.0876,0.0001,0,EP-003-07,MISSING_SIGNAL,test
2026-09-14 08:00:00+07:00,SKU-003,22,14.3892,6.9697,2.0645,0.0001,0,EP-003-07,MISSING_SIGNAL,test
2026-09-14 09:00:00+07:00,SKU-003,27,16.716,8.1864,2.0419,0.0001,0,EP-003-07,MISSING_SIGNAL,test
2026-09-14 10:00:00+07:00,SKU-003,16,18.4882,9.1534,2.0198,0.0001,0,EP-003-07,MISSING_SIGNAL,test
2026-09-14 11:00:00+07:00,SKU-003,16,20.2148,10.1167,1.9982,0.0001,0,EP-003-07,MISSING_SIGNAL,test
2026-09-14 12:00:00+07:00,SKU-003,33,20.9312,10.5875,1.977,0.0001,0,EP-003-07,MISSING_SIGNAL,test
2026-09-14 13:00:00+07:00,SKU-003,21,18.7657,9.5928,1.9562,0.0001,0,EP-003-07,MISSING_SIGNAL,test
2026-09-14 14:00:00+07:00,SKU-003,29,16.4944,8.5201,1.9359,0.0001,0,EP-003-07,MISSING_SIGNAL,test
2026-09-14 15:00:00+07:00,SKU-003,18,15.8287,8.2611,1.9161,0.0001,0,EP-003-07,MISSING_SIGNAL,test
2026-09-14 16:00:00+07:00,SKU-003,10,16.8643,8.8918,1.8966,0.0001,0,EP-003-07,MISSING_SIGNAL,test
2026-09-14 17:00:00+07:00,SKU-003,13,19.3888,10.3265,1.8776,0.0001,0,EP-003-07,MISSING_SIGNAL,test
2026-09-14 18:00:00+07:00,SKU-003,35,22.7503,12.2383,1.8589,0.0001,0,EP-003-07,MISSING_SIGNAL,test
2026-09-14 19:00:00+07:00,SKU-003,29,26.3271,14.3027,1.8407,0.0001,0,EP-003-07,MISSING_SIGNAL,test
2026-09-14 20:00:00+07:00,SKU-003,23,27.1877,14.9149,1.8229,0.0001,0,EP-003-07,MISSING_SIGNAL,test
2026-09-14 21:00:00+07:00,SKU-003,22,22.3928,12.4033,1.8054,0.0001,0,EP-003-07,MISSING_SIGNAL,test
2026-09-14 22:00:00+07:00,SKU-003,9,14.5658,8.1451,1.7883,0.0001,0,EP-003-07,MISSING_SIGNAL,test
2026-09-14 23:00:00+07:00,SKU-003,4,7.3407,4.1436,1.7716,0.0001,0,EP-003-07,MISSING_SIGNAL,test
2026-09-15 00:00:00+07:00,SKU-003,1,3.2839,1.871,1.7552,0.0001,0,EP-003-07,MISSING_SIGNAL,test
2026-09-15 01:00:00+07:00,SKU-003,7,2.078,1.1949,1.7391,0.0001,0,EP-003-07,MISSING_SIGNAL,test
2026-09-15 02:00:00+07:00,SKU-003,3,1.4127,0.8197,1.7235,0.0001,0,EP-003-07,MISSING_SIGNAL,test
2026-09-15 03:00:00+07:00,SKU-003,0,1.1431,0.6692,1.7081,0.0001,0,EP-003-07,MISSING_SIGNAL,test
2026-09-15 04:00:00+07:00,SKU-003,0,1.2562,0.742,1.6931,0.0001,0,EP-003-07,MISSING_SIGNAL,test
2026-09-15 05:00:00+07:00,SKU-003,2,2.2368,1.3327,1.6783,0.0001,0,EP-003-07,MISSING_SIGNAL,test
2026-09-15 06:00:00+07:00,SKU-003,4,4.6715,2.8075,1.6639,0.0001,0,EP-003-07,MISSING_SIGNAL,test
2026-09-15 07:00:00+07:00,SKU-003,10,7.5412,4.5708,1.6499,0.0001,0,EP-003-07,MISSING_SIGNAL,test
2026-09-15 08:00:00+07:00,SKU-003,9,10.2305,6.2531,1.6361,0.0001,0,EP-003-07,MISSING_SIGNAL,test
2026-09-15 09:00:00+07:00,SKU-003,5,11.9113,7.3411,1.6226,0.0001,0,EP-003-07,MISSING_SIGNAL,test
2026-09-15 10:00:00+07:00,SKU-003,8,13.2043,8.2048,1.6093,0.0001,0,EP-003-07,MISSING_SIGNAL,test
2026-09-15 11:00:00+07:00,SKU-003,9,14.4714,9.0651,1.5964,0.0001,0,EP-003-07,MISSING_SIGNAL,test
2026-09-15 12:00:00+07:00,SKU-003,20,15.0205,9.4842,1.5837,0.0001,0,EP-003-07,MISSING_SIGNAL,test
2026-09-15 13:00:00+07:00,SKU-003,17,13.4999,8.5913,1.5713,0.0001,0,EP-003-07,MISSING_SIGNAL,test
2026-09-15 14:00:00+07:00,SKU-003,2,11.8961,7.6296,1.5592,0.0001,0,EP-003-07,MISSING_SIGNAL,test
2026-09-15 15:00:00+07:00,SKU-003,16,11.4458,7.397,1.5473,0.0001,0,EP-003-07,MISSING_SIGNAL,test
2026-09-15 16:00:00+07:00,SKU-003,9,12.2272,7.9619,1.5357,0.0001,0,EP-003-07,MISSING_SIGNAL,test
2026-09-15 17:00:00+07:00,SKU-003,13,14.096,9.2472,1.5243,0.0001,0,EP-003-07,MISSING_SIGNAL,test
2026-09-15 18:00:00+07:00,SKU-003,19,16.5861,10.9608,1.5132,0.0001,0,EP-003-07,MISSING_SIGNAL,test
2026-09-15 19:00:00+07:00,SKU-003,12,19.2487,12.8126,1.5023,0.0001,0,EP-003-07,MISSING_SIGNAL,test
2026-09-15 20:00:00+07:00,SKU-003,17,19.9361,13.365,1.4917,0.0001,0,EP-003-07,MISSING_SIGNAL,test
2026-09-15 21:00:00+07:00,SKU-003,12,16.4691,11.1186,1.4812,0.0001,0,EP-003-07,MISSING_SIGNAL,test
2026-09-15 22:00:00+07:00,SKU-003,4,10.7453,7.3047,1.471,0.0001,0,EP-003-07,MISSING_SIGNAL,test
2026-09-15 23:00:00+07:00,SKU-003,5,5.4321,3.7181,1.461,0.0001,0,EP-003-07,MISSING_SIGNAL,test
2026-09-16 00:00:00+07:00,SKU-003,3,2.5362,1.7476,1.4512,0.0001,0,EP-003-07,MISSING_SIGNAL,test
2026-09-16 01:00:00+07:00,SKU-003,1,1.6101,1.1168,1.4416,0.0001,0,EP-003-07,MISSING_SIGNAL,test
2026-09-16 02:00:00+07:00,SKU-003,1,1.0982,0.7667,1.4323,0.0001,0,EP-003-07,MISSING_SIGNAL,test
2026-09-16 03:00:00+07:00,SKU-003,0,0.8916,0.6265,1.4231,0.0001,0,EP-003-07,MISSING_SIGNAL,test
2026-09-16 04:00:00+07:00,SKU-003,1,0.9831,0.6952,1.4141,0.0001,0,EP-003-07,MISSING_SIGNAL,test
2026-09-16 05:00:00+07:00,SKU-003,1,1.7565,1.2499,1.4053,0.0001,0,EP-003-07,MISSING_SIGNAL,test
2026-09-16 06:00:00+07:00,SKU-003,1,3.6813,2.6357,1.3967,0.0001,0,EP-003-07,MISSING_SIGNAL,test
2026-09-16 07:00:00+07:00,SKU-003,7,5.9639,4.2959,1.3883,0.0001,0,EP-003-07,MISSING_SIGNAL,test
2026-09-16 08:00:00+07:00,SKU-003,2,8.1198,5.8838,1.38,0.0001,0,EP-003-07,MISSING_SIGNAL,test
2026-09-16 09:00:00+07:00,SKU-003,8,9.4884,6.9159,1.372,0.0001,0,EP-003-07,MISSING_SIGNAL,test
2026-09-16 10:00:00+07:00,SKU-003,14,10.5572,7.7395,1.3641,0.0001,0,EP-003-07,MISSING_SIGNAL,test
2026-09-16 11:00:00+07:00,SKU-003,9,11.6136,8.5624,1.3563,0.0001,0,EP-003-07,MISSING_SIGNAL,test
2026-09-16 12:00:00+07:00,SKU-003,30,12.0998,8.9709,1.3488,0.0001,0,EP-003-07,MISSING_SIGNAL,test
2026-09-16 13:00:00+07:00,SKU-003,5,10.9165,8.1383,1.3414,0.0001,0,EP-003-07,MISSING_SIGNAL,test
2026-09-16 14:00:00+07:00,SKU-003,7,9.6567,7.2382,1.3341,0.0001,0,EP-003-07,MISSING_SIGNAL,test
2026-09-16 15:00:00+07:00,SKU-003,10,9.3273,7.0287,1.327,0.0001,0,EP-003-07,MISSING_SIGNAL,test
2026-09-16 16:00:00+07:00,SKU-003,17,10.0032,7.5776,1.3201,0.0001,0,EP-003-07,MISSING_SIGNAL,test
2026-09-16 17:00:00+07:00,SKU-003,10,11.5776,8.8157,1.3133,0.0001,0,EP-003-07,MISSING_SIGNAL,test
2026-09-16 18:00:00+07:00,SKU-003,6,13.677,10.4673,1.3066,0.0001,0,EP-003-07,MISSING_SIGNAL,test
2026-09-16 19:00:00+07:00,SKU-003,9,15.9361,12.2573,1.3001,0.0001,0,EP-003-07,MISSING_SIGNAL,test
2026-09-16 20:00:00+07:00,SKU-003,8,16.5716,12.8088,1.2938,0.0001,0,EP-003-07,MISSING_SIGNAL,test
2026-09-16 21:00:00+07:00,SKU-003,12,13.745,10.6755,1.2875,0.0001,0,EP-003-07,MISSING_SIGNAL,test
2026-09-16 22:00:00+07:00,SKU-003,12,9.0043,7.0268,1.2814,0.0001,0,EP-003-07,MISSING_SIGNAL,test
2026-09-16 23:00:00+07:00,SKU-003,5,4.5705,3.5834,1.2754,0.0001,0,EP-003-07,MISSING_SIGNAL,test
2026-09-17 00:00:00+07:00,SKU-003,2,2.2813,1.7968,1.2696,0.0001,0,EP-003-07,MISSING_SIGNAL,test
2026-09-17 01:00:00+07:00,SKU-003,2,1.4542,1.1505,1.2639,0.0001,0,EP-003-07,MISSING_SIGNAL,test
2026-09-17 02:00:00+07:00,SKU-003,0,0.9959,0.7915,1.2583,0.0001,0,EP-003-07,MISSING_SIGNAL,test
2026-09-17 03:00:00+07:00,SKU-003,0,0.8118,0.648,1.2528,0.0001,0,EP-003-07,MISSING_SIGNAL,test
2026-09-17 04:00:00+07:00,SKU-003,0,0.8988,0.7205,1.2474,0.0001,0,EP-003-07,MISSING_SIGNAL,test
2026-09-17 05:00:00+07:00,SKU-003,4,1.6124,1.2981,1.2422,0.0001,0,EP-003-07,MISSING_SIGNAL,test
2026-09-17 06:00:00+07:00,SKU-003,3,3.393,2.7429,1.237,0.0001,0,EP-003-07,MISSING_SIGNAL,test
2026-09-17 07:00:00+07:00,SKU-003,3,5.519,4.4797,1.232,0.0001,0,EP-003-07,MISSING_SIGNAL,test
2026-09-17 08:00:00+07:00,SKU-003,8,7.5443,6.1482,1.2271,0.0001,0,EP-003-07,MISSING_SIGNAL,test
2026-09-17 09:00:00+07:00,SKU-003,5,8.8511,7.2416,1.2223,0.0001,0,EP-003-07,MISSING_SIGNAL,test
2026-09-17 10:00:00+07:00,SKU-003,8,9.8872,8.1207,1.2175,0.0001,0,EP-003-07,MISSING_SIGNAL,test
2026-09-17 11:00:00+07:00,SKU-003,11,10.9193,9.0026,1.2129,0.0001,0,EP-003-07,MISSING_SIGNAL,test
2026-09-17 12:00:00+07:00,SKU-003,9,11.4209,9.4513,1.2084,0.0001,0,EP-003-07,MISSING_SIGNAL,test
2026-09-17 13:00:00+07:00,SKU-003,15,10.3438,8.5914,1.204,0.0001,0,EP-003-07,MISSING_SIGNAL,test
2026-06-19 14:00:00+07:00,SKU-004,1,1.0395,1.0395,1.0,0.0,0,,,train
2026-06-19 15:00:00+07:00,SKU-004,0,1.0122,1.0122,1.0,0.0,0,,,train
2026-06-19 16:00:00+07:00,SKU-004,0,1.0941,1.0941,1.0,0.0,0,,,train
2026-06-19 17:00:00+07:00,SKU-004,1,1.2762,1.2762,1.0,0.0,0,,,train
2026-06-19 18:00:00+07:00,SKU-004,0,1.519,1.519,1.0,0.0,0,,,train
2026-06-19 19:00:00+07:00,SKU-004,1,1.7829,1.7829,1.0,0.0,0,,,train
2026-06-19 20:00:00+07:00,SKU-004,0,1.8673,1.8673,1.0,0.0,0,,,train
2026-06-19 21:00:00+07:00,SKU-004,0,1.5596,1.5596,1.0,0.0,0,,,train
2026-06-19 22:00:00+07:00,SKU-004,0,1.0286,1.0286,1.0,0.0,0,,,train
2026-06-19 23:00:00+07:00,SKU-004,0,0.5256,0.5256,1.0,0.0,0,,,train
2026-06-20 00:00:00+07:00,SKU-004,0,0.2947,0.2947,1.0,0.0,0,,,train
2026-06-20 01:00:00+07:00,SKU-004,0,0.189,0.189,1.0,0.0,0,,,train
2026-06-20 02:00:00+07:00,SKU-004,0,0.1302,0.1302,1.0,0.0,0,,,train
2026-06-20 03:00:00+07:00,SKU-004,0,0.1068,0.1068,1.0,0.0,0,,,train
2026-06-20 04:00:00+07:00,SKU-004,0,0.1189,0.1189,1.0,0.0,0,,,train
2026-06-20 05:00:00+07:00,SKU-004,1,0.2144,0.2144,1.0,0.0,0,,,train
2026-06-20 06:00:00+07:00,SKU-004,1,0.4534,0.4534,1.0,0.0,0,,,train
2026-06-20 07:00:00+07:00,SKU-004,1,0.7412,0.7412,1.0,0.0,0,,,train
2026-06-20 08:00:00+07:00,SKU-004,2,1.018,1.018,1.0,0.0,0,,,train
2026-06-20 09:00:00+07:00,SKU-004,2,1.1998,1.1998,1.0,0.0,0,,,train
2026-06-20 10:00:00+07:00,SKU-004,2,1.3461,1.3461,1.0,0.0,0,,,train
2026-06-20 11:00:00+07:00,SKU-004,1,1.4928,1.4928,1.0,0.0,0,,,train
2026-06-20 12:00:00+07:00,SKU-004,0,1.5676,1.5676,1.0,0.0,0,,,train
2026-06-20 13:00:00+07:00,SKU-004,2,1.4251,1.4251,1.0,0.0,0,,,train
2026-06-20 14:00:00+07:00,SKU-004,0,1.27,1.27,1.0,0.0,0,,,train
2026-06-20 15:00:00+07:00,SKU-004,0,1.2355,1.2355,1.0,0.0,0,,,train
2026-06-20 16:00:00+07:00,SKU-004,4,1.3342,1.3342,1.0,0.0,0,,,train
2026-06-20 17:00:00+07:00,SKU-004,0,1.5545,1.5545,1.0,0.0,0,,,train
2026-06-20 18:00:00+07:00,SKU-004,3,1.8482,1.8482,1.0,0.0,0,,,train
2026-06-20 19:00:00+07:00,SKU-004,2,2.1669,2.1669,1.0,0.0,0,,,train
2026-06-20 20:00:00+07:00,SKU-004,3,2.2667,2.2667,1.0,0.0,0,,,train
2026-06-20 21:00:00+07:00,SKU-004,2,1.8908,1.8908,1.0,0.0,0,,,train
2026-06-20 22:00:00+07:00,SKU-004,0,1.2454,1.2454,1.0,0.0,0,,,train
2026-06-20 23:00:00+07:00,SKU-004,2,0.6355,0.6355,1.0,0.0,0,,,train
2026-06-21 00:00:00+07:00,SKU-004,1,0.2866,0.2866,1.0,0.0,0,,,train
2026-06-21 01:00:00+07:00,SKU-004,0,0.1836,0.1836,1.0,0.0,0,,,train
2026-06-21 02:00:00+07:00,SKU-004,0,0.1263,0.1263,1.0,0.0,0,,,train
2026-06-21 03:00:00+07:00,SKU-004,0,0.1034,0.1034,1.0,0.0,0,,,train
2026-06-21 04:00:00+07:00,SKU-004,1,0.1149,0.1149,1.0,0.0,0,,,train
2026-06-21 05:00:00+07:00,SKU-004,0,0.207,0.207,1.0,0.0,0,,,train
2026-06-21 06:00:00+07:00,SKU-004,0,0.437,0.437,1.0,0.0,0,,,train
2026-06-21 07:00:00+07:00,SKU-004,0,0.7132,0.7132,1.0,0.0,0,,,train
2026-06-21 08:00:00+07:00,SKU-004,2,0.978,0.978,1.0,0.0,0,,,train
2026-06-21 09:00:00+07:00,SKU-004,0,1.1507,1.1507,1.0,0.0,0,,,train
2026-06-21 10:00:00+07:00,SKU-004,1,1.2887,1.2887,1.0,0.0,0,,,train
2026-06-21 11:00:00+07:00,SKU-004,3,1.4267,1.4267,1.0,0.0,0,,,train
2026-06-21 12:00:00+07:00,SKU-004,1,1.4955,1.4955,1.0,0.0,0,,,train
2026-06-21 13:00:00+07:00,SKU-004,0,1.3571,1.3571,1.0,0.0,0,,,train
2026-06-21 14:00:00+07:00,SKU-004,0,1.2072,1.2072,1.0,0.0,0,,,train
2026-06-21 15:00:00+07:00,SKU-004,0,1.1723,1.1723,1.0,0.0,0,,,train
2026-06-21 16:00:00+07:00,SKU-004,0,1.2636,1.2636,1.0,0.0,0,,,train
2026-06-21 17:00:00+07:00,SKU-004,0,1.4696,1.4696,1.0,0.0,0,,,train
2026-06-21 18:00:00+07:00,SKU-004,1,1.7441,1.7441,1.0,0.0,0,,,train
2026-06-21 19:00:00+07:00,SKU-004,4,2.041,2.041,1.0,0.0,0,,,train
2026-06-21 20:00:00+07:00,SKU-004,1,2.1311,2.1311,1.0,0.0,0,,,train
2026-06-21 21:00:00+07:00,SKU-004,2,1.7744,1.7744,1.0,0.0,0,,,train
2026-06-21 22:00:00+07:00,SKU-004,1,1.1666,1.1666,1.0,0.0,0,,,train
2026-06-21 23:00:00+07:00,SKU-004,0,0.5942,0.5942,1.0,0.0,0,,,train
2026-06-22 00:00:00+07:00,SKU-004,0,0.2426,0.2426,1.0,0.0,0,,,train
2026-06-22 01:00:00+07:00,SKU-004,0,0.1551,0.1551,1.0,0.0,0,,,train
2026-06-22 02:00:00+07:00,SKU-004,0,0.1065,0.1065,1.0,0.0,0,,,train
2026-06-22 03:00:00+07:00,SKU-004,0,0.087,0.087,1.0,0.0,0,,,train
2026-06-22 04:00:00+07:00,SKU-004,1,0.0966,0.0966,1.0,0.0,0,,,train
2026-06-22 05:00:00+07:00,SKU-004,0,0.1736,0.1736,1.0,0.0,0,,,train
2026-06-22 06:00:00+07:00,SKU-004,1,0.3659,0.3659,1.0,0.0,0,,,train
2026-06-22 07:00:00+07:00,SKU-004,0,0.596,0.596,1.0,0.0,0,,,train
2026-06-22 08:00:00+07:00,SKU-004,0,0.8159,0.8159,1.0,0.0,0,,,train
2026-06-22 09:00:00+07:00,SKU-004,0,0.9584,0.9584,1.0,0.0,0,,,train
2026-06-22 10:00:00+07:00,SKU-004,0,1.0716,1.0716,1.0,0.0,0,,,train
2026-06-22 11:00:00+07:00,SKU-004,1,1.1844,1.1844,1.0,0.0,0,,,train
2026-06-22 12:00:00+07:00,SKU-004,0,1.2395,1.2395,1.0,0.0,0,,,train
2026-06-22 13:00:00+07:00,SKU-004,0,1.1231,1.1231,1.0,0.0,0,,,train
2026-06-22 14:00:00+07:00,SKU-004,0,0.9975,0.9975,1.0,0.0,0,,,train
2026-06-22 15:00:00+07:00,SKU-004,0,0.9672,0.9672,1.0,0.0,0,,,train
2026-06-22 16:00:00+07:00,SKU-004,1,1.0411,1.0411,1.0,0.0,0,,,train
2026-06-22 17:00:00+07:00,SKU-004,3,1.2091,1.2091,1.0,0.0,0,,,train
2026-06-22 18:00:00+07:00,SKU-004,0,1.433,1.433,1.0,0.0,0,,,train
2026-06-22 19:00:00+07:00,SKU-004,3,1.6747,1.6747,1.0,0.0,0,,,train
2026-06-22 20:00:00+07:00,SKU-004,4,1.7465,1.7465,1.0,0.0,0,,,train
2026-06-22 21:00:00+07:00,SKU-004,5,1.4524,1.4524,1.0,0.0,0,,,train
2026-06-22 22:00:00+07:00,SKU-004,3,0.9538,0.9538,1.0,0.0,0,,,train
2026-06-22 23:00:00+07:00,SKU-004,0,0.4852,0.4852,1.0,0.0,0,,,train
2026-06-23 00:00:00+07:00,SKU-004,0,0.2191,0.2191,1.0,0.0,0,,,train
2026-06-23 01:00:00+07:00,SKU-004,0,0.1399,0.1399,1.0,0.0,0,,,train
2026-06-23 02:00:00+07:00,SKU-004,0,0.096,0.096,1.0,0.0,0,,,train
2026-06-23 03:00:00+07:00,SKU-004,0,0.0784,0.0784,1.0,0.0,0,,,train
2026-06-23 04:00:00+07:00,SKU-004,0,0.0869,0.0869,1.0,0.0,0,,,train
2026-06-23 05:00:00+07:00,SKU-004,1,0.1561,0.1561,1.0,0.0,0,,,train
2026-06-23 06:00:00+07:00,SKU-004,0,0.3288,0.3288,1.0,0.0,0,,,train
2026-06-23 07:00:00+07:00,SKU-004,2,0.5354,0.5354,1.0,0.0,0,,,train
2026-06-23 08:00:00+07:00,SKU-004,0,0.7324,0.7324,1.0,0.0,0,,,train
2026-06-23 09:00:00+07:00,SKU-004,2,0.8599,0.8599,1.0,0.0,0,,,train
2026-06-23 10:00:00+07:00,SKU-004,0,0.9611,0.9611,1.0,0.0,0,,,train
2026-06-23 11:00:00+07:00,SKU-004,0,1.0618,1.0618,1.0,0.0,0,,,train
2026-06-23 12:00:00+07:00,SKU-004,0,1.111,1.111,1.0,0.0,0,,,train
2026-06-23 13:00:00+07:00,SKU-004,1,1.0064,1.0064,1.0,0.0,0,,,train
2026-06-23 14:00:00+07:00,SKU-004,1,0.8938,0.8938,1.0,0.0,0,,,train
2026-06-23 15:00:00+07:00,SKU-004,1,0.8665,0.8665,1.0,0.0,0,,,train
2026-06-23 16:00:00+07:00,SKU-004,1,0.9327,0.9327,1.0,0.0,0,,,train
2026-06-23 17:00:00+07:00,SKU-004,2,1.0833,1.0833,1.0,0.0,0,,,train
2026-06-23 18:00:00+07:00,SKU-004,1,1.2841,1.2841,1.0,0.0,0,,,train
2026-06-23 19:00:00+07:00,SKU-004,1,1.5011,1.5011,1.0,0.0,0,,,train
2026-06-23 20:00:00+07:00,SKU-004,0,1.5659,1.5659,1.0,0.0,0,,,train
2026-06-23 21:00:00+07:00,SKU-004,0,1.3027,1.3027,1.0,0.0,0,,,train
2026-06-23 22:00:00+07:00,SKU-004,0,0.8559,0.8559,1.0,0.0,0,,,train
2026-06-23 23:00:00+07:00,SKU-004,0,0.4356,0.4356,1.0,0.0,0,,,train
2026-06-24 00:00:00+07:00,SKU-004,1,0.2048,0.2048,1.0,0.0,0,,,train
2026-06-24 01:00:00+07:00,SKU-004,0,0.1309,0.1309,1.0,0.0,0,,,train
2026-06-24 02:00:00+07:00,SKU-004,0,0.0898,0.0898,1.0,0.0,0,,,train
2026-06-24 03:00:00+07:00,SKU-004,0,0.0734,0.0734,1.0,0.0,0,,,train
2026-06-24 04:00:00+07:00,SKU-004,0,0.0815,0.0815,1.0,0.0,0,,,train
2026-06-24 05:00:00+07:00,SKU-004,0,0.1465,0.1465,1.0,0.0,0,,,train
2026-06-24 06:00:00+07:00,SKU-004,1,0.3089,0.3089,1.0,0.0,0,,,train
2026-06-24 07:00:00+07:00,SKU-004,1,0.5034,0.5034,1.0,0.0,0,,,train
2026-06-24 08:00:00+07:00,SKU-004,1,0.6895,0.6895,1.0,0.0,0,,,train
2026-06-24 09:00:00+07:00,SKU-004,0,0.8105,0.8105,1.0,0.0,0,,,train
2026-06-24 10:00:00+07:00,SKU-004,2,0.9071,0.9071,1.0,0.0,0,,,train
2026-06-24 11:00:00+07:00,SKU-004,0,1.0035,1.0035,1.0,0.0,0,,,train
2026-06-24 12:00:00+07:00,SKU-004,0,1.0514,1.0514,1.0,0.0,0,,,train
2026-06-24 13:00:00+07:00,SKU-004,3,0.9539,0.9539,1.0,0.0,0,,,train
2026-06-24 14:00:00+07:00,SKU-004,2,0.8484,0.8484,1.0,0.0,0,,,train
2026-06-24 15:00:00+07:00,SKU-004,1,0.8238,0.8238,1.0,0.0,0,,,train
2026-06-24 16:00:00+07:00,SKU-004,0,0.8882,0.8882,1.0,0.0,0,,,train
2026-06-24 17:00:00+07:00,SKU-004,1,1.0333,1.0333,1.0,0.0,0,,,train
2026-06-24 18:00:00+07:00,SKU-004,1,1.227,1.227,1.0,0.0,0,,,train
2026-06-24 19:00:00+07:00,SKU-004,0,1.4368,1.4368,1.0,0.0,0,,,train
2026-06-24 20:00:00+07:00,SKU-004,1,1.5015,1.5015,1.0,0.0,0,,,train
2026-06-24 21:00:00+07:00,SKU-004,3,1.2515,1.2515,1.0,0.0,0,,,train
2026-06-24 22:00:00+07:00,SKU-004,1,0.8238,0.8238,1.0,0.0,0,,,train
2026-06-24 23:00:00+07:00,SKU-004,1,0.4201,0.4201,1.0,0.0,0,,,train
2026-06-25 00:00:00+07:00,SKU-004,0,0.2107,0.2107,1.0,0.0,0,,,train
2026-06-25 01:00:00+07:00,SKU-004,0,0.1349,0.1349,1.0,0.0,0,,,train
2026-06-25 02:00:00+07:00,SKU-004,0,0.0928,0.0928,1.0,0.0,0,,,train
2026-06-25 03:00:00+07:00,SKU-004,0,0.076,0.076,1.0,0.0,0,,,train
2026-06-25 04:00:00+07:00,SKU-004,0,0.0845,0.0845,1.0,0.0,0,,,train
2026-06-25 05:00:00+07:00,SKU-004,0,0.1522,0.1522,1.0,0.0,0,,,train
2026-06-25 06:00:00+07:00,SKU-004,0,0.3216,0.3216,1.0,0.0,0,,,train
2026-06-25 07:00:00+07:00,SKU-004,0,0.5253,0.5253,1.0,0.0,0,,,train
2026-06-25 08:00:00+07:00,SKU-004,0,0.7209,0.7209,1.0,0.0,0,,,train
2026-06-25 09:00:00+07:00,SKU-004,0,0.8491,0.8491,1.0,0.0,0,,,train
2026-06-25 10:00:00+07:00,SKU-004,2,0.9522,0.9522,1.0,0.0,0,,,train
2026-06-25 11:00:00+07:00,SKU-004,1,1.0557,1.0557,1.0,0.0,0,,,train
2026-06-25 12:00:00+07:00,SKU-004,0,1.1083,1.1083,1.0,0.0,0,,,train
2026-06-25 13:00:00+07:00,SKU-004,0,1.0075,1.0075,1.0,0.0,0,,,train
2026-06-25 14:00:00+07:00,SKU-004,1,0.8979,0.8979,1.0,0.0,0,,,train
2026-06-25 15:00:00+07:00,SKU-004,0,0.8737,0.8737,1.0,0.0,0,,,train
2026-06-25 16:00:00+07:00,SKU-004,0,0.9438,0.9438,1.0,0.0,0,,,train
2026-06-25 17:00:00+07:00,SKU-004,1,1.1001,1.1001,1.0,0.0,0,,,train
2026-06-25 18:00:00+07:00,SKU-004,1,1.3088,1.3088,1.0,0.0,0,,,train
2026-06-25 19:00:00+07:00,SKU-004,3,1.5355,1.5355,1.0,0.0,0,,,train
2026-06-25 20:00:00+07:00,SKU-004,2,1.6076,1.6076,1.0,0.0,0,,,train
2026-06-25 21:00:00+07:00,SKU-004,4,1.3423,1.3423,1.0,0.0,0,,,train
2026-06-25 22:00:00+07:00,SKU-004,3,0.8851,0.8851,1.0,0.0,0,,,train
2026-06-25 23:00:00+07:00,SKU-004,0,0.4522,0.4522,1.0,0.0,0,,,train
2026-06-26 00:00:00+07:00,SKU-004,0,0.2445,0.2445,1.0,0.0,0,,,train
2026-06-26 01:00:00+07:00,SKU-004,0,0.1568,0.1568,1.0,0.0,0,,,train
2026-06-26 02:00:00+07:00,SKU-004,0,0.1081,0.1081,1.0,0.0,0,,,train
2026-06-26 03:00:00+07:00,SKU-004,0,0.0886,0.0886,1.0,0.0,0,,,train
2026-06-26 04:00:00+07:00,SKU-004,0,0.0987,0.0987,1.0,0.0,0,,,train
2026-06-26 05:00:00+07:00,SKU-004,0,0.178,0.178,1.0,0.0,0,,,train
2026-06-26 06:00:00+07:00,SKU-004,0,0.3766,0.3766,1.0,0.0,0,,,train
2026-06-26 07:00:00+07:00,SKU-004,2,0.6159,0.6159,1.0,0.0,0,,,train
2026-06-26 08:00:00+07:00,SKU-004,1,0.8464,0.8464,1.0,0.0,0,,,train
2026-06-26 09:00:00+07:00,SKU-004,2,0.9981,0.9981,1.0,0.0,0,,,train
2026-06-26 10:00:00+07:00,SKU-004,0,1.1205,1.1205,1.0,0.0,0,,,train
2026-06-26 11:00:00+07:00,SKU-004,4,1.2435,1.2435,1.0,0.0,0,,,train
2026-06-26 12:00:00+07:00,SKU-004,4,1.3068,1.3068,1.0,0.0,0,,,train
2026-06-26 13:00:00+07:00,SKU-004,0,1.1889,1.1889,1.0,0.0,0,,,train
2026-06-26 14:00:00+07:00,SKU-004,3,1.0605,1.0605,1.0,0.0,0,,,train
2026-06-26 15:00:00+07:00,SKU-004,0,1.0326,1.0326,1.0,0.0,0,,,train
2026-06-26 16:00:00+07:00,SKU-004,1,1.1162,1.1162,1.0,0.0,0,,,train
2026-06-26 17:00:00+07:00,SKU-004,0,1.3019,1.3019,1.0,0.0,0,,,train
2026-06-26 18:00:00+07:00,SKU-004,2,1.5496,1.5496,1.0,0.0,0,,,train
2026-06-26 19:00:00+07:00,SKU-004,2,1.8188,1.8188,1.0,0.0,0,,,train
2026-06-26 20:00:00+07:00,SKU-004,1,1.9049,1.9049,1.0,0.0,0,,,train
2026-06-26 21:00:00+07:00,SKU-004,2,1.5911,1.5911,1.0,0.0,0,,,train
2026-06-26 22:00:00+07:00,SKU-004,0,1.0494,1.0494,1.0,0.0,0,,,train
2026-06-26 23:00:00+07:00,SKU-004,0,0.5362,0.5362,1.0,0.0,0,,,train
2026-06-27 00:00:00+07:00,SKU-004,0,0.3006,0.3006,1.0,0.0,0,,,train
2026-06-27 01:00:00+07:00,SKU-004,0,0.1928,0.1928,1.0,0.0,0,,,train
2026-06-27 02:00:00+07:00,SKU-004,0,0.1328,0.1328,1.0,0.0,0,,,train
2026-06-27 03:00:00+07:00,SKU-004,1,0.1089,0.1089,1.0,0.0,0,,,train
2026-06-27 04:00:00+07:00,SKU-004,0,0.1212,0.1212,1.0,0.0,0,,,train
2026-06-27 05:00:00+07:00,SKU-004,0,0.2187,0.2187,1.0,0.0,0,,,train
2026-06-27 06:00:00+07:00,SKU-004,1,0.4625,0.4625,1.0,0.0,0,,,train
2026-06-27 07:00:00+07:00,SKU-004,0,0.7561,0.7561,1.0,0.0,0,,,train
2026-06-27 08:00:00+07:00,SKU-004,0,1.0385,1.0385,1.0,0.0,0,,,train
2026-06-27 09:00:00+07:00,SKU-004,0,1.2239,1.2239,1.0,0.0,0,,,train
2026-06-27 10:00:00+07:00,SKU-004,4,1.3732,1.3732,1.0,0.0,0,,,train
2026-06-27 11:00:00+07:00,SKU-004,1,1.5229,1.5229,1.0,0.0,0,,,train
2026-06-27 12:00:00+07:00,SKU-004,6,1.5991,1.5991,1.0,0.0,0,,,train
2026-06-27 13:00:00+07:00,SKU-004,1,1.4538,1.4538,1.0,0.0,0,,,train
2026-06-27 14:00:00+07:00,SKU-004,1,1.2955,1.2955,1.0,0.0,0,,,train
2026-06-27 15:00:00+07:00,SKU-004,2,1.2603,1.2603,1.0,0.0,0,,,train
2026-06-27 16:00:00+07:00,SKU-004,1,1.361,1.361,1.0,0.0,0,,,train
2026-06-27 17:00:00+07:00,SKU-004,1,1.5857,1.5857,1.0,0.0,0,,,train
2026-06-27 18:00:00+07:00,SKU-004,1,1.8854,1.8854,1.0,0.0,0,,,train
2026-06-27 19:00:00+07:00,SKU-004,3,2.2104,2.2104,1.0,0.0,0,,,train
2026-06-27 20:00:00+07:00,SKU-004,1,2.3122,2.3122,1.0,0.0,0,,,train
2026-06-27 21:00:00+07:00,SKU-004,1,1.9288,1.9288,1.0,0.0,0,,,train
2026-06-27 22:00:00+07:00,SKU-004,2,1.2704,1.2704,1.0,0.0,0,,,train
2026-06-27 23:00:00+07:00,SKU-004,0,0.6482,0.6482,1.0,0.0,0,,,train
2026-06-28 00:00:00+07:00,SKU-004,0,0.2924,0.2924,1.0,0.0,0,,,train
2026-06-28 01:00:00+07:00,SKU-004,0,0.1873,0.1873,1.0,0.0,0,,,train
2026-06-28 02:00:00+07:00,SKU-004,0,0.1288,0.1288,1.0,0.0,0,,,train
2026-06-28 03:00:00+07:00,SKU-004,1,0.1055,0.1055,1.0,0.0,0,,,train
2026-06-28 04:00:00+07:00,SKU-004,0,0.1172,0.1172,1.0,0.0,0,,,train
2026-06-28 05:00:00+07:00,SKU-004,1,0.2111,0.2111,1.0,0.0,1,,,train
2026-06-28 06:00:00+07:00,SKU-004,1,0.4458,0.4458,1.0,0.0,1,,,train
2026-06-28 07:00:00+07:00,SKU-004,0,0.7275,0.7275,1.0,0.0,0,,,train
2026-06-28 08:00:00+07:00,SKU-004,1,0.9976,0.9976,1.0,0.0,1,,,train
2026-06-28 09:00:00+07:00,SKU-004,1,1.1737,1.1737,1.0,0.0,1,,,train
2026-06-28 10:00:00+07:00,SKU-004,2,1.3146,1.3146,1.0,0.0,2,,,train
2026-06-28 11:00:00+07:00,SKU-004,2,1.4553,1.4553,1.0,0.0,2,,,train
2026-06-28 12:00:00+07:00,SKU-004,0,1.5255,1.5255,1.0,0.0,0,,,train
2026-06-28 13:00:00+07:00,SKU-004,0,1.3843,1.3843,1.0,0.0,0,,,train
2026-06-28 14:00:00+07:00,SKU-004,0,1.2314,1.2314,1.0,0.0,0,,,train
2026-06-28 15:00:00+07:00,SKU-004,3,1.1958,1.1958,1.0,0.0,0,,,train
2026-06-28 16:00:00+07:00,SKU-004,0,1.289,1.289,1.0,0.0,0,,,train
2026-06-28 17:00:00+07:00,SKU-004,0,1.4991,1.4991,1.0,0.0,0,,,train
2026-06-28 18:00:00+07:00,SKU-004,0,1.779,1.779,1.0,0.0,0,,,train
2026-06-28 19:00:00+07:00,SKU-004,1,2.0819,2.0819,1.0,0.0,0,,,train
2026-06-28 20:00:00+07:00,SKU-004,1,2.1738,2.1738,1.0,0.0,0,,,train
2026-06-28 21:00:00+07:00,SKU-004,0,1.81,1.81,1.0,0.0,0,,,train
2026-06-28 22:00:00+07:00,SKU-004,0,1.19,1.19,1.0,0.0,0,,,train
2026-06-28 23:00:00+07:00,SKU-004,0,0.6061,0.6061,1.0,0.0,0,,,train
2026-06-29 00:00:00+07:00,SKU-004,0,0.2474,0.2474,1.0,0.0,0,,,train
2026-06-29 01:00:00+07:00,SKU-004,1,0.1582,0.1582,1.0,0.0,0,,,train
2026-06-29 02:00:00+07:00,SKU-004,0,0.1086,0.1086,1.0,0.0,0,,,train
2026-06-29 03:00:00+07:00,SKU-004,0,0.0888,0.0888,1.0,0.0,0,,,train
2026-06-29 04:00:00+07:00,SKU-004,0,0.0985,0.0985,1.0,0.0,0,,,train
2026-06-29 05:00:00+07:00,SKU-004,0,0.177,0.177,1.0,0.0,0,,,train
2026-06-29 06:00:00+07:00,SKU-004,1,0.3732,0.3732,1.0,0.0,0,,,train
2026-06-29 07:00:00+07:00,SKU-004,0,0.608,0.608,1.0,0.0,0,,,train
2026-06-29 08:00:00+07:00,SKU-004,0,0.8322,0.8322,1.0,0.0,0,,,train
2026-06-29 09:00:00+07:00,SKU-004,1,0.9775,0.9775,1.0,0.0,0,,,train
2026-06-29 10:00:00+07:00,SKU-004,4,1.093,1.093,1.0,0.0,0,,,train
2026-06-29 11:00:00+07:00,SKU-004,0,1.2081,1.2081,1.0,0.0,0,,,train
2026-06-29 12:00:00+07:00,SKU-004,1,1.2643,1.2643,1.0,0.0,0,,,train
2026-06-29 13:00:00+07:00,SKU-004,0,1.1455,1.1455,1.0,0.0,0,,,train
2026-06-29 14:00:00+07:00,SKU-004,2,1.0175,1.0175,1.0,0.0,0,,,train
2026-06-29 15:00:00+07:00,SKU-004,3,0.9866,0.9866,1.0,0.0,0,,,train
2026-06-29 16:00:00+07:00,SKU-004,0,1.0619,1.0619,1.0,0.0,0,,,train
2026-06-29 17:00:00+07:00,SKU-004,4,1.2333,1.2333,1.0,0.0,0,,,train
2026-06-29 18:00:00+07:00,SKU-004,1,1.4616,1.4616,1.0,0.0,0,,,train
2026-06-29 19:00:00+07:00,SKU-004,6,1.7082,1.7082,1.0,0.0,0,,,train
2026-06-29 20:00:00+07:00,SKU-004,0,1.7814,1.7814,1.0,0.0,0,,,train
2026-06-29 21:00:00+07:00,SKU-004,0,1.4814,1.4814,1.0,0.0,0,,,train
2026-06-29 22:00:00+07:00,SKU-004,0,0.9728,0.9728,1.0,0.0,0,,,train
2026-06-29 23:00:00+07:00,SKU-004,1,0.4949,0.4949,1.0,0.0,0,,,train
2026-06-30 00:00:00+07:00,SKU-004,0,0.2235,0.2235,1.0,0.0,0,,,train
2026-06-30 01:00:00+07:00,SKU-004,0,0.1427,0.1427,1.0,0.0,0,,,train
2026-06-30 02:00:00+07:00,SKU-004,0,0.0979,0.0979,1.0,0.0,0,,,train
2026-06-30 03:00:00+07:00,SKU-004,0,0.0799,0.0799,1.0,0.0,0,,,train
2026-06-30 04:00:00+07:00,SKU-004,0,0.0886,0.0886,1.0,0.0,0,,,train
2026-06-30 05:00:00+07:00,SKU-004,0,0.1592,0.1592,1.0,0.0,0,,,train
2026-06-30 06:00:00+07:00,SKU-004,1,0.3354,0.3354,1.0,0.0,0,,,train
2026-06-30 07:00:00+07:00,SKU-004,0,0.546,0.546,1.0,0.0,0,,,train
2026-06-30 08:00:00+07:00,SKU-004,0,0.747,0.747,1.0,0.0,0,,,train
2026-06-30 09:00:00+07:00,SKU-004,0,0.877,0.877,1.0,0.0,0,,,train
2026-06-30 10:00:00+07:00,SKU-004,1,0.9802,0.9802,1.0,0.0,0,,,train
2026-06-30 11:00:00+07:00,SKU-004,2,1.083,1.083,1.0,0.0,0,,,train
2026-06-30 12:00:00+07:00,SKU-004,2,1.1331,1.1331,1.0,0.0,0,,,train
2026-06-30 13:00:00+07:00,SKU-004,0,1.0265,1.0265,1.0,0.0,0,,,train
2026-06-30 14:00:00+07:00,SKU-004,0,0.9116,0.9116,1.0,0.0,0,,,train
2026-06-30 15:00:00+07:00,SKU-004,0,0.8838,0.8838,1.0,0.0,0,,,train
2026-06-30 16:00:00+07:00,SKU-004,3,0.9513,0.9513,1.0,0.0,0,,,train
2026-06-30 17:00:00+07:00,SKU-004,0,1.1049,1.1049,1.0,0.0,0,,,train
2026-06-30 18:00:00+07:00,SKU-004,1,1.3097,1.3097,1.0,0.0,0,,,train
2026-06-30 19:00:00+07:00,SKU-004,0,1.531,1.531,1.0,0.0,0,,,train
2026-06-30 20:00:00+07:00,SKU-004,1,1.597,1.597,1.0,0.0,0,,,train
2026-06-30 21:00:00+07:00,SKU-004,1,1.3286,1.3286,1.0,0.0,0,,,train
2026-06-30 22:00:00+07:00,SKU-004,1,0.8729,0.8729,1.0,0.0,0,,,train
2026-06-30 23:00:00+07:00,SKU-004,1,0.4443,0.4443,1.0,0.0,0,,,train
2026-07-01 00:00:00+07:00,SKU-004,0,0.2088,0.2088,1.0,0.0,0,,,train
2026-07-01 01:00:00+07:00,SKU-004,0,0.1335,0.1335,1.0,0.0,0,,,train
2026-07-01 02:00:00+07:00,SKU-004,0,0.0916,0.0916,1.0,0.0,0,,,train
2026-07-01 03:00:00+07:00,SKU-004,0,0.0749,0.0749,1.0,0.0,0,,,train
2026-07-01 04:00:00+07:00,SKU-004,1,0.0831,0.0831,1.0,0.0,0,,,train
2026-07-01 05:00:00+07:00,SKU-004,1,0.1494,0.1494,1.0,0.0,0,,,train
2026-07-01 06:00:00+07:00,SKU-004,1,0.315,0.315,1.0,0.0,0,,,train
2026-07-01 07:00:00+07:00,SKU-004,1,0.5134,0.5134,1.0,0.0,0,,,train
2026-07-01 08:00:00+07:00,SKU-004,0,0.7032,0.7032,1.0,0.0,0,,,train
2026-07-01 09:00:00+07:00,SKU-004,0,0.8266,0.8266,1.0,0.0,0,,,train
2026-07-01 10:00:00+07:00,SKU-004,1,0.9251,0.9251,1.0,0.0,0,,,train
2026-07-01 11:00:00+07:00,SKU-004,0,1.0235,1.0235,1.0,0.0,0,,,train
2026-07-01 12:00:00+07:00,SKU-004,1,1.0723,1.0723,1.0,0.0,0,,,train
2026-07-01 13:00:00+07:00,SKU-004,3,0.9728,0.9728,1.0,0.0,0,,,train
2026-07-01 14:00:00+07:00,SKU-004,0,0.8652,0.8652,1.0,0.0,0,,,train
2026-07-01 15:00:00+07:00,SKU-004,0,0.8402,0.8402,1.0,0.0,0,,,train
2026-07-01 16:00:00+07:00,SKU-004,0,0.9059,0.9059,1.0,0.0,0,,,train
2026-07-01 17:00:00+07:00,SKU-004,4,1.0539,1.0539,1.0,0.0,0,,,train
2026-07-01 18:00:00+07:00,SKU-004,0,1.2513,1.2513,1.0,0.0,0,,,train
2026-07-01 19:00:00+07:00,SKU-004,3,1.4654,1.4654,1.0,0.0,0,,,train
2026-07-01 20:00:00+07:00,SKU-004,1,1.5313,1.5313,1.0,0.0,0,,,train
2026-07-01 21:00:00+07:00,SKU-004,1,1.2763,1.2763,1.0,0.0,0,,,train
2026-07-01 22:00:00+07:00,SKU-004,0,0.8401,0.8401,1.0,0.0,0,,,train
2026-07-01 23:00:00+07:00,SKU-004,0,0.4284,0.4284,1.0,0.0,0,,,train
2026-07-02 00:00:00+07:00,SKU-004,0,0.2148,0.2148,1.0,0.0,0,,,train
2026-07-02 01:00:00+07:00,SKU-004,0,0.1376,0.1376,1.0,0.0,0,,,train
2026-07-02 02:00:00+07:00,SKU-004,0,0.0946,0.0946,1.0,0.0,0,,,train
2026-07-02 03:00:00+07:00,SKU-004,0,0.0775,0.0775,1.0,0.0,0,,,train
2026-07-02 04:00:00+07:00,SKU-004,0,0.0862,0.0862,1.0,0.0,0,,,train
2026-07-02 05:00:00+07:00,SKU-004,1,0.1552,0.1552,1.0,0.0,0,,,train
2026-07-02 06:00:00+07:00,SKU-004,0,0.328,0.328,1.0,0.0,0,,,train
2026-07-02 07:00:00+07:00,SKU-004,1,0.5357,0.5357,1.0,0.0,0,,,train
2026-07-02 08:00:00+07:00,SKU-004,0,0.7352,0.7352,1.0,0.0,0,,,train
2026-07-02 09:00:00+07:00,SKU-004,1,0.866,0.866,1.0,0.0,0,,,train
2026-07-02 10:00:00+07:00,SKU-004,0,0.9711,0.9711,1.0,0.0,0,,,train
2026-07-02 11:00:00+07:00,SKU-004,1,1.0766,1.0766,1.0,0.0,0,,,train
2026-07-02 12:00:00+07:00,SKU-004,1,1.1303,1.1303,1.0,0.0,0,,,train
2026-07-02 13:00:00+07:00,SKU-004,0,1.0275,1.0275,1.0,0.0,0,,,train
2026-07-02 14:00:00+07:00,SKU-004,0,0.9157,0.9157,1.0,0.0,0,,,train
2026-07-02 15:00:00+07:00,SKU-004,3,0.891,0.891,1.0,0.0,0,,,train
2026-07-02 16:00:00+07:00,SKU-004,1,0.9625,0.9625,1.0,0.0,0,,,train
2026-07-02 17:00:00+07:00,SKU-004,1,1.1219,1.1219,1.0,0.0,0,,,train
2026-07-02 18:00:00+07:00,SKU-004,1,1.3347,1.3347,1.0,0.0,0,,,train
2026-07-02 19:00:00+07:00,SKU-004,1,1.5659,1.5659,1.0,0.0,0,,,train
2026-07-02 20:00:00+07:00,SKU-004,3,1.6394,1.6394,1.0,0.0,0,,,train
2026-07-02 21:00:00+07:00,SKU-004,1,1.3689,1.3689,1.0,0.0,0,EP-004-01,MISSING_SIGNAL,train
2026-07-02 22:00:00+07:00,SKU-004,0,0.9026,0.9026,1.0,0.0,0,EP-004-01,MISSING_SIGNAL,train
2026-07-02 23:00:00+07:00,SKU-004,0,0.4611,0.4611,1.0,0.0,0,EP-004-01,MISSING_SIGNAL,train
2026-07-03 00:00:00+07:00,SKU-004,0,0.2494,0.2494,1.0,0.0,0,EP-004-01,MISSING_SIGNAL,train
2026-07-03 01:00:00+07:00,SKU-004,2,0.1599,0.1599,1.0,0.0,0,EP-004-01,MISSING_SIGNAL,train
2026-07-03 02:00:00+07:00,SKU-004,0,0.1102,0.1102,1.0,0.0,0,EP-004-01,MISSING_SIGNAL,train
2026-07-03 03:00:00+07:00,SKU-004,0,0.0904,0.0904,1.0,0.0,0,EP-004-01,MISSING_SIGNAL,train
2026-07-03 04:00:00+07:00,SKU-004,0,0.1006,0.1006,1.0,0.0,0,EP-004-01,MISSING_SIGNAL,train
2026-07-03 05:00:00+07:00,SKU-004,0,0.1815,0.1815,1.0,0.0,0,EP-004-01,MISSING_SIGNAL,train
2026-07-03 06:00:00+07:00,SKU-004,0,0.3841,0.3841,1.0,0.0,0,EP-004-01,MISSING_SIGNAL,train
2026-07-03 07:00:00+07:00,SKU-004,0,0.6281,0.6281,1.0,0.0,0,EP-004-01,MISSING_SIGNAL,train
2026-07-03 08:00:00+07:00,SKU-004,1,0.8631,0.8631,1.0,0.0,0,EP-004-01,MISSING_SIGNAL,train
2026-07-03 09:00:00+07:00,SKU-004,3,1.0178,1.0178,1.0,0.0,0,EP-004-01,MISSING_SIGNAL,train
2026-07-03 10:00:00+07:00,SKU-004,2,1.1427,1.1427,1.0,0.0,0,EP-004-01,MISSING_SIGNAL,train
2026-07-03 11:00:00+07:00,SKU-004,2,1.2681,1.2681,1.0,0.0,0,EP-004-01,MISSING_SIGNAL,train
2026-07-03 12:00:00+07:00,SKU-004,1,1.3326,1.3326,1.0,0.0,0,EP-004-01,MISSING_SIGNAL,train
2026-07-03 13:00:00+07:00,SKU-004,3,1.2124,1.2124,1.0,0.0,0,EP-004-01,MISSING_SIGNAL,train
2026-07-03 14:00:00+07:00,SKU-004,1,1.7695,1.0814,1.6363,0.0,0,EP-004-01,MISSING_SIGNAL,train
2026-07-03 15:00:00+07:00,SKU-004,2,2.3931,1.053,2.2726,0.0,0,EP-004-01,MISSING_SIGNAL,train
2026-07-03 16:00:00+07:00,SKU-004,1,3.3111,1.1383,2.9089,0.0,0,EP-004-01,MISSING_SIGNAL,train
2026-07-03 17:00:00+07:00,SKU-004,3,4.7067,1.3276,3.5453,0.0,0,EP-004-01,MISSING_SIGNAL,train
2026-07-03 18:00:00+07:00,SKU-004,14,6.6077,1.5802,4.1816,0.0,13,EP-004-01,MISSING_SIGNAL,train
2026-07-03 19:00:00+07:00,SKU-004,6,7.5925,1.8548,4.0935,0.0,6,EP-004-01,MISSING_SIGNAL,train
2026-07-03 20:00:00+07:00,SKU-004,6,7.7854,1.9426,4.0078,0.0,6,EP-004-01,MISSING_SIGNAL,train
2026-07-03 21:00:00+07:00,SKU-004,11,6.3674,1.6225,3.9245,0.0,11,EP-004-01,MISSING_SIGNAL,train
2026-07-03 22:00:00+07:00,SKU-004,1,4.1129,1.0701,3.8435,0.0,1,EP-004-01,MISSING_SIGNAL,train
2026-07-03 23:00:00+07:00,SKU-004,0,2.0583,0.5467,3.7648,0.0,0,EP-004-01,MISSING_SIGNAL,train
2026-07-04 00:00:00+07:00,SKU-004,2,1.1306,0.3065,3.6882,0.0,2,EP-004-01,MISSING_SIGNAL,train
2026-07-04 01:00:00+07:00,SKU-004,0,0.7105,0.1966,3.6138,0.0,0,EP-004-01,MISSING_SIGNAL,train
2026-07-04 02:00:00+07:00,SKU-004,0,0.4797,0.1354,3.5414,0.0,0,EP-004-01,MISSING_SIGNAL,train
2026-07-04 03:00:00+07:00,SKU-004,1,0.3855,0.1111,3.471,0.0,1,EP-004-01,MISSING_SIGNAL,train
2026-07-04 04:00:00+07:00,SKU-004,0,0.4207,0.1236,3.4026,0.0,0,EP-004-01,MISSING_SIGNAL,train
2026-07-04 05:00:00+07:00,SKU-004,1,0.7439,0.223,3.336,0.0,1,EP-004-01,MISSING_SIGNAL,train
2026-07-04 06:00:00+07:00,SKU-004,1,1.543,0.4717,3.2713,0.0,1,EP-004-01,MISSING_SIGNAL,train
2026-07-04 07:00:00+07:00,SKU-004,0,2.4738,0.771,3.2084,0.0,0,EP-004-01,MISSING_SIGNAL,train
2026-07-04 08:00:00+07:00,SKU-004,2,3.3329,1.059,3.1473,0.0,2,EP-004-01,MISSING_SIGNAL,train
2026-07-04 09:00:00+07:00,SKU-004,5,3.8539,1.2481,3.0878,0.0,5,EP-004-01,MISSING_SIGNAL,train
2026-07-04 10:00:00+07:00,SKU-004,5,4.2428,1.4003,3.03,0.0,5,EP-004-01,MISSING_SIGNAL,train
2026-07-04 11:00:00+07:00,SKU-004,8,4.6179,1.5529,2.9738,0.0,8,EP-004-01,MISSING_SIGNAL,train
2026-07-04 12:00:00+07:00,SKU-004,2,4.76,1.6306,2.9191,0.0,2,EP-004-01,MISSING_SIGNAL,train
2026-07-04 13:00:00+07:00,SKU-004,6,4.2485,1.4824,2.866,0.0,6,EP-004-01,MISSING_SIGNAL,train
2026-07-04 14:00:00+07:00,SKU-004,1,3.7178,1.321,2.8143,0.0,0,EP-004-01,MISSING_SIGNAL,train
2026-07-04 15:00:00+07:00,SKU-004,2,3.5522,1.2851,2.7641,0.0,0,EP-004-01,MISSING_SIGNAL,train
2026-07-04 16:00:00+07:00,SKU-004,3,3.7682,1.3878,2.7152,0.0,0,EP-004-01,MISSING_SIGNAL,train
2026-07-04 17:00:00+07:00,SKU-004,15,4.3136,1.617,2.6677,0.0,0,EP-004-01,MISSING_SIGNAL,train
2026-07-04 18:00:00+07:00,SKU-004,3,5.0399,1.9225,2.6215,0.0,0,EP-004-01,MISSING_SIGNAL,train
2026-07-04 19:00:00+07:00,SKU-004,3,5.8075,2.2539,2.5766,0.0,0,EP-004-01,MISSING_SIGNAL,train
2026-07-04 20:00:00+07:00,SKU-004,5,5.9721,2.3577,2.533,0.0,0,EP-004-01,MISSING_SIGNAL,train
2026-07-04 21:00:00+07:00,SKU-004,6,4.8982,1.9668,2.4905,0.0,0,EP-004-01,MISSING_SIGNAL,train
2026-07-04 22:00:00+07:00,SKU-004,1,3.1729,1.2955,2.4492,0.0,0,EP-004-01,MISSING_SIGNAL,train
2026-07-04 23:00:00+07:00,SKU-004,1,1.5924,0.661,2.4091,0.0,0,EP-004-01,MISSING_SIGNAL,train
2026-07-05 00:00:00+07:00,SKU-004,0,0.7067,0.2982,2.3701,0.0,0,EP-004-01,MISSING_SIGNAL,train
2026-07-05 01:00:00+07:00,SKU-004,0,0.4453,0.191,2.3321,0.0,0,EP-004-01,MISSING_SIGNAL,train
2026-07-05 02:00:00+07:00,SKU-004,1,0.3015,0.1314,2.2952,0.0,0,EP-004-01,MISSING_SIGNAL,train
2026-07-05 03:00:00+07:00,SKU-004,0,0.243,0.1075,2.2594,0.0,0,EP-004-01,MISSING_SIGNAL,train
2026-07-05 04:00:00+07:00,SKU-004,0,0.2659,0.1195,2.2245,0.0,0,EP-004-01,MISSING_SIGNAL,train
2026-07-05 05:00:00+07:00,SKU-004,2,0.4715,0.2153,2.1906,0.0,0,EP-004-01,MISSING_SIGNAL,train
2026-07-05 06:00:00+07:00,SKU-004,0,0.9808,0.4546,2.1576,0.0,0,EP-004-01,MISSING_SIGNAL,train
2026-07-05 07:00:00+07:00,SKU-004,3,1.5769,0.7419,2.1256,0.0,0,EP-004-01,MISSING_SIGNAL,train
2026-07-05 08:00:00+07:00,SKU-004,8,2.1305,1.0172,2.0944,0.0,2,EP-004-01,MISSING_SIGNAL,train
2026-07-05 09:00:00+07:00,SKU-004,4,2.4703,1.1968,2.0641,0.0,4,EP-004-01,MISSING_SIGNAL,train
2026-07-05 10:00:00+07:00,SKU-004,7,2.7273,1.3404,2.0346,0.0,7,EP-004-01,MISSING_SIGNAL,train
2026-07-05 11:00:00+07:00,SKU-004,2,2.9767,1.4839,2.006,0.0,2,EP-004-01,MISSING_SIGNAL,train
2026-07-05 12:00:00+07:00,SKU-004,3,3.0769,1.5555,1.9781,0.0,3,EP-004-01,MISSING_SIGNAL,train
2026-07-05 13:00:00+07:00,SKU-004,2,2.754,1.4116,1.951,0.0,2,EP-004-01,MISSING_SIGNAL,train
2026-07-05 14:00:00+07:00,SKU-004,0,2.4167,1.2556,1.9247,0.0,0,EP-004-01,MISSING_SIGNAL,train
2026-07-05 15:00:00+07:00,SKU-004,1,2.3155,1.2193,1.8991,0.0,1,EP-004-01,MISSING_SIGNAL,train
2026-07-05 16:00:00+07:00,SKU-004,3,2.4632,1.3143,1.8742,0.0,3,EP-004-01,MISSING_SIGNAL,train
2026-07-05 17:00:00+07:00,SKU-004,1,2.8277,1.5285,1.85,0.0,1,EP-004-01,MISSING_SIGNAL,train
2026-07-05 18:00:00+07:00,SKU-004,0,3.3131,1.814,1.8264,0.0,0,EP-004-01,MISSING_SIGNAL,train
2026-07-05 19:00:00+07:00,SKU-004,7,3.8285,2.1228,1.8035,0.0,7,EP-004-01,MISSING_SIGNAL,train
2026-07-05 20:00:00+07:00,SKU-004,1,3.9482,2.2165,1.7813,0.0,1,EP-004-01,MISSING_SIGNAL,train
2026-07-05 21:00:00+07:00,SKU-004,2,3.2475,1.8455,1.7597,0.0,2,EP-004-01,MISSING_SIGNAL,train
2026-07-05 22:00:00+07:00,SKU-004,1,2.1096,1.2134,1.7386,0.0,1,EP-004-01,MISSING_SIGNAL,train
2026-07-05 23:00:00+07:00,SKU-004,2,1.0618,0.618,1.7182,0.0,2,EP-004-01,MISSING_SIGNAL,train
2026-07-06 00:00:00+07:00,SKU-004,0,0.4284,0.2523,1.6983,0.0,0,EP-004-01,MISSING_SIGNAL,train
2026-07-06 01:00:00+07:00,SKU-004,0,0.2708,0.1613,1.6789,0.0,0,EP-004-01,MISSING_SIGNAL,train
2026-07-06 02:00:00+07:00,SKU-004,0,0.1838,0.1107,1.6601,0.0,0,EP-004-01,MISSING_SIGNAL,train
2026-07-06 03:00:00+07:00,SKU-004,0,0.1486,0.0905,1.6419,0.0,0,EP-004-01,MISSING_SIGNAL,train
2026-07-06 04:00:00+07:00,SKU-004,0,0.1631,0.1004,1.6241,0.0,0,EP-004-01,MISSING_SIGNAL,train
2026-07-06 05:00:00+07:00,SKU-004,1,0.29,0.1805,1.6068,0.0,1,EP-004-01,MISSING_SIGNAL,train
2026-07-06 06:00:00+07:00,SKU-004,0,0.605,0.3805,1.59,0.0,0,EP-004-01,MISSING_SIGNAL,train
2026-07-06 07:00:00+07:00,SKU-004,1,0.9755,0.6199,1.5737,0.0,1,EP-004-01,MISSING_SIGNAL,train
2026-07-06 08:00:00+07:00,SKU-004,3,1.3218,0.8485,1.5578,0.0,3,EP-004-01,MISSING_SIGNAL,train
2026-07-06 09:00:00+07:00,SKU-004,5,1.5372,0.9967,1.5423,0.0,5,EP-004-01,MISSING_SIGNAL,train
2026-07-06 10:00:00+07:00,SKU-004,6,1.7021,1.1144,1.5273,0.0,6,EP-004-01,MISSING_SIGNAL,train
2026-07-06 11:00:00+07:00,SKU-004,1,1.8633,1.2317,1.5127,0.0,1,EP-004-01,MISSING_SIGNAL,train
2026-07-06 12:00:00+07:00,SKU-004,0,1.9317,1.2891,1.4985,0.0,0,EP-004-01,MISSING_SIGNAL,train
2026-07-06 13:00:00+07:00,SKU-004,0,1.7341,1.168,1.4847,0.0,0,EP-004-01,MISSING_SIGNAL,train
2026-07-06 14:00:00+07:00,SKU-004,3,1.5263,1.0374,1.4713,0.0,3,EP-004-01,MISSING_SIGNAL,train
2026-07-06 15:00:00+07:00,SKU-004,2,1.4668,1.0059,1.4582,0.0,2,EP-004-01,MISSING_SIGNAL,train
2026-07-06 16:00:00+07:00,SKU-004,0,1.5651,1.0827,1.4455,0.0,0,EP-004-01,MISSING_SIGNAL,train
2026-07-06 17:00:00+07:00,SKU-004,0,1.8021,1.2574,1.4332,0.0,0,EP-004-01,MISSING_SIGNAL,train
2026-07-06 18:00:00+07:00,SKU-004,5,2.1179,1.4902,1.4212,0.0,5,EP-004-01,MISSING_SIGNAL,train
2026-07-06 19:00:00+07:00,SKU-004,1,2.4549,1.7417,1.4095,0.0,1,EP-004-01,MISSING_SIGNAL,train
2026-07-06 20:00:00+07:00,SKU-004,4,2.5394,1.8162,1.3982,0.0,4,EP-004-01,MISSING_SIGNAL,train
2026-07-06 21:00:00+07:00,SKU-004,3,2.0952,1.5104,1.3872,0.0,3,EP-004-01,MISSING_SIGNAL,train
2026-07-06 22:00:00+07:00,SKU-004,2,1.3653,0.9919,1.3764,0.0,2,EP-004-01,MISSING_SIGNAL,train
2026-07-06 23:00:00+07:00,SKU-004,0,0.6893,0.5046,1.366,0.0,0,EP-004-01,MISSING_SIGNAL,train
2026-07-07 00:00:00+07:00,SKU-004,0,0.3089,0.2279,1.3559,0.0,0,EP-004-01,MISSING_SIGNAL,train
2026-07-07 01:00:00+07:00,SKU-004,0,0.1959,0.1455,1.346,0.0,0,EP-004-01,MISSING_SIGNAL,train
2026-07-07 02:00:00+07:00,SKU-004,0,0.1334,0.0998,1.3364,0.0,0,EP-004-01,MISSING_SIGNAL,train
2026-07-07 03:00:00+07:00,SKU-004,0,0.1082,0.0815,1.3271,0.0,0,EP-004-01,MISSING_SIGNAL,train
2026-07-07 04:00:00+07:00,SKU-004,1,0.1191,0.0904,1.3181,0.0,1,EP-004-01,MISSING_SIGNAL,train
2026-07-07 05:00:00+07:00,SKU-004,0,0.2125,0.1623,1.3093,0.0,0,EP-004-01,MISSING_SIGNAL,train
2026-07-07 06:00:00+07:00,SKU-004,0,0.4448,0.3419,1.3007,0.0,0,EP-004-01,MISSING_SIGNAL,train
2026-07-07 07:00:00+07:00,SKU-004,1,0.7195,0.5567,1.2924,0.0,1,EP-004-01,MISSING_SIGNAL,train
2026-07-07 08:00:00+07:00,SKU-004,1,0.9781,0.7616,1.2843,0.0,1,EP-004-01,MISSING_SIGNAL,train
2026-07-07 09:00:00+07:00,SKU-004,3,1.1413,0.8942,1.2764,0.0,3,EP-004-01,MISSING_SIGNAL,train
2026-07-07 10:00:00+07:00,SKU-004,2,1.268,0.9994,1.2687,0.0,2,EP-004-01,MISSING_SIGNAL,train
2026-07-07 11:00:00+07:00,SKU-004,0,1.3927,1.1042,1.2613,0.0,0,EP-004-01,MISSING_SIGNAL,train
2026-07-07 12:00:00+07:00,SKU-004,0,1.4488,1.1553,1.2541,0.0,0,EP-004-01,MISSING_SIGNAL,train
2026-07-07 13:00:00+07:00,SKU-004,2,1.305,1.0465,1.247,0.0,2,EP-004-01,MISSING_SIGNAL,train
2026-07-07 14:00:00+07:00,SKU-004,0,1.1526,0.9294,1.2402,0.0,0,EP-004-01,MISSING_SIGNAL,train
2026-07-07 15:00:00+07:00,SKU-004,1,1.1115,0.9011,1.2335,0.0,1,EP-004-02,SLOW_BURN,train
2026-07-07 16:00:00+07:00,SKU-004,1,1.1901,0.9699,1.2271,0.1,1,EP-004-02,SLOW_BURN,train
2026-07-07 17:00:00+07:00,SKU-004,1,1.3752,1.1265,1.2208,0.2,1,EP-004-02,SLOW_BURN,train
2026-07-07 18:00:00+07:00,SKU-004,1,1.6219,1.3353,1.2147,0.3,0,EP-004-02,SLOW_BURN,train
2026-07-07 19:00:00+07:00,SKU-004,0,1.8867,1.5609,1.2087,0.4,0,EP-004-02,SLOW_BURN,train
2026-07-07 20:00:00+07:00,SKU-004,2,1.9587,1.6282,1.2029,0.5,0,EP-004-02,SLOW_BURN,train
2026-07-07 21:00:00+07:00,SKU-004,3,1.6219,1.3546,1.1973,0.6,0,EP-004-02,SLOW_BURN,train
2026-07-07 22:00:00+07:00,SKU-004,0,1.0607,0.8899,1.1919,0.7,0,EP-004-02,SLOW_BURN,train
2026-07-07 23:00:00+07:00,SKU-004,1,0.5375,0.453,1.1865,0.8,0,EP-004-02,SLOW_BURN,train
2026-07-08 00:00:00+07:00,SKU-004,0,0.2515,0.2129,1.1814,0.9,0,EP-004-02,SLOW_BURN,train
2026-07-08 01:00:00+07:00,SKU-004,0,0.1601,0.1361,1.1764,1.0,0,EP-004-02,SLOW_BURN,train
2026-07-08 02:00:00+07:00,SKU-004,0,0.1094,0.0934,1.1715,0.9904,0,EP-004-02,SLOW_BURN,train
2026-07-08 03:00:00+07:00,SKU-004,0,0.0891,0.0763,1.1667,0.9808,0,EP-004-02,SLOW_BURN,train
2026-07-08 04:00:00+07:00,SKU-004,0,0.0984,0.0847,1.1621,0.9714,0,EP-004-02,SLOW_BURN,train
2026-07-08 05:00:00+07:00,SKU-004,0,0.1763,0.1523,1.1576,0.962,0,EP-004-02,SLOW_BURN,train
2026-07-08 06:00:00+07:00,SKU-004,0,0.3704,0.3212,1.1533,0.9527,0,EP-004-02,SLOW_BURN,train
2026-07-08 07:00:00+07:00,SKU-004,0,0.6015,0.5235,1.149,0.9435,0,EP-004-02,SLOW_BURN,train
2026-07-08 08:00:00+07:00,SKU-004,1,0.8208,0.717,1.1449,0.9344,0,EP-004-02,SLOW_BURN,train
2026-07-08 09:00:00+07:00,SKU-004,0,0.9615,0.8427,1.1409,0.9254,0,EP-004-02,SLOW_BURN,train
2026-07-08 10:00:00+07:00,SKU-004,2,1.0723,0.9431,1.137,0.9165,0,EP-004-02,SLOW_BURN,train
2026-07-08 11:00:00+07:00,SKU-004,0,1.1824,1.0434,1.1332,0.9077,0,EP-004-02,SLOW_BURN,train
2026-07-08 12:00:00+07:00,SKU-004,1,1.2348,1.0932,1.1295,0.8989,0,EP-004-02,SLOW_BURN,train
2026-07-08 13:00:00+07:00,SKU-004,0,1.1166,0.9918,1.1259,0.8903,0,EP-004-02,SLOW_BURN,train
2026-07-08 14:00:00+07:00,SKU-004,0,1.6696,1.4875,1.1224,0.8817,0,EP-004-02,SLOW_BURN,train
2026-07-08 15:00:00+07:00,SKU-004,0,1.7037,1.4444,1.1795,0.8732,0,EP-004-02,SLOW_BURN,train
2026-07-08 16:00:00+07:00,SKU-004,0,1.9766,1.5573,1.2693,0.8648,0,EP-004-02,SLOW_BURN,train
2026-07-08 17:00:00+07:00,SKU-004,4,2.4622,1.8118,1.359,0.8564,0,EP-004-02,SLOW_BURN,train
2026-07-08 18:00:00+07:00,SKU-004,1,3.1166,2.1512,1.4488,0.8482,0,EP-004-02,SLOW_BURN,train
2026-07-08 19:00:00+07:00,SKU-004,7,3.8757,2.5191,1.5385,0.84,0,EP-004-02,SLOW_BURN,train
2026-07-08 20:00:00+07:00,SKU-004,3,4.2865,2.6325,1.6283,0.8319,0,EP-004-02,SLOW_BURN,train
2026-07-08 21:00:00+07:00,SKU-004,5,3.7695,2.1941,1.718,0.8239,0,EP-004-02,SLOW_BURN,train
2026-07-08 22:00:00+07:00,SKU-004,1,2.6108,1.4442,1.8078,0.8159,0,EP-004-02,SLOW_BURN,train
2026-07-08 23:00:00+07:00,SKU-004,3,1.3976,0.7365,1.8975,0.8081,0,EP-004-02,SLOW_BURN,train
2026-07-09 00:00:00+07:00,SKU-004,2,0.6976,0.3693,1.8889,0.8003,0,EP-004-02,SLOW_BURN,train
2026-07-09 01:00:00+07:00,SKU-004,6,0.4447,0.2365,1.8803,0.7926,0,EP-004-02,SLOW_BURN,train
2026-07-09 02:00:00+07:00,SKU-004,1,0.3045,0.1627,1.8718,0.7849,0,EP-004-02,SLOW_BURN,train
2026-07-09 03:00:00+07:00,SKU-004,0,0.2482,0.1332,1.8634,0.7774,0,EP-004-02,SLOW_BURN,train
2026-07-09 04:00:00+07:00,SKU-004,0,0.2748,0.1481,1.8551,0.7699,0,EP-004-02,SLOW_BURN,train
2026-07-09 05:00:00+07:00,SKU-004,3,0.4928,0.2668,1.8468,0.7625,0,EP-004-02,SLOW_BURN,train
2026-07-09 06:00:00+07:00,SKU-004,1,1.0367,0.5638,1.8387,0.7551,0,EP-004-02,SLOW_BURN,train
2026-07-09 07:00:00+07:00,SKU-004,0,1.6858,0.9209,1.8306,0.7478,0,EP-004-02,SLOW_BURN,train
2026-07-09 08:00:00+07:00,SKU-004,7,2.3035,1.2639,1.8226,0.7406,3,EP-004-02,SLOW_BURN,train
2026-07-09 09:00:00+07:00,SKU-004,3,2.7015,1.4887,1.8147,0.7335,3,EP-004-02,SLOW_BURN,train
2026-07-09 10:00:00+07:00,SKU-004,1,3.0163,1.6694,1.8068,0.7264,1,EP-004-02,SLOW_BURN,train
2026-07-09 11:00:00+07:00,SKU-004,2,3.3296,1.8508,1.799,0.7194,2,EP-004-02,SLOW_BURN,train
2026-07-09 12:00:00+07:00,SKU-004,7,3.4806,1.943,1.7913,0.7125,7,EP-004-02,SLOW_BURN,train
2026-07-09 13:00:00+07:00,SKU-004,7,3.1505,1.7663,1.7837,0.7056,7,EP-004-02,SLOW_BURN,train
2026-07-09 14:00:00+07:00,SKU-004,1,2.7959,1.5741,1.7761,0.6988,1,EP-004-02,SLOW_BURN,train
2026-07-09 15:00:00+07:00,SKU-004,2,2.7089,1.5316,1.7687,0.6921,2,EP-004-02,SLOW_BURN,train
2026-07-09 16:00:00+07:00,SKU-004,1,2.9141,1.6545,1.7613,0.6854,1,EP-004-02,SLOW_BURN,train
2026-07-09 17:00:00+07:00,SKU-004,5,3.3827,1.9286,1.7539,0.6788,5,EP-004-02,SLOW_BURN,train
2026-07-09 18:00:00+07:00,SKU-004,9,4.0075,2.2944,1.7466,0.6722,9,EP-004-02,SLOW_BURN,train
2026-07-09 19:00:00+07:00,SKU-004,4,4.6823,2.6918,1.7394,0.6658,4,EP-004-02,SLOW_BURN,train
2026-07-09 20:00:00+07:00,SKU-004,8,4.882,2.8182,1.7323,0.6593,8,EP-004-02,SLOW_BURN,train
2026-07-09 21:00:00+07:00,SKU-004,10,4.0597,2.3531,1.7253,0.653,10,EP-004-02,SLOW_BURN,train
2026-07-09 22:00:00+07:00,SKU-004,4,2.6661,1.5516,1.7183,0.6467,4,EP-004-02,SLOW_BURN,train
2026-07-09 23:00:00+07:00,SKU-004,2,1.3565,0.7926,1.7113,0.6405,2,EP-004-02,SLOW_BURN,train
2026-07-10 00:00:00+07:00,SKU-004,1,0.7306,0.4286,1.7045,0.6343,1,EP-004-02,SLOW_BURN,train
2026-07-10 01:00:00+07:00,SKU-004,1,0.4667,0.2749,1.6977,0.6282,1,EP-004-02,SLOW_BURN,train
2026-07-10 02:00:00+07:00,SKU-004,0,0.3203,0.1894,1.691,0.6221,0,EP-004-02,SLOW_BURN,train
2026-07-10 03:00:00+07:00,SKU-004,1,0.2616,0.1553,1.6843,0.6161,1,EP-004-02,SLOW_BURN,train
2026-07-10 04:00:00+07:00,SKU-004,0,0.2902,0.173,1.6777,0.6102,0,EP-004-02,SLOW_BURN,train
2026-07-10 05:00:00+07:00,SKU-004,0,0.5215,0.312,1.6712,0.6043,0,EP-004-02,SLOW_BURN,train
2026-07-10 06:00:00+07:00,SKU-004,2,0.6518,0.3915,1.6647,0.5985,2,EP-004-02,SLOW_BURN,train
2026-07-10 07:00:00+07:00,SKU-004,0,1.0618,0.6403,1.6583,0.5927,0,EP-004-02,SLOW_BURN,train
2026-07-10 08:00:00+07:00,SKU-004,1,1.4535,0.8799,1.652,0.587,1,EP-004-02,SLOW_BURN,train
2026-07-10 09:00:00+07:00,SKU-004,0,1.7075,1.0376,1.6457,0.5813,0,EP-004-02,SLOW_BURN,train
2026-07-10 10:00:00+07:00,SKU-004,1,1.9097,1.1648,1.6395,0.5757,1,EP-004-02,SLOW_BURN,train
2026-07-10 11:00:00+07:00,SKU-004,0,2.1113,1.2927,1.6333,0.5702,0,EP-004-02,SLOW_BURN,train
2026-07-10 12:00:00+07:00,SKU-004,2,2.2104,1.3584,1.6272,0.5647,2,EP-004-02,SLOW_BURN,train
2026-07-10 13:00:00+07:00,SKU-004,8,2.0036,1.2359,1.6211,0.5592,8,EP-004-02,SLOW_BURN,train
2026-07-10 14:00:00+07:00,SKU-004,0,1.7805,1.1024,1.6152,0.5539,0,EP-004-02,SLOW_BURN,train
2026-07-10 15:00:00+07:00,SKU-004,1,1.7273,1.0734,1.6092,0.5485,1,EP-004-02,SLOW_BURN,train
2026-07-10 16:00:00+07:00,SKU-004,0,1.8604,1.1603,1.6034,0.5432,0,EP-004-02,SLOW_BURN,train
2026-07-10 17:00:00+07:00,SKU-004,3,2.162,1.3533,1.5975,0.538,3,EP-004-02,SLOW_BURN,train
2026-07-10 18:00:00+07:00,SKU-004,3,2.564,1.6108,1.5918,0.5328,3,EP-004-02,SLOW_BURN,train
2026-07-10 19:00:00+07:00,SKU-004,7,2.9988,1.8907,1.5861,0.5277,7,EP-004-02,SLOW_BURN,train
2026-07-10 20:00:00+07:00,SKU-004,8,3.1295,1.9802,1.5804,0.5226,0,EP-004-02,SLOW_BURN,train
2026-07-10 21:00:00+07:00,SKU-004,3,2.6046,1.6539,1.5748,0.5175,0,EP-004-02,SLOW_BURN,train
2026-07-10 22:00:00+07:00,SKU-004,1,1.7118,1.0908,1.5693,0.5126,0,EP-004-02,SLOW_BURN,train
2026-07-10 23:00:00+07:00,SKU-004,3,0.8715,0.5573,1.5638,0.5076,0,EP-004-02,SLOW_BURN,train
2026-07-11 00:00:00+07:00,SKU-004,0,0.4869,0.3125,1.5584,0.5027,0,EP-004-02,SLOW_BURN,train
2026-07-11 01:00:00+07:00,SKU-004,0,0.3112,0.2004,1.553,0.4979,0,EP-004-02,SLOW_BURN,train
2026-07-11 02:00:00+07:00,SKU-004,0,0.2137,0.1381,1.5477,0.4931,0,EP-004-02,SLOW_BURN,train
2026-07-11 03:00:00+07:00,SKU-004,0,0.1746,0.1132,1.5424,0.4883,0,EP-004-02,SLOW_BURN,train
2026-07-11 04:00:00+07:00,SKU-004,0,0.1937,0.126,1.5371,0.4836,0,EP-004-02,SLOW_BURN,train
2026-07-11 05:00:00+07:00,SKU-004,0,0.3482,0.2273,1.532,0.479,0,EP-004-02,SLOW_BURN,train
2026-07-11 06:00:00+07:00,SKU-004,1,0.7341,0.4808,1.5268,0.4743,0,EP-004-02,SLOW_BURN,train
2026-07-11 07:00:00+07:00,SKU-004,0,1.196,0.7859,1.5218,0.4698,0,EP-004-02,SLOW_BURN,train
2026-07-11 08:00:00+07:00,SKU-004,4,1.6373,1.0795,1.5167,0.4652,0,EP-004-02,SLOW_BURN,train
2026-07-11 09:00:00+07:00,SKU-004,3,1.9233,1.2722,1.5117,0.4608,0,EP-004-02,SLOW_BURN,train
2026-07-11 10:00:00+07:00,SKU-004,1,2.1507,1.4273,1.5068,0.4563,0,EP-004-02,SLOW_BURN,train
2026-07-11 11:00:00+07:00,SKU-004,5,2.3774,1.5829,1.5019,0.4519,0,EP-004-02,SLOW_BURN,train
2026-07-11 12:00:00+07:00,SKU-004,3,2.4884,1.6622,1.4971,0.4476,0,EP-004-02,SLOW_BURN,train
2026-07-11 13:00:00+07:00,SKU-004,5,2.255,1.5111,1.4923,0.4432,0,EP-004-02,SLOW_BURN,train
2026-07-11 14:00:00+07:00,SKU-004,1,2.0031,1.3466,1.4876,0.439,0,EP-004-02,SLOW_BURN,train
2026-07-11 15:00:00+07:00,SKU-004,3,1.9425,1.31,1.4829,0.4347,0,EP-004-02,SLOW_BURN,train
2026-07-11 16:00:00+07:00,SKU-004,1,2.0911,1.4146,1.4782,0.4306,0,EP-004-02,SLOW_BURN,train
2026-07-11 17:00:00+07:00,SKU-004,1,2.4288,1.6482,1.4736,0.4264,0,EP-004-02,SLOW_BURN,train
2026-07-11 18:00:00+07:00,SKU-004,5,2.8787,1.9596,1.469,0.4223,0,EP-004-02,SLOW_BURN,train
2026-07-11 19:00:00+07:00,SKU-004,1,3.3646,2.2974,1.4645,0.4182,0,EP-004-02,SLOW_BURN,train
2026-07-11 20:00:00+07:00,SKU-004,5,3.5089,2.4033,1.46,0.4142,4,EP-004-02,SLOW_BURN,train
2026-07-11 21:00:00+07:00,SKU-004,0,2.9181,2.0047,1.4556,0.4102,0,EP-004-02,SLOW_BURN,train
2026-07-11 22:00:00+07:00,SKU-004,2,1.9163,1.3205,1.4512,0.4062,2,EP-004-02,SLOW_BURN,train
2026-07-11 23:00:00+07:00,SKU-004,1,0.9748,0.6738,1.4469,0.4023,1,EP-004-02,SLOW_BURN,train
2026-07-12 00:00:00+07:00,SKU-004,4,0.4384,0.3039,1.4425,0.3984,4,EP-004-02,SLOW_BURN,train
2026-07-12 01:00:00+07:00,SKU-004,0,0.2799,0.1946,1.4383,0.3946,0,EP-004-02,SLOW_BURN,train
2026-07-12 02:00:00+07:00,SKU-004,0,0.192,0.1339,1.4341,0.3908,0,EP-004-02,SLOW_BURN,train
2026-07-12 03:00:00+07:00,SKU-004,1,0.1567,0.1096,1.4299,0.387,1,EP-004-02,SLOW_BURN,train
2026-07-12 04:00:00+07:00,SKU-004,0,0.1737,0.1218,1.4257,0.3833,0,EP-004-02,SLOW_BURN,train
2026-07-12 05:00:00+07:00,SKU-004,1,0.3119,0.2194,1.4216,0.3796,1,EP-004-02,SLOW_BURN,train
2026-07-12 06:00:00+07:00,SKU-004,1,0.6568,0.4633,1.4176,0.376,1,EP-004-02,SLOW_BURN,train
2026-07-12 07:00:00+07:00,SKU-004,2,1.0689,0.7562,1.4135,0.3723,2,EP-004-02,SLOW_BURN,train
2026-07-12 08:00:00+07:00,SKU-004,2,1.4615,1.0368,1.4095,0.3687,2,EP-004-02,SLOW_BURN,train
2026-07-12 09:00:00+07:00,SKU-004,3,1.7147,1.2199,1.4056,0.3652,3,EP-004-02,SLOW_BURN,train
2026-07-12 10:00:00+07:00,SKU-004,1,1.9151,1.3663,1.4017,0.3617,1,EP-004-02,SLOW_BURN,train
2026-07-12 11:00:00+07:00,SKU-004,4,2.1142,1.5125,1.3978,0.3582,4,EP-004-02,SLOW_BURN,train
2026-07-12 12:00:00+07:00,SKU-004,2,2.2101,1.5855,1.394,0.3547,2,EP-004-02,SLOW_BURN,train
2026-07-12 13:00:00+07:00,SKU-004,2,2.0001,1.4388,1.3902,0.3513,2,EP-004-02,SLOW_BURN,train
2026-07-12 14:00:00+07:00,SKU-004,1,1.7744,1.2798,1.3864,0.3479,1,EP-004-02,SLOW_BURN,train
2026-07-12 15:00:00+07:00,SKU-004,1,1.7184,1.2428,1.3827,0.3446,1,EP-004-02,SLOW_BURN,train
2026-07-12 16:00:00+07:00,SKU-004,2,1.8474,1.3396,1.379,0.3412,2,EP-004-02,SLOW_BURN,train
2026-07-12 17:00:00+07:00,SKU-004,2,2.1428,1.558,1.3754,0.338,2,EP-004-02,SLOW_BURN,train
2026-07-12 18:00:00+07:00,SKU-004,0,2.5363,1.8489,1.3717,0.3347,0,EP-004-02,SLOW_BURN,train
2026-07-12 19:00:00+07:00,SKU-004,4,2.9603,2.1637,1.3682,0.3315,4,EP-004-02,SLOW_BURN,train
2026-07-12 20:00:00+07:00,SKU-004,2,3.0829,2.2592,1.3646,0.3283,2,EP-004-02,SLOW_BURN,train
2026-07-12 21:00:00+07:00,SKU-004,0,2.5603,1.881,1.3611,0.3251,0,EP-004-02,SLOW_BURN,train
2026-07-12 22:00:00+07:00,SKU-004,3,1.679,1.2367,1.3576,0.322,3,EP-004-02,SLOW_BURN,train
2026-07-12 23:00:00+07:00,SKU-004,1,0.8529,0.6299,1.3542,0.3189,1,EP-004-02,SLOW_BURN,train
2026-07-13 00:00:00+07:00,SKU-004,0,0.3473,0.2571,1.3508,0.3158,0,EP-004-02,SLOW_BURN,train
2026-07-13 01:00:00+07:00,SKU-004,0,0.2215,0.1644,1.3474,0.3128,0,EP-004-02,SLOW_BURN,train
2026-07-13 02:00:00+07:00,SKU-004,0,0.1517,0.1129,1.344,0.3097,0,EP-004-02,SLOW_BURN,train
2026-07-13 03:00:00+07:00,SKU-004,2,0.1237,0.0922,1.3407,0.3068,2,EP-004-02,SLOW_BURN,train
2026-07-13 04:00:00+07:00,SKU-004,0,0.1369,0.1023,1.3374,0.3038,0,EP-004-02,SLOW_BURN,train
2026-07-13 05:00:00+07:00,SKU-004,0,0.2454,0.184,1.3342,0.3009,0,EP-004-02,SLOW_BURN,train
2026-07-13 06:00:00+07:00,SKU-004,0,0.5162,0.3878,1.3309,0.298,0,EP-004-02,SLOW_BURN,train
2026-07-13 07:00:00+07:00,SKU-004,0,0.8389,0.6318,1.3278,0.2951,0,EP-004-02,SLOW_BURN,train
2026-07-13 08:00:00+07:00,SKU-004,0,1.1456,0.8649,1.3246,0.2923,0,EP-004-02,SLOW_BURN,train
2026-07-13 09:00:00+07:00,SKU-004,2,1.3424,1.0159,1.3215,0.2894,2,EP-004-02,SLOW_BURN,train
2026-07-13 10:00:00+07:00,SKU-004,0,1.4975,1.1359,1.3184,0.2866,0,EP-004-02,SLOW_BURN,train
2026-07-13 11:00:00+07:00,SKU-004,3,1.6513,1.2554,1.3153,0.2839,3,EP-004-02,SLOW_BURN,train
2026-07-13 12:00:00+07:00,SKU-004,4,1.7241,1.3139,1.3123,0.2811,4,EP-004-02,SLOW_BURN,train
2026-07-13 13:00:00+07:00,SKU-004,2,1.5586,1.1904,1.3093,0.2784,2,EP-004-02,SLOW_BURN,train
2026-07-13 14:00:00+07:00,SKU-004,1,1.3812,1.0574,1.3063,0.2758,0,EP-004-02,SLOW_BURN,train
2026-07-13 15:00:00+07:00,SKU-004,5,1.3362,1.0252,1.3033,0.2731,0,EP-004-02,SLOW_BURN,train
2026-07-13 16:00:00+07:00,SKU-004,0,1.435,1.1035,1.3004,0.2705,0,EP-004-02,SLOW_BURN,train
2026-07-13 17:00:00+07:00,SKU-004,3,1.6629,1.2816,1.2975,0.2679,0,EP-004-02,SLOW_BURN,train
2026-07-13 18:00:00+07:00,SKU-004,2,1.9664,1.5189,1.2946,0.2653,0,EP-004-02,SLOW_BURN,train
2026-07-13 19:00:00+07:00,SKU-004,2,2.2931,1.7751,1.2918,0.2627,0,EP-004-02,SLOW_BURN,train
2026-07-13 20:00:00+07:00,SKU-004,3,2.3861,1.8511,1.289,0.2602,0,EP-004-02,SLOW_BURN,train
2026-07-13 21:00:00+07:00,SKU-004,1,1.98,1.5394,1.2862,0.2577,0,EP-004-02,SLOW_BURN,train
2026-07-13 22:00:00+07:00,SKU-004,4,1.2975,1.0109,1.2834,0.2552,0,EP-004-02,SLOW_BURN,train
2026-07-13 23:00:00+07:00,SKU-004,0,0.6587,0.5143,1.2807,0.2527,0,EP-004-02,SLOW_BURN,train
2026-07-14 00:00:00+07:00,SKU-004,1,0.2968,0.2322,1.278,0.2503,0,EP-004-02,SLOW_BURN,train
2026-07-14 01:00:00+07:00,SKU-004,0,0.1891,0.1483,1.2753,0.2479,0,EP-004-02,SLOW_BURN,train
2026-07-14 02:00:00+07:00,SKU-004,1,0.1295,0.1017,1.2727,0.2455,0,EP-004-02,SLOW_BURN,train
2026-07-14 03:00:00+07:00,SKU-004,0,0.1055,0.0831,1.27,0.2431,0,EP-004-02,SLOW_BURN,train
2026-07-14 04:00:00+07:00,SKU-004,0,0.1167,0.0921,1.2674,0.2408,0,EP-004-02,SLOW_BURN,train
2026-07-14 05:00:00+07:00,SKU-004,0,0.2092,0.1654,1.2649,0.2385,0,EP-004-02,SLOW_BURN,train
2026-07-14 06:00:00+07:00,SKU-004,1,0.4399,0.3485,1.2623,0.2362,0,EP-004-02,SLOW_BURN,train
2026-07-14 07:00:00+07:00,SKU-004,5,0.7148,0.5674,1.2598,0.2339,0,EP-004-02,SLOW_BURN,train
2026-07-14 08:00:00+07:00,SKU-004,0,0.9759,0.7762,1.2573,0.2316,0,EP-004-02,SLOW_BURN,train
2026-07-14 09:00:00+07:00,SKU-004,1,1.1435,0.9113,1.2548,0.2294,0,EP-004-02,SLOW_BURN,train
2026-07-14 10:00:00+07:00,SKU-004,0,1.2756,1.0186,1.2523,0.2272,0,EP-004-02,SLOW_BURN,train
2026-07-14 11:00:00+07:00,SKU-004,1,1.4066,1.1254,1.2499,0.225,0,EP-004-02,SLOW_BURN,train
2026-07-14 12:00:00+07:00,SKU-004,5,1.4688,1.1774,1.2475,0.2228,0,EP-004-02,SLOW_BURN,train
2026-07-14 13:00:00+07:00,SKU-004,0,1.328,1.0666,1.2451,0.2207,0,EP-004-02,SLOW_BURN,train
2026-07-14 14:00:00+07:00,SKU-004,2,1.1771,0.9472,1.2427,0.2186,0,EP-004-02,SLOW_BURN,train
2026-07-14 15:00:00+07:00,SKU-004,0,1.1391,0.9183,1.2404,0.2164,0,EP-004-02,SLOW_BURN,train
2026-07-14 16:00:00+07:00,SKU-004,0,1.2238,0.9885,1.2381,0.2144,0,EP-004-02,SLOW_BURN,train
2026-07-14 17:00:00+07:00,SKU-004,2,1.4188,1.1481,1.2358,0.2123,0,EP-004-02,SLOW_BURN,train
2026-07-14 18:00:00+07:00,SKU-004,1,1.6786,1.3609,1.2335,0.2102,0,EP-004-02,SLOW_BURN,train
2026-07-14 19:00:00+07:00,SKU-004,6,1.9587,1.5908,1.2313,0.2082,0,EP-004-02,SLOW_BURN,train
2026-07-14 20:00:00+07:00,SKU-004,0,2.0395,1.6594,1.229,0.2062,0,EP-004-02,SLOW_BURN,train
2026-07-14 21:00:00+07:00,SKU-004,2,1.6937,1.3805,1.2268,0.2042,0,EP-004-02,SLOW_BURN,train
2026-07-14 22:00:00+07:00,SKU-004,2,1.1107,0.907,1.2246,0.2023,0,EP-004-02,SLOW_BURN,train
2026-07-14 23:00:00+07:00,SKU-004,1,0.5644,0.4617,1.2225,0.2003,0,EP-004-02,SLOW_BURN,train
2026-07-15 00:00:00+07:00,SKU-004,0,0.2648,0.217,1.2203,0.1984,0,EP-004-02,SLOW_BURN,train
2026-07-15 01:00:00+07:00,SKU-004,0,0.1689,0.1387,1.2182,0.1965,0,EP-004-02,SLOW_BURN,train
2026-07-15 02:00:00+07:00,SKU-004,0,0.1158,0.0952,1.2161,0.1946,0,EP-004-02,SLOW_BURN,train
2026-07-15 03:00:00+07:00,SKU-004,0,0.0944,0.0778,1.214,0.1927,0,EP-004-02,SLOW_BURN,train
2026-07-15 04:00:00+07:00,SKU-004,0,0.1046,0.0863,1.212,0.1908,0,EP-004-02,SLOW_BURN,train
2026-07-15 05:00:00+07:00,SKU-004,0,0.1878,0.1552,1.2099,0.189,0,EP-004-02,SLOW_BURN,train
2026-07-15 06:00:00+07:00,SKU-004,1,0.3953,0.3273,1.2079,0.1872,0,EP-004-02,SLOW_BURN,train
2026-07-15 07:00:00+07:00,SKU-004,0,0.6433,0.5335,1.2059,0.1854,0,EP-004-02,SLOW_BURN,train
2026-07-15 08:00:00+07:00,SKU-004,0,0.8797,0.7307,1.2039,0.1836,0,EP-004-02,SLOW_BURN,train
2026-07-15 09:00:00+07:00,SKU-004,0,1.0323,0.8589,1.2019,0.1818,0,EP-004-02,SLOW_BURN,train
2026-07-15 10:00:00+07:00,SKU-004,0,1.1534,0.9612,1.2,0.1801,0,EP-004-02,SLOW_BURN,train
2026-07-15 11:00:00+07:00,SKU-004,1,1.274,1.0634,1.1981,0.1783,1,EP-004-02,SLOW_BURN,train
2026-07-15 12:00:00+07:00,SKU-004,1,1.3327,1.1141,1.1962,0.1766,1,EP-004-02,SLOW_BURN,train
2026-07-15 13:00:00+07:00,SKU-004,0,1.2071,1.0107,1.1943,0.1749,0,EP-004-02,SLOW_BURN,train
2026-07-15 14:00:00+07:00,SKU-004,2,1.0719,0.899,1.1924,0.1732,2,EP-004-02,SLOW_BURN,train
2026-07-15 15:00:00+07:00,SKU-004,0,1.0393,0.873,1.1905,0.1716,0,EP-004-02,SLOW_BURN,train
2026-07-15 16:00:00+07:00,SKU-004,1,1.1187,0.9411,1.1887,0.1699,1,EP-004-02,SLOW_BURN,train
2026-07-15 17:00:00+07:00,SKU-004,1,1.2996,1.0949,1.1869,0.1683,1,EP-004-02,SLOW_BURN,train
2026-07-15 18:00:00+07:00,SKU-004,0,1.5407,1.3001,1.1851,0.1666,0,EP-004-02,SLOW_BURN,train
2026-07-15 19:00:00+07:00,SKU-004,3,1.8015,1.5224,1.1833,0.165,3,EP-004-02,SLOW_BURN,train
2026-07-15 20:00:00+07:00,SKU-004,1,1.8798,1.591,1.1815,0.1634,1,EP-004-02,SLOW_BURN,train
2026-07-15 21:00:00+07:00,SKU-004,2,1.5644,1.326,1.1798,0.1619,2,EP-004-02,SLOW_BURN,train
2026-07-15 22:00:00+07:00,SKU-004,1,1.0282,0.8728,1.178,0.1603,1,EP-004-02,SLOW_BURN,train
2026-07-15 23:00:00+07:00,SKU-004,0,0.5236,0.4451,1.1763,0.1588,0,EP-004-02,SLOW_BURN,train
2026-07-16 00:00:00+07:00,SKU-004,0,0.2622,0.2232,1.1746,0.1572,0,EP-004-02,SLOW_BURN,train
2026-07-16 01:00:00+07:00,SKU-004,0,0.1676,0.1429,1.1729,0.1557,0,EP-004-02,SLOW_BURN,train
2026-07-16 02:00:00+07:00,SKU-004,0,0.1152,0.0983,1.1713,0.1542,0,EP-004-02,SLOW_BURN,train
2026-07-16 03:00:00+07:00,SKU-004,0,0.0942,0.0805,1.1696,0.1527,0,EP-004-02,SLOW_BURN,train
2026-07-16 04:00:00+07:00,SKU-004,0,0.1045,0.0895,1.168,0.1513,0,EP-004-02,SLOW_BURN,train
2026-07-16 05:00:00+07:00,SKU-004,0,0.1881,0.1613,1.1664,0.1498,0,EP-004-02,SLOW_BURN,train
2026-07-16 06:00:00+07:00,SKU-004,1,0.3969,0.3407,1.1648,0.1484,1,EP-004-02,SLOW_BURN,train
2026-07-16 07:00:00+07:00,SKU-004,0,0.6473,0.5565,1.1632,0.1469,0,EP-004-02,SLOW_BURN,train
2026-07-16 08:00:00+07:00,SKU-004,0,0.8872,0.7638,1.1616,0.1455,0,EP-004-02,SLOW_BURN,train
2026-07-16 09:00:00+07:00,SKU-004,0,1.0437,0.8997,1.1601,0.1441,0,EP-004-02,SLOW_BURN,train
2026-07-16 10:00:00+07:00,SKU-004,3,1.1688,1.0089,1.1585,0.1427,3,EP-004-02,SLOW_BURN,train
2026-07-16 11:00:00+07:00,SKU-004,0,1.294,1.1185,1.157,0.1413,0,EP-004-02,SLOW_BURN,train
2026-07-16 12:00:00+07:00,SKU-004,1,1.3568,1.1742,1.1555,0.14,1,EP-004-02,SLOW_BURN,train
2026-07-16 13:00:00+07:00,SKU-004,0,1.2318,1.0674,1.154,0.1386,0,EP-004-02,SLOW_BURN,train
2026-07-16 14:00:00+07:00,SKU-004,0,1.0964,0.9513,1.1525,0.1373,0,EP-004-02,SLOW_BURN,train
2026-07-16 15:00:00+07:00,SKU-004,0,1.0654,0.9256,1.151,0.136,0,EP-004-02,SLOW_BURN,train
2026-07-16 16:00:00+07:00,SKU-004,0,1.1494,0.9999,1.1496,0.1347,0,EP-004-02,SLOW_BURN,train
2026-07-16 17:00:00+07:00,SKU-004,0,1.3381,1.1655,1.1481,0.1334,0,EP-004-02,SLOW_BURN,train
2026-07-16 18:00:00+07:00,SKU-004,1,1.5899,1.3865,1.1467,0.1321,0,EP-004-02,SLOW_BURN,train
2026-07-16 19:00:00+07:00,SKU-004,0,1.863,1.6267,1.1453,0.1308,0,EP-004-02,SLOW_BURN,train
2026-07-16 20:00:00+07:00,SKU-004,3,1.9481,1.7031,1.1439,0.1295,0,EP-004-02,SLOW_BURN,train
2026-07-16 21:00:00+07:00,SKU-004,1,1.6246,1.422,1.1425,0.1283,0,EP-004-02,SLOW_BURN,train
2026-07-16 22:00:00+07:00,SKU-004,0,1.07,0.9377,1.1411,0.1271,0,EP-004-03,TRUE_SURGE,train
2026-07-16 23:00:00+07:00,SKU-004,1,0.5459,0.479,1.1398,0.1429,0,EP-004-03,TRUE_SURGE,train
2026-07-17 00:00:00+07:00,SKU-004,0,0.2949,0.259,1.1384,0.2857,0,EP-004-03,TRUE_SURGE,train
2026-07-17 01:00:00+07:00,SKU-004,0,0.1889,0.1661,1.1371,0.4286,0,EP-004-03,TRUE_SURGE,train
2026-07-17 02:00:00+07:00,SKU-004,0,0.13,0.1145,1.1358,0.5714,0,EP-004-03,TRUE_SURGE,train
2026-07-17 03:00:00+07:00,SKU-004,0,0.1065,0.0939,1.1344,0.7143,0,EP-004-03,TRUE_SURGE,train
2026-07-17 04:00:00+07:00,SKU-004,0,0.1184,0.1045,1.1331,0.8571,0,EP-004-03,TRUE_SURGE,train
2026-07-17 05:00:00+07:00,SKU-004,0,0.2134,0.1886,1.1319,1.0,0,EP-004-03,TRUE_SURGE,train
2026-07-17 06:00:00+07:00,SKU-004,2,0.4511,0.399,1.1306,0.9889,0,EP-004-03,TRUE_SURGE,train
2026-07-17 07:00:00+07:00,SKU-004,0,0.7369,0.6525,1.1293,0.9779,0,EP-004-03,TRUE_SURGE,train
2026-07-17 08:00:00+07:00,SKU-004,2,1.0115,0.8966,1.1281,0.9671,0,EP-004-03,TRUE_SURGE,train
2026-07-17 09:00:00+07:00,SKU-004,0,1.1914,1.0573,1.1269,0.9563,0,EP-004-03,TRUE_SURGE,train
2026-07-17 10:00:00+07:00,SKU-004,0,1.3361,1.187,1.1256,0.9457,0,EP-004-03,TRUE_SURGE,train
2026-07-17 11:00:00+07:00,SKU-004,1,1.4811,1.3172,1.1244,0.9352,0,EP-004-03,TRUE_SURGE,train
2026-07-17 12:00:00+07:00,SKU-004,0,1.5548,1.3842,1.1232,0.9249,0,EP-004-03,TRUE_SURGE,train
2026-07-17 13:00:00+07:00,SKU-004,1,1.4131,1.2594,1.122,0.9146,0,EP-004-03,TRUE_SURGE,train
2026-07-17 14:00:00+07:00,SKU-004,1,1.2591,1.1233,1.1209,0.9045,0,EP-004-03,TRUE_SURGE,train
2026-07-17 15:00:00+07:00,SKU-004,1,1.2247,1.0938,1.1197,0.8944,0,EP-004-03,TRUE_SURGE,train
2026-07-17 16:00:00+07:00,SKU-004,1,1.3225,1.1824,1.1185,0.8845,0,EP-004-03,TRUE_SURGE,train
2026-07-17 17:00:00+07:00,SKU-004,2,1.5409,1.379,1.1174,0.8747,0,EP-004-03,TRUE_SURGE,train
2026-07-17 18:00:00+07:00,SKU-004,0,1.8323,1.6414,1.1163,0.865,0,EP-004-03,TRUE_SURGE,train
2026-07-17 19:00:00+07:00,SKU-004,1,2.1485,1.9266,1.1151,0.8554,0,EP-004-03,TRUE_SURGE,train
2026-07-17 20:00:00+07:00,SKU-004,7,2.2479,2.0178,1.114,0.8459,0,EP-004-03,TRUE_SURGE,train
2026-07-17 21:00:00+07:00,SKU-004,0,1.8756,1.6853,1.1129,0.8365,0,EP-004-03,TRUE_SURGE,train
2026-07-17 22:00:00+07:00,SKU-004,0,1.2358,1.1115,1.1118,0.8272,0,EP-004-03,TRUE_SURGE,train
2026-07-17 23:00:00+07:00,SKU-004,0,0.6308,0.5679,1.1108,0.818,0,EP-004-03,TRUE_SURGE,train
2026-07-18 00:00:00+07:00,SKU-004,1,0.3533,0.3184,1.1097,0.809,0,EP-004-03,TRUE_SURGE,train
2026-07-18 01:00:00+07:00,SKU-004,0,0.2264,0.2042,1.1086,0.8,0,EP-004-03,TRUE_SURGE,train
2026-07-18 02:00:00+07:00,SKU-004,1,0.1558,0.1407,1.1076,0.7911,0,EP-004-03,TRUE_SURGE,train
2026-07-18 03:00:00+07:00,SKU-004,0,0.1276,0.1153,1.1066,0.7823,0,EP-004-03,TRUE_SURGE,train
2026-07-18 04:00:00+07:00,SKU-004,0,0.2042,0.1284,1.5903,0.7736,0,EP-004-03,TRUE_SURGE,train
2026-07-18 05:00:00+07:00,SKU-004,0,0.5051,0.2316,2.1806,0.7651,0,EP-004-03,TRUE_SURGE,train
2026-07-18 06:00:00+07:00,SKU-004,6,1.3575,0.4899,2.7709,0.7566,0,EP-004-03,TRUE_SURGE,train
2026-07-18 07:00:00+07:00,SKU-004,2,2.6919,0.8008,3.3613,0.7482,0,EP-004-03,TRUE_SURGE,train
2026-07-18 08:00:00+07:00,SKU-004,2,4.3465,1.0999,3.9516,0.7399,0,EP-004-03,TRUE_SURGE,train
2026-07-18 09:00:00+07:00,SKU-004,10,5.8879,1.2963,4.5419,0.7317,0,EP-004-03,TRUE_SURGE,train
2026-07-18 10:00:00+07:00,SKU-004,12,7.4643,1.4544,5.1322,0.7235,6,EP-004-03,TRUE_SURGE,train
2026-07-18 11:00:00+07:00,SKU-004,17,8.2039,1.6129,5.0864,0.7155,17,EP-004-03,TRUE_SURGE,train
2026-07-18 12:00:00+07:00,SKU-004,16,8.5379,1.6937,5.041,0.7076,16,EP-004-03,TRUE_SURGE,train
2026-07-18 13:00:00+07:00,SKU-004,3,7.6927,1.5397,4.9962,0.6997,3,EP-004-03,TRUE_SURGE,train
2026-07-18 14:00:00+07:00,SKU-004,9,6.7945,1.3721,4.9518,0.692,9,EP-004-03,TRUE_SURGE,train
2026-07-18 15:00:00+07:00,SKU-004,2,6.5511,1.3348,4.908,0.6843,2,EP-004-03,TRUE_SURGE,train
2026-07-18 16:00:00+07:00,SKU-004,12,7.012,1.4414,4.8646,0.6767,12,EP-004-03,TRUE_SURGE,train
2026-07-18 17:00:00+07:00,SKU-004,3,8.0978,1.6794,4.8217,0.6692,3,EP-004-03,TRUE_SURGE,train
2026-07-18 18:00:00+07:00,SKU-004,8,9.5432,1.9968,4.7793,0.6618,8,EP-004-03,TRUE_SURGE,train
2026-07-18 19:00:00+07:00,SKU-004,17,11.0902,2.341,4.7374,0.6544,17,EP-004-03,TRUE_SURGE,train
2026-07-18 20:00:00+07:00,SKU-004,36,11.4994,2.4488,4.6959,0.6472,36,EP-004-03,TRUE_SURGE,train
2026-07-18 21:00:00+07:00,SKU-004,18,9.5087,2.0427,4.6549,0.64,18,EP-004-03,TRUE_SURGE,train
2026-07-18 22:00:00+07:00,SKU-004,11,6.2085,1.3455,4.6144,0.6329,11,EP-004-03,TRUE_SURGE,train
2026-07-18 23:00:00+07:00,SKU-004,0,3.1403,0.6865,4.5743,0.6258,0,EP-004-03,TRUE_SURGE,train
2026-07-19 00:00:00+07:00,SKU-004,1,1.4042,0.3097,4.5346,0.6189,1,EP-004-03,TRUE_SURGE,train
2026-07-19 01:00:00+07:00,SKU-004,0,0.8915,0.1983,4.4954,0.612,0,EP-004-03,TRUE_SURGE,train
2026-07-19 02:00:00+07:00,SKU-004,0,0.608,0.1364,4.4566,0.6052,0,EP-004-03,TRUE_SURGE,train
2026-07-19 03:00:00+07:00,SKU-004,0,0.4935,0.1117,4.4182,0.5985,0,EP-004-03,TRUE_SURGE,train
2026-07-19 04:00:00+07:00,SKU-004,0,0.5438,0.1242,4.3803,0.5919,0,EP-004-03,TRUE_SURGE,train
2026-07-19 05:00:00+07:00,SKU-004,0,0.9709,0.2236,4.3428,0.5853,0,EP-004-03,TRUE_SURGE,train
2026-07-19 06:00:00+07:00,SKU-004,6,2.0328,0.4721,4.3057,0.5788,6,EP-004-03,TRUE_SURGE,train
2026-07-19 07:00:00+07:00,SKU-004,2,3.2892,0.7705,4.269,0.5724,2,EP-004-03,TRUE_SURGE,train
2026-07-19 08:00:00+07:00,SKU-004,2,4.4717,1.0565,4.2327,0.5661,2,EP-004-03,TRUE_SURGE,train
2026-07-19 09:00:00+07:00,SKU-004,7,5.2166,1.243,4.1969,0.5598,7,EP-004-03,TRUE_SURGE,train
2026-07-19 10:00:00+07:00,SKU-004,1,5.7932,1.3921,4.1614,0.5536,1,EP-004-03,TRUE_SURGE,train
2026-07-19 11:00:00+07:00,SKU-004,3,6.3593,1.5411,4.1263,0.5474,3,EP-004-03,TRUE_SURGE,train
2026-07-19 12:00:00+07:00,SKU-004,4,6.6098,1.6154,4.0916,0.5413,4,EP-004-03,TRUE_SURGE,train
2026-07-19 13:00:00+07:00,SKU-004,12,5.9479,1.466,4.0573,0.5353,12,EP-004-03,TRUE_SURGE,train
2026-07-19 14:00:00+07:00,SKU-004,3,5.2467,1.304,4.0234,0.5294,3,EP-004-03,TRUE_SURGE,train
2026-07-19 15:00:00+07:00,SKU-004,1,5.0523,1.2663,3.9899,0.5235,1,EP-004-03,TRUE_SURGE,train
2026-07-19 16:00:00+07:00,SKU-004,1,5.4006,1.3649,3.9567,0.5177,1,EP-004-03,TRUE_SURGE,train
2026-07-19 17:00:00+07:00,SKU-004,5,6.2288,1.5874,3.9239,0.512,5,EP-004-03,TRUE_SURGE,train
2026-07-19 18:00:00+07:00,SKU-004,5,7.331,1.8839,3.8914,0.5063,5,EP-004-03,TRUE_SURGE,train
2026-07-19 19:00:00+07:00,SKU-004,20,8.5082,2.2046,3.8593,0.5007,20,EP-004-03,TRUE_SURGE,train
2026-07-19 20:00:00+07:00,SKU-004,4,8.8106,2.3019,3.8276,0.4951,4,EP-004-03,TRUE_SURGE,train
2026-07-19 21:00:00+07:00,SKU-004,14,7.2758,1.9166,3.7962,0.4896,0,EP-004-03,TRUE_SURGE,train
2026-07-19 22:00:00+07:00,SKU-004,3,4.7445,1.2601,3.7652,0.4842,0,EP-004-03,TRUE_SURGE,train
2026-07-19 23:00:00+07:00,SKU-004,0,2.3967,0.6418,3.7345,0.4788,0,EP-004-03,TRUE_SURGE,train
2026-07-20 00:00:00+07:00,SKU-004,2,0.9704,0.262,3.7042,0.4735,0,EP-004-03,TRUE_SURGE,train
2026-07-20 01:00:00+07:00,SKU-004,0,0.6153,0.1675,3.6742,0.4682,0,EP-004-03,TRUE_SURGE,train
2026-07-20 02:00:00+07:00,SKU-004,0,0.4191,0.115,3.6445,0.4631,0,EP-004-03,TRUE_SURGE,train
2026-07-20 03:00:00+07:00,SKU-004,0,0.3397,0.094,3.6152,0.4579,0,EP-004-03,TRUE_SURGE,train
2026-07-20 04:00:00+07:00,SKU-004,3,0.374,0.1043,3.5861,0.4528,0,EP-004-03,TRUE_SURGE,train
2026-07-20 05:00:00+07:00,SKU-004,1,0.6668,0.1874,3.5574,0.4478,0,EP-004-03,TRUE_SURGE,train
2026-07-20 06:00:00+07:00,SKU-004,1,1.3945,0.3951,3.5291,0.4428,0,EP-004-03,TRUE_SURGE,train
2026-07-20 07:00:00+07:00,SKU-004,0,2.2537,0.6437,3.501,0.4379,0,EP-004-03,TRUE_SURGE,train
2026-07-20 08:00:00+07:00,SKU-004,5,3.0606,0.8812,3.4733,0.4331,0,EP-004-03,TRUE_SURGE,train
2026-07-20 09:00:00+07:00,SKU-004,2,3.5665,1.035,3.4458,0.4283,0,EP-004-03,TRUE_SURGE,train
2026-07-20 10:00:00+07:00,SKU-004,4,3.9564,1.1573,3.4187,0.4235,0,EP-004-03,TRUE_SURGE,train
2026-07-20 11:00:00+07:00,SKU-004,0,4.3385,1.2791,3.3918,0.4188,0,EP-004-03,TRUE_SURGE,train
2026-07-20 12:00:00+07:00,SKU-004,3,4.505,1.3387,3.3653,0.4142,0,EP-004-03,TRUE_SURGE,train
2026-07-20 13:00:00+07:00,SKU-004,4,4.0499,1.2129,3.339,0.4096,0,EP-004-03,TRUE_SURGE,train
2026-07-20 14:00:00+07:00,SKU-004,2,3.5692,1.0773,3.3131,0.405,0,EP-004-03,TRUE_SURGE,train
2026-07-20 15:00:00+07:00,SKU-004,0,3.4339,1.0445,3.2874,0.4005,0,EP-004-03,TRUE_SURGE,train
2026-07-20 16:00:00+07:00,SKU-004,0,3.6676,1.1243,3.262,0.3961,0,EP-004-03,TRUE_SURGE,train
2026-07-20 17:00:00+07:00,SKU-004,2,4.2266,1.3057,3.2369,0.3917,0,EP-004-03,TRUE_SURGE,train
2026-07-20 18:00:00+07:00,SKU-004,1,4.9708,1.5475,3.2121,0.3873,0,EP-004-03,TRUE_SURGE,train
2026-07-20 19:00:00+07:00,SKU-004,6,5.7649,1.8086,3.1876,0.383,0,EP-004-03,TRUE_SURGE,train
2026-07-20 20:00:00+07:00,SKU-004,2,5.966,1.886,3.1633,0.3788,0,EP-004-03,TRUE_SURGE,train
2026-07-20 21:00:00+07:00,SKU-004,0,4.9238,1.5684,3.1393,0.3746,0,EP-004-03,TRUE_SURGE,train
2026-07-20 22:00:00+07:00,SKU-004,3,3.209,1.03,3.1156,0.3704,2,EP-004-03,TRUE_SURGE,train
2026-07-20 23:00:00+07:00,SKU-004,1,1.6202,0.524,3.0921,0.3663,1,EP-004-03,TRUE_SURGE,train
2026-07-21 00:00:00+07:00,SKU-004,0,0.7261,0.2366,3.0689,0.3623,0,EP-004-03,TRUE_SURGE,train
2026-07-21 01:00:00+07:00,SKU-004,0,0.4602,0.1511,3.0459,0.3582,0,EP-004-03,TRUE_SURGE,train
2026-07-21 02:00:00+07:00,SKU-004,0,0.3134,0.1037,3.0232,0.3543,0,EP-004-03,TRUE_SURGE,train
2026-07-21 03:00:00+07:00,SKU-004,0,0.254,0.0846,3.0008,0.3503,0,EP-004-03,TRUE_SURGE,train
2026-07-21 04:00:00+07:00,SKU-004,0,0.2795,0.0938,2.9786,0.3464,0,EP-004-03,TRUE_SURGE,train
2026-07-21 05:00:00+07:00,SKU-004,1,0.4983,0.1685,2.9566,0.3426,1,EP-004-03,TRUE_SURGE,train
2026-07-21 06:00:00+07:00,SKU-004,0,1.0421,0.3551,2.9349,0.3388,0,EP-004-03,TRUE_SURGE,train
2026-07-21 07:00:00+07:00,SKU-004,0,1.6842,0.5781,2.9134,0.335,0,EP-004-03,TRUE_SURGE,train
2026-07-21 08:00:00+07:00,SKU-004,2,2.2873,0.7909,2.8922,0.3313,2,EP-004-03,TRUE_SURGE,train
2026-07-21 09:00:00+07:00,SKU-004,2,2.6658,0.9285,2.8712,0.3276,2,EP-004-03,TRUE_SURGE,train
2026-07-21 10:00:00+07:00,SKU-004,5,2.9579,1.0377,2.8504,0.324,5,EP-004-03,TRUE_SURGE,train
2026-07-21 11:00:00+07:00,SKU-004,0,3.2446,1.1465,2.8299,0.3204,0,EP-004-03,TRUE_SURGE,train
2026-07-21 12:00:00+07:00,SKU-004,4,3.3703,1.1996,2.8096,0.3169,4,EP-004-03,TRUE_SURGE,train
2026-07-21 13:00:00+07:00,SKU-004,1,3.0312,1.0866,2.7895,0.3133,1,EP-004-03,TRUE_SURGE,train
2026-07-21 14:00:00+07:00,SKU-004,1,2.6728,0.965,2.7697,0.3099,1,EP-004-03,TRUE_SURGE,train
2026-07-21 15:00:00+07:00,SKU-004,3,2.573,0.9356,2.75,0.3064,3,EP-004-03,TRUE_SURGE,train
2026-07-21 16:00:00+07:00,SKU-004,2,2.7499,1.0071,2.7306,0.303,2,EP-004-03,TRUE_SURGE,train
2026-07-21 17:00:00+07:00,SKU-004,4,3.1715,1.1697,2.7114,0.2997,4,EP-004-03,TRUE_SURGE,train
2026-07-21 18:00:00+07:00,SKU-004,4,3.7329,1.3864,2.6924,0.2963,4,EP-004-03,TRUE_SURGE,train
2026-07-21 19:00:00+07:00,SKU-004,5,4.3332,1.6207,2.6736,0.2931,5,EP-004-03,TRUE_SURGE,train
2026-07-21 20:00:00+07:00,SKU-004,5,4.4887,1.6906,2.6551,0.2898,5,EP-004-03,TRUE_SURGE,train
2026-07-21 21:00:00+07:00,SKU-004,7,3.7084,1.4065,2.6367,0.2866,7,EP-004-03,TRUE_SURGE,train
2026-07-21 22:00:00+07:00,SKU-004,3,2.4196,0.924,2.6185,0.2834,3,EP-004-03,TRUE_SURGE,train
2026-07-21 23:00:00+07:00,SKU-004,0,1.2231,0.4703,2.6006,0.2803,0,EP-004-03,TRUE_SURGE,train
2026-07-22 00:00:00+07:00,SKU-004,0,0.571,0.2211,2.5828,0.2772,0,EP-004-03,TRUE_SURGE,train
2026-07-22 01:00:00+07:00,SKU-004,0,0.3624,0.1413,2.5653,0.2741,0,EP-004-03,TRUE_SURGE,train
2026-07-22 02:00:00+07:00,SKU-004,0,0.2471,0.097,2.5479,0.271,0,EP-004-03,TRUE_SURGE,train
2026-07-22 03:00:00+07:00,SKU-004,0,0.2006,0.0793,2.5307,0.268,0,EP-004-03,TRUE_SURGE,train
2026-07-22 04:00:00+07:00,SKU-004,0,0.2211,0.088,2.5137,0.2651,0,EP-004-03,TRUE_SURGE,train
2026-07-22 05:00:00+07:00,SKU-004,1,0.3948,0.1581,2.4969,0.2621,1,EP-004-03,TRUE_SURGE,train
2026-07-22 06:00:00+07:00,SKU-004,0,0.8271,0.3334,2.4803,0.2592,0,EP-004-03,TRUE_SURGE,train
2026-07-22 07:00:00+07:00,SKU-004,3,1.3391,0.5435,2.4639,0.2563,3,EP-004-03,TRUE_SURGE,train
2026-07-22 08:00:00+07:00,SKU-004,1,1.822,0.7444,2.4476,0.2535,1,EP-004-03,TRUE_SURGE,train
2026-07-22 09:00:00+07:00,SKU-004,0,2.1276,0.875,2.4316,0.2507,0,EP-004-03,TRUE_SURGE,train
2026-07-22 10:00:00+07:00,SKU-004,1,2.3654,0.9792,2.4157,0.2479,1,EP-004-03,TRUE_SURGE,train
2026-07-22 11:00:00+07:00,SKU-004,2,2.6,1.0833,2.4,0.2451,2,EP-004-03,TRUE_SURGE,train
2026-07-22 12:00:00+07:00,SKU-004,2,2.7064,1.135,2.3845,0.2424,2,EP-004-03,TRUE_SURGE,train
2026-07-22 13:00:00+07:00,SKU-004,0,2.4394,1.0297,2.3691,0.2397,0,EP-004-03,TRUE_SURGE,train
2026-07-22 14:00:00+07:00,SKU-004,1,2.1558,0.9158,2.3539,0.2371,0,EP-004-03,TRUE_SURGE,train
2026-07-22 15:00:00+07:00,SKU-004,1,2.08,0.8893,2.3389,0.2344,0,EP-004-03,TRUE_SURGE,train
2026-07-22 16:00:00+07:00,SKU-004,3,2.2283,0.9588,2.324,0.2318,0,EP-004-03,TRUE_SURGE,train
2026-07-22 17:00:00+07:00,SKU-004,1,2.576,1.1155,2.3093,0.2293,0,EP-004-03,TRUE_SURGE,train
2026-07-22 18:00:00+07:00,SKU-004,6,3.0394,1.3245,2.2948,0.2267,0,EP-004-03,TRUE_SURGE,train
2026-07-22 19:00:00+07:00,SKU-004,1,3.5369,1.551,2.2804,0.2242,0,EP-004-03,TRUE_SURGE,train
2026-07-22 20:00:00+07:00,SKU-004,8,3.6731,1.6208,2.2662,0.2217,0,EP-004-03,TRUE_SURGE,train
2026-07-22 21:00:00+07:00,SKU-004,0,3.0424,1.3509,2.2522,0.2193,0,EP-004-03,TRUE_SURGE,train
2026-07-22 22:00:00+07:00,SKU-004,1,1.9902,0.8892,2.2383,0.2168,0,EP-004-03,TRUE_SURGE,train
2026-07-22 23:00:00+07:00,SKU-004,1,1.0087,0.4535,2.2245,0.2144,0,EP-004-03,TRUE_SURGE,train
2026-07-23 00:00:00+07:00,SKU-004,2,0.5027,0.2274,2.211,0.212,0,EP-004-03,TRUE_SURGE,train
2026-07-23 01:00:00+07:00,SKU-004,0,0.32,0.1456,2.1975,0.2097,0,EP-004-03,TRUE_SURGE,train
2026-07-23 02:00:00+07:00,SKU-004,1,0.2188,0.1002,2.1842,0.2074,0,EP-004-03,TRUE_SURGE,train
2026-07-23 03:00:00+07:00,SKU-004,0,0.178,0.082,2.1711,0.2051,0,EP-004-03,TRUE_SURGE,train
2026-07-23 04:00:00+07:00,SKU-004,1,0.1968,0.0912,2.1581,0.2028,0,EP-004-03,TRUE_SURGE,train
2026-07-23 05:00:00+07:00,SKU-004,1,0.3524,0.1643,2.1452,0.2005,0,EP-004-03,TRUE_SURGE,train
2026-07-23 06:00:00+07:00,SKU-004,0,0.7403,0.3471,2.1325,0.1983,0,EP-004-03,TRUE_SURGE,train
2026-07-23 07:00:00+07:00,SKU-004,3,1.2019,0.5669,2.12,0.1961,0,EP-004-03,TRUE_SURGE,train
2026-07-23 08:00:00+07:00,SKU-004,1,1.6399,0.7781,2.1075,0.1939,0,EP-004-03,TRUE_SURGE,train
2026-07-23 09:00:00+07:00,SKU-004,0,1.9203,0.9165,2.0953,0.1918,0,EP-004-03,TRUE_SURGE,train
2026-07-23 10:00:00+07:00,SKU-004,2,2.1409,1.0278,2.0831,0.1897,0,EP-004-03,TRUE_SURGE,train
2026-07-23 11:00:00+07:00,SKU-004,9,2.3598,1.1394,2.0711,0.1875,0,EP-004-03,TRUE_SURGE,train
2026-07-23 12:00:00+07:00,SKU-004,2,2.4632,1.1962,2.0592,0.1855,0,EP-004-03,TRUE_SURGE,train
2026-07-23 13:00:00+07:00,SKU-004,2,2.2264,1.0874,2.0474,0.1834,0,EP-004-03,TRUE_SURGE,train
2026-07-23 14:00:00+07:00,SKU-004,2,1.9729,0.9691,2.0358,0.1814,0,EP-004-03,TRUE_SURGE,train
2026-07-23 15:00:00+07:00,SKU-004,1,1.9088,0.9429,2.0243,0.1794,0,EP-004-03,TRUE_SURGE,train
2026-07-23 16:00:00+07:00,SKU-004,2,2.0503,1.0186,2.013,0.1774,0,EP-004-03,TRUE_SURGE,train
2026-07-23 17:00:00+07:00,SKU-004,0,2.3767,1.1873,2.0017,0.1754,0,EP-004-03,TRUE_SURGE,train
2026-07-23 18:00:00+07:00,SKU-004,3,2.8117,1.4125,1.9906,0.1735,0,EP-004-03,TRUE_SURGE,train
2026-07-23 19:00:00+07:00,SKU-004,3,3.2805,1.6571,1.9796,0.1715,0,EP-004-03,TRUE_SURGE,train
2026-07-23 20:00:00+07:00,SKU-004,2,3.4156,1.7349,1.9687,0.1696,0,EP-004-03,TRUE_SURGE,train
2026-07-23 21:00:00+07:00,SKU-004,1,2.8363,1.4486,1.958,0.1677,0,EP-004-03,TRUE_SURGE,train
2026-07-23 22:00:00+07:00,SKU-004,2,1.8601,0.9552,1.9474,0.1659,1,EP-004-03,TRUE_SURGE,train
2026-07-23 23:00:00+07:00,SKU-004,0,0.9451,0.488,1.9369,0.164,0,EP-004-03,TRUE_SURGE,train
2026-07-24 00:00:00+07:00,SKU-004,1,0.5083,0.2639,1.9265,0.1622,1,EP-004-03,TRUE_SURGE,train
2026-07-24 01:00:00+07:00,SKU-004,2,0.3243,0.1692,1.9162,0.1604,2,EP-004-03,TRUE_SURGE,train
2026-07-24 02:00:00+07:00,SKU-004,2,0.2222,0.1166,1.906,0.1586,2,EP-004-03,TRUE_SURGE,train
2026-07-24 03:00:00+07:00,SKU-004,0,0.1813,0.0956,1.896,0.1569,0,EP-004-03,TRUE_SURGE,train
2026-07-24 04:00:00+07:00,SKU-004,0,0.2008,0.1065,1.886,0.1551,0,EP-004-03,TRUE_SURGE,train
2026-07-24 05:00:00+07:00,SKU-004,1,0.3604,0.1921,1.8762,0.1534,1,EP-004-03,TRUE_SURGE,train
2026-07-24 06:00:00+07:00,SKU-004,0,0.7586,0.4064,1.8665,0.1517,0,EP-004-03,TRUE_SURGE,train
2026-07-24 07:00:00+07:00,SKU-004,2,1.2342,0.6647,1.8568,0.15,2,EP-004-03,TRUE_SURGE,train
2026-07-24 08:00:00+07:00,SKU-004,1,1.6873,0.9134,1.8473,0.1484,1,EP-004-03,TRUE_SURGE,train
2026-07-24 09:00:00+07:00,SKU-004,1,1.9795,1.077,1.8379,0.1467,1,EP-004-03,TRUE_SURGE,train
2026-07-24 10:00:00+07:00,SKU-004,0,2.2111,1.2091,1.8286,0.1451,0,EP-004-03,TRUE_SURGE,train
2026-07-24 11:00:00+07:00,SKU-004,1,2.4414,1.3418,1.8194,0.1435,1,EP-004-03,TRUE_SURGE,train
2026-07-24 12:00:00+07:00,SKU-004,3,2.5527,1.4101,1.8104,0.1419,3,EP-004-03,TRUE_SURGE,train
2026-07-24 13:00:00+07:00,SKU-004,1,2.311,1.2829,1.8014,0.1403,1,EP-004-03,TRUE_SURGE,train
2026-07-24 14:00:00+07:00,SKU-004,4,2.0511,1.1443,1.7925,0.1388,4,EP-004-03,TRUE_SURGE,train
2026-07-24 15:00:00+07:00,SKU-004,0,1.9874,1.1142,1.7837,0.1372,0,EP-004-03,TRUE_SURGE,train
2026-07-24 16:00:00+07:00,SKU-004,6,2.1378,1.2044,1.775,0.1357,6,EP-004-03,TRUE_SURGE,train
2026-07-24 17:00:00+07:00,SKU-004,3,2.4813,1.4048,1.7664,0.1342,3,EP-004-03,TRUE_SURGE,train
2026-07-24 18:00:00+07:00,SKU-004,1,2.9392,1.672,1.7579,0.1327,1,EP-004-03,TRUE_SURGE,train
2026-07-24 19:00:00+07:00,SKU-004,0,3.4334,1.9625,1.7495,0.1312,0,EP-004-03,TRUE_SURGE,train
2026-07-24 20:00:00+07:00,SKU-004,0,3.5788,2.0554,1.7412,0.1298,0,EP-004-03,TRUE_SURGE,train
2026-07-24 21:00:00+07:00,SKU-004,3,2.9749,1.7167,1.7329,0.1283,3,EP-004-03,TRUE_SURGE,train
2026-07-24 22:00:00+07:00,SKU-004,2,1.9529,1.1322,1.7248,0.1269,2,EP-004-03,TRUE_SURGE,train
2026-07-24 23:00:00+07:00,SKU-004,3,0.9931,0.5785,1.7168,0.1255,3,EP-004-03,TRUE_SURGE,train
2026-07-25 00:00:00+07:00,SKU-004,0,0.5542,0.3243,1.7088,0.1241,0,EP-004-03,TRUE_SURGE,train
2026-07-25 01:00:00+07:00,SKU-004,0,0.3538,0.208,1.7009,0.1227,0,EP-004-03,TRUE_SURGE,train
2026-07-25 02:00:00+07:00,SKU-004,0,0.2426,0.1433,1.6932,0.1214,0,EP-004-03,TRUE_SURGE,train
2026-07-25 03:00:00+07:00,SKU-004,0,0.198,0.1175,1.6855,0.12,0,EP-004-03,TRUE_SURGE,train
2026-07-25 04:00:00+07:00,SKU-004,0,0.2195,0.1308,1.6779,0.1187,0,EP-004-03,TRUE_SURGE,train
2026-07-25 05:00:00+07:00,SKU-004,0,0.3941,0.2359,1.6703,0.1174,0,EP-004-03,TRUE_SURGE,train
2026-07-25 06:00:00+07:00,SKU-004,0,0.8299,0.499,1.6629,0.1161,0,EP-004-03,TRUE_SURGE,train
2026-07-25 07:00:00+07:00,SKU-004,0,1.3505,0.8158,1.6555,0.1148,0,EP-004-03,TRUE_SURGE,train
2026-07-25 08:00:00+07:00,SKU-004,1,1.8468,1.1204,1.6483,0.1135,1,EP-004-03,TRUE_SURGE,train
2026-07-25 09:00:00+07:00,SKU-004,3,2.167,1.3205,1.6411,0.1123,3,EP-004-03,TRUE_SURGE,train
2026-07-25 10:00:00+07:00,SKU-004,0,2.4207,1.4815,1.634,0.111,0,EP-004-03,TRUE_SURGE,train
2026-07-25 11:00:00+07:00,SKU-004,1,2.6729,1.6429,1.6269,0.1098,1,EP-004-03,TRUE_SURGE,train
2026-07-25 12:00:00+07:00,SKU-004,11,2.7948,1.7252,1.62,0.1086,11,EP-004-03,TRUE_SURGE,train
2026-07-25 13:00:00+07:00,SKU-004,2,2.5299,1.5684,1.6131,0.1074,2,EP-004-03,TRUE_SURGE,train
2026-07-25 14:00:00+07:00,SKU-004,0,2.245,1.3976,1.6063,0.1062,0,EP-004-03,TRUE_SURGE,train
2026-07-25 15:00:00+07:00,SKU-004,3,2.1748,1.3596,1.5996,0.105,0,EP-004-03,TRUE_SURGE,train
2026-07-25 16:00:00+07:00,SKU-004,2,2.3388,1.4682,1.5929,0.1038,0,EP-004-03,TRUE_SURGE,train
2026-07-25 17:00:00+07:00,SKU-004,4,2.7137,1.7107,1.5863,0.1027,0,EP-004-03,TRUE_SURGE,train
2026-07-25 18:00:00+07:00,SKU-004,2,3.2132,2.0339,1.5798,0.1015,0,EP-004-03,TRUE_SURGE,train
2026-07-25 19:00:00+07:00,SKU-004,0,3.7518,2.3845,1.5734,0.1004,0,EP-004-03,TRUE_SURGE,train
2026-07-25 20:00:00+07:00,SKU-004,4,3.9087,2.4943,1.567,0.0993,0,EP-004-03,TRUE_SURGE,train
2026-07-25 21:00:00+07:00,SKU-004,8,3.2474,2.0807,1.5607,0.0982,0,EP-004-03,TRUE_SURGE,train
2026-07-25 22:00:00+07:00,SKU-004,1,2.1304,1.3705,1.5545,0.0971,0,EP-004-03,TRUE_SURGE,train
2026-07-25 23:00:00+07:00,SKU-004,0,1.0827,0.6993,1.5484,0.096,0,EP-004-03,TRUE_SURGE,train
2026-07-26 00:00:00+07:00,SKU-004,0,0.4865,0.3154,1.5423,0.095,0,EP-004-03,TRUE_SURGE,train
2026-07-26 01:00:00+07:00,SKU-004,2,0.3103,0.202,1.5363,0.0939,0,EP-004-03,TRUE_SURGE,train
2026-07-26 02:00:00+07:00,SKU-004,1,0.2127,0.139,1.5303,0.0929,0,EP-004-03,TRUE_SURGE,train
2026-07-26 03:00:00+07:00,SKU-004,0,0.1734,0.1138,1.5244,0.0918,0,EP-004-03,TRUE_SURGE,train
2026-07-26 04:00:00+07:00,SKU-004,0,0.192,0.1265,1.5186,0.0908,0,EP-004-03,TRUE_SURGE,train
2026-07-26 05:00:00+07:00,SKU-004,1,0.3445,0.2277,1.5128,0.0898,0,EP-004-03,TRUE_SURGE,train
2026-07-26 06:00:00+07:00,SKU-004,0,0.7248,0.4809,1.5072,0.0888,0,EP-004-03,TRUE_SURGE,train
2026-07-26 07:00:00+07:00,SKU-004,1,1.1784,0.7848,1.5015,0.0878,0,EP-004-03,TRUE_SURGE,train
2026-07-26 08:00:00+07:00,SKU-004,1,1.6098,1.0761,1.496,0.0868,0,EP-004-03,TRUE_SURGE,train
2026-07-26 09:00:00+07:00,SKU-004,7,1.887,1.2661,1.4905,0.0859,0,EP-004-03,TRUE_SURGE,train
2026-07-26 10:00:00+07:00,SKU-004,0,2.1057,1.418,1.485,0.0849,0,EP-004-03,TRUE_SURGE,train
2026-07-26 11:00:00+07:00,SKU-004,1,2.3227,1.5697,1.4796,0.084,0,EP-004-03,TRUE_SURGE,train
2026-07-26 12:00:00+07:00,SKU-004,2,2.4259,1.6454,1.4743,0.0831,0,EP-004-03,TRUE_SURGE,train
2026-07-26 13:00:00+07:00,SKU-004,3,2.1936,1.4932,1.4691,0.0821,0,EP-004-03,TRUE_SURGE,train
2026-07-26 14:00:00+07:00,SKU-004,0,1.9443,1.3282,1.4638,0.0812,0,EP-004-03,TRUE_SURGE,train
2026-07-26 15:00:00+07:00,SKU-004,3,1.8814,1.2898,1.4587,0.0803,0,EP-004-03,TRUE_SURGE,train
2026-07-26 16:00:00+07:00,SKU-004,3,2.0209,1.3903,1.4536,0.0794,0,EP-004-03,TRUE_SURGE,train
2026-07-26 17:00:00+07:00,SKU-004,4,2.3422,1.6169,1.4486,0.0785,0,EP-004-03,TRUE_SURGE,train
2026-07-26 18:00:00+07:00,SKU-004,1,2.77,1.9188,1.4436,0.0777,0,EP-004-03,TRUE_SURGE,train
2026-07-26 19:00:00+07:00,SKU-004,3,3.2305,2.2455,1.4387,0.0768,0,EP-004-03,TRUE_SURGE,train
2026-07-26 20:00:00+07:00,SKU-004,0,3.3616,2.3445,1.4338,0.076,0,EP-004-03,TRUE_SURGE,train
2026-07-26 21:00:00+07:00,SKU-004,3,2.7896,1.9521,1.429,0.0751,0,EP-004-03,TRUE_SURGE,train
2026-07-26 22:00:00+07:00,SKU-004,0,1.8279,1.2834,1.4242,0.0743,0,EP-004-03,TRUE_SURGE,train
2026-07-26 23:00:00+07:00,SKU-004,2,0.9279,0.6537,1.4195,0.0735,0,EP-004-03,TRUE_SURGE,train
2026-07-27 00:00:00+07:00,SKU-004,0,0.3775,0.2668,1.4149,0.0726,0,EP-004-03,TRUE_SURGE,train
2026-07-27 01:00:00+07:00,SKU-004,0,0.2406,0.1706,1.4103,0.0718,0,EP-004-03,TRUE_SURGE,train
2026-07-27 02:00:00+07:00,SKU-004,0,0.1647,0.1171,1.4057,0.071,0,EP-004-03,TRUE_SURGE,train
2026-07-27 03:00:00+07:00,SKU-004,1,0.1341,0.0957,1.4012,0.0703,0,EP-004-03,TRUE_SURGE,train
2026-07-27 04:00:00+07:00,SKU-004,0,0.1484,0.1062,1.3968,0.0695,0,EP-004-03,TRUE_SURGE,train
2026-07-27 05:00:00+07:00,SKU-004,0,0.2658,0.1909,1.3924,0.0687,0,EP-004-03,TRUE_SURGE,train
2026-07-27 06:00:00+07:00,SKU-004,1,0.5586,0.4025,1.388,0.0679,0,EP-004-03,TRUE_SURGE,train
2026-07-27 07:00:00+07:00,SKU-004,2,0.9072,0.6557,1.3837,0.0672,0,EP-004-03,TRUE_SURGE,train
2026-07-27 08:00:00+07:00,SKU-004,2,1.238,0.8975,1.3794,0.0664,2,EP-004-03,TRUE_SURGE,train
2026-07-27 09:00:00+07:00,SKU-004,0,1.4497,1.0542,1.3752,0.0657,0,EP-004-03,TRUE_SURGE,train
2026-07-27 10:00:00+07:00,SKU-004,3,1.6161,1.1787,1.3711,0.065,3,EP-004-03,TRUE_SURGE,train
2026-07-27 11:00:00+07:00,SKU-004,0,1.7809,1.3028,1.367,0.0643,0,EP-004-03,TRUE_SURGE,train
2026-07-27 12:00:00+07:00,SKU-004,1,1.8582,1.3634,1.3629,0.0635,1,EP-004-03,TRUE_SURGE,train
2026-07-27 13:00:00+07:00,SKU-004,1,1.6787,1.2353,1.3589,0.0628,1,EP-004-03,TRUE_SURGE,train
2026-07-27 14:00:00+07:00,SKU-004,1,1.4866,1.0972,1.3549,0.0621,1,EP-004-03,TRUE_SURGE,train
2026-07-27 15:00:00+07:00,SKU-004,1,1.4372,1.0639,1.3509,0.0614,1,EP-004-03,TRUE_SURGE,train
2026-07-27 16:00:00+07:00,SKU-004,1,1.5425,1.1451,1.347,0.0608,1,EP-004-03,TRUE_SURGE,train
2026-07-27 17:00:00+07:00,SKU-004,0,1.7863,1.3299,1.3432,0.0601,0,EP-004-03,TRUE_SURGE,train
2026-07-27 18:00:00+07:00,SKU-004,1,2.111,1.5761,1.3394,0.0594,1,EP-004-03,TRUE_SURGE,train
2026-07-27 19:00:00+07:00,SKU-004,1,2.4602,1.842,1.3356,0.0588,1,EP-004-03,TRUE_SURGE,train
2026-07-27 20:00:00+07:00,SKU-004,4,2.5584,1.9209,1.3319,0.0581,4,EP-004-03,TRUE_SURGE,train
2026-07-27 21:00:00+07:00,SKU-004,3,2.1217,1.5974,1.3282,0.0575,3,EP-004-03,TRUE_SURGE,train
2026-07-27 22:00:00+07:00,SKU-004,3,1.3895,1.049,1.3246,0.0568,3,EP-004-03,TRUE_SURGE,train
2026-07-27 23:00:00+07:00,SKU-004,1,0.705,0.5337,1.321,0.0562,1,EP-004-03,TRUE_SURGE,train
2026-07-28 00:00:00+07:00,SKU-004,0,0.3175,0.241,1.3174,0.0556,0,EP-004-03,TRUE_SURGE,train
2026-07-28 01:00:00+07:00,SKU-004,0,0.2022,0.1539,1.3139,0.055,0,EP-004-03,TRUE_SURGE,train
2026-07-28 02:00:00+07:00,SKU-004,0,0.1383,0.1056,1.3104,0.0544,0,EP-004-03,TRUE_SURGE,train
2026-07-28 03:00:00+07:00,SKU-004,1,0.1127,0.0862,1.307,0.0537,1,EP-004-03,TRUE_SURGE,train
2026-07-28 04:00:00+07:00,SKU-004,0,0.1246,0.0956,1.3035,0.0532,0,EP-004-03,TRUE_SURGE,train
2026-07-28 05:00:00+07:00,SKU-004,0,0.2232,0.1717,1.3002,0.0526,0,EP-004-03,TRUE_SURGE,train
2026-07-28 06:00:00+07:00,SKU-004,0,0.469,0.3616,1.2969,0.052,0,EP-004-03,TRUE_SURGE,train
2026-07-28 07:00:00+07:00,SKU-004,1,0.7616,0.5888,1.2936,0.0514,1,EP-004-03,TRUE_SURGE,train
2026-07-28 08:00:00+07:00,SKU-004,0,1.0393,0.8055,1.2903,0.0508,0,EP-004-03,TRUE_SURGE,train
2026-07-28 09:00:00+07:00,SKU-004,0,1.2171,0.9456,1.2871,0.0503,0,EP-004-03,TRUE_SURGE,train
2026-07-28 10:00:00+07:00,SKU-004,0,1.3569,1.0569,1.2839,0.0497,0,EP-004-03,TRUE_SURGE,train
2026-07-28 11:00:00+07:00,SKU-004,3,1.4955,1.1677,1.2807,0.0492,3,EP-004-03,TRUE_SURGE,train
2026-07-28 12:00:00+07:00,SKU-004,1,1.5609,1.2217,1.2776,0.0486,1,EP-004-03,TRUE_SURGE,train
2026-07-28 13:00:00+07:00,SKU-004,1,1.4105,1.1067,1.2745,0.0481,1,EP-004-03,TRUE_SURGE,train
2026-07-28 14:00:00+07:00,SKU-004,1,1.2497,0.9828,1.2715,0.0475,0,EP-004-03,TRUE_SURGE,train
2026-07-28 15:00:00+07:00,SKU-004,1,1.2087,0.9529,1.2685,0.047,0,EP-004-03,TRUE_SURGE,train
2026-07-28 16:00:00+07:00,SKU-004,3,1.298,1.0257,1.2655,0.0465,0,EP-004-03,TRUE_SURGE,train
2026-07-28 17:00:00+07:00,SKU-004,0,1.504,1.1913,1.2626,0.046,0,EP-004-03,TRUE_SURGE,train
2026-07-28 18:00:00+07:00,SKU-004,2,1.7787,1.412,1.2596,0.0455,0,EP-004-03,TRUE_SURGE,train
2026-07-28 19:00:00+07:00,SKU-004,0,2.0744,1.6506,1.2568,0.045,0,EP-004-03,TRUE_SURGE,train
2026-07-28 20:00:00+07:00,SKU-004,3,2.159,1.7218,1.2539,0.0445,0,EP-004-03,TRUE_SURGE,train
2026-07-28 21:00:00+07:00,SKU-004,5,1.7921,1.4324,1.2511,0.044,0,EP-004-03,TRUE_SURGE,train
2026-07-28 22:00:00+07:00,SKU-004,0,1.1748,0.9411,1.2483,0.0435,0,EP-004-03,TRUE_SURGE,train
2026-07-28 23:00:00+07:00,SKU-004,2,0.5966,0.479,1.2456,0.043,0,EP-004-03,TRUE_SURGE,train
2026-07-29 00:00:00+07:00,SKU-004,0,0.2798,0.2252,1.2428,0.0425,0,EP-004-03,TRUE_SURGE,train
2026-07-29 01:00:00+07:00,SKU-004,0,0.1784,0.1439,1.2401,0.042,0,EP-004-03,TRUE_SURGE,train
2026-07-29 02:00:00+07:00,SKU-004,0,0.1222,0.0988,1.2375,0.0416,0,EP-004-03,TRUE_SURGE,train
2026-07-29 03:00:00+07:00,SKU-004,0,0.0997,0.0807,1.2348,0.0411,0,EP-004-03,TRUE_SURGE,train
2026-07-29 04:00:00+07:00,SKU-004,0,0.1104,0.0896,1.2322,0.0407,0,EP-004-03,TRUE_SURGE,train
2026-07-29 05:00:00+07:00,SKU-004,1,0.198,0.161,1.2297,0.0402,0,EP-004-03,TRUE_SURGE,train
2026-07-29 06:00:00+07:00,SKU-004,1,0.4167,0.3396,1.2271,0.0398,0,EP-004-03,TRUE_SURGE,train
2026-07-29 07:00:00+07:00,SKU-004,0,0.6778,0.5535,1.2246,0.0393,0,EP-004-03,TRUE_SURGE,train
2026-07-29 08:00:00+07:00,SKU-004,3,0.9265,0.7581,1.2221,0.0389,0,EP-004-03,TRUE_SURGE,train
2026-07-29 09:00:00+07:00,SKU-004,0,1.0868,0.8911,1.2196,0.0385,0,EP-004-03,TRUE_SURGE,train
2026-07-29 10:00:00+07:00,SKU-004,0,1.2138,0.9972,1.2172,0.038,0,EP-004-03,TRUE_SURGE,train
2026-07-29 11:00:00+07:00,SKU-004,4,1.3402,1.1033,1.2148,0.0376,0,EP-004-03,TRUE_SURGE,train
2026-07-29 12:00:00+07:00,SKU-004,1,1.4014,1.1559,1.2124,0.0372,0,EP-004-03,TRUE_SURGE,train
2026-07-29 13:00:00+07:00,SKU-004,1,1.2689,1.0486,1.21,0.0368,0,EP-004-03,TRUE_SURGE,train
2026-07-29 14:00:00+07:00,SKU-004,1,1.1264,0.9327,1.2077,0.0364,0,EP-004-03,TRUE_SURGE,train
2026-07-29 15:00:00+07:00,SKU-004,1,1.0917,0.9057,1.2054,0.036,0,EP-004-03,TRUE_SURGE,train
2026-07-29 16:00:00+07:00,SKU-004,1,1.1748,0.9764,1.2031,0.0356,0,EP-004-03,TRUE_SURGE,train
2026-07-29 17:00:00+07:00,SKU-004,5,1.3642,1.136,1.2009,0.0352,0,EP-004-03,TRUE_SURGE,train
2026-07-29 18:00:00+07:00,SKU-004,3,1.6168,1.3488,1.1986,0.0348,0,EP-004-03,TRUE_SURGE,train
2026-07-29 19:00:00+07:00,SKU-004,0,1.8898,1.5795,1.1964,0.0344,0,EP-004-03,TRUE_SURGE,train
2026-07-29 20:00:00+07:00,SKU-004,0,1.9713,1.6506,1.1943,0.034,0,EP-004-03,TRUE_SURGE,train
2026-07-29 21:00:00+07:00,SKU-004,3,1.64,1.3757,1.1921,0.0336,0,EP-004-03,TRUE_SURGE,train
2026-07-29 22:00:00+07:00,SKU-004,1,1.0776,0.9055,1.19,0.0333,0,EP-004-03,TRUE_SURGE,train
2026-07-29 23:00:00+07:00,SKU-004,0,0.5486,0.4618,1.1879,0.0329,0,EP-004-03,TRUE_SURGE,train
2026-07-30 00:00:00+07:00,SKU-004,0,0.2746,0.2316,1.1858,0.0325,0,EP-004-03,TRUE_SURGE,train
2026-07-30 01:00:00+07:00,SKU-004,0,0.1755,0.1483,1.1837,0.0322,0,EP-004-03,TRUE_SURGE,train
2026-07-30 02:00:00+07:00,SKU-004,0,0.1205,0.102,1.1817,0.0318,0,EP-004-03,TRUE_SURGE,train
2026-07-30 03:00:00+07:00,SKU-004,0,0.0985,0.0835,1.1797,0.0315,0,EP-004-03,TRUE_SURGE,train
2026-07-30 04:00:00+07:00,SKU-004,0,0.1094,0.0929,1.1777,0.0311,0,EP-004-03,TRUE_SURGE,train
2026-07-30 05:00:00+07:00,SKU-004,0,0.1967,0.1673,1.1757,0.0308,0,EP-004-03,TRUE_SURGE,train
2026-07-30 06:00:00+07:00,SKU-004,0,0.4149,0.3535,1.1738,0.0304,0,EP-004-03,TRUE_SURGE,train
2026-07-30 07:00:00+07:00,SKU-004,0,0.6766,0.5774,1.1718,0.0301,0,EP-004-03,TRUE_SURGE,train
2026-07-30 08:00:00+07:00,SKU-004,3,0.927,0.7924,1.1699,0.0298,0,EP-004-03,TRUE_SURGE,train
2026-07-30 09:00:00+07:00,SKU-004,2,1.0902,0.9333,1.168,0.0294,0,EP-004-03,TRUE_SURGE,train
2026-07-30 10:00:00+07:00,SKU-004,0,1.2206,1.0466,1.1662,0.0291,0,EP-004-03,TRUE_SURGE,train
2026-07-30 11:00:00+07:00,SKU-004,1,1.351,1.1603,1.1643,0.0288,0,EP-004-03,TRUE_SURGE,train
2026-07-30 12:00:00+07:00,SKU-004,1,1.4161,1.2182,1.1625,0.0285,0,EP-004-03,TRUE_SURGE,train
2026-07-30 13:00:00+07:00,SKU-004,0,1.2853,1.1074,1.1607,0.0281,0,EP-004-03,TRUE_SURGE,train
2026-07-30 14:00:00+07:00,SKU-004,1,1.1437,0.9869,1.1589,0.0278,0,EP-004-03,TRUE_SURGE,train
2026-07-30 15:00:00+07:00,SKU-004,1,1.1111,0.9602,1.1572,0.0275,0,EP-004-03,TRUE_SURGE,train
2026-07-30 16:00:00+07:00,SKU-004,0,1.1985,1.0373,1.1554,0.0272,0,EP-004-03,TRUE_SURGE,train
2026-07-30 17:00:00+07:00,SKU-004,2,1.3949,1.2091,1.1537,0.0269,2,EP-004-03,TRUE_SURGE,train
2026-07-30 18:00:00+07:00,SKU-004,2,1.657,1.4384,1.152,0.0266,2,EP-004-03,TRUE_SURGE,train
2026-07-30 19:00:00+07:00,SKU-004,0,1.9412,1.6875,1.1503,0.0263,0,EP-004-03,TRUE_SURGE,train
2026-07-30 20:00:00+07:00,SKU-004,2,2.0293,1.7668,1.1486,0.026,2,EP-004-03,TRUE_SURGE,train
2026-07-30 21:00:00+07:00,SKU-004,2,1.692,1.4752,1.147,0.0257,2,EP-004-03,TRUE_SURGE,train
2026-07-30 22:00:00+07:00,SKU-004,2,1.1141,0.9727,1.1453,0.0254,2,EP-004-03,TRUE_SURGE,train
2026-07-30 23:00:00+07:00,SKU-004,1,0.5683,0.4969,1.1437,0.0252,1,EP-004-03,TRUE_SURGE,train
2026-07-31 00:00:00+07:00,SKU-004,0,0.3069,0.2687,1.1421,0.0249,0,EP-004-03,TRUE_SURGE,train
2026-07-31 01:00:00+07:00,SKU-004,0,0.1966,0.1723,1.1406,0.0246,0,EP-004-03,TRUE_SURGE,train
2026-07-31 02:00:00+07:00,SKU-004,1,0.1352,0.1187,1.139,0.0243,1,EP-004-03,TRUE_SURGE,train
2026-07-31 03:00:00+07:00,SKU-004,0,0.1108,0.0974,1.1375,0.0241,0,EP-004-03,TRUE_SURGE,train
2026-07-31 04:00:00+07:00,SKU-004,0,0.1232,0.1084,1.1359,0.0238,0,EP-004-03,TRUE_SURGE,train
2026-07-31 05:00:00+07:00,SKU-004,0,0.2219,0.1956,1.1344,0.0235,0,EP-004-03,TRUE_SURGE,train
2026-07-31 06:00:00+07:00,SKU-004,0,0.4689,0.4139,1.1329,0.0233,0,EP-004-03,TRUE_SURGE,train
2026-07-31 07:00:00+07:00,SKU-004,0,0.7658,0.6769,1.1315,0.023,0,EP-004-03,TRUE_SURGE,train
2026-07-31 08:00:00+07:00,SKU-004,2,1.051,0.9301,1.13,0.0228,2,,,train
2026-07-31 09:00:00+07:00,SKU-004,1,1.2378,1.0968,1.1286,0.0225,1,,,train
2026-07-31 10:00:00+07:00,SKU-004,0,1.3878,1.2313,1.1271,0.0223,0,,,train
2026-07-31 11:00:00+07:00,SKU-004,1,1.5382,1.3664,1.1257,0.022,1,,,train
2026-07-31 12:00:00+07:00,SKU-004,1,1.6144,1.4359,1.1243,0.0218,1,,,train
2026-07-31 13:00:00+07:00,SKU-004,3,1.467,1.3064,1.1229,0.0215,3,,,train
2026-07-31 14:00:00+07:00,SKU-004,1,1.3069,1.1652,1.1216,0.0213,0,,,train
2026-07-31 15:00:00+07:00,SKU-004,2,1.271,1.1346,1.1202,0.0211,0,,,train
2026-07-31 16:00:00+07:00,SKU-004,0,1.3723,1.2265,1.1189,0.0208,0,,,train
2026-07-31 17:00:00+07:00,SKU-004,2,1.5987,1.4305,1.1176,0.0206,0,,,train
2026-07-31 18:00:00+07:00,SKU-004,0,1.9006,1.7026,1.1163,0.0204,0,,,train
2026-07-31 19:00:00+07:00,SKU-004,1,2.2282,1.9985,1.115,0.0201,0,,,train
2026-07-31 20:00:00+07:00,SKU-004,1,2.331,2.093,1.1137,0.0199,0,,,train
2026-07-31 21:00:00+07:00,SKU-004,1,1.9447,1.7481,1.1124,0.0197,0,,,train
2026-07-31 22:00:00+07:00,SKU-004,2,1.2812,1.153,1.1112,0.0195,0,,,train
2026-07-31 23:00:00+07:00,SKU-004,0,0.6538,0.5891,1.11,0.0193,0,,,train
2026-08-01 00:00:00+07:00,SKU-004,0,0.3662,0.3303,1.1087,0.019,0,,,train
2026-08-01 01:00:00+07:00,SKU-004,0,0.2346,0.2118,1.1075,0.0188,0,,,train
2026-08-01 02:00:00+07:00,SKU-004,0,0.1615,0.1459,1.1063,0.0186,0,,,train
2026-08-01 03:00:00+07:00,SKU-004,1,0.1322,0.1196,1.1052,0.0184,0,,,train
2026-08-01 04:00:00+07:00,SKU-004,0,0.1471,0.1332,1.104,0.0182,0,,,train
2026-08-01 05:00:00+07:00,SKU-004,0,0.265,0.2402,1.1028,0.018,0,,,train
2026-08-01 06:00:00+07:00,SKU-004,0,0.5598,0.5082,1.1017,0.0178,0,,,train
2026-08-01 07:00:00+07:00,SKU-004,3,0.9142,0.8307,1.1006,0.0176,0,,,train
2026-08-01 08:00:00+07:00,SKU-004,1,1.2544,1.1409,1.0995,0.0174,0,,,train
2026-08-01 09:00:00+07:00,SKU-004,6,1.4769,1.3446,1.0984,0.0172,0,,,train
2026-08-01 10:00:00+07:00,SKU-004,2,1.6553,1.5086,1.0973,0.017,0,,,train
2026-08-01 11:00:00+07:00,SKU-004,3,1.8339,1.673,1.0962,0.0168,0,,,train
2026-08-01 12:00:00+07:00,SKU-004,0,1.9238,1.7567,1.0951,0.0167,0,,,train
2026-08-01 13:00:00+07:00,SKU-004,6,1.7472,1.597,1.0941,0.0165,0,,,train
2026-08-01 14:00:00+07:00,SKU-004,1,1.5555,1.4232,1.093,0.0163,0,,,train
2026-08-01 15:00:00+07:00,SKU-004,1,1.5118,1.3845,1.092,0.0161,0,,,train
2026-08-01 16:00:00+07:00,SKU-004,2,1.631,1.495,1.091,0.0159,0,,,train
2026-08-01 17:00:00+07:00,SKU-004,3,1.8986,1.7419,1.09,0.0158,0,,,train
2026-08-01 18:00:00+07:00,SKU-004,0,2.2553,2.071,1.089,0.0156,0,,,train
2026-08-01 19:00:00+07:00,SKU-004,3,2.6416,2.428,1.088,0.0154,0,,,train
2026-08-01 20:00:00+07:00,SKU-004,4,2.7608,2.5399,1.087,0.0152,0,,,train
2026-08-01 21:00:00+07:00,SKU-004,4,2.3009,2.1187,1.086,0.0151,0,,,train
2026-08-01 22:00:00+07:00,SKU-004,3,1.5142,1.3955,1.0851,0.0149,0,,,train
2026-08-01 23:00:00+07:00,SKU-004,0,0.7719,0.712,1.0841,0.0147,0,,,train
2026-08-02 00:00:00+07:00,SKU-004,0,0.3479,0.3212,1.0832,0.0146,0,,,train
2026-08-02 01:00:00+07:00,SKU-004,0,0.2226,0.2057,1.0823,0.0144,0,,,train
2026-08-02 02:00:00+07:00,SKU-004,0,0.153,0.1415,1.0814,0.0142,0,,,train
2026-08-02 03:00:00+07:00,SKU-004,0,0.1252,0.1158,1.0805,0.0141,0,,,train
2026-08-02 04:00:00+07:00,SKU-004,0,0.139,0.1288,1.0796,0.0139,0,,,train
2026-08-02 05:00:00+07:00,SKU-004,0,0.2501,0.2319,1.0787,0.0138,0,,,train
2026-08-02 06:00:00+07:00,SKU-004,2,0.5278,0.4897,1.0778,0.0136,0,,,train
2026-08-02 07:00:00+07:00,SKU-004,0,0.8606,0.7991,1.0769,0.0135,0,,,train
2026-08-02 08:00:00+07:00,SKU-004,1,1.1791,1.0957,1.0761,0.0133,0,,,train
2026-08-02 09:00:00+07:00,SKU-004,1,1.3861,1.2891,1.0752,0.0132,0,,,train
2026-08-02 10:00:00+07:00,SKU-004,0,1.5512,1.4438,1.0744,0.013,0,,,train
2026-08-02 11:00:00+07:00,SKU-004,3,1.716,1.5984,1.0736,0.0129,3,,,train
2026-08-02 12:00:00+07:00,SKU-004,0,1.7973,1.6754,1.0728,0.0127,0,,,train
2026-08-02 13:00:00+07:00,SKU-004,0,1.6298,1.5204,1.072,0.0126,0,,,train
2026-08-02 14:00:00+07:00,SKU-004,0,1.4487,1.3524,1.0712,0.0125,0,,,train
2026-08-02 15:00:00+07:00,SKU-004,4,1.4057,1.3133,1.0704,0.0123,4,,,train
2026-08-02 16:00:00+07:00,SKU-004,0,1.5141,1.4156,1.0696,0.0122,0,,,train
2026-08-02 17:00:00+07:00,SKU-004,1,1.7596,1.6463,1.0688,0.0121,1,,,train
2026-08-02 18:00:00+07:00,SKU-004,3,2.0867,1.9538,1.0681,0.0119,3,,,train
2026-08-02 19:00:00+07:00,SKU-004,1,2.4402,2.2863,1.0673,0.0118,1,,,train
2026-08-02 20:00:00+07:00,SKU-004,2,2.5461,2.3872,1.0666,0.0117,2,EP-004-04,FADING_SURGE,train
2026-08-02 21:00:00+07:00,SKU-004,3,2.1185,1.9877,1.0658,0.3333,3,EP-004-04,FADING_SURGE,train
2026-08-02 22:00:00+07:00,SKU-004,2,1.3919,1.3068,1.0651,0.6667,2,EP-004-04,FADING_SURGE,train
2026-08-02 23:00:00+07:00,SKU-004,0,0.7084,0.6655,1.0644,1.0,0,EP-004-04,FADING_SURGE,train
2026-08-03 00:00:00+07:00,SKU-004,0,0.289,0.2717,1.0636,0.9136,0,EP-004-04,FADING_SURGE,train
2026-08-03 01:00:00+07:00,SKU-004,0,0.1846,0.1737,1.0629,0.8346,0,EP-004-04,FADING_SURGE,train
2026-08-03 02:00:00+07:00,SKU-004,0,0.1267,0.1193,1.0622,0.7625,0,EP-004-04,FADING_SURGE,train
2026-08-03 03:00:00+07:00,SKU-004,0,0.1035,0.0975,1.0616,0.6966,0,EP-004-04,FADING_SURGE,train
2026-08-03 04:00:00+07:00,SKU-004,0,0.1147,0.1081,1.0609,0.6364,0,EP-004-04,FADING_SURGE,train
2026-08-03 05:00:00+07:00,SKU-004,1,0.2061,0.1944,1.0602,0.5814,1,EP-004-04,FADING_SURGE,train
2026-08-03 06:00:00+07:00,SKU-004,1,0.4342,0.4098,1.0595,0.5311,1,EP-004-04,FADING_SURGE,train
2026-08-03 07:00:00+07:00,SKU-004,0,0.7069,0.6676,1.0589,0.4852,0,EP-004-04,FADING_SURGE,train
2026-08-03 08:00:00+07:00,SKU-004,5,2.0014,0.9138,2.1901,0.4433,5,EP-004-04,FADING_SURGE,train
2026-08-03 09:00:00+07:00,SKU-004,3,3.6282,1.0733,3.3803,0.405,3,EP-004-04,FADING_SURGE,train
2026-08-03 10:00:00+07:00,SKU-004,0,5.4852,1.2002,4.5704,0.37,0,EP-004-04,FADING_SURGE,train
2026-08-03 11:00:00+07:00,SKU-004,7,5.6532,1.3265,4.2618,0.338,7,EP-004-04,FADING_SURGE,train
2026-08-03 12:00:00+07:00,SKU-004,2,5.5249,1.3882,3.9799,0.3088,2,EP-004-04,FADING_SURGE,train
2026-08-03 13:00:00+07:00,SKU-004,1,4.682,1.2578,3.7223,0.2821,1,EP-004-04,FADING_SURGE,train
2026-08-03 14:00:00+07:00,SKU-004,3,3.8956,1.1172,3.4871,0.2577,0,EP-004-04,FADING_SURGE,train
2026-08-03 15:00:00+07:00,SKU-004,3,3.5443,1.0832,3.2721,0.2354,0,EP-004-04,FADING_SURGE,train
2026-08-03 16:00:00+07:00,SKU-004,5,3.586,1.1659,3.0757,0.2151,0,EP-004-04,FADING_SURGE,train
2026-08-03 17:00:00+07:00,SKU-004,6,3.9218,1.3541,2.8963,0.1965,0,EP-004-04,FADING_SURGE,train
2026-08-03 18:00:00+07:00,SKU-004,1,4.3848,1.6048,2.7324,0.1795,0,EP-004-04,FADING_SURGE,train
2026-08-03 19:00:00+07:00,SKU-004,5,4.8437,1.8755,2.5827,0.164,0,EP-004-04,FADING_SURGE,train
2026-08-03 20:00:00+07:00,SKU-004,3,4.7836,1.9558,2.4459,0.1498,0,EP-004-04,FADING_SURGE,train
2026-08-03 21:00:00+07:00,SKU-004,9,3.7748,1.6264,2.3209,0.1369,0,EP-004-04,FADING_SURGE,train
2026-08-03 22:00:00+07:00,SKU-004,4,2.357,1.0681,2.2067,0.125,0,EP-004-04,FADING_SURGE,train
2026-08-03 23:00:00+07:00,SKU-004,1,1.1424,0.5434,2.1024,0.1142,0,EP-004-04,FADING_SURGE,train
2026-08-04 00:00:00+07:00,SKU-004,0,0.4925,0.2453,2.0072,0.1044,0,EP-004-04,FADING_SURGE,train
2026-08-04 01:00:00+07:00,SKU-004,0,0.3009,0.1567,1.9201,0.0953,0,EP-004-04,FADING_SURGE,train
2026-08-04 02:00:00+07:00,SKU-004,0,0.1979,0.1075,1.8406,0.0871,0,EP-004-04,FADING_SURGE,train
2026-08-04 03:00:00+07:00,SKU-004,0,0.1552,0.0878,1.7679,0.0796,0,EP-004-04,FADING_SURGE,train
2026-08-04 04:00:00+07:00,SKU-004,0,0.1656,0.0973,1.7016,0.0727,0,EP-004-04,FADING_SURGE,train
2026-08-04 05:00:00+07:00,SKU-004,2,0.2868,0.1748,1.6409,0.0664,0,EP-004-04,FADING_SURGE,train
2026-08-04 06:00:00+07:00,SKU-004,1,0.5838,0.3682,1.5855,0.0607,0,EP-004-04,FADING_SURGE,train
2026-08-04 07:00:00+07:00,SKU-004,0,0.9201,0.5994,1.5349,0.0554,0,EP-004-04,FADING_SURGE,train
2026-08-04 08:00:00+07:00,SKU-004,1,1.2208,0.8201,1.4887,0.0506,0,EP-004-04,FADING_SURGE,train
2026-08-04 09:00:00+07:00,SKU-004,0,1.3926,0.9628,1.4464,0.0463,0,EP-004-04,FADING_SURGE,train
2026-08-04 10:00:00+07:00,SKU-004,2,1.5149,1.076,1.4079,0.0423,0,EP-004-04,FADING_SURGE,train
2026-08-04 11:00:00+07:00,SKU-004,0,1.6319,1.1889,1.3726,0.0386,0,EP-004-04,FADING_SURGE,train
2026-08-04 12:00:00+07:00,SKU-004,0,1.6673,1.2439,1.3404,0.0353,0,EP-004-04,FADING_SURGE,train
2026-08-04 13:00:00+07:00,SKU-004,5,1.4772,1.1268,1.311,0.0322,0,EP-004-04,FADING_SURGE,train
2026-08-04 14:00:00+07:00,SKU-004,3,1.2849,1.0006,1.2841,0.0294,0,EP-004-04,FADING_SURGE,train
2026-08-04 15:00:00+07:00,SKU-004,1,1.222,0.9702,1.2595,0.0269,0,EP-004-04,FADING_SURGE,train
2026-08-04 16:00:00+07:00,SKU-004,3,1.2918,1.0442,1.2371,0.0246,3,EP-004-04,FADING_SURGE,train
2026-08-04 17:00:00+07:00,SKU-004,2,1.4756,1.2128,1.2166,0.0224,2,EP-004-04,FADING_SURGE,train
2026-08-04 18:00:00+07:00,SKU-004,1,1.7221,1.4376,1.1979,0.0205,1,EP-004-04,FADING_SURGE,train
2026-08-04 19:00:00+07:00,SKU-004,0,1.9843,1.6805,1.1808,0.0187,0,EP-004-04,FADING_SURGE,train
2026-08-04 20:00:00+07:00,SKU-004,0,2.0425,1.753,1.1652,0.0171,0,EP-004-04,FADING_SURGE,train
2026-08-04 21:00:00+07:00,SKU-004,0,1.6784,1.4583,1.1509,0.0156,0,EP-004-04,FADING_SURGE,train
2026-08-04 22:00:00+07:00,SKU-004,0,1.0902,0.9581,1.1378,0.0143,0,EP-004-04,FADING_SURGE,train
2026-08-04 23:00:00+07:00,SKU-004,0,0.5491,0.4877,1.1259,0.013,0,EP-004-04,FADING_SURGE,train
2026-08-05 00:00:00+07:00,SKU-004,0,0.2556,0.2292,1.1151,0.0119,0,,,train
2026-08-05 01:00:00+07:00,SKU-004,0,0.1619,0.1465,1.1051,0.0109,0,,,train
2026-08-05 02:00:00+07:00,SKU-004,0,0.1102,0.1006,1.096,0.0099,0,,,train
2026-08-05 03:00:00+07:00,SKU-004,0,0.0894,0.0822,1.0877,0.0091,0,,,train
2026-08-05 04:00:00+07:00,SKU-004,0,0.0985,0.0912,1.0801,0.0083,0,,,train
2026-08-05 05:00:00+07:00,SKU-004,1,0.176,0.164,1.0732,0.0076,1,,,train
2026-08-05 06:00:00+07:00,SKU-004,0,0.3689,0.3457,1.0669,0.0069,0,,,train
2026-08-05 07:00:00+07:00,SKU-004,0,0.5979,0.5635,1.0611,0.0063,0,,,train
2026-08-05 08:00:00+07:00,SKU-004,0,0.8149,0.7718,1.0558,0.006,0,,,train
2026-08-05 09:00:00+07:00,SKU-004,0,0.9535,0.9072,1.051,0.0059,0,,,train
2026-08-05 10:00:00+07:00,SKU-004,1,1.0626,1.0153,1.0466,0.0058,1,,,train
2026-08-05 11:00:00+07:00,SKU-004,3,1.171,1.1232,1.0426,0.0058,3,,,train
2026-08-05 12:00:00+07:00,SKU-004,0,1.2226,1.1768,1.0389,0.0057,0,,,train
2026-08-05 13:00:00+07:00,SKU-004,2,1.1055,1.0676,1.0355,0.0056,2,,,train
2026-08-05 14:00:00+07:00,SKU-004,1,0.9804,0.9495,1.0325,0.0056,1,,,train
2026-08-05 15:00:00+07:00,SKU-004,2,0.9511,0.9221,1.0315,0.0055,2,,,train
2026-08-05 16:00:00+07:00,SKU-004,0,1.0251,0.9941,1.0312,0.0055,0,,,train
2026-08-05 17:00:00+07:00,SKU-004,3,1.1922,1.1565,1.0308,0.0054,3,,,train
2026-08-05 18:00:00+07:00,SKU-004,2,1.4151,1.3732,1.0305,0.0053,2,,,train
2026-08-05 19:00:00+07:00,SKU-004,2,1.6565,1.6081,1.0301,0.0053,2,,,train
2026-08-05 20:00:00+07:00,SKU-004,3,1.7305,1.6804,1.0298,0.0052,3,,,train
2026-08-05 21:00:00+07:00,SKU-004,4,2.4584,2.388,1.0295,0.0052,4,,,train
2026-08-05 22:00:00+07:00,SKU-004,0,1.6177,1.5718,1.0291,0.0051,0,,,train
2026-08-05 23:00:00+07:00,SKU-004,0,0.8247,0.8016,1.0288,0.005,0,,,train
2026-08-06 00:00:00+07:00,SKU-004,0,0.4134,0.4019,1.0285,0.005,0,,,train
2026-08-06 01:00:00+07:00,SKU-004,0,0.2646,0.2574,1.0282,0.0049,0,,,train
2026-08-06 02:00:00+07:00,SKU-004,0,0.182,0.1771,1.0279,0.0049,0,,,train
2026-08-06 03:00:00+07:00,SKU-004,0,0.149,0.145,1.0276,0.0048,0,,,train
2026-08-06 04:00:00+07:00,SKU-004,0,0.1656,0.1612,1.0273,0.0048,0,,,train
2026-08-06 05:00:00+07:00,SKU-004,0,0.2982,0.2904,1.027,0.0047,0,,,train
2026-08-06 06:00:00+07:00,SKU-004,0,0.63,0.6136,1.0267,0.0047,0,,,train
2026-08-06 07:00:00+07:00,SKU-004,1,1.0286,1.0022,1.0264,0.0046,1,,,train
2026-08-06 08:00:00+07:00,SKU-004,3,1.4113,1.3754,1.0261,0.0046,3,,,train
2026-08-06 09:00:00+07:00,SKU-004,1,1.6618,1.6201,1.0258,0.0045,1,,,train
2026-08-06 10:00:00+07:00,SKU-004,1,1.8631,1.8168,1.0255,0.0045,1,,,train
2026-08-06 11:00:00+07:00,SKU-004,1,2.0649,2.0141,1.0252,0.0044,1,,,train
2026-08-06 12:00:00+07:00,SKU-004,0,2.1672,2.1145,1.0249,0.0044,0,,,train
2026-08-06 13:00:00+07:00,SKU-004,1,1.9695,1.9221,1.0247,0.0043,1,,,train
2026-08-06 14:00:00+07:00,SKU-004,1,1.7548,1.713,1.0244,0.0043,0,,,train
2026-08-06 15:00:00+07:00,SKU-004,1,1.7069,1.6667,1.0241,0.0042,0,,,train
2026-08-06 16:00:00+07:00,SKU-004,1,1.8434,1.8005,1.0238,0.0042,0,,,train
2026-08-06 17:00:00+07:00,SKU-004,2,2.1482,2.0987,1.0236,0.0041,0,,,train
2026-08-06 18:00:00+07:00,SKU-004,4,2.5549,2.4967,1.0233,0.0041,0,,,train
2026-08-06 19:00:00+07:00,SKU-004,3,2.9967,2.9292,1.0231,0.004,0,,,train
2026-08-06 20:00:00+07:00,SKU-004,6,3.1366,3.0667,1.0228,0.004,0,,,train
2026-08-06 21:00:00+07:00,SKU-004,0,2.6183,2.5605,1.0225,0.0039,0,,,train
2026-08-06 22:00:00+07:00,SKU-004,2,1.726,1.6884,1.0223,0.0039,0,,,train
2026-08-06 23:00:00+07:00,SKU-004,1,0.8815,0.8625,1.0221,0.0039,0,,,train
2026-08-07 00:00:00+07:00,SKU-004,0,0.4766,0.4664,1.0218,0.0038,0,,,train
2026-08-07 01:00:00+07:00,SKU-004,0,0.3056,0.2991,1.0216,0.0038,0,,,train
2026-08-07 02:00:00+07:00,SKU-004,0,0.2105,0.2061,1.0213,0.0037,0,,,train
2026-08-07 03:00:00+07:00,SKU-004,0,0.1726,0.169,1.0211,0.0037,0,,,train
2026-08-07 04:00:00+07:00,SKU-004,0,0.1921,0.1882,1.0209,0.0037,0,,,train
2026-08-07 05:00:00+07:00,SKU-004,0,0.3465,0.3395,1.0206,0.0036,0,,,train
2026-08-07 06:00:00+07:00,SKU-004,1,0.7331,0.7184,1.0204,0.0036,0,,,train
2026-08-07 07:00:00+07:00,SKU-004,3,1.1985,1.1748,1.0202,0.0035,0,,,train
2026-08-07 08:00:00+07:00,SKU-004,0,1.6466,1.6144,1.0199,0.0035,0,,,train
2026-08-07 09:00:00+07:00,SKU-004,0,1.9413,1.9037,1.0197,0.0035,0,,,train
2026-08-07 10:00:00+07:00,SKU-004,5,2.1788,2.1371,1.0195,0.0034,0,,,train
2026-08-07 11:00:00+07:00,SKU-004,2,2.4174,2.3717,1.0193,0.0034,0,,,train
2026-08-07 12:00:00+07:00,SKU-004,3,2.5398,2.4923,1.0191,0.0033,0,,,train
2026-08-07 13:00:00+07:00,SKU-004,3,2.3103,2.2676,1.0189,0.0033,0,,,train
2026-08-07 14:00:00+07:00,SKU-004,0,2.0602,2.0225,1.0187,0.0033,0,,,train
2026-08-07 15:00:00+07:00,SKU-004,5,2.0057,1.9693,1.0184,0.0032,0,,,train
2026-08-07 16:00:00+07:00,SKU-004,4,2.1676,2.1288,1.0182,0.0032,0,,,train
2026-08-07 17:00:00+07:00,SKU-004,6,2.5277,2.4829,1.018,0.0032,0,,,train
2026-08-07 18:00:00+07:00,SKU-004,4,3.008,2.9552,1.0178,0.0031,1,,,train
2026-08-07 19:00:00+07:00,SKU-004,19,3.4783,3.418,1.0176,0.0031,19,,,train
2026-08-07 20:00:00+07:00,SKU-004,6,3.6422,3.5797,1.0174,0.0031,6,,,train
2026-08-07 21:00:00+07:00,SKU-004,4,3.0414,2.9898,1.0173,0.003,4,,,train
2026-08-07 22:00:00+07:00,SKU-004,1,2.0055,1.9719,1.0171,0.003,1,,,train
2026-08-07 23:00:00+07:00,SKU-004,0,1.0245,1.0075,1.0169,0.003,0,,,train
2026-08-08 00:00:00+07:00,SKU-004,0,0.5743,0.5649,1.0167,0.0029,0,,,train
2026-08-08 01:00:00+07:00,SKU-004,1,0.3683,0.3623,1.0165,0.0029,1,,,train
2026-08-08 02:00:00+07:00,SKU-004,0,0.2537,0.2496,1.0163,0.0029,0,,,train
2026-08-08 03:00:00+07:00,SKU-004,1,0.2079,0.2046,1.0161,0.0028,1,,,train
2026-08-08 04:00:00+07:00,SKU-004,0,0.2315,0.2278,1.016,0.0028,0,,,train
2026-08-08 05:00:00+07:00,SKU-004,0,0.4174,0.4109,1.0158,0.0028,0,,,train
2026-08-08 06:00:00+07:00,SKU-004,0,0.8827,0.8691,1.0156,0.0027,0,,,train
2026-08-08 07:00:00+07:00,SKU-004,1,1.4426,1.4207,1.0154,0.0027,1,,,train
2026-08-08 08:00:00+07:00,SKU-004,2,1.981,1.9512,1.0153,0.0027,2,,,train
2026-08-08 09:00:00+07:00,SKU-004,3,2.3343,2.2996,1.0151,0.0026,3,,,train
2026-08-08 10:00:00+07:00,SKU-004,1,2.6185,2.58,1.0149,0.0026,1,,,train
2026-08-08 11:00:00+07:00,SKU-004,4,2.9034,2.8612,1.0148,0.0026,4,,,train
2026-08-08 12:00:00+07:00,SKU-004,0,3.0483,3.0044,1.0146,0.0026,0,,,train
2026-08-08 13:00:00+07:00,SKU-004,3,2.7707,2.7313,1.0144,0.0025,3,,,train
2026-08-08 14:00:00+07:00,SKU-004,6,2.4687,2.434,1.0143,0.0025,6,,,train
2026-08-08 15:00:00+07:00,SKU-004,3,2.4012,2.3678,1.0141,0.0025,3,,,train
2026-08-08 16:00:00+07:00,SKU-004,0,2.5926,2.5569,1.014,0.0024,0,,,train
2026-08-08 17:00:00+07:00,SKU-004,5,3.0202,2.9791,1.0138,0.0024,5,,,train
2026-08-08 18:00:00+07:00,SKU-004,1,2.1369,2.1082,1.0136,0.0024,1,,,train
2026-08-08 19:00:00+07:00,SKU-004,6,2.5049,2.4716,1.0135,0.0024,6,,,train
2026-08-08 20:00:00+07:00,SKU-004,2,2.6199,2.5854,1.0133,0.0023,2,,,train
2026-08-08 21:00:00+07:00,SKU-004,1,2.1851,2.1566,1.0132,0.0023,1,,,train
2026-08-08 22:00:00+07:00,SKU-004,0,1.4391,1.4205,1.0131,0.0023,0,,,train
2026-08-08 23:00:00+07:00,SKU-004,1,0.7342,0.7248,1.0129,0.0023,1,,,train
2026-08-09 00:00:00+07:00,SKU-004,0,0.3311,0.3269,1.0128,0.0022,0,,,train
2026-08-09 01:00:00+07:00,SKU-004,0,0.212,0.2094,1.0126,0.0022,0,,,train
2026-08-09 02:00:00+07:00,SKU-004,0,0.1458,0.144,1.0125,0.0022,0,,,train
2026-08-09 03:00:00+07:00,SKU-004,0,0.1194,0.1179,1.0123,0.0022,0,,,train
2026-08-09 04:00:00+07:00,SKU-004,0,0.1327,0.1311,1.0122,0.0021,0,,,train
2026-08-09 05:00:00+07:00,SKU-004,0,0.2389,0.236,1.0121,0.0021,0,,,train
2026-08-09 06:00:00+07:00,SKU-004,1,0.5044,0.4984,1.0119,0.0021,1,,,train
2026-08-09 07:00:00+07:00,SKU-004,0,0.823,0.8134,1.0118,0.0021,0,,,train
2026-08-09 08:00:00+07:00,SKU-004,0,1.1283,1.1153,1.0117,0.002,0,,,train
2026-08-09 09:00:00+07:00,SKU-004,0,1.3274,1.3122,1.0115,0.002,0,,,train
2026-08-09 10:00:00+07:00,SKU-004,0,1.4864,1.4697,1.0114,0.002,0,,,train
2026-08-09 11:00:00+07:00,SKU-004,1,1.6453,1.627,1.0113,0.002,1,,,train
2026-08-09 12:00:00+07:00,SKU-004,1,1.7244,1.7054,1.0112,0.002,1,,,train
2026-08-09 13:00:00+07:00,SKU-004,2,1.5647,1.5476,1.011,0.0019,2,,,train
2026-08-09 14:00:00+07:00,SKU-004,1,1.3917,1.3766,1.0109,0.0019,0,,,train
2026-08-09 15:00:00+07:00,SKU-004,0,1.3512,1.3368,1.0108,0.0019,0,,,train
2026-08-09 16:00:00+07:00,SKU-004,4,1.4563,1.4409,1.0107,0.0019,0,,,train
2026-08-09 17:00:00+07:00,SKU-004,0,1.6935,1.6758,1.0106,0.0018,0,,,train
2026-08-09 18:00:00+07:00,SKU-004,1,2.0095,1.9887,1.0104,0.0018,0,,,train
2026-08-09 19:00:00+07:00,SKU-004,1,2.3513,2.3272,1.0103,0.0018,0,,,train
2026-08-09 20:00:00+07:00,SKU-004,0,2.4547,2.4299,1.0102,0.0018,0,,,train
2026-08-09 21:00:00+07:00,SKU-004,4,2.0436,2.0232,1.0101,0.0018,0,,,train
2026-08-09 22:00:00+07:00,SKU-004,1,1.3434,1.3302,1.01,0.0017,0,,,train
2026-08-09 23:00:00+07:00,SKU-004,0,0.6841,0.6774,1.0099,0.0017,0,,,train
2026-08-10 00:00:00+07:00,SKU-004,0,0.2792,0.2765,1.0098,0.0017,0,,,train
2026-08-10 01:00:00+07:00,SKU-004,0,0.1785,0.1768,1.0097,0.0017,0,,,train
2026-08-10 02:00:00+07:00,SKU-004,0,0.1226,0.1214,1.0095,0.0017,0,,,train
2026-08-10 03:00:00+07:00,SKU-004,0,0.1001,0.0992,1.0094,0.0017,0,,,train
2026-08-10 04:00:00+07:00,SKU-004,0,0.1111,0.1101,1.0093,0.0016,0,,,train
2026-08-10 05:00:00+07:00,SKU-004,1,0.1997,0.1979,1.0092,0.0016,0,,,train
2026-08-10 06:00:00+07:00,SKU-004,0,0.4209,0.4171,1.0091,0.0016,0,,,train
2026-08-10 07:00:00+07:00,SKU-004,0,0.6856,0.6795,1.009,0.0016,0,,,train
2026-08-10 08:00:00+07:00,SKU-004,1,0.9384,0.9301,1.0089,0.0016,0,,,train
2026-08-10 09:00:00+07:00,SKU-004,0,1.1022,1.0925,1.0088,0.0015,0,,,train
2026-08-10 10:00:00+07:00,SKU-004,2,1.2323,1.2216,1.0087,0.0015,0,,,train
2026-08-10 11:00:00+07:00,SKU-004,1,1.3618,1.3502,1.0086,0.0015,0,,,train
2026-08-10 12:00:00+07:00,SKU-004,1,1.4251,1.413,1.0085,0.0015,0,,,train
2026-08-10 13:00:00+07:00,SKU-004,0,1.2911,1.2803,1.0084,0.0015,0,,,train
2026-08-10 14:00:00+07:00,SKU-004,1,1.1466,1.1371,1.0084,0.0015,0,,,train
2026-08-10 15:00:00+07:00,SKU-004,4,1.1116,1.1025,1.0083,0.0014,0,,,train
2026-08-10 16:00:00+07:00,SKU-004,0,1.1964,1.1867,1.0082,0.0014,0,,,train
2026-08-10 17:00:00+07:00,SKU-004,0,1.3894,1.3782,1.0081,0.0014,0,,,train
2026-08-10 18:00:00+07:00,SKU-004,2,1.6464,1.6334,1.008,0.0014,0,,,train
2026-08-10 19:00:00+07:00,SKU-004,5,1.924,1.9089,1.0079,0.0014,0,,,train
2026-08-10 20:00:00+07:00,SKU-004,1,2.0062,1.9906,1.0078,0.0014,0,,,train
2026-08-10 21:00:00+07:00,SKU-004,1,1.6682,1.6555,1.0077,0.0014,0,,,train
2026-08-10 22:00:00+07:00,SKU-004,3,1.0954,1.0871,1.0076,0.0013,0,,,train
2026-08-10 23:00:00+07:00,SKU-004,0,0.5572,0.5531,1.0076,0.0013,0,,,train
2026-08-11 00:00:00+07:00,SKU-004,0,0.2516,0.2497,1.0075,0.0013,0,,,train
2026-08-11 01:00:00+07:00,SKU-004,0,0.1607,0.1595,1.0074,0.0013,0,,,train
2026-08-11 02:00:00+07:00,SKU-004,0,0.1102,0.1094,1.0073,0.0013,0,,,train
2026-08-11 03:00:00+07:00,SKU-004,0,0.09,0.0893,1.0072,0.0013,0,,,train
2026-08-11 04:00:00+07:00,SKU-004,0,0.0997,0.099,1.0071,0.0013,0,,,train
2026-08-11 05:00:00+07:00,SKU-004,0,0.1791,0.1779,1.0071,0.0012,0,,,train
2026-08-11 06:00:00+07:00,SKU-004,0,0.3774,0.3747,1.007,0.0012,0,,,train
2026-08-11 07:00:00+07:00,SKU-004,0,0.6143,0.6101,1.0069,0.0012,0,,,train
2026-08-11 08:00:00+07:00,SKU-004,0,0.8404,0.8347,1.0068,0.0012,0,,,train
2026-08-11 09:00:00+07:00,SKU-004,2,0.9865,0.9799,1.0068,0.0012,0,,,train
2026-08-11 10:00:00+07:00,SKU-004,0,1.1025,1.0952,1.0067,0.0012,0,,,train
2026-08-11 11:00:00+07:00,SKU-004,2,1.218,1.21,1.0066,0.0012,0,,,train
2026-08-11 12:00:00+07:00,SKU-004,0,1.2743,1.266,1.0065,0.0011,0,,,train
2026-08-11 13:00:00+07:00,SKU-004,2,1.1542,1.1468,1.0065,0.0011,0,,,train
2026-08-11 14:00:00+07:00,SKU-004,1,1.025,1.0185,1.0064,0.0011,0,,,train
2026-08-11 15:00:00+07:00,SKU-004,2,0.9937,0.9874,1.0063,0.0011,0,,,train
2026-08-11 16:00:00+07:00,SKU-004,4,1.0695,1.0628,1.0062,0.0011,0,,,train
2026-08-11 17:00:00+07:00,SKU-004,4,1.2421,1.2344,1.0062,0.0011,1,,,train
2026-08-11 18:00:00+07:00,SKU-004,0,1.4721,1.4632,1.0061,0.0011,0,,,train
2026-08-11 19:00:00+07:00,SKU-004,0,1.7207,1.7104,1.006,0.0011,0,,,train
2026-08-11 20:00:00+07:00,SKU-004,3,1.7948,1.7842,1.006,0.001,3,,,train
2026-08-11 21:00:00+07:00,SKU-004,0,1.4931,1.4843,1.0059,0.001,0,,,train
2026-08-11 22:00:00+07:00,SKU-004,0,0.9809,0.9752,1.0058,0.001,0,,,train
2026-08-11 23:00:00+07:00,SKU-004,0,0.4992,0.4964,1.0058,0.001,0,,,train
2026-08-12 00:00:00+07:00,SKU-004,0,0.2346,0.2333,1.0057,0.001,0,,,train
2026-08-12 01:00:00+07:00,SKU-004,0,0.1499,0.1491,1.0057,0.001,0,,,train
2026-08-12 02:00:00+07:00,SKU-004,0,0.1029,0.1024,1.0056,0.001,0,,,train
2026-08-12 03:00:00+07:00,SKU-004,0,0.0841,0.0836,1.0055,0.001,0,,,train
2026-08-12 04:00:00+07:00,SKU-004,0,0.0933,0.0928,1.0055,0.001,0,,,train
2026-08-12 05:00:00+07:00,SKU-004,0,0.1678,0.1669,1.0054,0.0009,0,,,train
2026-08-12 06:00:00+07:00,SKU-004,0,0.3538,0.3519,1.0053,0.0009,0,,,train
2026-08-12 07:00:00+07:00,SKU-004,1,0.5766,0.5735,1.0053,0.0009,1,,,train
2026-08-12 08:00:00+07:00,SKU-004,1,0.7896,0.7855,1.0052,0.0009,1,,,train
2026-08-12 09:00:00+07:00,SKU-004,0,0.9281,0.9233,1.0052,0.0009,0,,,train
2026-08-12 10:00:00+07:00,SKU-004,3,1.0386,1.0333,1.0051,0.0009,3,,,train
2026-08-12 11:00:00+07:00,SKU-004,0,1.149,1.1432,1.0051,0.0009,0,,,train
2026-08-12 12:00:00+07:00,SKU-004,4,1.2037,1.1977,1.005,0.0009,4,,,train
2026-08-12 13:00:00+07:00,SKU-004,1,1.0919,1.0866,1.0049,0.0009,1,,,train
2026-08-12 14:00:00+07:00,SKU-004,4,0.9711,0.9664,1.0049,0.0009,0,,,train
2026-08-12 15:00:00+07:00,SKU-004,0,0.943,0.9384,1.0048,0.0008,0,,,train
2026-08-12 16:00:00+07:00,SKU-004,3,1.0166,1.0117,1.0048,0.0008,0,,,train
2026-08-12 17:00:00+07:00,SKU-004,3,1.1826,1.1771,1.0047,0.0008,0,,,train
2026-08-12 18:00:00+07:00,SKU-004,2,1.4041,1.3976,1.0047,0.0008,0,,,train
2026-08-12 19:00:00+07:00,SKU-004,1,1.6442,1.6366,1.0046,0.0008,0,,,train
2026-08-12 20:00:00+07:00,SKU-004,1,1.7181,1.7102,1.0046,0.0008,0,,,train
2026-08-12 21:00:00+07:00,SKU-004,0,1.4319,1.4254,1.0045,0.0008,0,,,train
2026-08-12 22:00:00+07:00,SKU-004,1,0.9424,0.9382,1.0045,0.0008,0,,,train
2026-08-12 23:00:00+07:00,SKU-004,0,0.4806,0.4785,1.0044,0.0008,0,,,train
2026-08-13 00:00:00+07:00,SKU-004,1,0.241,0.2399,1.0044,0.0008,0,,,train
2026-08-13 01:00:00+07:00,SKU-004,0,0.1543,0.1536,1.0043,0.0008,0,,,train
2026-08-13 02:00:00+07:00,SKU-004,0,0.1061,0.1057,1.0043,0.0007,0,,,train
2026-08-13 03:00:00+07:00,SKU-004,0,0.0869,0.0865,1.0042,0.0007,0,,,train
2026-08-13 04:00:00+07:00,SKU-004,0,0.0966,0.0962,1.0042,0.0007,0,,,train
2026-08-13 05:00:00+07:00,SKU-004,0,0.174,0.1733,1.0041,0.0007,0,,,train
2026-08-13 06:00:00+07:00,SKU-004,1,0.3678,0.3663,1.0041,0.0007,0,,,train
2026-08-13 07:00:00+07:00,SKU-004,1,0.6006,0.5982,1.004,0.0007,0,,,train
2026-08-13 08:00:00+07:00,SKU-004,2,0.8243,0.821,1.004,0.0007,0,,,train
2026-08-13 09:00:00+07:00,SKU-004,3,0.9708,0.967,1.004,0.0007,0,,,train
2026-08-13 10:00:00+07:00,SKU-004,2,1.0886,1.0844,1.0039,0.0007,0,,,train
2026-08-13 11:00:00+07:00,SKU-004,1,1.2068,1.2022,1.0039,0.0007,0,,,train
2026-08-13 12:00:00+07:00,SKU-004,0,1.2669,1.2621,1.0038,0.0007,0,,,train
2026-08-13 13:00:00+07:00,SKU-004,3,1.1516,1.1473,1.0038,0.0007,0,,,train
2026-08-13 14:00:00+07:00,SKU-004,0,1.0263,1.0225,1.0037,0.0007,0,,,train
2026-08-13 15:00:00+07:00,SKU-004,0,0.9985,0.9949,1.0037,0.0006,0,,,train
2026-08-13 16:00:00+07:00,SKU-004,1,1.0786,1.0747,1.0037,0.0006,0,,,train
2026-08-13 17:00:00+07:00,SKU-004,0,1.2572,1.2527,1.0036,0.0006,0,,,train
2026-08-13 18:00:00+07:00,SKU-004,6,1.4956,1.4902,1.0036,0.0006,0,,,train
2026-08-13 19:00:00+07:00,SKU-004,5,1.7546,1.7484,1.0035,0.0006,0,,,train
2026-08-13 20:00:00+07:00,SKU-004,1,1.8368,1.8304,1.0035,0.0006,0,,,train
2026-08-13 21:00:00+07:00,SKU-004,2,1.5336,1.5283,1.0035,0.0006,0,,,train
2026-08-13 22:00:00+07:00,SKU-004,3,1.0112,1.0078,1.0034,0.0006,0,,,train
2026-08-13 23:00:00+07:00,SKU-004,1,0.5165,0.5148,1.0034,0.0006,0,,,train
2026-08-14 00:00:00+07:00,SKU-004,0,0.2793,0.2784,1.0033,0.0006,0,,,train
2026-08-14 01:00:00+07:00,SKU-004,0,0.1791,0.1785,1.0033,0.0006,0,,,train
2026-08-14 02:00:00+07:00,SKU-004,0,0.1234,0.123,1.0033,0.0006,0,,,train
2026-08-14 03:00:00+07:00,SKU-004,0,0.1012,0.1009,1.0032,0.0006,0,,,train
2026-08-14 04:00:00+07:00,SKU-004,0,0.1127,0.1123,1.0032,0.0006,0,,,train
2026-08-14 05:00:00+07:00,SKU-004,0,0.2033,0.2027,1.0032,0.0006,0,,,train
2026-08-14 06:00:00+07:00,SKU-004,0,0.4301,0.4288,1.0031,0.0005,0,,,train
2026-08-14 07:00:00+07:00,SKU-004,0,0.7034,0.7012,1.0031,0.0005,0,,,train
2026-08-14 08:00:00+07:00,SKU-004,0,0.9665,0.9636,1.0031,0.0005,0,,,train
2026-08-14 09:00:00+07:00,SKU-004,2,1.1397,1.1363,1.003,0.0005,0,,,train
2026-08-14 10:00:00+07:00,SKU-004,0,1.2794,1.2756,1.003,0.0005,0,,,train
2026-08-14 11:00:00+07:00,SKU-004,0,1.4198,1.4156,1.003,0.0005,0,,,train
2026-08-14 12:00:00+07:00,SKU-004,2,1.4919,1.4876,1.0029,0.0005,0,,,train
2026-08-14 13:00:00+07:00,SKU-004,1,1.3573,1.3534,1.0029,0.0005,0,,,train
2026-08-14 14:00:00+07:00,SKU-004,3,1.2106,1.2072,1.0029,0.0005,2,,,train
2026-08-14 15:00:00+07:00,SKU-004,2,1.1787,1.1754,1.0028,0.0005,2,,,train
2026-08-14 16:00:00+07:00,SKU-004,0,1.2741,1.2706,1.0028,0.0005,0,,,train
2026-08-14 17:00:00+07:00,SKU-004,0,1.486,1.4819,1.0028,0.0005,0,,,train
2026-08-14 18:00:00+07:00,SKU-004,3,1.7687,1.7638,1.0027,0.0005,3,,,train
2026-08-14 19:00:00+07:00,SKU-004,1,2.0759,2.0703,1.0027,0.0005,1,,,train
2026-08-14 20:00:00+07:00,SKU-004,5,2.1741,2.1683,1.0027,0.0005,5,,,train
2026-08-14 21:00:00+07:00,SKU-004,0,1.8158,1.811,1.0026,0.0005,0,,,train
2026-08-14 22:00:00+07:00,SKU-004,2,1.1975,1.1944,1.0026,0.0005,2,,,train
2026-08-14 23:00:00+07:00,SKU-004,0,0.6118,0.6102,1.0026,0.0005,0,,,train
2026-08-15 00:00:00+07:00,SKU-004,0,0.343,0.3421,1.0026,0.0004,0,,,train
2026-08-15 01:00:00+07:00,SKU-004,0,0.22,0.2194,1.0025,0.0004,0,,,train
2026-08-15 02:00:00+07:00,SKU-004,0,0.1516,0.1512,1.0025,0.0004,0,,,train
2026-08-15 03:00:00+07:00,SKU-004,0,0.1243,0.1239,1.0025,0.0004,0,,,train
2026-08-15 04:00:00+07:00,SKU-004,0,0.1383,0.138,1.0024,0.0004,0,,,train
2026-08-15 05:00:00+07:00,SKU-004,0,0.2495,0.2489,1.0024,0.0004,0,,,train
2026-08-15 06:00:00+07:00,SKU-004,0,0.5277,0.5264,1.0024,0.0004,0,,,train
2026-08-15 07:00:00+07:00,SKU-004,0,0.8625,0.8605,1.0024,0.0004,0,,,train
2026-08-15 08:00:00+07:00,SKU-004,1,1.1846,1.1819,1.0023,0.0004,1,,,train
2026-08-15 09:00:00+07:00,SKU-004,1,1.3961,1.3929,1.0023,0.0004,1,,,train
2026-08-15 10:00:00+07:00,SKU-004,1,1.5663,1.5627,1.0023,0.0004,1,,,train
2026-08-15 11:00:00+07:00,SKU-004,1,1.7369,1.733,1.0023,0.0004,1,,,train
2026-08-15 12:00:00+07:00,SKU-004,4,1.8238,1.8198,1.0022,0.0004,4,,,train
2026-08-15 13:00:00+07:00,SKU-004,3,1.658,1.6543,1.0022,0.0004,3,,,train
2026-08-15 14:00:00+07:00,SKU-004,4,1.4775,1.4742,1.0022,0.0004,0,,,train
2026-08-15 15:00:00+07:00,SKU-004,0,2.4965,2.4912,1.0022,0.0004,0,,,train
2026-08-15 16:00:00+07:00,SKU-004,4,2.6959,2.6901,1.0021,0.0004,0,,,train
2026-08-15 17:00:00+07:00,SKU-004,5,3.141,3.1343,1.0021,0.0004,0,,,train
2026-08-15 18:00:00+07:00,SKU-004,7,3.7343,3.7265,1.0021,0.0004,0,,,train
2026-08-15 19:00:00+07:00,SKU-004,6,4.3779,4.3689,1.0021,0.0004,0,,,train
2026-08-15 20:00:00+07:00,SKU-004,7,4.5795,4.5701,1.002,0.0004,0,,,train
2026-08-15 21:00:00+07:00,SKU-004,1,3.8199,3.8122,1.002,0.0004,0,,,train
2026-08-15 22:00:00+07:00,SKU-004,0,2.516,2.511,1.002,0.0004,0,,,train
2026-08-15 23:00:00+07:00,SKU-004,1,1.2837,1.2812,1.002,0.0003,0,,,train
2026-08-16 00:00:00+07:00,SKU-004,2,0.579,0.5779,1.002,0.0003,0,,,train
2026-08-16 01:00:00+07:00,SKU-004,0,0.3708,0.3701,1.0019,0.0003,0,,,train
2026-08-16 02:00:00+07:00,SKU-004,0,0.2551,0.2546,1.0019,0.0003,0,,,train
2026-08-16 03:00:00+07:00,SKU-004,0,0.2088,0.2084,1.0019,0.0003,0,,,train
2026-08-16 04:00:00+07:00,SKU-004,1,0.2321,0.2317,1.0019,0.0003,0,,,train
2026-08-16 05:00:00+07:00,SKU-004,2,0.418,0.4172,1.0019,0.0003,0,,,train
2026-08-16 06:00:00+07:00,SKU-004,1,0.8826,0.881,1.0018,0.0003,0,,,train
2026-08-16 07:00:00+07:00,SKU-004,2,1.4404,1.4378,1.0018,0.0003,0,,,train
2026-08-16 08:00:00+07:00,SKU-004,1,1.975,1.9714,1.0018,0.0003,0,,,train
2026-08-16 09:00:00+07:00,SKU-004,0,2.3236,2.3195,1.0018,0.0003,0,,,train
2026-08-16 10:00:00+07:00,SKU-004,3,2.6023,2.5978,1.0018,0.0003,2,,,train
2026-08-16 11:00:00+07:00,SKU-004,4,2.8808,2.8758,1.0017,0.0003,4,,,train
2026-08-16 12:00:00+07:00,SKU-004,3,3.0196,3.0145,1.0017,0.0003,3,,,train
2026-08-16 13:00:00+07:00,SKU-004,0,2.7401,2.7355,1.0017,0.0003,0,,,train
2026-08-16 14:00:00+07:00,SKU-004,1,2.4374,2.4333,1.0017,0.0003,1,,,train
2026-08-16 15:00:00+07:00,SKU-004,1,2.3668,2.3629,1.0017,0.0003,1,,,train
2026-08-16 16:00:00+07:00,SKU-004,1,2.5511,2.5469,1.0016,0.0003,1,,,train
2026-08-16 17:00:00+07:00,SKU-004,4,2.9668,2.962,1.0016,0.0003,4,,,train
2026-08-16 18:00:00+07:00,SKU-004,2,3.5208,3.5152,1.0016,0.0003,2,,,train
2026-08-16 19:00:00+07:00,SKU-004,3,4.1201,4.1136,1.0016,0.0003,3,,,train
2026-08-16 20:00:00+07:00,SKU-004,2,4.3018,4.2951,1.0016,0.0003,2,,,train
2026-08-16 21:00:00+07:00,SKU-004,1,3.5817,3.5762,1.0015,0.0003,1,,,train
2026-08-16 22:00:00+07:00,SKU-004,3,2.3548,2.3512,1.0015,0.0003,3,,,train
2026-08-16 23:00:00+07:00,SKU-004,0,1.1992,1.1974,1.0015,0.0003,0,,,train
2026-08-17 00:00:00+07:00,SKU-004,1,0.4895,0.4888,1.0015,0.0003,1,,,train
2026-08-17 01:00:00+07:00,SKU-004,2,0.3129,0.3125,1.0015,0.0003,2,,,train
2026-08-17 02:00:00+07:00,SKU-004,1,0.2149,0.2146,1.0015,0.0003,1,,,train
2026-08-17 03:00:00+07:00,SKU-004,0,0.1756,0.1753,1.0014,0.0003,0,,,train
2026-08-17 04:00:00+07:00,SKU-004,0,0.1948,0.1946,1.0014,0.0003,0,,,train
2026-08-17 05:00:00+07:00,SKU-004,0,0.3502,0.3497,1.0014,0.0002,0,,,train
2026-08-17 06:00:00+07:00,SKU-004,3,0.7383,0.7372,1.0014,0.0002,3,,,train
2026-08-17 07:00:00+07:00,SKU-004,0,1.2027,1.2011,1.0014,0.0002,0,,,train
2026-08-17 08:00:00+07:00,SKU-004,1,1.6463,1.6441,1.0014,0.0002,1,,,train
2026-08-17 09:00:00+07:00,SKU-004,3,1.9337,1.9311,1.0014,0.0002,3,,,train
2026-08-17 10:00:00+07:00,SKU-004,4,2.1621,2.1592,1.0013,0.0002,4,,,train
2026-08-17 11:00:00+07:00,SKU-004,1,2.3896,2.3864,1.0013,0.0002,1,,,train
2026-08-17 12:00:00+07:00,SKU-004,3,2.5008,2.4975,1.0013,0.0002,3,,,train
2026-08-17 13:00:00+07:00,SKU-004,1,2.2658,2.2629,1.0013,0.0002,1,,,train
2026-08-17 14:00:00+07:00,SKU-004,3,2.0124,2.0099,1.0013,0.0002,3,,,train
2026-08-17 15:00:00+07:00,SKU-004,0,1.9512,1.9487,1.0013,0.0002,0,,,train
2026-08-17 16:00:00+07:00,SKU-004,0,2.1002,2.0975,1.0013,0.0002,0,,,train
2026-08-17 17:00:00+07:00,SKU-004,1,2.439,2.436,1.0012,0.0002,1,,,train
2026-08-17 18:00:00+07:00,SKU-004,0,2.8906,2.887,1.0012,0.0002,0,,,train
2026-08-17 19:00:00+07:00,SKU-004,1,3.3781,3.374,1.0012,0.0002,1,,,train
2026-08-17 20:00:00+07:00,SKU-004,3,3.5227,3.5185,1.0012,0.0002,3,,,train
2026-08-17 21:00:00+07:00,SKU-004,5,2.9295,2.926,1.0012,0.0002,5,,,train
2026-08-17 22:00:00+07:00,SKU-004,1,1.9237,1.9215,1.0012,0.0002,1,,,train
2026-08-17 23:00:00+07:00,SKU-004,3,0.9787,0.9775,1.0012,0.0002,3,,,train
2026-08-18 00:00:00+07:00,SKU-004,0,0.2544,0.2541,1.0011,0.0002,0,,,train
2026-08-18 01:00:00+07:00,SKU-004,0,0.1625,0.1623,1.0011,0.0002,0,,,train
2026-08-18 02:00:00+07:00,SKU-004,0,0.1115,0.1113,1.0011,0.0002,0,,,train
2026-08-18 03:00:00+07:00,SKU-004,0,0.091,0.0909,1.0011,0.0002,0,,,train
2026-08-18 04:00:00+07:00,SKU-004,0,0.1009,0.1008,1.0011,0.0002,0,,,train
2026-08-18 05:00:00+07:00,SKU-004,0,0.1812,0.181,1.0011,0.0002,0,,,train
2026-08-18 06:00:00+07:00,SKU-004,0,0.3817,0.3813,1.0011,0.0002,0,,,train
2026-08-18 07:00:00+07:00,SKU-004,1,0.6215,0.6208,1.0011,0.0002,1,,,train
2026-08-18 08:00:00+07:00,SKU-004,0,0.8502,0.8493,1.001,0.0002,0,,,train
2026-08-18 09:00:00+07:00,SKU-004,0,0.9981,0.9971,1.001,0.0002,0,,,train
2026-08-18 10:00:00+07:00,SKU-004,1,1.1155,1.1144,1.001,0.0002,1,,,train
2026-08-18 11:00:00+07:00,SKU-004,0,1.2325,1.2312,1.001,0.0002,0,,,train
2026-08-18 12:00:00+07:00,SKU-004,5,1.2894,1.2881,1.001,0.0002,5,,,train
2026-08-18 13:00:00+07:00,SKU-004,1,1.168,1.1669,1.001,0.0002,1,,,train
2026-08-18 14:00:00+07:00,SKU-004,1,1.0373,1.0363,1.001,0.0002,0,,,train
2026-08-18 15:00:00+07:00,SKU-004,0,1.0057,1.0047,1.001,0.0002,0,,,train
2026-08-18 16:00:00+07:00,SKU-004,0,1.0824,1.0814,1.001,0.0002,0,,,train
2026-08-18 17:00:00+07:00,SKU-004,4,1.2572,1.256,1.0009,0.0002,0,,,train
2026-08-18 18:00:00+07:00,SKU-004,2,1.4902,1.4888,1.0009,0.0002,0,,,train
2026-08-18 19:00:00+07:00,SKU-004,0,1.7419,1.7403,1.0009,0.0002,0,,,train
2026-08-18 20:00:00+07:00,SKU-004,1,1.817,1.8153,1.0009,0.0002,0,,,train
2026-08-18 21:00:00+07:00,SKU-004,2,1.5116,1.5102,1.0009,0.0002,0,,,train
2026-08-18 22:00:00+07:00,SKU-004,1,0.9931,0.9922,1.0009,0.0002,0,,,train
2026-08-18 23:00:00+07:00,SKU-004,0,0.5055,0.505,1.0009,0.0002,0,,,train
2026-08-19 00:00:00+07:00,SKU-004,0,0.2376,0.2374,1.0009,0.0002,0,,,train
2026-08-19 01:00:00+07:00,SKU-004,2,0.1518,0.1517,1.0009,0.0002,0,,,train
2026-08-19 02:00:00+07:00,SKU-004,0,0.1042,0.1041,1.0009,0.0002,0,,,train
2026-08-19 03:00:00+07:00,SKU-004,0,0.0852,0.0851,1.0008,0.0001,0,,,train
2026-08-19 04:00:00+07:00,SKU-004,0,0.0945,0.0944,1.0008,0.0001,0,,,train
2026-08-19 05:00:00+07:00,SKU-004,0,0.1699,0.1698,1.0008,0.0001,0,,,train
2026-08-19 06:00:00+07:00,SKU-004,0,0.3583,0.358,1.0008,0.0001,0,,,train
2026-08-19 07:00:00+07:00,SKU-004,0,0.584,0.5835,1.0008,0.0001,0,,,train
2026-08-19 08:00:00+07:00,SKU-004,0,0.7999,0.7992,1.0008,0.0001,0,,,train
2026-08-19 09:00:00+07:00,SKU-004,2,0.9402,0.9394,1.0008,0.0001,0,,,train
2026-08-19 10:00:00+07:00,SKU-004,0,1.0522,1.0513,1.0008,0.0001,0,,,train
2026-08-19 11:00:00+07:00,SKU-004,2,1.164,1.1631,1.0008,0.0001,0,,,train
2026-08-19 12:00:00+07:00,SKU-004,0,1.2196,1.2186,1.0008,0.0001,0,,,train
2026-08-19 13:00:00+07:00,SKU-004,1,1.1064,1.1055,1.0008,0.0001,0,,,train
2026-08-19 14:00:00+07:00,SKU-004,0,0.984,0.9833,1.0008,0.0001,0,,,train
2026-08-19 15:00:00+07:00,SKU-004,4,0.9555,0.9548,1.0007,0.0001,0,,,train
2026-08-19 16:00:00+07:00,SKU-004,0,1.0301,1.0294,1.0007,0.0001,0,,,train
2026-08-19 17:00:00+07:00,SKU-004,0,1.1984,1.1976,1.0007,0.0001,0,,,train
2026-08-19 18:00:00+07:00,SKU-004,1,1.423,1.422,1.0007,0.0001,0,,,train
2026-08-19 19:00:00+07:00,SKU-004,3,1.6663,1.6651,1.0007,0.0001,0,,,train
2026-08-19 20:00:00+07:00,SKU-004,1,1.7413,1.7401,1.0007,0.0001,0,,,train
2026-08-19 21:00:00+07:00,SKU-004,0,1.4513,1.4503,1.0007,0.0001,0,,,train
2026-08-19 22:00:00+07:00,SKU-004,0,0.9553,0.9546,1.0007,0.0001,0,,,train
2026-08-19 23:00:00+07:00,SKU-004,0,0.4871,0.4868,1.0007,0.0001,0,,,train
2026-08-20 00:00:00+07:00,SKU-004,0,0.2443,0.2441,1.0007,0.0001,0,,,train
2026-08-20 01:00:00+07:00,SKU-004,0,0.1564,0.1563,1.0007,0.0001,0,,,train
2026-08-20 02:00:00+07:00,SKU-004,0,0.1076,0.1075,1.0007,0.0001,0,,,train
2026-08-20 03:00:00+07:00,SKU-004,0,0.0881,0.088,1.0006,0.0001,0,,,train
2026-08-20 04:00:00+07:00,SKU-004,0,0.098,0.0979,1.0006,0.0001,0,,,train
2026-08-20 05:00:00+07:00,SKU-004,0,0.1765,0.1763,1.0006,0.0001,0,,,train
2026-08-20 06:00:00+07:00,SKU-004,1,0.3729,0.3726,1.0006,0.0001,0,,,train
2026-08-20 07:00:00+07:00,SKU-004,0,0.609,0.6086,1.0006,0.0001,0,,,train
2026-08-20 08:00:00+07:00,SKU-004,0,0.8358,0.8353,1.0006,0.0001,0,,,train
2026-08-20 09:00:00+07:00,SKU-004,1,0.9844,0.9838,1.0006,0.0001,0,,,train
2026-08-20 10:00:00+07:00,SKU-004,3,1.1039,1.1033,1.0006,0.0001,0,,,train
2026-08-20 11:00:00+07:00,SKU-004,2,1.2238,1.2231,1.0006,0.0001,0,,,train
2026-08-20 12:00:00+07:00,SKU-004,1,1.2848,1.2841,1.0006,0.0001,0,,,train
2026-08-20 13:00:00+07:00,SKU-004,2,1.1679,1.1673,1.0006,0.0001,0,,,train
2026-08-20 14:00:00+07:00,SKU-004,4,1.0409,1.0403,1.0006,0.0001,0,,,train
2026-08-20 15:00:00+07:00,SKU-004,1,1.0127,1.0122,1.0006,0.0001,0,,,train
2026-08-20 16:00:00+07:00,SKU-004,0,1.094,1.0934,1.0006,0.0001,0,,,train
2026-08-20 17:00:00+07:00,SKU-004,0,1.2752,1.2745,1.0006,0.0001,0,,,train
2026-08-20 18:00:00+07:00,SKU-004,2,1.517,1.5162,1.0005,0.0001,1,,,train
2026-08-20 19:00:00+07:00,SKU-004,2,1.7797,1.7788,1.0005,0.0001,2,,,train
2026-08-20 20:00:00+07:00,SKU-004,1,1.8633,1.8623,1.0005,0.0001,1,,,train
2026-08-20 21:00:00+07:00,SKU-004,4,1.5557,1.5549,1.0005,0.0001,4,,,train
2026-08-20 22:00:00+07:00,SKU-004,0,1.0258,1.0253,1.0005,0.0001,0,,,train
2026-08-20 23:00:00+07:00,SKU-004,0,0.524,0.5238,1.0005,0.0001,0,,,train
2026-08-21 00:00:00+07:00,SKU-004,0,0.2834,0.2832,1.0005,0.0001,0,,,train
2026-08-21 01:00:00+07:00,SKU-004,0,0.1817,0.1817,1.0005,0.0001,0,,,train
2026-08-21 02:00:00+07:00,SKU-004,0,0.1252,0.1252,1.0005,0.0001,0,,,train
2026-08-21 03:00:00+07:00,SKU-004,0,0.1027,0.1026,1.0005,0.0001,0,,,train
2026-08-21 04:00:00+07:00,SKU-004,1,0.1143,0.1143,1.0005,0.0001,1,,,train
2026-08-21 05:00:00+07:00,SKU-004,0,0.2063,0.2062,1.0005,0.0001,0,,,train
2026-08-21 06:00:00+07:00,SKU-004,1,0.4365,0.4362,1.0005,0.0001,1,,,train
2026-08-21 07:00:00+07:00,SKU-004,0,0.7137,0.7134,1.0005,0.0001,0,,,train
2026-08-21 08:00:00+07:00,SKU-004,0,0.9808,0.9803,1.0005,0.0001,0,,,train
2026-08-21 09:00:00+07:00,SKU-004,1,1.1565,1.156,1.0005,0.0001,1,,,train
2026-08-21 10:00:00+07:00,SKU-004,8,2.3334,2.3324,1.0005,0.0001,8,,,train
2026-08-21 11:00:00+07:00,SKU-004,0,2.5895,2.5883,1.0005,0.0001,0,,,train
2026-08-21 12:00:00+07:00,SKU-004,2,2.7212,2.7199,1.0004,0.0001,2,,,train
2026-08-21 13:00:00+07:00,SKU-004,7,2.4758,2.4747,1.0004,0.0001,7,,,train
2026-08-21 14:00:00+07:00,SKU-004,2,2.2082,2.2072,1.0004,0.0001,0,,,val
2026-08-21 15:00:00+07:00,SKU-004,5,2.1501,2.1492,1.0004,0.0001,0,,,val
2026-08-21 16:00:00+07:00,SKU-004,3,2.3242,2.3232,1.0004,0.0001,0,,,val
2026-08-21 17:00:00+07:00,SKU-004,6,2.7108,2.7096,1.0004,0.0001,0,,,val
2026-08-21 18:00:00+07:00,SKU-004,1,3.2265,3.2251,1.0004,0.0001,0,,,val
2026-08-21 19:00:00+07:00,SKU-004,6,3.787,3.7854,1.0004,0.0001,0,,,val
2026-08-21 20:00:00+07:00,SKU-004,7,3.9662,3.9646,1.0004,0.0001,0,,,val
2026-08-21 21:00:00+07:00,SKU-004,0,3.3126,3.3112,1.0004,0.0001,0,,,val
2026-08-21 22:00:00+07:00,SKU-004,3,2.1847,2.1839,1.0004,0.0001,0,,,val
2026-08-21 23:00:00+07:00,SKU-004,1,1.1162,1.1158,1.0004,0.0001,0,,,val
2026-08-22 00:00:00+07:00,SKU-004,3,0.6258,0.6256,1.0004,0.0001,0,,,val
2026-08-22 01:00:00+07:00,SKU-004,0,0.4014,0.4012,1.0004,0.0001,0,,,val
2026-08-22 02:00:00+07:00,SKU-004,0,0.2765,0.2764,1.0004,0.0001,0,,,val
2026-08-22 03:00:00+07:00,SKU-004,1,0.2267,0.2266,1.0004,0.0001,0,,,val
2026-08-22 04:00:00+07:00,SKU-004,0,0.2524,0.2523,1.0004,0.0001,0,,,val
2026-08-22 05:00:00+07:00,SKU-004,0,0.4552,0.455,1.0004,0.0001,0,,,val
2026-08-22 06:00:00+07:00,SKU-004,0,0.9628,0.9625,1.0004,0.0001,0,,,val
2026-08-22 07:00:00+07:00,SKU-004,1,1.5739,1.5733,1.0004,0.0001,0,,,val
2026-08-22 08:00:00+07:00,SKU-004,3,2.1617,2.1609,1.0004,0.0001,0,,,val
2026-08-22 09:00:00+07:00,SKU-004,6,2.5476,2.5467,1.0004,0.0001,0,,,val
2026-08-22 10:00:00+07:00,SKU-004,2,2.8582,2.8572,1.0004,0.0001,1,,,val
2026-08-22 11:00:00+07:00,SKU-004,10,3.1697,3.1686,1.0003,0.0001,10,,,val
2026-08-22 12:00:00+07:00,SKU-004,5,3.3284,3.3272,1.0003,0.0001,5,,,val
2026-08-22 13:00:00+07:00,SKU-004,1,3.0257,3.0247,1.0003,0.0001,1,,,val
2026-08-22 14:00:00+07:00,SKU-004,1,2.6963,2.6954,1.0003,0.0001,1,,,val
2026-08-22 15:00:00+07:00,SKU-004,0,2.623,2.6221,1.0003,0.0001,0,,,val
2026-08-22 16:00:00+07:00,SKU-004,4,2.8325,2.8316,1.0003,0.0001,4,,,val
2026-08-22 17:00:00+07:00,SKU-004,7,3.3002,3.2991,1.0003,0.0001,7,,,val
2026-08-22 18:00:00+07:00,SKU-004,11,3.9236,3.9224,1.0003,0.0001,11,,,val
2026-08-22 19:00:00+07:00,SKU-004,4,4.6,4.5985,1.0003,0.0001,4,,,val
2026-08-22 20:00:00+07:00,SKU-004,1,4.8118,4.8103,1.0003,0.0001,1,,,val
2026-08-22 21:00:00+07:00,SKU-004,8,4.0138,4.0126,1.0003,0.0001,8,,,val
2026-08-22 22:00:00+07:00,SKU-004,3,2.6437,2.6429,1.0003,0.0001,3,,,val
2026-08-22 23:00:00+07:00,SKU-004,3,1.3489,1.3485,1.0003,0.0001,3,,,val
2026-08-23 00:00:00+07:00,SKU-004,0,0.6085,0.6083,1.0003,0.0001,0,,,val
2026-08-23 01:00:00+07:00,SKU-004,0,0.3897,0.3896,1.0003,0.0001,0,,,val
2026-08-23 02:00:00+07:00,SKU-004,0,0.2681,0.268,1.0003,0.0001,0,,,val
2026-08-23 03:00:00+07:00,SKU-004,1,0.2194,0.2194,1.0003,0.0001,1,,,val
2026-08-23 04:00:00+07:00,SKU-004,0,0.2439,0.2439,1.0003,0.0001,0,,,val
2026-08-23 05:00:00+07:00,SKU-004,0,0.4392,0.4391,1.0003,0.0,0,,,val
2026-08-23 06:00:00+07:00,SKU-004,0,0.9276,0.9273,1.0003,0.0,0,,,val
2026-08-23 07:00:00+07:00,SKU-004,1,1.5137,1.5133,1.0003,0.0,1,,,val
2026-08-23 08:00:00+07:00,SKU-004,4,2.0756,2.075,1.0003,0.0,4,,,val
2026-08-23 09:00:00+07:00,SKU-004,4,2.442,2.4413,1.0003,0.0,4,,,val
2026-08-23 10:00:00+07:00,SKU-004,1,2.735,2.7342,1.0003,0.0,1,,,val
2026-08-23 11:00:00+07:00,SKU-004,3,3.0277,3.0269,1.0003,0.0,3,,,val
2026-08-23 12:00:00+07:00,SKU-004,9,3.1736,3.1728,1.0003,0.0,9,,,val
2026-08-23 13:00:00+07:00,SKU-004,3,2.88,2.8792,1.0003,0.0,3,,,val
2026-08-23 14:00:00+07:00,SKU-004,5,2.5618,2.5612,1.0003,0.0,5,,,val
2026-08-23 15:00:00+07:00,SKU-004,0,2.4876,2.487,1.0003,0.0,0,,,val
2026-08-23 16:00:00+07:00,SKU-004,2,2.6814,2.6807,1.0003,0.0,2,,,val
2026-08-23 17:00:00+07:00,SKU-004,11,3.1184,3.1176,1.0002,0.0,11,,,val
2026-08-23 18:00:00+07:00,SKU-004,4,3.7007,3.6998,1.0002,0.0,4,,,val
2026-08-23 19:00:00+07:00,SKU-004,4,4.3306,4.3296,1.0002,0.0,4,,,val
2026-08-23 20:00:00+07:00,SKU-004,2,4.5217,4.5206,1.0002,0.0,2,,,val
2026-08-23 21:00:00+07:00,SKU-004,4,3.7648,3.764,1.0002,0.0,4,,,val
2026-08-23 22:00:00+07:00,SKU-004,1,2.4752,2.4746,1.0002,0.0,1,,,val
2026-08-23 23:00:00+07:00,SKU-004,0,1.2606,1.2603,1.0002,0.0,0,,,val
2026-08-24 00:00:00+07:00,SKU-004,1,0.5146,0.5145,1.0002,0.0,1,,,val
2026-08-24 01:00:00+07:00,SKU-004,0,0.329,0.3289,1.0002,0.0,0,,,val
2026-08-24 02:00:00+07:00,SKU-004,1,0.2259,0.2258,1.0002,0.0,1,,,val
2026-08-24 03:00:00+07:00,SKU-004,1,0.1846,0.1845,1.0002,0.0,1,,,val
2026-08-24 04:00:00+07:00,SKU-004,0,0.114,0.1139,1.0002,0.0,0,,,val
2026-08-24 05:00:00+07:00,SKU-004,0,0.2049,0.2048,1.0002,0.0,0,,,val
2026-08-24 06:00:00+07:00,SKU-004,0,0.4318,0.4317,1.0002,0.0,0,,,val
2026-08-24 07:00:00+07:00,SKU-004,1,0.7035,0.7034,1.0002,0.0,1,,,val
2026-08-24 08:00:00+07:00,SKU-004,1,0.963,0.9628,1.0002,0.0,1,,,val
2026-08-24 09:00:00+07:00,SKU-004,0,1.1311,1.1308,1.0002,0.0,0,,,val
2026-08-24 10:00:00+07:00,SKU-004,2,1.2647,1.2644,1.0002,0.0,2,,,val
2026-08-24 11:00:00+07:00,SKU-004,2,1.3978,1.3975,1.0002,0.0,2,,,val
2026-08-24 12:00:00+07:00,SKU-004,0,1.4628,1.4626,1.0002,0.0,0,,,val
2026-08-24 13:00:00+07:00,SKU-004,1,1.3254,1.3252,1.0002,0.0,1,,,val
2026-08-24 14:00:00+07:00,SKU-004,3,1.1772,1.177,1.0002,0.0,0,,,val
2026-08-24 15:00:00+07:00,SKU-004,1,1.1414,1.1412,1.0002,0.0,0,,,val
2026-08-24 16:00:00+07:00,SKU-004,2,1.2286,1.2283,1.0002,0.0,0,,,val
2026-08-24 17:00:00+07:00,SKU-004,2,1.4268,1.4265,1.0002,0.0,0,,,val
2026-08-24 18:00:00+07:00,SKU-004,0,1.691,1.6906,1.0002,0.0,0,,,val
2026-08-24 19:00:00+07:00,SKU-004,6,1.9762,1.9758,1.0002,0.0,0,,,val
2026-08-24 20:00:00+07:00,SKU-004,0,2.0608,2.0604,1.0002,0.0,0,,,val
2026-08-24 21:00:00+07:00,SKU-004,0,1.7138,1.7135,1.0002,0.0,0,,,val
2026-08-24 22:00:00+07:00,SKU-004,2,1.1254,1.1252,1.0002,0.0,0,,,val
2026-08-24 23:00:00+07:00,SKU-004,1,0.5725,0.5724,1.0002,0.0,0,,,val
2026-08-25 00:00:00+07:00,SKU-004,0,0.2585,0.2585,1.0002,0.0,0,,,val
2026-08-25 01:00:00+07:00,SKU-004,0,0.1651,0.1651,1.0002,0.0,0,,,val
2026-08-25 02:00:00+07:00,SKU-004,0,0.1133,0.1132,1.0002,0.0,0,,,val
2026-08-25 03:00:00+07:00,SKU-004,0,0.0925,0.0925,1.0002,0.0,0,,,val
2026-08-25 04:00:00+07:00,SKU-004,0,0.1025,0.1025,1.0002,0.0,0,,,val
2026-08-25 05:00:00+07:00,SKU-004,0,0.1841,0.1841,1.0002,0.0,0,,,val
2026-08-25 06:00:00+07:00,SKU-004,1,0.3879,0.3879,1.0002,0.0,0,,,val
2026-08-25 07:00:00+07:00,SKU-004,2,0.6316,0.6315,1.0002,0.0,0,,,val
2026-08-25 08:00:00+07:00,SKU-004,0,0.864,0.8639,1.0002,0.0,0,,,val
2026-08-25 09:00:00+07:00,SKU-004,0,1.0144,1.0142,1.0002,0.0,0,,,val
2026-08-25 10:00:00+07:00,SKU-004,0,1.1337,1.1335,1.0002,0.0,0,,,val
2026-08-25 11:00:00+07:00,SKU-004,0,1.2526,1.2524,1.0002,0.0,0,,,val
2026-08-25 12:00:00+07:00,SKU-004,2,1.3105,1.3103,1.0002,0.0,0,,,val
2026-08-25 13:00:00+07:00,SKU-004,5,1.1871,1.1869,1.0002,0.0,0,,,val
2026-08-25 14:00:00+07:00,SKU-004,1,1.0542,1.0541,1.0002,0.0,0,,,val
2026-08-25 15:00:00+07:00,SKU-004,0,1.0221,1.022,1.0001,0.0,0,,,val
2026-08-25 16:00:00+07:00,SKU-004,2,1.1002,1.1,1.0001,0.0,0,,,val
2026-08-25 17:00:00+07:00,SKU-004,1,2.3872,2.3869,1.0001,0.0,0,,,val
2026-08-25 18:00:00+07:00,SKU-004,3,2.8296,2.8292,1.0001,0.0,0,,,val
2026-08-25 19:00:00+07:00,SKU-004,1,3.3077,3.3072,1.0001,0.0,0,,,val
2026-08-25 20:00:00+07:00,SKU-004,0,3.4503,3.4498,1.0001,0.0,0,,,val
2026-08-25 21:00:00+07:00,SKU-004,1,2.8704,2.87,1.0001,0.0,0,,,val
2026-08-25 22:00:00+07:00,SKU-004,0,1.8858,1.8855,1.0001,0.0,0,,,val
2026-08-25 23:00:00+07:00,SKU-004,0,0.9599,0.9597,1.0001,0.0,0,,,val
2026-08-26 00:00:00+07:00,SKU-004,0,0.4512,0.4511,1.0001,0.0,0,,,val
2026-08-26 01:00:00+07:00,SKU-004,0,0.2883,0.2883,1.0001,0.0,0,,,val
2026-08-26 02:00:00+07:00,SKU-004,0,0.1979,0.1979,1.0001,0.0,0,,,val
2026-08-26 03:00:00+07:00,SKU-004,0,0.1617,0.1617,1.0001,0.0,0,,,val
2026-08-26 04:00:00+07:00,SKU-004,0,0.1795,0.1795,1.0001,0.0,0,,,val
2026-08-26 05:00:00+07:00,SKU-004,0,0.3227,0.3226,1.0001,0.0,0,,,val
2026-08-26 06:00:00+07:00,SKU-004,0,0.6805,0.6804,1.0001,0.0,0,,,val
2026-08-26 07:00:00+07:00,SKU-004,0,1.1091,1.1089,1.0001,0.0,0,,,val
2026-08-26 08:00:00+07:00,SKU-004,0,1.519,1.5188,1.0001,0.0,0,,,val
2026-08-26 09:00:00+07:00,SKU-004,2,1.7855,1.7853,1.0001,0.0,0,,,val
2026-08-26 10:00:00+07:00,SKU-004,3,1.9981,1.9979,1.0001,0.0,0,,,val
2026-08-26 11:00:00+07:00,SKU-004,1,2.2106,2.2103,1.0001,0.0,0,,,val
2026-08-26 12:00:00+07:00,SKU-004,4,2.316,2.3158,1.0001,0.0,0,,,val
2026-08-26 13:00:00+07:00,SKU-004,2,2.1011,2.1008,1.0001,0.0,0,,,val
2026-08-26 14:00:00+07:00,SKU-004,3,1.8687,1.8685,1.0001,0.0,0,,,val
2026-08-26 15:00:00+07:00,SKU-004,0,1.8146,1.8144,1.0001,0.0,0,,,val
2026-08-26 16:00:00+07:00,SKU-004,5,1.9564,1.9561,1.0001,0.0,4,,,val
2026-08-26 17:00:00+07:00,SKU-004,8,2.276,2.2758,1.0001,0.0,8,,,val
2026-08-26 18:00:00+07:00,SKU-004,1,2.7024,2.7021,1.0001,0.0,1,,,val
2026-08-26 19:00:00+07:00,SKU-004,2,3.1646,3.1642,1.0001,0.0,2,,,val
2026-08-26 20:00:00+07:00,SKU-004,3,3.307,3.3066,1.0001,0.0,3,,,val
2026-08-26 21:00:00+07:00,SKU-004,3,2.7562,2.7559,1.0001,0.0,3,,,val
2026-08-26 22:00:00+07:00,SKU-004,0,1.8142,1.814,1.0001,0.0,0,,,val
2026-08-26 23:00:00+07:00,SKU-004,1,0.9252,0.9251,1.0001,0.0,1,,,val
2026-08-27 00:00:00+07:00,SKU-004,0,0.4639,0.4639,1.0001,0.0,0,,,val
2026-08-27 01:00:00+07:00,SKU-004,2,0.2971,0.297,1.0001,0.0,2,,,val
2026-08-27 02:00:00+07:00,SKU-004,1,0.2043,0.2043,1.0001,0.0,1,,,val
2026-08-27 03:00:00+07:00,SKU-004,0,0.1673,0.1673,1.0001,0.0,0,,,val
2026-08-27 04:00:00+07:00,SKU-004,0,0.186,0.186,1.0001,0.0,0,,,val
2026-08-27 05:00:00+07:00,SKU-004,0,0.3351,0.3351,1.0001,0.0,0,,,val
2026-08-27 06:00:00+07:00,SKU-004,0,0.7082,0.7081,1.0001,0.0,0,,,val
2026-08-27 07:00:00+07:00,SKU-004,1,1.1566,1.1565,1.0001,0.0,1,,,val
2026-08-27 08:00:00+07:00,SKU-004,4,1.5874,1.5873,1.0001,0.0,4,,,val
2026-08-27 09:00:00+07:00,SKU-004,0,1.8697,1.8695,1.0001,0.0,0,,,val
2026-08-27 10:00:00+07:00,SKU-004,3,2.0967,2.0965,1.0001,0.0,3,,,val
2026-08-27 11:00:00+07:00,SKU-004,1,2.3244,2.3242,1.0001,0.0,1,,,val
2026-08-27 12:00:00+07:00,SKU-004,3,2.4403,2.4401,1.0001,0.0,3,,,val
2026-08-27 13:00:00+07:00,SKU-004,2,2.2183,2.2181,1.0001,0.0,2,,,val
2026-08-27 14:00:00+07:00,SKU-004,1,1.9769,1.9767,1.0001,0.0,1,,,val
2026-08-27 15:00:00+07:00,SKU-004,1,1.9235,1.9233,1.0001,0.0,1,,,val
2026-08-27 16:00:00+07:00,SKU-004,1,2.0778,2.0776,1.0001,0.0,1,,,val
2026-08-27 17:00:00+07:00,SKU-004,1,2.422,2.4218,1.0001,0.0,1,,,val
2026-08-27 18:00:00+07:00,SKU-004,4,2.8813,2.881,1.0001,0.0,4,,,val
2026-08-27 19:00:00+07:00,SKU-004,8,3.3803,3.3801,1.0001,0.0,0,,,val
2026-08-27 20:00:00+07:00,SKU-004,4,3.539,3.5387,1.0001,0.0,0,,,val
2026-08-27 21:00:00+07:00,SKU-004,3,2.9549,2.9546,1.0001,0.0,0,,,val
2026-08-27 22:00:00+07:00,SKU-004,2,1.9484,1.9482,1.0001,0.0,0,,,val
2026-08-27 23:00:00+07:00,SKU-004,1,0.9953,0.9952,1.0001,0.0,0,,,val
2026-08-28 00:00:00+07:00,SKU-004,0,0.5382,0.5382,1.0001,0.0,0,,,val
2026-08-28 01:00:00+07:00,SKU-004,0,0.3452,0.3452,1.0001,0.0,0,,,val
2026-08-28 02:00:00+07:00,SKU-004,1,0.2378,0.2378,1.0001,0.0,0,,,val
2026-08-28 03:00:00+07:00,SKU-004,0,0.195,0.195,1.0001,0.0,0,,,val
2026-08-28 04:00:00+07:00,SKU-004,1,0.2172,0.2172,1.0001,0.0,0,,,val
2026-08-28 05:00:00+07:00,SKU-004,1,0.3918,0.3918,1.0001,0.0,0,,,val
2026-08-28 06:00:00+07:00,SKU-004,0,0.829,0.8289,1.0001,0.0,0,,,val
2026-08-28 07:00:00+07:00,SKU-004,0,1.3557,1.3556,1.0001,0.0,0,,,val
2026-08-28 08:00:00+07:00,SKU-004,1,1.8629,1.8628,1.0001,0.0,0,,,val
2026-08-28 09:00:00+07:00,SKU-004,1,2.1967,2.1966,1.0001,0.0,0,,,val
2026-08-28 10:00:00+07:00,SKU-004,5,2.4661,2.4659,1.0001,0.0,0,,,val
2026-08-28 11:00:00+07:00,SKU-004,1,2.7367,2.7365,1.0001,0.0,0,,,val
2026-08-28 12:00:00+07:00,SKU-004,3,2.8759,2.8757,1.0001,0.0,0,,,val
2026-08-28 13:00:00+07:00,SKU-004,3,2.6165,2.6164,1.0001,0.0,0,,,val
2026-08-28 14:00:00+07:00,SKU-004,1,2.3337,2.3336,1.0001,0.0,0,,,val
2026-08-28 15:00:00+07:00,SKU-004,0,2.2724,2.2722,1.0001,0.0,0,,,val
2026-08-28 16:00:00+07:00,SKU-004,1,1.3148,1.3147,1.0001,0.0,0,,,val
2026-08-28 17:00:00+07:00,SKU-004,0,1.5335,1.5334,1.0001,0.0,0,,,val
2026-08-28 18:00:00+07:00,SKU-004,0,1.8252,1.8251,1.0001,0.0,0,,,val
2026-08-28 19:00:00+07:00,SKU-004,1,2.1423,2.1421,1.0001,0.0,0,,,val
2026-08-28 20:00:00+07:00,SKU-004,8,2.2437,2.2435,1.0001,0.0,0,,,val
2026-08-28 21:00:00+07:00,SKU-004,1,1.8739,1.8738,1.0001,0.0,0,,,val
2026-08-28 22:00:00+07:00,SKU-004,4,1.2359,1.2358,1.0001,0.0,0,,,val
2026-08-28 23:00:00+07:00,SKU-004,1,0.6314,0.6314,1.0001,0.0,0,EP-004-05,FALSE_CONTENT,val
2026-08-29 00:00:00+07:00,SKU-004,0,0.354,0.354,1.0001,0.3333,0,EP-004-05,FALSE_CONTENT,val
2026-08-29 01:00:00+07:00,SKU-004,0,0.2271,0.227,1.0001,0.6667,0,EP-004-05,FALSE_CONTENT,val
2026-08-29 02:00:00+07:00,SKU-004,1,0.1564,0.1564,1.0001,1.0,1,EP-004-05,FALSE_CONTENT,val
2026-08-29 03:00:00+07:00,SKU-004,0,0.1282,0.1282,1.0001,0.9291,0,EP-004-05,FALSE_CONTENT,val
2026-08-29 04:00:00+07:00,SKU-004,0,0.1428,0.1428,1.0001,0.8633,0,EP-004-05,FALSE_CONTENT,val
2026-08-29 05:00:00+07:00,SKU-004,0,0.2575,0.2575,1.0001,0.8021,0,EP-004-05,FALSE_CONTENT,val
2026-08-29 06:00:00+07:00,SKU-004,0,0.5447,0.5447,1.0001,0.7452,0,EP-004-05,FALSE_CONTENT,val
2026-08-29 07:00:00+07:00,SKU-004,2,0.8904,0.8903,1.0001,0.6924,2,EP-004-05,FALSE_CONTENT,val
2026-08-29 08:00:00+07:00,SKU-004,1,1.2229,1.2228,1.0001,0.6433,1,EP-004-05,FALSE_CONTENT,val
2026-08-29 09:00:00+07:00,SKU-004,1,1.4412,1.4411,1.0001,0.5977,1,EP-004-05,FALSE_CONTENT,val
2026-08-29 10:00:00+07:00,SKU-004,0,1.6169,1.6168,1.0001,0.5554,0,EP-004-05,FALSE_CONTENT,val
2026-08-29 11:00:00+07:00,SKU-004,0,1.7931,1.793,1.0001,0.516,0,EP-004-05,FALSE_CONTENT,val
2026-08-29 12:00:00+07:00,SKU-004,2,1.9128,1.8828,1.0159,0.4794,2,EP-004-05,FALSE_CONTENT,val
2026-08-29 13:00:00+07:00,SKU-004,7,1.7661,1.7116,1.0318,0.4455,7,EP-004-05,FALSE_CONTENT,val
2026-08-29 14:00:00+07:00,SKU-004,4,1.5981,1.5253,1.0478,0.4139,4,EP-004-05,FALSE_CONTENT,val
2026-08-29 15:00:00+07:00,SKU-004,2,1.5496,1.4838,1.0444,0.3845,2,EP-004-05,FALSE_CONTENT,val
2026-08-29 16:00:00+07:00,SKU-004,0,1.6684,1.6023,1.0412,0.3573,0,EP-004-05,FALSE_CONTENT,val
2026-08-29 17:00:00+07:00,SKU-004,6,1.9384,1.8669,1.0383,0.332,6,EP-004-05,FALSE_CONTENT,val
2026-08-29 18:00:00+07:00,SKU-004,1,2.2986,2.2196,1.0356,0.3084,1,EP-004-05,FALSE_CONTENT,val
2026-08-29 19:00:00+07:00,SKU-004,0,2.6882,2.6022,1.0331,0.2866,0,EP-004-05,FALSE_CONTENT,val
2026-08-29 20:00:00+07:00,SKU-004,3,2.8057,2.722,1.0307,0.2663,3,EP-004-05,FALSE_CONTENT,val
2026-08-29 21:00:00+07:00,SKU-004,1,2.3354,2.2706,1.0286,0.2474,1,EP-004-05,FALSE_CONTENT,val
2026-08-29 22:00:00+07:00,SKU-004,0,1.5352,1.4956,1.0265,0.2299,0,EP-004-05,FALSE_CONTENT,val
2026-08-29 23:00:00+07:00,SKU-004,0,0.7819,0.7631,1.0247,0.2136,0,EP-004-05,FALSE_CONTENT,val
2026-08-30 00:00:00+07:00,SKU-004,0,0.3521,0.3442,1.0229,0.1984,0,EP-004-05,FALSE_CONTENT,val
2026-08-30 01:00:00+07:00,SKU-004,0,0.2251,0.2204,1.0213,0.1844,0,EP-004-05,FALSE_CONTENT,val
2026-08-30 02:00:00+07:00,SKU-004,0,0.1546,0.1516,1.0198,0.1713,0,EP-004-05,FALSE_CONTENT,val
2026-08-30 03:00:00+07:00,SKU-004,1,0.1264,0.1241,1.0184,0.1592,1,EP-004-05,FALSE_CONTENT,val
2026-08-30 04:00:00+07:00,SKU-004,0,0.1403,0.138,1.0171,0.1479,0,EP-004-05,FALSE_CONTENT,val
2026-08-30 05:00:00+07:00,SKU-004,1,0.2524,0.2485,1.0159,0.1374,1,EP-004-05,FALSE_CONTENT,val
2026-08-30 06:00:00+07:00,SKU-004,0,0.5325,0.5247,1.0147,0.1277,0,EP-004-05,FALSE_CONTENT,val
2026-08-30 07:00:00+07:00,SKU-004,0,0.868,0.8563,1.0137,0.1186,0,EP-004-05,FALSE_CONTENT,val
2026-08-30 08:00:00+07:00,SKU-004,0,1.1891,1.1742,1.0127,0.1102,0,EP-004-05,FALSE_CONTENT,val
2026-08-30 09:00:00+07:00,SKU-004,1,1.3978,1.3814,1.0118,0.1024,1,EP-004-05,FALSE_CONTENT,val
2026-08-30 10:00:00+07:00,SKU-004,0,1.5642,1.5472,1.011,0.0951,0,EP-004-05,FALSE_CONTENT,val
2026-08-30 11:00:00+07:00,SKU-004,0,1.7303,1.7128,1.0102,0.0884,0,EP-004-05,FALSE_CONTENT,val
2026-08-30 12:00:00+07:00,SKU-004,1,1.8124,1.7953,1.0095,0.0821,1,EP-004-05,FALSE_CONTENT,val
2026-08-30 13:00:00+07:00,SKU-004,0,1.6436,1.6292,1.0088,0.0763,0,EP-004-05,FALSE_CONTENT,val
2026-08-30 14:00:00+07:00,SKU-004,0,1.4611,1.4492,1.0082,0.0709,0,EP-004-05,FALSE_CONTENT,val
2026-08-30 15:00:00+07:00,SKU-004,3,1.4179,1.4073,1.0076,0.0659,0,EP-004-05,FALSE_CONTENT,val
2026-08-30 16:00:00+07:00,SKU-004,0,1.5276,1.5169,1.0071,0.0612,0,EP-004-05,FALSE_CONTENT,val
2026-08-30 17:00:00+07:00,SKU-004,2,1.7757,1.7641,1.0066,0.0569,0,EP-004-05,FALSE_CONTENT,val
2026-08-30 18:00:00+07:00,SKU-004,0,2.1063,2.0935,1.0061,0.0528,0,EP-004-05,FALSE_CONTENT,val
2026-08-30 19:00:00+07:00,SKU-004,2,2.4638,2.4499,1.0057,0.0491,0,EP-004-05,FALSE_CONTENT,val
2026-08-30 20:00:00+07:00,SKU-004,1,2.5714,2.558,1.0053,0.0456,0,EP-004-05,FALSE_CONTENT,val
2026-08-30 21:00:00+07:00,SKU-004,2,2.1402,2.1298,1.0049,0.0424,0,EP-004-05,FALSE_CONTENT,val
2026-08-30 22:00:00+07:00,SKU-004,3,1.4066,1.4003,1.0045,0.0394,0,EP-004-05,FALSE_CONTENT,val
2026-08-30 23:00:00+07:00,SKU-004,0,0.7161,0.7131,1.0042,0.0366,0,EP-004-05,FALSE_CONTENT,val
2026-08-31 00:00:00+07:00,SKU-004,0,0.2923,0.2911,1.0039,0.034,0,EP-004-05,FALSE_CONTENT,val
2026-08-31 01:00:00+07:00,SKU-004,1,0.1868,0.1861,1.0036,0.0316,0,EP-004-05,FALSE_CONTENT,val
2026-08-31 02:00:00+07:00,SKU-004,0,0.1282,0.1278,1.0034,0.0293,0,EP-004-05,FALSE_CONTENT,val
2026-08-31 03:00:00+07:00,SKU-004,0,0.1048,0.1044,1.0031,0.0273,0,EP-004-05,FALSE_CONTENT,val
2026-08-31 04:00:00+07:00,SKU-004,0,0.1162,0.1159,1.0029,0.0253,0,EP-004-05,FALSE_CONTENT,val
2026-08-31 05:00:00+07:00,SKU-004,1,0.2088,0.2083,1.0027,0.0235,0,EP-004-05,FALSE_CONTENT,val
2026-08-31 06:00:00+07:00,SKU-004,1,0.4402,0.4391,1.0025,0.0219,0,EP-004-05,FALSE_CONTENT,val
2026-08-31 07:00:00+07:00,SKU-004,0,0.717,0.7153,1.0023,0.0203,0,EP-004-05,FALSE_CONTENT,val
2026-08-31 08:00:00+07:00,SKU-004,1,0.9812,0.9791,1.0022,0.0189,0,EP-004-05,FALSE_CONTENT,val
2026-08-31 09:00:00+07:00,SKU-004,0,1.1523,1.15,1.002,0.0175,0,EP-004-05,FALSE_CONTENT,val
2026-08-31 10:00:00+07:00,SKU-004,0,1.2883,1.2859,1.0019,0.0163,0,EP-004-05,FALSE_CONTENT,val
2026-08-31 11:00:00+07:00,SKU-004,0,1.4237,1.4212,1.0017,0.0151,0,EP-004-05,FALSE_CONTENT,val
2026-08-31 12:00:00+07:00,SKU-004,1,1.4897,1.4873,1.0016,0.0141,0,EP-004-05,FALSE_CONTENT,val
2026-08-31 13:00:00+07:00,SKU-004,0,1.3496,1.3476,1.0015,0.0131,0,,,val
2026-08-31 14:00:00+07:00,SKU-004,0,1.1986,1.1969,1.0014,0.0121,0,,,val
2026-08-31 15:00:00+07:00,SKU-004,3,1.162,1.1605,1.0013,0.0113,0,,,val
2026-08-31 16:00:00+07:00,SKU-004,2,1.2506,1.2491,1.0012,0.0105,0,,,val
2026-08-31 17:00:00+07:00,SKU-004,2,1.4523,1.4507,1.0011,0.0097,0,,,val
2026-08-31 18:00:00+07:00,SKU-004,5,1.7211,1.7193,1.001,0.0091,0,,,val
2026-08-31 19:00:00+07:00,SKU-004,5,2.0112,2.0093,1.001,0.0084,0,,,val
2026-08-31 20:00:00+07:00,SKU-004,2,2.0972,2.0953,1.0009,0.0078,0,,,val
2026-08-31 21:00:00+07:00,SKU-004,1,1.7439,1.7425,1.0008,0.0073,0,,,val
2026-08-31 22:00:00+07:00,SKU-004,1,1.1452,1.1443,1.0008,0.0067,0,,,val
2026-08-31 23:00:00+07:00,SKU-004,0,0.5825,0.5821,1.0007,0.0063,0,,,val
2026-09-01 00:00:00+07:00,SKU-004,0,0.263,0.2628,1.0007,0.0058,0,,,val
2026-09-01 01:00:00+07:00,SKU-004,0,0.168,0.1679,1.0006,0.0054,0,,,val
2026-09-01 02:00:00+07:00,SKU-004,0,0.1152,0.1152,1.0006,0.005,0,,,val
2026-09-01 03:00:00+07:00,SKU-004,0,0.0941,0.094,1.0005,0.0047,0,,,val
2026-09-01 04:00:00+07:00,SKU-004,0,0.1043,0.1042,1.0005,0.0043,0,,,val
2026-09-01 05:00:00+07:00,SKU-004,0,0.1873,0.1872,1.0005,0.004,0,,,val
2026-09-01 06:00:00+07:00,SKU-004,1,0.3946,0.3944,1.0004,0.0037,0,,,val
2026-09-01 07:00:00+07:00,SKU-004,1,0.6424,0.6422,1.0004,0.0035,0,,,val
2026-09-01 08:00:00+07:00,SKU-004,0,0.8788,0.8785,1.0004,0.0032,0,,,val
2026-09-01 09:00:00+07:00,SKU-004,1,1.0317,1.0313,1.0003,0.003,0,,,val
2026-09-01 10:00:00+07:00,SKU-004,0,1.1531,1.1527,1.0003,0.0028,0,,,val
2026-09-01 11:00:00+07:00,SKU-004,0,1.2739,1.2736,1.0003,0.0026,0,,,val
2026-09-01 12:00:00+07:00,SKU-004,0,1.3328,1.3324,1.0003,0.0024,0,,,val
2026-09-01 13:00:00+07:00,SKU-004,2,1.2073,1.207,1.0003,0.0022,0,,,val
2026-09-01 14:00:00+07:00,SKU-004,0,1.0721,1.0719,1.0002,0.0021,0,,,val
2026-09-01 15:00:00+07:00,SKU-004,1,1.0395,1.0392,1.0002,0.0019,0,,,val
2026-09-01 16:00:00+07:00,SKU-004,0,1.1188,1.1186,1.0002,0.0018,0,,,val
2026-09-01 17:00:00+07:00,SKU-004,2,1.2994,1.2992,1.0002,0.0017,0,,,val
2026-09-01 18:00:00+07:00,SKU-004,1,1.5402,1.5399,1.0002,0.0016,0,,,val
2026-09-01 19:00:00+07:00,SKU-004,3,1.8004,1.8001,1.0002,0.0014,0,,,val
2026-09-01 20:00:00+07:00,SKU-004,4,1.878,1.8777,1.0002,0.0013,2,,,val
2026-09-01 21:00:00+07:00,SKU-004,3,1.5623,1.5621,1.0001,0.0012,3,,,val
2026-09-01 22:00:00+07:00,SKU-004,0,1.0264,1.0263,1.0001,0.0012,0,,,val
2026-09-01 23:00:00+07:00,SKU-004,0,0.5224,0.5224,1.0001,0.0011,0,,,val
2026-09-02 00:00:00+07:00,SKU-004,0,0.2456,0.2455,1.0001,0.001,0,,,val
2026-09-02 01:00:00+07:00,SKU-004,0,0.1569,0.1569,1.0001,0.0009,0,,,val
2026-09-02 02:00:00+07:00,SKU-004,0,0.1077,0.1077,1.0001,0.0009,0,,,val
2026-09-02 03:00:00+07:00,SKU-004,0,0.088,0.088,1.0001,0.0008,0,,,val
2026-09-02 04:00:00+07:00,SKU-004,0,0.0977,0.0977,1.0001,0.0007,0,,,val
2026-09-02 05:00:00+07:00,SKU-004,0,0.1756,0.1756,1.0001,0.0007,0,,,val
2026-09-02 06:00:00+07:00,SKU-004,1,0.3703,0.3703,1.0001,0.0006,1,,,val
2026-09-02 07:00:00+07:00,SKU-004,0,0.6036,0.6036,1.0001,0.0006,0,,,val
2026-09-02 08:00:00+07:00,SKU-004,2,1.4858,1.4857,1.0001,0.0006,2,,,val
2026-09-02 09:00:00+07:00,SKU-004,1,1.7465,1.7464,1.0001,0.0005,1,,,val
2026-09-02 10:00:00+07:00,SKU-004,2,1.9544,1.9543,1.0001,0.0005,2,,,val
2026-09-02 11:00:00+07:00,SKU-004,3,2.1623,2.1622,1.0001,0.0004,3,,,val
2026-09-02 12:00:00+07:00,SKU-004,2,2.2654,2.2653,1.0,0.0004,2,,,val
2026-09-02 13:00:00+07:00,SKU-004,6,2.0551,2.0551,1.0,0.0004,6,,,val
2026-09-02 14:00:00+07:00,SKU-004,0,1.8279,1.8278,1.0,0.0004,0,,,val
2026-09-02 15:00:00+07:00,SKU-004,2,1.7749,1.7749,1.0,0.0003,0,,,val
2026-09-02 16:00:00+07:00,SKU-004,3,1.9136,1.9135,1.0,0.0003,0,,,val
2026-09-02 17:00:00+07:00,SKU-004,6,2.2262,2.2261,1.0,0.0003,0,,,val
2026-09-02 18:00:00+07:00,SKU-004,1,2.6433,2.6432,1.0,0.0003,0,,,val
2026-09-02 19:00:00+07:00,SKU-004,6,3.0953,3.0952,1.0,0.0002,0,,,val
2026-09-02 20:00:00+07:00,SKU-004,7,3.2346,3.2345,1.0,0.0002,0,,,val
2026-09-02 21:00:00+07:00,SKU-004,2,2.6959,2.6958,1.0,0.0002,0,,,val
2026-09-02 22:00:00+07:00,SKU-004,1,1.7745,1.7744,1.0,0.0002,0,,,val
2026-09-02 23:00:00+07:00,SKU-004,1,0.9049,0.9049,1.0,0.0002,0,,,val
2026-09-03 00:00:00+07:00,SKU-004,0,0.4538,0.4538,1.0,0.0002,0,,,val
2026-09-03 01:00:00+07:00,SKU-004,0,0.2906,0.2905,1.0,0.0002,0,,,val
2026-09-03 02:00:00+07:00,SKU-004,0,0.1999,0.1999,1.0,0.0001,0,,,val
2026-09-03 03:00:00+07:00,SKU-004,1,0.1636,0.1636,1.0,0.0001,0,,,val
2026-09-03 04:00:00+07:00,SKU-004,0,0.182,0.182,1.0,0.0001,0,,,val
2026-09-03 05:00:00+07:00,SKU-004,1,0.3278,0.3278,1.0,0.0001,0,,,val
2026-09-03 06:00:00+07:00,SKU-004,0,0.6927,0.6927,1.0,0.0001,0,,,val
2026-09-03 07:00:00+07:00,SKU-004,1,1.1313,1.1313,1.0,0.0001,0,,,val
2026-09-03 08:00:00+07:00,SKU-004,3,1.5526,1.5526,1.0,0.0001,0,,,val
2026-09-03 09:00:00+07:00,SKU-004,5,1.8288,1.8287,1.0,0.0001,0,,,val
2026-09-03 10:00:00+07:00,SKU-004,1,2.0508,2.0507,1.0,0.0001,0,,,val
2026-09-03 11:00:00+07:00,SKU-004,2,2.2735,2.2735,1.0,0.0001,0,,,val
2026-09-03 12:00:00+07:00,SKU-004,0,2.3868,2.3868,1.0,0.0001,0,,,val
2026-09-03 13:00:00+07:00,SKU-004,2,2.1697,2.1696,1.0,0.0001,0,,,val
2026-09-03 14:00:00+07:00,SKU-004,0,1.0759,1.0759,1.0,0.0001,0,,,val
2026-09-03 15:00:00+07:00,SKU-004,3,1.0468,1.0468,1.0,0.0001,0,,,val
2026-09-03 16:00:00+07:00,SKU-004,1,1.1308,1.1308,1.0,0.0001,0,,,val
2026-09-03 17:00:00+07:00,SKU-004,1,1.3181,1.3181,1.0,0.0,0,,,val
2026-09-03 18:00:00+07:00,SKU-004,0,1.568,1.568,1.0,0.0,0,,,val
2026-09-03 19:00:00+07:00,SKU-004,1,1.8396,1.8396,1.0,0.0,0,,,val
2026-09-03 20:00:00+07:00,SKU-004,3,1.926,1.9259,1.0,0.0,0,,,val
2026-09-03 21:00:00+07:00,SKU-004,11,1.6081,1.6081,1.0,0.0,6,,,val
2026-09-03 22:00:00+07:00,SKU-004,0,1.0603,1.0603,1.0,0.0,0,,,val
2026-09-03 23:00:00+07:00,SKU-004,0,0.5417,0.5417,1.0,0.0,0,,,val
2026-09-04 00:00:00+07:00,SKU-004,0,0.2929,0.2929,1.0,0.0,0,,,val
2026-09-04 01:00:00+07:00,SKU-004,0,0.1879,0.1879,1.0,0.0,0,,,val
2026-09-04 02:00:00+07:00,SKU-004,0,0.1294,0.1294,1.0,0.0,0,,,test
2026-09-04 03:00:00+07:00,SKU-004,0,0.1061,0.1061,1.0,0.0,0,,,test
2026-09-04 04:00:00+07:00,SKU-004,0,0.1182,0.1182,1.0,0.0,0,,,test
2026-09-04 05:00:00+07:00,SKU-004,0,0.2132,0.2132,1.0,0.0,0,,,test
2026-09-04 06:00:00+07:00,SKU-004,1,0.4511,0.4511,1.0,0.0,1,,,test
2026-09-04 07:00:00+07:00,SKU-004,0,0.7378,0.7378,1.0,0.0,0,,,test
2026-09-04 08:00:00+07:00,SKU-004,0,1.0138,1.0138,1.0,0.0,0,,,test
2026-09-04 09:00:00+07:00,SKU-004,0,1.1955,1.1955,1.0,0.0,0,,,test
2026-09-04 10:00:00+07:00,SKU-004,2,1.3421,1.342,1.0,0.0,2,,,test
2026-09-04 11:00:00+07:00,SKU-004,0,1.4893,1.4893,1.0,0.0,0,,,test
2026-09-04 12:00:00+07:00,SKU-004,10,1.5651,1.565,1.0,0.0,10,,,test
2026-09-04 13:00:00+07:00,SKU-004,3,1.4239,1.4239,1.0,0.0,3,,,test
2026-09-04 14:00:00+07:00,SKU-004,0,1.27,1.27,1.0,0.0,0,,,test
2026-09-04 15:00:00+07:00,SKU-004,3,1.2366,1.2366,1.0,0.0,3,,,test
2026-09-04 16:00:00+07:00,SKU-004,0,1.3367,1.3367,1.0,0.0,0,,,test
2026-09-04 17:00:00+07:00,SKU-004,0,1.5591,1.5591,1.0,0.0,0,,,test
2026-09-04 18:00:00+07:00,SKU-004,2,1.8557,1.8557,1.0,0.0,2,,,test
2026-09-04 19:00:00+07:00,SKU-004,4,2.1781,2.1781,1.0,0.0,4,,,test
2026-09-04 20:00:00+07:00,SKU-004,4,2.2812,2.2811,1.0,0.0,4,,,test
2026-09-04 21:00:00+07:00,SKU-004,2,1.9052,1.9052,1.0,0.0,2,,,test
2026-09-04 22:00:00+07:00,SKU-004,1,1.2566,1.2565,1.0,0.0,1,,,test
2026-09-04 23:00:00+07:00,SKU-004,0,0.642,0.642,1.0,0.0,0,,,test
2026-09-05 00:00:00+07:00,SKU-004,1,0.3599,0.3599,1.0,0.0,1,,,test
2026-09-05 01:00:00+07:00,SKU-004,0,0.2308,0.2308,1.0,0.0,0,,,test
2026-09-05 02:00:00+07:00,SKU-004,1,0.159,0.159,1.0,0.0,1,,,test
2026-09-05 03:00:00+07:00,SKU-004,0,0.1304,0.1304,1.0,0.0,0,,,test
2026-09-05 04:00:00+07:00,SKU-004,1,0.1452,0.1452,1.0,0.0,1,,,test
2026-09-05 05:00:00+07:00,SKU-004,1,0.2618,0.2618,1.0,0.0,1,,,test
2026-09-05 06:00:00+07:00,SKU-004,0,0.5538,0.5538,1.0,0.0,0,,,test
2026-09-05 07:00:00+07:00,SKU-004,7,0.9052,0.9052,1.0,0.0,7,,,test
2026-09-05 08:00:00+07:00,SKU-004,0,1.2433,1.2433,1.0,0.0,0,,,test
2026-09-05 09:00:00+07:00,SKU-004,0,1.4653,1.4653,1.0,0.0,0,,,test
2026-09-05 10:00:00+07:00,SKU-004,2,1.6439,1.6439,1.0,0.0,2,,,test
2026-09-05 11:00:00+07:00,SKU-004,5,1.8231,1.8231,1.0,0.0,5,,,test
2026-09-05 12:00:00+07:00,SKU-004,4,1.9143,1.9143,1.0,0.0,4,,,test
2026-09-05 13:00:00+07:00,SKU-004,2,1.7403,1.7403,1.0,0.0,2,,,test
2026-09-05 14:00:00+07:00,SKU-004,3,1.5508,1.5508,1.0,0.0,0,,,test
2026-09-05 15:00:00+07:00,SKU-004,3,1.5086,1.5086,1.0,0.0,0,,,test
2026-09-05 16:00:00+07:00,SKU-004,2,1.6291,1.6291,1.0,0.0,0,,,test
2026-09-05 17:00:00+07:00,SKU-004,4,1.8981,1.8981,1.0,0.0,0,,,test
2026-09-05 18:00:00+07:00,SKU-004,1,2.2567,2.2567,1.0,0.0,0,,,test
2026-09-05 19:00:00+07:00,SKU-004,1,2.6457,2.6457,1.0,0.0,0,,,test
2026-09-05 20:00:00+07:00,SKU-004,4,2.7676,2.7675,1.0,0.0,0,,,test
2026-09-05 21:00:00+07:00,SKU-004,1,2.3086,2.3086,1.0,0.0,0,,,test
2026-09-05 22:00:00+07:00,SKU-004,2,1.5206,1.5206,1.0,0.0,0,EP-004-06,MISSING_SIGNAL,test
2026-09-05 23:00:00+07:00,SKU-004,0,0.7758,0.7758,1.0,0.0,0,EP-004-06,MISSING_SIGNAL,test
2026-09-06 00:00:00+07:00,SKU-004,0,0.35,0.35,1.0,0.0,0,EP-004-06,MISSING_SIGNAL,test
2026-09-06 01:00:00+07:00,SKU-004,0,0.2241,0.2241,1.0,0.0,0,EP-004-06,MISSING_SIGNAL,test
2026-09-06 02:00:00+07:00,SKU-004,0,0.1542,0.1542,1.0,0.0,0,EP-004-06,MISSING_SIGNAL,test
2026-09-06 03:00:00+07:00,SKU-004,0,0.1262,0.1262,1.0,0.0,0,EP-004-06,MISSING_SIGNAL,test
2026-09-06 04:00:00+07:00,SKU-004,0,0.1403,0.1403,1.0,0.0,0,EP-004-06,MISSING_SIGNAL,test
2026-09-06 05:00:00+07:00,SKU-004,0,0.2526,0.2526,1.0,0.0,0,EP-004-06,MISSING_SIGNAL,test
2026-09-06 06:00:00+07:00,SKU-004,0,0.5335,0.5335,1.0,0.0,0,EP-004-06,MISSING_SIGNAL,test
2026-09-06 07:00:00+07:00,SKU-004,0,0.8706,0.8706,1.0,0.0,0,EP-004-06,MISSING_SIGNAL,test
2026-09-06 08:00:00+07:00,SKU-004,3,1.1938,1.1938,1.0,0.0,0,EP-004-06,MISSING_SIGNAL,test
2026-09-06 09:00:00+07:00,SKU-004,4,1.4045,1.4045,1.0,0.0,0,EP-004-06,MISSING_SIGNAL,test
2026-09-06 10:00:00+07:00,SKU-004,1,1.573,1.573,1.0,0.0,0,EP-004-06,MISSING_SIGNAL,test
2026-09-06 11:00:00+07:00,SKU-004,2,1.7414,1.7414,1.0,0.0,0,EP-004-06,MISSING_SIGNAL,test
2026-09-06 12:00:00+07:00,SKU-004,2,1.8253,1.8253,1.0,0.0,0,EP-004-06,MISSING_SIGNAL,test
2026-09-06 13:00:00+07:00,SKU-004,0,1.6564,1.6564,1.0,0.0,0,EP-004-06,MISSING_SIGNAL,test
2026-09-06 14:00:00+07:00,SKU-004,0,1.4734,1.4734,1.0,0.0,0,EP-004-06,MISSING_SIGNAL,test
2026-09-06 15:00:00+07:00,SKU-004,2,1.4308,1.4307,1.0,0.0,0,EP-004-06,MISSING_SIGNAL,test
2026-09-06 16:00:00+07:00,SKU-004,3,1.5422,1.5422,1.0,0.0,0,EP-004-06,MISSING_SIGNAL,test
2026-09-06 17:00:00+07:00,SKU-004,3,1.7936,1.7936,1.0,0.0,0,EP-004-06,MISSING_SIGNAL,test
2026-09-06 18:00:00+07:00,SKU-004,2,2.1285,2.1285,1.0,0.0,0,EP-004-06,MISSING_SIGNAL,test
2026-09-06 19:00:00+07:00,SKU-004,0,2.4908,2.4908,1.0,0.0,0,EP-004-06,MISSING_SIGNAL,test
2026-09-06 20:00:00+07:00,SKU-004,3,2.6007,2.6007,1.0,0.0,0,EP-004-06,MISSING_SIGNAL,test
2026-09-06 21:00:00+07:00,SKU-004,1,3.1094,2.1654,1.436,0.0,0,EP-004-06,MISSING_SIGNAL,test
2026-09-06 22:00:00+07:00,SKU-004,1,2.665,1.4236,1.872,0.0,0,EP-004-06,MISSING_SIGNAL,test
2026-09-06 23:00:00+07:00,SKU-004,1,1.6734,0.725,2.308,0.0,0,EP-004-06,MISSING_SIGNAL,test
2026-09-07 00:00:00+07:00,SKU-004,0,0.8121,0.296,2.744,0.0,0,EP-004-06,MISSING_SIGNAL,test
2026-09-07 01:00:00+07:00,SKU-004,0,0.6017,0.1892,3.18,0.0,0,EP-004-06,MISSING_SIGNAL,test
2026-09-07 02:00:00+07:00,SKU-004,0,0.4698,0.1299,3.616,0.0,0,EP-004-06,MISSING_SIGNAL,test
2026-09-07 03:00:00+07:00,SKU-004,1,0.4302,0.1062,4.052,0.0,0,EP-004-06,MISSING_SIGNAL,test
2026-09-07 04:00:00+07:00,SKU-004,0,0.4699,0.1178,3.9891,0.0,0,EP-004-06,MISSING_SIGNAL,test
2026-09-07 05:00:00+07:00,SKU-004,1,0.8317,0.2118,3.9276,0.0,0,EP-004-06,MISSING_SIGNAL,test
2026-09-07 06:00:00+07:00,SKU-004,0,1.7263,0.4464,3.8674,0.0,0,EP-004-06,MISSING_SIGNAL,test
2026-09-07 07:00:00+07:00,SKU-004,5,2.7695,0.7272,3.8084,0.0,0,EP-004-06,MISSING_SIGNAL,test
2026-09-07 08:00:00+07:00,SKU-004,7,3.7334,0.9954,3.7506,0.0,0,EP-004-06,MISSING_SIGNAL,test
2026-09-07 09:00:00+07:00,SKU-004,2,4.3189,1.1692,3.694,0.0,0,EP-004-06,MISSING_SIGNAL,test
2026-09-07 10:00:00+07:00,SKU-004,4,4.7566,1.3073,3.6385,0.0,0,EP-004-06,MISSING_SIGNAL,test
2026-09-07 11:00:00+07:00,SKU-004,10,5.1788,1.4449,3.5842,0.0,9,EP-004-06,MISSING_SIGNAL,test
2026-09-07 12:00:00+07:00,SKU-004,12,5.3394,1.5121,3.5311,0.0,12,EP-004-06,MISSING_SIGNAL,test
2026-09-07 13:00:00+07:00,SKU-004,2,4.7664,1.3701,3.479,0.0,2,EP-004-06,MISSING_SIGNAL,test
2026-09-07 14:00:00+07:00,SKU-004,6,4.1713,1.2169,3.428,0.0,6,EP-004-06,MISSING_SIGNAL,test
2026-09-07 15:00:00+07:00,SKU-004,3,3.9855,1.1799,3.378,0.0,3,EP-004-06,MISSING_SIGNAL,test
2026-09-07 16:00:00+07:00,SKU-004,10,4.2277,1.2699,3.3291,0.0,10,EP-004-06,MISSING_SIGNAL,test
2026-09-07 17:00:00+07:00,SKU-004,2,4.8392,1.4749,3.2811,0.0,2,EP-004-06,MISSING_SIGNAL,test
2026-09-07 18:00:00+07:00,SKU-004,13,5.653,1.7479,3.2342,0.0,13,EP-004-06,MISSING_SIGNAL,test
2026-09-07 19:00:00+07:00,SKU-004,2,6.5127,2.0427,3.1882,0.0,2,EP-004-06,MISSING_SIGNAL,test
2026-09-07 20:00:00+07:00,SKU-004,1,6.6955,2.1302,3.1432,0.0,1,EP-004-06,MISSING_SIGNAL,test
2026-09-07 21:00:00+07:00,SKU-004,6,5.4899,1.7715,3.0991,0.0,6,EP-004-06,MISSING_SIGNAL,test
2026-09-07 22:00:00+07:00,SKU-004,2,3.5549,1.1633,3.0559,0.0,2,EP-004-06,MISSING_SIGNAL,test
2026-09-07 23:00:00+07:00,SKU-004,0,1.7834,0.5918,3.0136,0.0,0,EP-004-06,MISSING_SIGNAL,test
2026-09-08 00:00:00+07:00,SKU-004,0,0.7942,0.2672,2.9721,0.0,0,EP-004-06,MISSING_SIGNAL,test
2026-09-08 01:00:00+07:00,SKU-004,0,0.5003,0.1707,2.9315,0.0,0,EP-004-06,MISSING_SIGNAL,test
2026-09-08 02:00:00+07:00,SKU-004,0,0.3386,0.1171,2.8918,0.0,0,EP-004-06,MISSING_SIGNAL,test
2026-09-08 03:00:00+07:00,SKU-004,0,0.2727,0.0956,2.8529,0.0,0,EP-004-06,MISSING_SIGNAL,test
2026-09-08 04:00:00+07:00,SKU-004,0,0.2983,0.106,2.8147,0.0,0,EP-004-06,MISSING_SIGNAL,test
2026-09-08 05:00:00+07:00,SKU-004,0,0.5287,0.1903,2.7774,0.0,0,EP-004-06,MISSING_SIGNAL,test
2026-09-08 06:00:00+07:00,SKU-004,0,1.099,0.401,2.7408,0.0,0,EP-004-06,MISSING_SIGNAL,test
2026-09-08 07:00:00+07:00,SKU-004,2,1.7659,0.6528,2.705,0.0,2,EP-004-06,MISSING_SIGNAL,test
2026-09-08 08:00:00+07:00,SKU-004,2,2.3845,0.8931,2.6699,0.0,2,EP-004-06,MISSING_SIGNAL,test
2026-09-08 09:00:00+07:00,SKU-004,1,2.7633,1.0485,2.6355,0.0,1,EP-004-06,MISSING_SIGNAL,test
2026-09-08 10:00:00+07:00,SKU-004,5,3.049,1.1719,2.6019,0.0,5,EP-004-06,MISSING_SIGNAL,test
2026-09-08 11:00:00+07:00,SKU-004,1,3.326,1.2947,2.5689,0.0,1,EP-004-06,MISSING_SIGNAL,test
2026-09-08 12:00:00+07:00,SKU-004,0,3.4361,1.3546,2.5366,0.0,0,EP-004-06,MISSING_SIGNAL,test
2026-09-08 13:00:00+07:00,SKU-004,7,3.0738,1.2271,2.505,0.0,7,EP-004-06,MISSING_SIGNAL,test
2026-09-08 14:00:00+07:00,SKU-004,1,2.696,1.0897,2.474,0.0,0,EP-004-06,MISSING_SIGNAL,test
2026-09-08 15:00:00+07:00,SKU-004,4,2.5817,1.0565,2.4437,0.0,0,EP-004-06,MISSING_SIGNAL,test
2026-09-08 16:00:00+07:00,SKU-004,2,2.7451,1.1372,2.414,0.0,0,EP-004-06,MISSING_SIGNAL,test
2026-09-08 17:00:00+07:00,SKU-004,3,3.1498,1.3208,2.3849,0.0,0,EP-004-06,MISSING_SIGNAL,test
2026-09-08 18:00:00+07:00,SKU-004,2,3.6889,1.5655,2.3564,0.0,0,EP-004-06,MISSING_SIGNAL,test
2026-09-08 19:00:00+07:00,SKU-004,2,4.2611,1.83,2.3285,0.0,0,EP-004-06,MISSING_SIGNAL,test
2026-09-08 20:00:00+07:00,SKU-004,1,4.3926,1.9089,2.3011,0.0,0,EP-004-06,MISSING_SIGNAL,test
2026-09-08 21:00:00+07:00,SKU-004,0,3.6118,1.5881,2.2744,0.0,0,EP-004-06,MISSING_SIGNAL,test
2026-09-08 22:00:00+07:00,SKU-004,3,2.3455,1.0433,2.2481,0.0,0,EP-004-06,MISSING_SIGNAL,test
2026-09-08 23:00:00+07:00,SKU-004,0,1.1802,0.531,2.2224,0.0,0,EP-004-06,MISSING_SIGNAL,test
2026-09-09 00:00:00+07:00,SKU-004,0,0.5485,0.2496,2.1973,0.0,0,EP-004-06,MISSING_SIGNAL,test
2026-09-09 01:00:00+07:00,SKU-004,0,0.3466,0.1595,2.1726,0.0,0,EP-004-06,MISSING_SIGNAL,test
2026-09-09 02:00:00+07:00,SKU-004,0,0.2353,0.1095,2.1485,0.0,0,EP-004-06,MISSING_SIGNAL,test
2026-09-09 03:00:00+07:00,SKU-004,0,0.1901,0.0895,2.1249,0.0,0,EP-004-06,MISSING_SIGNAL,test
2026-09-09 04:00:00+07:00,SKU-004,0,0.2087,0.0993,2.1017,0.0,0,EP-004-06,MISSING_SIGNAL,test
2026-09-09 05:00:00+07:00,SKU-004,0,0.3712,0.1785,2.0791,0.0,0,EP-004-06,MISSING_SIGNAL,test
2026-09-09 06:00:00+07:00,SKU-004,0,0.7743,0.3765,2.0569,0.0,0,EP-004-06,MISSING_SIGNAL,test
2026-09-09 07:00:00+07:00,SKU-004,1,1.2487,0.6136,2.0351,0.0,0,EP-004-06,MISSING_SIGNAL,test
2026-09-09 08:00:00+07:00,SKU-004,0,1.6924,0.8404,2.0138,0.0,0,EP-004-06,MISSING_SIGNAL,test
2026-09-09 09:00:00+07:00,SKU-004,1,1.9686,0.9878,1.9929,0.0,0,EP-004-06,MISSING_SIGNAL,test
2026-09-09 10:00:00+07:00,SKU-004,3,2.1805,1.1054,1.9725,0.0,0,EP-004-06,MISSING_SIGNAL,test
2026-09-09 11:00:00+07:00,SKU-004,5,2.3879,1.223,1.9525,0.0,0,EP-004-06,MISSING_SIGNAL,test
2026-09-09 12:00:00+07:00,SKU-004,1,2.4767,1.2813,1.9329,0.0,0,EP-004-06,MISSING_SIGNAL,test
2026-09-09 13:00:00+07:00,SKU-004,3,2.2245,1.1624,1.9137,0.0,0,EP-004-06,MISSING_SIGNAL,test
2026-09-09 14:00:00+07:00,SKU-004,5,1.959,1.0338,1.8949,0.0,0,EP-004-06,MISSING_SIGNAL,test
2026-09-09 15:00:00+07:00,SKU-004,3,1.8838,1.0039,1.8765,0.0,0,EP-004-06,MISSING_SIGNAL,test
2026-09-09 16:00:00+07:00,SKU-004,2,2.0114,1.0823,1.8584,0.0,0,EP-004-06,MISSING_SIGNAL,test
2026-09-09 17:00:00+07:00,SKU-004,2,2.3178,1.2592,1.8408,0.0,0,EP-004-06,MISSING_SIGNAL,test
2026-09-09 18:00:00+07:00,SKU-004,2,2.7262,1.4951,1.8235,0.0,0,EP-004-06,MISSING_SIGNAL,test
2026-09-09 19:00:00+07:00,SKU-004,3,3.1628,1.7507,1.8065,0.0,0,EP-004-06,MISSING_SIGNAL,test
2026-09-09 20:00:00+07:00,SKU-004,5,3.2747,1.8295,1.7899,0.0,0,EP-004-06,MISSING_SIGNAL,test
2026-09-09 21:00:00+07:00,SKU-004,1,2.7045,1.5248,1.7737,0.0,0,EP-004-06,MISSING_SIGNAL,test
2026-09-09 22:00:00+07:00,SKU-004,1,1.7642,1.0037,1.7577,0.0,0,EP-004-06,MISSING_SIGNAL,test
2026-09-09 23:00:00+07:00,SKU-004,0,0.8917,0.5118,1.7422,0.0,0,EP-004-06,MISSING_SIGNAL,test
2026-09-10 00:00:00+07:00,SKU-004,0,0.4432,0.2567,1.7269,0.0,0,EP-004-06,MISSING_SIGNAL,test
2026-09-10 01:00:00+07:00,SKU-004,0,0.2813,0.1643,1.7119,0.0,0,EP-004-06,MISSING_SIGNAL,test
2026-09-10 02:00:00+07:00,SKU-004,0,0.1919,0.113,1.6973,0.0,0,EP-004-06,MISSING_SIGNAL,test
2026-09-10 03:00:00+07:00,SKU-004,0,0.1558,0.0926,1.6829,0.0,0,EP-004-06,MISSING_SIGNAL,test
2026-09-10 04:00:00+07:00,SKU-004,0,0.1718,0.1029,1.6689,0.0,0,EP-004-06,MISSING_SIGNAL,test
2026-09-10 05:00:00+07:00,SKU-004,0,0.3069,0.1854,1.6551,0.0,0,EP-004-06,MISSING_SIGNAL,test
2026-09-10 06:00:00+07:00,SKU-004,0,0.6432,0.3918,1.6416,0.0,0,EP-004-06,MISSING_SIGNAL,test
2026-09-10 07:00:00+07:00,SKU-004,0,1.042,0.6399,1.6284,0.0,0,EP-004-06,MISSING_SIGNAL,test
2026-09-10 08:00:00+07:00,SKU-004,0,1.4187,0.8782,1.6155,0.0,0,EP-004-06,MISSING_SIGNAL,test
2026-09-10 09:00:00+07:00,SKU-004,3,1.6579,1.0344,1.6028,0.0,0,EP-004-06,MISSING_SIGNAL,test
2026-09-10 10:00:00+07:00,SKU-004,1,1.8448,1.1599,1.5904,0.0,0,EP-004-06,MISSING_SIGNAL,test
2026-09-10 11:00:00+07:00,SKU-004,4,2.0295,1.2859,1.5783,0.0,0,EP-004-06,MISSING_SIGNAL,test
2026-09-10 12:00:00+07:00,SKU-004,1,2.1146,1.35,1.5664,0.0,0,EP-004-06,MISSING_SIGNAL,test
2026-09-10 13:00:00+07:00,SKU-004,1,1.9079,1.2272,1.5547,0.0,0,EP-004-06,MISSING_SIGNAL,test
2026-09-10 14:00:00+07:00,SKU-004,2,1.6878,1.0936,1.5433,0.0,0,EP-004-06,MISSING_SIGNAL,test
2026-09-10 15:00:00+07:00,SKU-004,1,1.6303,1.0641,1.5321,0.0,0,EP-004-06,MISSING_SIGNAL,test
2026-09-10 16:00:00+07:00,SKU-004,3,1.7485,1.1495,1.5212,0.0,0,EP-004-06,MISSING_SIGNAL,test
2026-09-10 17:00:00+07:00,SKU-004,3,2.0238,1.3399,1.5104,0.0,0,EP-004-06,MISSING_SIGNAL,test
2026-09-10 18:00:00+07:00,SKU-004,1,2.3908,1.5939,1.4999,0.0,0,EP-004-06,MISSING_SIGNAL,test
2026-09-10 19:00:00+07:00,SKU-004,6,2.7857,1.87,1.4896,0.0,0,EP-004-06,MISSING_SIGNAL,test
2026-09-10 20:00:00+07:00,SKU-004,1,2.8966,1.9578,1.4796,0.0,1,EP-004-06,MISSING_SIGNAL,test
2026-09-10 21:00:00+07:00,SKU-004,2,2.4024,1.6346,1.4697,0.0,2,EP-004-06,MISSING_SIGNAL,test
2026-09-10 22:00:00+07:00,SKU-004,3,1.5737,1.0778,1.46,0.0,3,EP-004-06,MISSING_SIGNAL,test
2026-09-10 23:00:00+07:00,SKU-004,0,0.7987,0.5506,1.4506,0.0,0,EP-004-06,MISSING_SIGNAL,test
2026-09-11 00:00:00+07:00,SKU-004,0,0.4291,0.2978,1.4413,0.0,0,EP-004-06,MISSING_SIGNAL,test
2026-09-11 01:00:00+07:00,SKU-004,0,0.2735,0.191,1.4322,0.0,0,EP-004-06,MISSING_SIGNAL,test
2026-09-11 02:00:00+07:00,SKU-004,0,0.1873,0.1316,1.4233,0.0,0,EP-004-06,MISSING_SIGNAL,test
2026-09-11 03:00:00+07:00,SKU-004,0,0.1526,0.1079,1.4146,0.0,0,EP-004-06,MISSING_SIGNAL,test
2026-09-11 04:00:00+07:00,SKU-004,1,0.1689,0.1201,1.4061,0.0,1,EP-004-06,MISSING_SIGNAL,test
2026-09-11 05:00:00+07:00,SKU-004,0,0.3029,0.2167,1.3977,0.0,0,EP-004-06,MISSING_SIGNAL,test
2026-09-11 06:00:00+07:00,SKU-004,0,0.6372,0.4586,1.3895,0.0,0,EP-004-07,SLOW_BURN,test
2026-09-11 07:00:00+07:00,SKU-004,2,1.0361,0.7499,1.3815,0.0833,2,EP-004-07,SLOW_BURN,test
2026-09-11 08:00:00+07:00,SKU-004,1,1.4156,1.0305,1.3737,0.1667,1,EP-004-07,SLOW_BURN,test
2026-09-11 09:00:00+07:00,SKU-004,1,1.6599,1.2152,1.366,0.25,1,EP-004-07,SLOW_BURN,test
2026-09-11 10:00:00+07:00,SKU-004,3,1.8532,1.3642,1.3584,0.3333,3,EP-004-07,SLOW_BURN,test
2026-09-11 11:00:00+07:00,SKU-004,2,2.0454,1.5139,1.3511,0.4167,2,EP-004-07,SLOW_BURN,test
2026-09-11 12:00:00+07:00,SKU-004,5,2.1379,1.5909,1.3438,0.5,5,EP-004-07,SLOW_BURN,test
2026-09-11 13:00:00+07:00,SKU-004,1,1.9349,1.4474,1.3368,0.5833,1,EP-004-07,SLOW_BURN,test
2026-09-11 14:00:00+07:00,SKU-004,0,1.7168,1.291,1.3298,0.6667,0,EP-004-07,SLOW_BURN,test
2026-09-11 15:00:00+07:00,SKU-004,4,1.6631,1.257,1.323,0.75,0,EP-004-07,SLOW_BURN,test
2026-09-11 16:00:00+07:00,SKU-004,4,1.7887,1.3588,1.3164,0.8333,0,EP-004-07,SLOW_BURN,test
2026-09-11 17:00:00+07:00,SKU-004,0,2.0759,1.5848,1.3099,0.9167,0,EP-004-07,SLOW_BURN,test
2026-09-11 18:00:00+07:00,SKU-004,0,2.4588,1.8863,1.3035,1.0,0,EP-004-07,SLOW_BURN,test
2026-09-11 19:00:00+07:00,SKU-004,1,2.8721,2.214,1.2973,0.992,0,EP-004-07,SLOW_BURN,test
2026-09-11 20:00:00+07:00,SKU-004,5,2.9938,2.3187,1.2911,0.984,0,EP-004-07,SLOW_BURN,test
2026-09-11 21:00:00+07:00,SKU-004,2,2.4889,1.9366,1.2852,0.9761,0,EP-004-07,SLOW_BURN,test
2026-09-11 22:00:00+07:00,SKU-004,3,1.634,1.2773,1.2793,0.9683,0,EP-004-07,SLOW_BURN,test
2026-09-11 23:00:00+07:00,SKU-004,1,0.8311,0.6526,1.2735,0.9605,0,EP-004-07,SLOW_BURN,test
2026-09-12 00:00:00+07:00,SKU-004,0,0.4639,0.3659,1.2679,0.9528,0,EP-004-07,SLOW_BURN,test
2026-09-12 01:00:00+07:00,SKU-004,0,0.2962,0.2347,1.2624,0.9451,0,EP-004-07,SLOW_BURN,test
2026-09-12 02:00:00+07:00,SKU-004,0,0.2032,0.1617,1.257,0.9375,0,EP-004-07,SLOW_BURN,test
2026-09-12 03:00:00+07:00,SKU-004,0,0.1659,0.1325,1.2517,0.93,0,EP-004-07,SLOW_BURN,test
2026-09-12 04:00:00+07:00,SKU-004,1,0.1839,0.1476,1.2465,0.9225,0,EP-004-07,SLOW_BURN,test
2026-09-12 05:00:00+07:00,SKU-004,0,0.3304,0.2661,1.2415,0.9151,0,EP-004-07,SLOW_BURN,test
2026-09-12 06:00:00+07:00,SKU-004,1,0.696,0.5629,1.2365,0.9078,0,EP-004-07,SLOW_BURN,test
2026-09-12 07:00:00+07:00,SKU-004,0,1.1333,0.9201,1.2316,0.9005,0,EP-004-07,SLOW_BURN,test
2026-09-12 08:00:00+07:00,SKU-004,0,1.5505,1.2638,1.2269,0.8932,0,EP-004-07,SLOW_BURN,test
2026-09-12 09:00:00+07:00,SKU-004,2,1.8203,1.4894,1.2222,0.8861,0,EP-004-07,SLOW_BURN,test
2026-09-12 10:00:00+07:00,SKU-004,0,2.0346,1.671,1.2176,0.879,0,EP-004-07,SLOW_BURN,test
2026-09-12 11:00:00+07:00,SKU-004,4,2.248,1.8531,1.2131,0.8719,0,EP-004-07,SLOW_BURN,test
2026-09-12 12:00:00+07:00,SKU-004,0,2.352,1.9458,1.2087,0.8649,0,EP-004-07,SLOW_BURN,test
2026-09-12 13:00:00+07:00,SKU-004,1,2.1306,1.7689,1.2045,0.8579,0,EP-004-07,SLOW_BURN,test
2026-09-12 14:00:00+07:00,SKU-004,0,1.892,1.5763,1.2002,0.8511,0,EP-004-07,SLOW_BURN,test
2026-09-12 15:00:00+07:00,SKU-004,2,1.8342,1.5335,1.1961,0.8442,0,EP-004-07,SLOW_BURN,test
2026-09-12 16:00:00+07:00,SKU-004,4,1.974,1.6559,1.1921,0.8374,0,EP-004-07,SLOW_BURN,test
2026-09-12 17:00:00+07:00,SKU-004,3,2.2952,1.9293,1.1896,0.8307,0,EP-004-07,SLOW_BURN,test
2026-09-12 18:00:00+07:00,SKU-004,6,2.8737,2.2938,1.2528,0.824,0,EP-004-07,SLOW_BURN,test
2026-09-12 19:00:00+07:00,SKU-004,3,3.5391,2.6892,1.316,0.8174,0,EP-004-07,SLOW_BURN,test
2026-09-12 20:00:00+07:00,SKU-004,1,3.8798,2.8131,1.3792,0.8109,0,EP-004-07,SLOW_BURN,test
2026-09-12 21:00:00+07:00,SKU-004,0,3.3847,2.3465,1.4424,0.8043,0,EP-004-07,SLOW_BURN,test
2026-09-12 22:00:00+07:00,SKU-004,0,2.327,1.5456,1.5056,0.7979,0,EP-004-07,SLOW_BURN,test
2026-09-12 23:00:00+07:00,SKU-004,1,1.2372,0.7886,1.5688,0.7915,0,EP-004-07,SLOW_BURN,test
2026-09-13 00:00:00+07:00,SKU-004,0,0.5805,0.3557,1.632,0.7851,0,EP-004-07,SLOW_BURN,test
2026-09-13 01:00:00+07:00,SKU-004,0,0.3862,0.2278,1.6952,0.7788,0,EP-004-07,SLOW_BURN,test
2026-09-13 02:00:00+07:00,SKU-004,0,0.2756,0.1567,1.7584,0.7726,0,EP-004-07,SLOW_BURN,test
2026-09-13 03:00:00+07:00,SKU-004,0,0.2248,0.1283,1.7523,0.7664,0,EP-004-07,SLOW_BURN,test
2026-09-13 04:00:00+07:00,SKU-004,0,0.249,0.1426,1.7463,0.7602,0,EP-004-07,SLOW_BURN,test
2026-09-13 05:00:00+07:00,SKU-004,0,0.4469,0.2568,1.7403,0.7541,0,EP-004-07,SLOW_BURN,test
2026-09-13 06:00:00+07:00,SKU-004,0,0.9405,0.5423,1.7343,0.748,0,EP-004-07,SLOW_BURN,test
2026-09-13 07:00:00+07:00,SKU-004,6,1.5296,0.8849,1.7284,0.742,0,EP-004-07,SLOW_BURN,test
2026-09-13 08:00:00+07:00,SKU-004,8,2.0902,1.2134,1.7226,0.7361,0,EP-004-07,SLOW_BURN,test
2026-09-13 09:00:00+07:00,SKU-004,3,2.4509,1.4276,1.7168,0.7302,0,EP-004-07,SLOW_BURN,test
2026-09-13 10:00:00+07:00,SKU-004,0,2.7357,1.5989,1.711,0.7243,0,EP-004-07,SLOW_BURN,test
2026-09-13 11:00:00+07:00,SKU-004,1,3.0184,1.77,1.7053,0.7185,0,EP-004-07,SLOW_BURN,test
2026-09-13 12:00:00+07:00,SKU-004,0,3.1534,1.8553,1.6997,0.7127,0,EP-004-07,SLOW_BURN,test
2026-09-13 13:00:00+07:00,SKU-004,3,2.8521,1.6836,1.694,0.707,0,EP-004-07,SLOW_BURN,test
2026-09-13 14:00:00+07:00,SKU-004,1,2.5287,1.4976,1.6885,0.7013,0,EP-004-07,SLOW_BURN,test
2026-09-13 15:00:00+07:00,SKU-004,3,2.4474,1.4542,1.6829,0.6957,0,EP-004-07,SLOW_BURN,test
2026-09-13 16:00:00+07:00,SKU-004,1,2.6295,1.5675,1.6775,0.6901,0,EP-004-07,SLOW_BURN,test
2026-09-13 17:00:00+07:00,SKU-004,3,3.0481,1.823,1.672,0.6845,0,EP-004-07,SLOW_BURN,test
2026-09-13 18:00:00+07:00,SKU-004,2,3.6056,2.1634,1.6666,0.679,2,EP-004-07,SLOW_BURN,test
2026-09-13 19:00:00+07:00,SKU-004,0,4.2057,2.5317,1.6613,0.6736,0,EP-004-07,SLOW_BURN,test
2026-09-13 20:00:00+07:00,SKU-004,2,4.3773,2.6434,1.6559,0.6682,2,EP-004-07,SLOW_BURN,test
2026-09-13 21:00:00+07:00,SKU-004,7,3.633,2.2009,1.6507,0.6628,7,EP-004-07,SLOW_BURN,test
2026-09-13 22:00:00+07:00,SKU-004,3,2.3809,1.447,1.6455,0.6575,3,EP-004-07,SLOW_BURN,test
2026-09-13 23:00:00+07:00,SKU-004,0,1.2088,0.7369,1.6403,0.6522,0,EP-004-07,SLOW_BURN,test
2026-09-14 00:00:00+07:00,SKU-004,1,0.4919,0.3008,1.6351,0.647,1,EP-004-07,SLOW_BURN,test
2026-09-14 01:00:00+07:00,SKU-004,0,0.3135,0.1923,1.63,0.6418,0,EP-004-07,SLOW_BURN,test
2026-09-14 02:00:00+07:00,SKU-004,0,0.2146,0.1321,1.625,0.6366,0,EP-004-07,SLOW_BURN,test
2026-09-14 03:00:00+07:00,SKU-004,0,0.1748,0.1079,1.6199,0.6315,0,EP-004-07,SLOW_BURN,test
2026-09-14 04:00:00+07:00,SKU-004,0,0.1934,0.1197,1.615,0.6264,0,EP-004-07,SLOW_BURN,test
2026-09-14 05:00:00+07:00,SKU-004,0,0.3465,0.2152,1.61,0.6214,0,EP-004-07,SLOW_BURN,test
2026-09-14 06:00:00+07:00,SKU-004,1,0.7282,0.4537,1.6051,0.6164,1,EP-004-07,SLOW_BURN,test
2026-09-14 07:00:00+07:00,SKU-004,0,1.1828,0.7391,1.6003,0.6115,0,EP-004-07,SLOW_BURN,test
2026-09-14 08:00:00+07:00,SKU-004,1,1.6142,1.0117,1.5954,0.6065,1,EP-004-07,SLOW_BURN,test
2026-09-14 09:00:00+07:00,SKU-004,0,1.8903,1.1883,1.5907,0.6017,0,EP-004-07,SLOW_BURN,test
2026-09-14 10:00:00+07:00,SKU-004,1,2.1072,1.3287,1.5859,0.5968,1,EP-004-07,SLOW_BURN,test
2026-09-14 11:00:00+07:00,SKU-004,0,2.3221,1.4686,1.5812,0.592,0,EP-004-07,SLOW_BURN,test
2026-09-14 12:00:00+07:00,SKU-004,3,2.423,1.5369,1.5765,0.5873,3,EP-004-07,SLOW_BURN,test
2026-09-14 13:00:00+07:00,SKU-004,3,2.1889,1.3925,1.5719,0.5826,3,EP-004-07,SLOW_BURN,test
2026-09-14 14:00:00+07:00,SKU-004,5,1.9385,1.2368,1.5673,0.5779,0,EP-004-07,SLOW_BURN,test
2026-09-14 15:00:00+07:00,SKU-004,0,1.874,1.1992,1.5628,0.5733,0,EP-004-07,SLOW_BURN,test
2026-09-14 16:00:00+07:00,SKU-004,1,2.0113,1.2907,1.5582,0.5687,0,EP-004-07,SLOW_BURN,test
2026-09-14 17:00:00+07:00,SKU-004,1,2.3291,1.499,1.5538,0.5641,0,EP-004-07,SLOW_BURN,test
2026-09-14 18:00:00+07:00,SKU-004,1,2.7524,1.7765,1.5493,0.5596,0,EP-004-07,SLOW_BURN,test
2026-09-14 19:00:00+07:00,SKU-004,6,3.2075,2.0762,1.5449,0.5551,0,EP-004-07,SLOW_BURN,test
2026-09-14 20:00:00+07:00,SKU-004,3,3.3353,2.1651,1.5405,0.5506,0,EP-004-07,SLOW_BURN,test
2026-09-14 21:00:00+07:00,SKU-004,2,2.7659,1.8005,1.5362,0.5462,0,EP-004-07,SLOW_BURN,test
2026-09-14 22:00:00+07:00,SKU-004,4,1.8112,1.1824,1.5319,0.5418,0,EP-004-07,SLOW_BURN,test
2026-09-14 23:00:00+07:00,SKU-004,2,0.9188,0.6015,1.5276,0.5374,0,EP-004-07,SLOW_BURN,test
2026-09-15 00:00:00+07:00,SKU-004,2,0.4137,0.2716,1.5234,0.5331,0,EP-004-07,SLOW_BURN,test
2026-09-15 01:00:00+07:00,SKU-004,0,0.2635,0.1734,1.5192,0.5288,0,EP-004-07,SLOW_BURN,test
2026-09-15 02:00:00+07:00,SKU-004,0,0.1803,0.119,1.515,0.5246,0,EP-004-07,SLOW_BURN,test
2026-09-15 03:00:00+07:00,SKU-004,0,0.1468,0.0971,1.5109,0.5204,0,EP-004-07,SLOW_BURN,test
2026-09-15 04:00:00+07:00,SKU-004,0,0.1623,0.1077,1.5068,0.5162,0,EP-004-07,SLOW_BURN,test
2026-09-15 05:00:00+07:00,SKU-004,0,0.2907,0.1935,1.5027,0.5121,0,EP-004-07,SLOW_BURN,test
2026-09-15 06:00:00+07:00,SKU-004,0,0.6108,0.4075,1.4986,0.5079,0,EP-004-07,SLOW_BURN,test
2026-09-15 07:00:00+07:00,SKU-004,2,0.9917,0.6635,1.4946,0.5039,0,EP-004-07,SLOW_BURN,test
2026-09-15 08:00:00+07:00,SKU-004,3,1.3531,0.9077,1.4907,0.4998,0,EP-004-07,SLOW_BURN,test
2026-09-15 09:00:00+07:00,SKU-004,3,1.5843,1.0656,1.4867,0.4958,0,EP-004-07,SLOW_BURN,test
2026-09-15 10:00:00+07:00,SKU-004,0,1.7661,1.191,1.4828,0.4918,0,EP-004-07,SLOW_BURN,test
2026-09-15 11:00:00+07:00,SKU-004,0,1.9461,1.3159,1.4789,0.4879,0,EP-004-07,SLOW_BURN,test
2026-09-15 12:00:00+07:00,SKU-004,3,2.0308,1.3767,1.4751,0.484,0,EP-004-07,SLOW_BURN,test
2026-09-15 13:00:00+07:00,SKU-004,0,1.8349,1.2471,1.4713,0.4801,0,EP-004-07,SLOW_BURN,test
2026-09-15 14:00:00+07:00,SKU-004,0,1.6253,1.1075,1.4675,0.4762,0,EP-004-07,SLOW_BURN,test
2026-09-15 15:00:00+07:00,SKU-004,1,1.5717,1.0738,1.4637,0.4724,0,EP-004-07,SLOW_BURN,test
2026-09-15 16:00:00+07:00,SKU-004,6,1.6874,1.1558,1.46,0.4686,0,EP-004-07,SLOW_BURN,test
2026-09-15 17:00:00+07:00,SKU-004,0,1.9549,1.3423,1.4563,0.4648,0,EP-004-07,SLOW_BURN,test
2026-09-15 18:00:00+07:00,SKU-004,5,2.3113,1.5911,1.4527,0.4611,0,EP-004-07,SLOW_BURN,test
2026-09-15 19:00:00+07:00,SKU-004,6,2.695,1.8599,1.449,0.4574,0,EP-004-07,SLOW_BURN,test
2026-09-15 20:00:00+07:00,SKU-004,2,2.8042,1.9401,1.4454,0.4537,0,EP-004-07,SLOW_BURN,test
2026-09-15 21:00:00+07:00,SKU-004,1,2.3271,1.614,1.4418,0.4501,0,EP-004-07,SLOW_BURN,test
2026-09-15 22:00:00+07:00,SKU-004,0,1.5251,1.0604,1.4383,0.4465,0,EP-004-07,SLOW_BURN,test
2026-09-15 23:00:00+07:00,SKU-004,1,0.7744,0.5397,1.4348,0.4429,0,EP-004-07,SLOW_BURN,test
2026-09-16 00:00:00+07:00,SKU-004,1,0.3631,0.2537,1.4313,0.4393,0,EP-004-07,SLOW_BURN,test
2026-09-16 01:00:00+07:00,SKU-004,0,0.2315,0.1621,1.4278,0.4358,0,EP-004-07,SLOW_BURN,test
2026-09-16 02:00:00+07:00,SKU-004,0,0.1585,0.1113,1.4244,0.4323,0,EP-004-07,SLOW_BURN,test
2026-09-16 03:00:00+07:00,SKU-004,0,0.1292,0.0909,1.421,0.4288,0,EP-004-07,SLOW_BURN,test
2026-09-16 04:00:00+07:00,SKU-004,0,0.1431,0.1009,1.4176,0.4254,0,EP-004-07,SLOW_BURN,test
2026-09-16 05:00:00+07:00,SKU-004,0,0.2566,0.1814,1.4142,0.422,0,EP-004-07,SLOW_BURN,test
2026-09-16 06:00:00+07:00,SKU-004,1,0.5398,0.3826,1.4109,0.4186,0,EP-004-07,SLOW_BURN,test
2026-09-16 07:00:00+07:00,SKU-004,1,0.8778,0.6236,1.4076,0.4152,0,EP-004-07,SLOW_BURN,test
2026-09-16 08:00:00+07:00,SKU-004,1,1.1994,0.8541,1.4043,0.4119,0,EP-004-07,SLOW_BURN,test
2026-09-16 09:00:00+07:00,SKU-004,0,1.4066,1.0039,1.4011,0.4086,0,EP-004-07,SLOW_BURN,test
2026-09-16 10:00:00+07:00,SKU-004,2,1.5705,1.1235,1.3979,0.4053,0,EP-004-07,SLOW_BURN,test
2026-09-16 11:00:00+07:00,SKU-004,1,1.7335,1.2429,1.3947,0.402,0,EP-004-07,SLOW_BURN,test
2026-09-16 12:00:00+07:00,SKU-004,2,1.8121,1.3022,1.3915,0.3988,0,EP-004-07,SLOW_BURN,test
2026-09-16 13:00:00+07:00,SKU-004,0,1.6401,1.1814,1.3884,0.3956,0,EP-004-07,SLOW_BURN,test
2026-09-16 14:00:00+07:00,SKU-004,1,1.4555,1.0507,1.3852,0.3924,0,EP-004-07,SLOW_BURN,test
2026-09-16 15:00:00+07:00,SKU-004,2,1.4102,1.0203,1.3821,0.3893,0,EP-004-07,SLOW_BURN,test
2026-09-16 16:00:00+07:00,SKU-004,0,1.5169,1.1,1.3791,0.3861,0,EP-004-07,SLOW_BURN,test
2026-09-16 17:00:00+07:00,SKU-004,0,1.7609,1.2797,1.376,0.383,0,EP-004-07,SLOW_BURN,test
2026-09-16 18:00:00+07:00,SKU-004,2,2.0862,1.5194,1.373,0.38,0,EP-004-07,SLOW_BURN,test
2026-09-16 19:00:00+07:00,SKU-004,1,2.4376,1.7793,1.37,0.3769,0,EP-004-07,SLOW_BURN,test
2026-09-16 20:00:00+07:00,SKU-004,2,2.5418,1.8593,1.367,0.3739,0,EP-004-07,SLOW_BURN,test
2026-09-16 21:00:00+07:00,SKU-004,3,2.1139,1.5497,1.3641,0.3709,0,EP-004-07,SLOW_BURN,test
2026-09-16 22:00:00+07:00,SKU-004,3,1.3884,1.02,1.3612,0.3679,0,EP-004-07,SLOW_BURN,test
2026-09-16 23:00:00+07:00,SKU-004,0,0.7065,0.5202,1.3583,0.3649,0,EP-004-07,SLOW_BURN,test
2026-09-17 00:00:00+07:00,SKU-004,1,0.3535,0.2608,1.3554,0.362,0,EP-004-07,SLOW_BURN,test
2026-09-17 01:00:00+07:00,SKU-004,0,0.2259,0.167,1.3525,0.3591,0,EP-004-07,SLOW_BURN,test
2026-09-17 02:00:00+07:00,SKU-004,1,0.1551,0.1149,1.3497,0.3562,0,EP-004-07,SLOW_BURN,test
2026-09-17 03:00:00+07:00,SKU-004,1,0.1267,0.0941,1.3469,0.3534,0,EP-004-07,SLOW_BURN,test
2026-09-17 04:00:00+07:00,SKU-004,0,0.1406,0.1046,1.3441,0.3505,0,EP-004-07,SLOW_BURN,test
2026-09-17 05:00:00+07:00,SKU-004,1,0.2527,0.1884,1.3413,0.3477,0,EP-004-07,SLOW_BURN,test
2026-09-17 06:00:00+07:00,SKU-004,0,0.533,0.3982,1.3386,0.3449,0,EP-004-07,SLOW_BURN,test
2026-09-17 07:00:00+07:00,SKU-004,0,0.8687,0.6503,1.3359,0.3421,0,EP-004-07,SLOW_BURN,test
2026-09-17 08:00:00+07:00,SKU-004,3,1.1898,0.8925,1.3332,0.3394,0,EP-004-07,SLOW_BURN,test
2026-09-17 09:00:00+07:00,SKU-004,2,1.3986,1.0512,1.3305,0.3367,0,EP-004-07,SLOW_BURN,test
2026-09-17 10:00:00+07:00,SKU-004,1,1.5653,1.1788,1.3279,0.334,0,EP-004-07,SLOW_BURN,test
2026-09-17 11:00:00+07:00,SKU-004,1,1.7318,1.3068,1.3252,0.3313,1,EP-004-07,SLOW_BURN,test
2026-09-17 12:00:00+07:00,SKU-004,0,1.8146,1.372,1.3226,0.3286,0,EP-004-07,SLOW_BURN,test
2026-09-17 13:00:00+07:00,SKU-004,7,1.6462,1.2471,1.32,0.326,7,EP-004-07,SLOW_BURN,test
2026-06-19 14:00:00+07:00,SKU-005,0,2.6565,2.6565,1.0,0.0,0,,,train
2026-06-19 15:00:00+07:00,SKU-005,4,2.5867,2.5867,1.0,0.0,0,,,train
2026-06-19 16:00:00+07:00,SKU-005,2,2.7961,2.7961,1.0,0.0,0,,,train
2026-06-19 17:00:00+07:00,SKU-005,3,3.2613,3.2613,1.0,0.0,0,,,train
2026-06-19 18:00:00+07:00,SKU-005,2,3.8819,3.8819,1.0,0.0,0,,,train
2026-06-19 19:00:00+07:00,SKU-005,3,4.5564,4.5564,1.0,0.0,0,,,train
2026-06-19 20:00:00+07:00,SKU-005,4,4.7721,4.7721,1.0,0.0,0,,,train
2026-06-19 21:00:00+07:00,SKU-005,1,3.9857,3.9857,1.0,0.0,0,,,train
2026-06-19 22:00:00+07:00,SKU-005,0,2.6288,2.6288,1.0,0.0,0,,,train
2026-06-19 23:00:00+07:00,SKU-005,1,1.3431,1.3431,1.0,0.0,0,,,train
2026-06-20 00:00:00+07:00,SKU-005,0,0.753,0.753,1.0,0.0,0,,,train
2026-06-20 01:00:00+07:00,SKU-005,1,0.483,0.483,1.0,0.0,0,,,train
2026-06-20 02:00:00+07:00,SKU-005,0,0.3327,0.3327,1.0,0.0,0,,,train
2026-06-20 03:00:00+07:00,SKU-005,0,0.2728,0.2728,1.0,0.0,0,,,train
2026-06-20 04:00:00+07:00,SKU-005,0,0.3037,0.3037,1.0,0.0,0,,,train
2026-06-20 05:00:00+07:00,SKU-005,0,0.5478,0.5478,1.0,0.0,0,,,train
2026-06-20 06:00:00+07:00,SKU-005,3,1.1588,1.1588,1.0,0.0,0,,,train
2026-06-20 07:00:00+07:00,SKU-005,1,1.8942,1.8942,1.0,0.0,0,,,train
2026-06-20 08:00:00+07:00,SKU-005,1,2.6016,2.6016,1.0,0.0,0,,,train
2026-06-20 09:00:00+07:00,SKU-005,2,3.0662,3.0662,1.0,0.0,0,,,train
2026-06-20 10:00:00+07:00,SKU-005,2,3.4401,3.4401,1.0,0.0,0,,,train
2026-06-20 11:00:00+07:00,SKU-005,4,3.815,3.815,1.0,0.0,0,,,train
2026-06-20 12:00:00+07:00,SKU-005,10,4.0061,4.0061,1.0,0.0,0,,,train
2026-06-20 13:00:00+07:00,SKU-005,2,3.6419,3.6419,1.0,0.0,0,,,train
2026-06-20 14:00:00+07:00,SKU-005,1,3.2455,3.2455,1.0,0.0,0,,,train
2026-06-20 15:00:00+07:00,SKU-005,6,3.1573,3.1573,1.0,0.0,0,,,train
2026-06-20 16:00:00+07:00,SKU-005,0,3.4095,3.4095,1.0,0.0,0,,,train
2026-06-20 17:00:00+07:00,SKU-005,1,3.9726,3.9726,1.0,0.0,0,,,train
2026-06-20 18:00:00+07:00,SKU-005,4,4.7232,4.7232,1.0,0.0,0,,,train
2026-06-20 19:00:00+07:00,SKU-005,0,5.5375,5.5375,1.0,0.0,0,,,train
2026-06-20 20:00:00+07:00,SKU-005,6,5.7926,5.7926,1.0,0.0,0,,,train
2026-06-20 21:00:00+07:00,SKU-005,8,4.8321,4.8321,1.0,0.0,0,,,train
2026-06-20 22:00:00+07:00,SKU-005,4,3.1828,3.1828,1.0,0.0,0,,,train
2026-06-20 23:00:00+07:00,SKU-005,1,1.624,1.624,1.0,0.0,0,,,train
2026-06-21 00:00:00+07:00,SKU-005,2,0.7325,0.7325,1.0,0.0,0,,,train
2026-06-21 01:00:00+07:00,SKU-005,1,0.4692,0.4692,1.0,0.0,0,,,train
2026-06-21 02:00:00+07:00,SKU-005,0,0.3227,0.3227,1.0,0.0,0,,,train
2026-06-21 03:00:00+07:00,SKU-005,0,0.2642,0.2642,1.0,0.0,0,,,train
2026-06-21 04:00:00+07:00,SKU-005,0,0.2937,0.2937,1.0,0.0,0,,,train
2026-06-21 05:00:00+07:00,SKU-005,1,0.5289,0.5289,1.0,0.0,0,,,train
2026-06-21 06:00:00+07:00,SKU-005,0,1.1169,1.1169,1.0,0.0,0,,,train
2026-06-21 07:00:00+07:00,SKU-005,2,1.8227,1.8227,1.0,0.0,0,,,train
2026-06-21 08:00:00+07:00,SKU-005,0,2.4993,2.4993,1.0,0.0,0,,,train
2026-06-21 09:00:00+07:00,SKU-005,1,2.9406,2.9406,1.0,0.0,0,,,train
2026-06-21 10:00:00+07:00,SKU-005,5,3.2935,3.2935,1.0,0.0,0,,,train
2026-06-21 11:00:00+07:00,SKU-005,4,3.646,3.646,1.0,0.0,0,,,train
2026-06-21 12:00:00+07:00,SKU-005,1,3.8219,3.8219,1.0,0.0,0,,,train
2026-06-21 13:00:00+07:00,SKU-005,6,3.4683,3.4683,1.0,0.0,0,,,train
2026-06-21 14:00:00+07:00,SKU-005,5,3.0852,3.0852,1.0,0.0,0,,,train
2026-06-21 15:00:00+07:00,SKU-005,10,2.9959,2.9959,1.0,0.0,0,,,train
2026-06-21 16:00:00+07:00,SKU-005,1,3.2293,3.2293,1.0,0.0,0,,,train
2026-06-21 17:00:00+07:00,SKU-005,5,3.7557,3.7557,1.0,0.0,0,,,train
2026-06-21 18:00:00+07:00,SKU-005,5,4.4572,4.4572,1.0,0.0,0,,,train
2026-06-21 19:00:00+07:00,SKU-005,10,5.2159,5.2159,1.0,0.0,0,,,train
2026-06-21 20:00:00+07:00,SKU-005,12,5.4462,5.4462,1.0,0.0,0,,,train
2026-06-21 21:00:00+07:00,SKU-005,2,4.5347,4.5347,1.0,0.0,0,,,train
2026-06-21 22:00:00+07:00,SKU-005,3,2.9814,2.9814,1.0,0.0,0,,,train
2026-06-21 23:00:00+07:00,SKU-005,0,1.5184,1.5184,1.0,0.0,0,,,train
2026-06-22 00:00:00+07:00,SKU-005,1,0.6199,0.6199,1.0,0.0,0,,,train
2026-06-22 01:00:00+07:00,SKU-005,1,0.3963,0.3963,1.0,0.0,0,,,train
2026-06-22 02:00:00+07:00,SKU-005,0,0.2721,0.2721,1.0,0.0,0,,,train
2026-06-22 03:00:00+07:00,SKU-005,0,0.2224,0.2224,1.0,0.0,0,,,train
2026-06-22 04:00:00+07:00,SKU-005,0,0.2467,0.2467,1.0,0.0,0,,,train
2026-06-22 05:00:00+07:00,SKU-005,2,0.4435,0.4435,1.0,0.0,0,,,train
2026-06-22 06:00:00+07:00,SKU-005,0,0.935,0.935,1.0,0.0,0,,,train
2026-06-22 07:00:00+07:00,SKU-005,0,1.5232,1.5232,1.0,0.0,0,,,train
2026-06-22 08:00:00+07:00,SKU-005,3,2.0851,2.0851,1.0,0.0,0,,,train
2026-06-22 09:00:00+07:00,SKU-005,4,2.4491,2.4491,1.0,0.0,0,,,train
2026-06-22 10:00:00+07:00,SKU-005,1,2.7385,2.7385,1.0,0.0,0,,,train
2026-06-22 11:00:00+07:00,SKU-005,2,3.0268,3.0268,1.0,0.0,0,,,train
2026-06-22 12:00:00+07:00,SKU-005,4,3.1677,3.1677,1.0,0.0,0,,,train
2026-06-22 13:00:00+07:00,SKU-005,1,2.8701,2.8701,1.0,0.0,0,,,train
2026-06-22 14:00:00+07:00,SKU-005,1,2.5493,2.5493,1.0,0.0,0,,,train
2026-06-22 15:00:00+07:00,SKU-005,0,2.4718,2.4718,1.0,0.0,0,,,train
2026-06-22 16:00:00+07:00,SKU-005,7,2.6606,2.6606,1.0,0.0,0,,,train
2026-06-22 17:00:00+07:00,SKU-005,1,3.0899,3.0899,1.0,0.0,0,,,train
2026-06-22 18:00:00+07:00,SKU-005,5,3.6621,3.6621,1.0,0.0,0,,,train
2026-06-22 19:00:00+07:00,SKU-005,2,4.2799,4.2799,1.0,0.0,0,,,train
2026-06-22 20:00:00+07:00,SKU-005,3,4.4632,4.4632,1.0,0.0,0,,,train
2026-06-22 21:00:00+07:00,SKU-005,1,3.7117,3.7117,1.0,0.0,0,,,train
2026-06-22 22:00:00+07:00,SKU-005,2,2.4375,2.4375,1.0,0.0,0,,,train
2026-06-22 23:00:00+07:00,SKU-005,1,1.2401,1.2401,1.0,0.0,0,,,train
2026-06-23 00:00:00+07:00,SKU-005,0,0.5599,0.5599,1.0,0.0,0,,,train
2026-06-23 01:00:00+07:00,SKU-005,0,0.3576,0.3576,1.0,0.0,0,,,train
2026-06-23 02:00:00+07:00,SKU-005,1,0.2453,0.2453,1.0,0.0,0,,,train
2026-06-23 03:00:00+07:00,SKU-005,0,0.2003,0.2003,1.0,0.0,0,,,train
2026-06-23 04:00:00+07:00,SKU-005,1,0.2221,0.2221,1.0,0.0,0,,,train
2026-06-23 05:00:00+07:00,SKU-005,0,0.3989,0.3989,1.0,0.0,0,,,train
2026-06-23 06:00:00+07:00,SKU-005,0,0.8403,0.8403,1.0,0.0,0,,,train
2026-06-23 07:00:00+07:00,SKU-005,2,1.3681,1.3681,1.0,0.0,0,,,train
2026-06-23 08:00:00+07:00,SKU-005,3,1.8717,1.8717,1.0,0.0,0,,,train
2026-06-23 09:00:00+07:00,SKU-005,2,2.1974,2.1974,1.0,0.0,0,,,train
2026-06-23 10:00:00+07:00,SKU-005,0,2.456,2.456,1.0,0.0,0,,,train
2026-06-23 11:00:00+07:00,SKU-005,1,2.7136,2.7136,1.0,0.0,0,,,train
2026-06-23 12:00:00+07:00,SKU-005,4,2.8391,2.8391,1.0,0.0,0,,,train
2026-06-23 13:00:00+07:00,SKU-005,1,2.5719,2.5719,1.0,0.0,0,,,train
2026-06-23 14:00:00+07:00,SKU-005,3,2.2841,2.2841,1.0,0.0,0,,,train
2026-06-23 15:00:00+07:00,SKU-005,1,2.2145,2.2145,1.0,0.0,0,,,train
2026-06-23 16:00:00+07:00,SKU-005,3,2.3836,2.3836,1.0,0.0,0,,,train
2026-06-23 17:00:00+07:00,SKU-005,3,2.7685,2.7685,1.0,0.0,0,,,train
2026-06-23 18:00:00+07:00,SKU-005,5,3.2816,3.2816,1.0,0.0,0,,,train
2026-06-23 19:00:00+07:00,SKU-005,9,3.8361,3.8361,1.0,0.0,0,,,train
2026-06-23 20:00:00+07:00,SKU-005,1,4.0016,4.0016,1.0,0.0,0,,,train
2026-06-23 21:00:00+07:00,SKU-005,3,3.3291,3.3291,1.0,0.0,0,,,train
2026-06-23 22:00:00+07:00,SKU-005,6,2.1872,2.1872,1.0,0.0,0,,,train
2026-06-23 23:00:00+07:00,SKU-005,0,1.1133,1.1133,1.0,0.0,0,,,train
2026-06-24 00:00:00+07:00,SKU-005,1,0.5233,0.5233,1.0,0.0,0,,,train
2026-06-24 01:00:00+07:00,SKU-005,0,0.3344,0.3344,1.0,0.0,0,,,train
2026-06-24 02:00:00+07:00,SKU-005,1,0.2296,0.2296,1.0,0.0,0,,,train
2026-06-24 03:00:00+07:00,SKU-005,1,0.1876,0.1876,1.0,0.0,0,,,train
2026-06-24 04:00:00+07:00,SKU-005,1,0.2082,0.2082,1.0,0.0,0,,,train
2026-06-24 05:00:00+07:00,SKU-005,1,0.3743,0.3743,1.0,0.0,0,,,train
2026-06-24 06:00:00+07:00,SKU-005,1,0.7893,0.7893,1.0,0.0,0,,,train
2026-06-24 07:00:00+07:00,SKU-005,3,1.2865,1.2865,1.0,0.0,0,,,train
2026-06-24 08:00:00+07:00,SKU-005,2,1.7621,1.7621,1.0,0.0,0,,,train
2026-06-24 09:00:00+07:00,SKU-005,2,2.0713,2.0713,1.0,0.0,0,,,train
2026-06-24 10:00:00+07:00,SKU-005,5,2.318,2.318,1.0,0.0,0,,,train
2026-06-24 11:00:00+07:00,SKU-005,5,2.5646,2.5646,1.0,0.0,0,,,train
2026-06-24 12:00:00+07:00,SKU-005,1,2.687,2.687,1.0,0.0,0,,,train
2026-06-24 13:00:00+07:00,SKU-005,4,2.4376,2.4376,1.0,0.0,0,,,train
2026-06-24 14:00:00+07:00,SKU-005,1,2.1681,2.1681,1.0,0.0,0,,,train
2026-06-24 15:00:00+07:00,SKU-005,3,2.1054,2.1054,1.0,0.0,0,,,train
2026-06-24 16:00:00+07:00,SKU-005,4,2.2699,2.2699,1.0,0.0,0,,,train
2026-06-24 17:00:00+07:00,SKU-005,2,2.6408,2.6408,1.0,0.0,0,,,train
2026-06-24 18:00:00+07:00,SKU-005,1,3.1356,3.1356,1.0,0.0,0,,,train
2026-06-24 19:00:00+07:00,SKU-005,2,3.6719,3.6719,1.0,0.0,0,,,train
2026-06-24 20:00:00+07:00,SKU-005,4,3.8372,3.8372,1.0,0.0,0,,,train
2026-06-24 21:00:00+07:00,SKU-005,3,3.1982,3.1982,1.0,0.0,0,,,train
2026-06-24 22:00:00+07:00,SKU-005,2,2.1051,2.1051,1.0,0.0,0,,,train
2026-06-24 23:00:00+07:00,SKU-005,0,1.0736,1.0736,1.0,0.0,0,,,train
2026-06-25 00:00:00+07:00,SKU-005,1,0.5383,0.5383,1.0,0.0,0,,,train
2026-06-25 01:00:00+07:00,SKU-005,0,0.3447,0.3447,1.0,0.0,0,,,train
2026-06-25 02:00:00+07:00,SKU-005,0,0.2371,0.2371,1.0,0.0,0,,,train
2026-06-25 03:00:00+07:00,SKU-005,0,0.1942,0.1942,1.0,0.0,0,,,train
2026-06-25 04:00:00+07:00,SKU-005,0,0.2159,0.2159,1.0,0.0,0,,,train
2026-06-25 05:00:00+07:00,SKU-005,1,0.3889,0.3889,1.0,0.0,0,,,train
2026-06-25 06:00:00+07:00,SKU-005,1,0.8219,0.8219,1.0,0.0,0,,,train
2026-06-25 07:00:00+07:00,SKU-005,1,1.3423,1.3423,1.0,0.0,0,,,train
2026-06-25 08:00:00+07:00,SKU-005,0,1.8423,1.8423,1.0,0.0,0,,,train
2026-06-25 09:00:00+07:00,SKU-005,1,2.17,2.17,1.0,0.0,0,,,train
2026-06-25 10:00:00+07:00,SKU-005,2,2.4335,2.4335,1.0,0.0,0,,,train
2026-06-25 11:00:00+07:00,SKU-005,6,2.6979,2.6979,1.0,0.0,0,,,train
2026-06-25 12:00:00+07:00,SKU-005,4,2.8324,2.8324,1.0,0.0,0,,,train
2026-06-25 13:00:00+07:00,SKU-005,1,2.5748,2.5748,1.0,0.0,0,,,train
2026-06-25 14:00:00+07:00,SKU-005,0,2.2947,2.2947,1.0,0.0,0,,,train
2026-06-25 15:00:00+07:00,SKU-005,4,2.2327,2.2327,1.0,0.0,0,,,train
2026-06-25 16:00:00+07:00,SKU-005,3,2.4119,2.4119,1.0,0.0,0,,,train
2026-06-25 17:00:00+07:00,SKU-005,2,2.8114,2.8114,1.0,0.0,0,,,train
2026-06-25 18:00:00+07:00,SKU-005,2,3.3446,3.3446,1.0,0.0,0,,,train
2026-06-25 19:00:00+07:00,SKU-005,2,3.924,3.924,1.0,0.0,0,,,train
2026-06-25 20:00:00+07:00,SKU-005,2,4.1082,4.1082,1.0,0.0,0,,,train
2026-06-25 21:00:00+07:00,SKU-005,0,3.4303,3.4303,1.0,0.0,0,,,train
2026-06-25 22:00:00+07:00,SKU-005,1,2.2619,2.2619,1.0,0.0,0,,,train
2026-06-25 23:00:00+07:00,SKU-005,2,1.1555,1.1555,1.0,0.0,0,,,train
2026-06-26 00:00:00+07:00,SKU-005,0,0.6249,0.6249,1.0,0.0,0,,,train
2026-06-26 01:00:00+07:00,SKU-005,0,0.4008,0.4008,1.0,0.0,0,,,train
2026-06-26 02:00:00+07:00,SKU-005,1,0.2761,0.2761,1.0,0.0,0,,,train
2026-06-26 03:00:00+07:00,SKU-005,1,0.2264,0.2264,1.0,0.0,0,,,train
2026-06-26 04:00:00+07:00,SKU-005,0,0.2521,0.2521,1.0,0.0,0,,,train
2026-06-26 05:00:00+07:00,SKU-005,0,0.4549,0.4549,1.0,0.0,0,,,train
2026-06-26 06:00:00+07:00,SKU-005,2,0.9625,0.9625,1.0,0.0,0,,,train
2026-06-26 07:00:00+07:00,SKU-005,5,1.5741,1.5741,1.0,0.0,0,,,train
2026-06-26 08:00:00+07:00,SKU-005,2,2.163,2.163,1.0,0.0,0,,,train
2026-06-26 09:00:00+07:00,SKU-005,0,2.5507,2.5507,1.0,0.0,0,,,train
2026-06-26 10:00:00+07:00,SKU-005,0,2.8635,2.8635,1.0,0.0,0,,,train
2026-06-26 11:00:00+07:00,SKU-005,0,3.1778,3.1778,1.0,0.0,0,,,train
2026-06-26 12:00:00+07:00,SKU-005,5,3.3395,3.3395,1.0,0.0,0,,,train
2026-06-26 13:00:00+07:00,SKU-005,4,3.0384,3.0384,1.0,0.0,0,,,train
2026-06-26 14:00:00+07:00,SKU-005,4,2.7101,2.7101,1.0,0.0,0,,,train
2026-06-26 15:00:00+07:00,SKU-005,1,2.6388,2.6388,1.0,0.0,0,,,train
2026-06-26 16:00:00+07:00,SKU-005,0,2.8525,2.8525,1.0,0.0,0,,,train
2026-06-26 17:00:00+07:00,SKU-005,1,3.3271,3.3271,1.0,0.0,0,,,train
2026-06-26 18:00:00+07:00,SKU-005,4,3.9601,3.9601,1.0,0.0,0,,,train
2026-06-26 19:00:00+07:00,SKU-005,4,4.6482,4.6482,1.0,0.0,0,,,train
2026-06-26 20:00:00+07:00,SKU-005,10,4.8682,4.8682,1.0,0.0,0,,,train
2026-06-26 21:00:00+07:00,SKU-005,0,4.066,4.066,1.0,0.0,0,,,train
2026-06-26 22:00:00+07:00,SKU-005,1,2.6817,2.6817,1.0,0.0,0,,,train
2026-06-26 23:00:00+07:00,SKU-005,0,1.3702,1.3702,1.0,0.0,0,,,train
2026-06-27 00:00:00+07:00,SKU-005,0,0.7682,0.7682,1.0,0.0,0,,,train
2026-06-27 01:00:00+07:00,SKU-005,0,0.4927,0.4927,1.0,0.0,0,,,train
2026-06-27 02:00:00+07:00,SKU-005,0,0.3394,0.3394,1.0,0.0,0,,,train
2026-06-27 03:00:00+07:00,SKU-005,1,0.2783,0.2783,1.0,0.0,0,,,train
2026-06-27 04:00:00+07:00,SKU-005,2,0.3099,0.3099,1.0,0.0,0,,,train
2026-06-27 05:00:00+07:00,SKU-005,0,0.5588,0.5588,1.0,0.0,0,,,train
2026-06-27 06:00:00+07:00,SKU-005,1,1.1821,1.1821,1.0,0.0,0,,,train
2026-06-27 07:00:00+07:00,SKU-005,0,1.9323,1.9323,1.0,0.0,0,,,train
2026-06-27 08:00:00+07:00,SKU-005,1,2.654,2.654,1.0,0.0,0,,,train
2026-06-27 09:00:00+07:00,SKU-005,4,3.1279,3.1279,1.0,0.0,0,,,train
2026-06-27 10:00:00+07:00,SKU-005,2,3.5093,3.5093,1.0,0.0,0,,,train
2026-06-27 11:00:00+07:00,SKU-005,5,3.8917,3.8917,1.0,0.0,0,,,train
2026-06-27 12:00:00+07:00,SKU-005,4,4.0866,4.0866,1.0,0.0,0,,,train
2026-06-27 13:00:00+07:00,SKU-005,2,3.7152,3.7152,1.0,0.0,0,,,train
2026-06-27 14:00:00+07:00,SKU-005,6,3.3108,3.3108,1.0,0.0,0,,,train
2026-06-27 15:00:00+07:00,SKU-005,4,3.2208,3.2208,1.0,0.0,0,,,train
2026-06-27 16:00:00+07:00,SKU-005,2,3.4781,3.4781,1.0,0.0,0,,,train
2026-06-27 17:00:00+07:00,SKU-005,8,4.0524,4.0524,1.0,0.0,0,,,train
2026-06-27 18:00:00+07:00,SKU-005,3,4.8181,4.8181,1.0,0.0,0,,,train
2026-06-27 19:00:00+07:00,SKU-005,5,5.6488,5.6488,1.0,0.0,0,,,train
2026-06-27 20:00:00+07:00,SKU-005,4,5.909,5.909,1.0,0.0,0,,,train
2026-06-27 21:00:00+07:00,SKU-005,11,4.9291,4.9291,1.0,0.0,0,,,train
2026-06-27 22:00:00+07:00,SKU-005,8,3.2467,3.2467,1.0,0.0,0,,,train
2026-06-27 23:00:00+07:00,SKU-005,4,1.6566,1.6566,1.0,0.0,0,,,train
2026-06-28 00:00:00+07:00,SKU-005,0,0.7472,0.7472,1.0,0.0,0,,,train
2026-06-28 01:00:00+07:00,SKU-005,0,0.4786,0.4786,1.0,0.0,0,,,train
2026-06-28 02:00:00+07:00,SKU-005,0,0.3292,0.3292,1.0,0.0,0,,,train
2026-06-28 03:00:00+07:00,SKU-005,0,0.2695,0.2695,1.0,0.0,0,,,train
2026-06-28 04:00:00+07:00,SKU-005,1,0.2996,0.2996,1.0,0.0,0,,,train
2026-06-28 05:00:00+07:00,SKU-005,0,0.5395,0.5395,1.0,0.0,0,,,train
2026-06-28 06:00:00+07:00,SKU-005,3,1.1393,1.1393,1.0,0.0,0,,,train
2026-06-28 07:00:00+07:00,SKU-005,2,1.8593,1.8593,1.0,0.0,0,,,train
2026-06-28 08:00:00+07:00,SKU-005,3,2.5494,2.5494,1.0,0.0,0,,,train
2026-06-28 09:00:00+07:00,SKU-005,1,2.9996,2.9996,1.0,0.0,0,,,train
2026-06-28 10:00:00+07:00,SKU-005,6,3.3595,3.3595,1.0,0.0,0,,,train
2026-06-28 11:00:00+07:00,SKU-005,5,3.7191,3.7191,1.0,0.0,0,,,train
2026-06-28 12:00:00+07:00,SKU-005,0,3.8985,3.8985,1.0,0.0,0,,,train
2026-06-28 13:00:00+07:00,SKU-005,6,3.5378,3.5378,1.0,0.0,0,,,train
2026-06-28 14:00:00+07:00,SKU-005,6,3.147,3.147,1.0,0.0,0,,,train
2026-06-28 15:00:00+07:00,SKU-005,1,3.0559,3.0559,1.0,0.0,0,,,train
2026-06-28 16:00:00+07:00,SKU-005,0,3.294,3.294,1.0,0.0,0,,,train
2026-06-28 17:00:00+07:00,SKU-005,3,3.831,3.831,1.0,0.0,0,,,train
2026-06-28 18:00:00+07:00,SKU-005,5,4.5465,4.5465,1.0,0.0,0,,,train
2026-06-28 19:00:00+07:00,SKU-005,7,5.3204,5.3204,1.0,0.0,0,,,train
2026-06-28 20:00:00+07:00,SKU-005,2,5.5553,5.5553,1.0,0.0,0,,,train
2026-06-28 21:00:00+07:00,SKU-005,3,4.6255,4.6255,1.0,0.0,0,,,train
2026-06-28 22:00:00+07:00,SKU-005,5,3.0411,3.0411,1.0,0.0,0,,,train
2026-06-28 23:00:00+07:00,SKU-005,0,1.5488,1.5488,1.0,0.0,0,,,train
2026-06-29 00:00:00+07:00,SKU-005,1,0.6323,0.6323,1.0,0.0,0,,,train
2026-06-29 01:00:00+07:00,SKU-005,0,0.4042,0.4042,1.0,0.0,0,,,train
2026-06-29 02:00:00+07:00,SKU-005,0,0.2776,0.2776,1.0,0.0,0,,,train
2026-06-29 03:00:00+07:00,SKU-005,0,0.2268,0.2268,1.0,0.0,0,,,train
2026-06-29 04:00:00+07:00,SKU-005,1,0.2517,0.2517,1.0,0.0,0,,,train
2026-06-29 05:00:00+07:00,SKU-005,0,0.4524,0.4524,1.0,0.0,0,,,train
2026-06-29 06:00:00+07:00,SKU-005,0,0.9537,0.9537,1.0,0.0,0,,,train
2026-06-29 07:00:00+07:00,SKU-005,0,1.5537,1.5537,1.0,0.0,0,,,train
2026-06-29 08:00:00+07:00,SKU-005,1,2.1268,2.1268,1.0,0.0,0,,,train
2026-06-29 09:00:00+07:00,SKU-005,2,2.4981,2.4981,1.0,0.0,0,,,train
2026-06-29 10:00:00+07:00,SKU-005,2,2.7933,2.7933,1.0,0.0,0,,,train
2026-06-29 11:00:00+07:00,SKU-005,6,3.0873,3.0873,1.0,0.0,0,,,train
2026-06-29 12:00:00+07:00,SKU-005,3,3.231,3.231,1.0,0.0,0,,,train
2026-06-29 13:00:00+07:00,SKU-005,1,2.9275,2.9275,1.0,0.0,0,,,train
2026-06-29 14:00:00+07:00,SKU-005,6,2.6002,2.6002,1.0,0.0,0,,,train
2026-06-29 15:00:00+07:00,SKU-005,1,2.5212,2.5212,1.0,0.0,0,,,train
2026-06-29 16:00:00+07:00,SKU-005,1,2.7138,2.7138,1.0,0.0,0,,,train
2026-06-29 17:00:00+07:00,SKU-005,2,3.1517,3.1517,1.0,0.0,0,,,train
2026-06-29 18:00:00+07:00,SKU-005,4,3.7352,3.7352,1.0,0.0,0,,,train
2026-06-29 19:00:00+07:00,SKU-005,3,4.3654,4.3654,1.0,0.0,0,,,train
2026-06-29 20:00:00+07:00,SKU-005,12,4.5524,4.5524,1.0,0.0,0,,,train
2026-06-29 21:00:00+07:00,SKU-005,3,3.7858,3.7858,1.0,0.0,0,,,train
2026-06-29 22:00:00+07:00,SKU-005,1,2.4862,2.4862,1.0,0.0,0,,,train
2026-06-29 23:00:00+07:00,SKU-005,1,1.2648,1.2648,1.0,0.0,0,,,train
2026-06-30 00:00:00+07:00,SKU-005,0,0.5711,0.5711,1.0,0.0,0,,,train
2026-06-30 01:00:00+07:00,SKU-005,0,0.3647,0.3647,1.0,0.0,0,,,train
2026-06-30 02:00:00+07:00,SKU-005,0,0.2502,0.2502,1.0,0.0,0,,,train
2026-06-30 03:00:00+07:00,SKU-005,0,0.2043,0.2043,1.0,0.0,0,,,train
2026-06-30 04:00:00+07:00,SKU-005,0,0.2265,0.2265,1.0,0.0,0,,,train
2026-06-30 05:00:00+07:00,SKU-005,0,0.4069,0.4069,1.0,0.0,0,,,train
2026-06-30 06:00:00+07:00,SKU-005,0,0.8571,0.8571,1.0,0.0,0,,,train
2026-06-30 07:00:00+07:00,SKU-005,2,1.3954,1.3954,1.0,0.0,0,,,train
2026-06-30 08:00:00+07:00,SKU-005,3,1.9091,1.9091,1.0,0.0,0,,,train
2026-06-30 09:00:00+07:00,SKU-005,1,2.2413,2.2413,1.0,0.0,0,,,train
2026-06-30 10:00:00+07:00,SKU-005,5,2.505,2.505,1.0,0.0,0,,,train
2026-06-30 11:00:00+07:00,SKU-005,2,2.7677,2.7677,1.0,0.0,0,,,train
2026-06-30 12:00:00+07:00,SKU-005,5,2.8957,2.8957,1.0,0.0,0,,,train
2026-06-30 13:00:00+07:00,SKU-005,0,2.6232,2.6232,1.0,0.0,0,,,train
2026-06-30 14:00:00+07:00,SKU-005,2,2.3296,2.3296,1.0,0.0,0,,,train
2026-06-30 15:00:00+07:00,SKU-005,0,2.2586,2.2586,1.0,0.0,0,,,train
2026-06-30 16:00:00+07:00,SKU-005,2,2.4311,2.4311,1.0,0.0,0,,,train
2026-06-30 17:00:00+07:00,SKU-005,2,2.8237,2.8237,1.0,0.0,0,,,train
2026-06-30 18:00:00+07:00,SKU-005,3,3.347,3.347,1.0,0.0,0,,,train
2026-06-30 19:00:00+07:00,SKU-005,1,3.9126,3.9126,1.0,0.0,0,,,train
2026-06-30 20:00:00+07:00,SKU-005,7,4.0813,4.0813,1.0,0.0,0,,,train
2026-06-30 21:00:00+07:00,SKU-005,2,3.3954,3.3954,1.0,0.0,0,,,train
2026-06-30 22:00:00+07:00,SKU-005,3,2.2308,2.2308,1.0,0.0,0,,,train
2026-06-30 23:00:00+07:00,SKU-005,1,1.1355,1.1355,1.0,0.0,0,,,train
2026-07-01 00:00:00+07:00,SKU-005,0,0.5337,0.5337,1.0,0.0,0,,,train
2026-07-01 01:00:00+07:00,SKU-005,0,0.3411,0.3411,1.0,0.0,0,,,train
2026-07-01 02:00:00+07:00,SKU-005,0,0.2342,0.2342,1.0,0.0,0,,,train
2026-07-01 03:00:00+07:00,SKU-005,0,0.1913,0.1913,1.0,0.0,0,,,train
2026-07-01 04:00:00+07:00,SKU-005,0,0.2123,0.2123,1.0,0.0,0,,,train
2026-07-01 05:00:00+07:00,SKU-005,3,0.3818,0.3818,1.0,0.0,0,,,train
2026-07-01 06:00:00+07:00,SKU-005,1,0.805,0.805,1.0,0.0,0,,,train
2026-07-01 07:00:00+07:00,SKU-005,1,1.3121,1.3121,1.0,0.0,0,,,train
2026-07-01 08:00:00+07:00,SKU-005,2,1.7972,1.7972,1.0,0.0,0,,,train
2026-07-01 09:00:00+07:00,SKU-005,3,2.1125,2.1125,1.0,0.0,0,,,train
2026-07-01 10:00:00+07:00,SKU-005,3,2.3641,2.3641,1.0,0.0,0,,,train
2026-07-01 11:00:00+07:00,SKU-005,3,2.6155,2.6155,1.0,0.0,0,,,train
2026-07-01 12:00:00+07:00,SKU-005,3,2.7404,2.7404,1.0,0.0,0,,,train
2026-07-01 13:00:00+07:00,SKU-005,4,2.4861,2.4861,1.0,0.0,0,,,train
2026-07-01 14:00:00+07:00,SKU-005,1,2.2112,2.2112,1.0,0.0,0,,,train
2026-07-01 15:00:00+07:00,SKU-005,1,2.1472,2.1472,1.0,0.0,0,,,train
2026-07-01 16:00:00+07:00,SKU-005,5,2.315,2.315,1.0,0.0,0,,,train
2026-07-01 17:00:00+07:00,SKU-005,3,2.6932,2.6932,1.0,0.0,0,EP-005-01,SLOW_BURN,train
2026-07-01 18:00:00+07:00,SKU-005,4,3.1979,3.1979,1.0,0.0769,0,EP-005-01,SLOW_BURN,train
2026-07-01 19:00:00+07:00,SKU-005,3,3.7448,3.7448,1.0,0.1538,0,EP-005-01,SLOW_BURN,train
2026-07-01 20:00:00+07:00,SKU-005,8,3.9134,3.9134,1.0,0.2308,0,EP-005-01,SLOW_BURN,train
2026-07-01 21:00:00+07:00,SKU-005,4,3.2617,3.2617,1.0,0.3077,0,EP-005-01,SLOW_BURN,train
2026-07-01 22:00:00+07:00,SKU-005,1,2.1469,2.1469,1.0,0.3846,0,EP-005-01,SLOW_BURN,train
2026-07-01 23:00:00+07:00,SKU-005,0,1.0949,1.0949,1.0,0.4615,0,EP-005-01,SLOW_BURN,train
2026-07-02 00:00:00+07:00,SKU-005,0,0.549,0.549,1.0,0.5385,0,EP-005-01,SLOW_BURN,train
2026-07-02 01:00:00+07:00,SKU-005,0,0.3516,0.3516,1.0,0.6154,0,EP-005-01,SLOW_BURN,train
2026-07-02 02:00:00+07:00,SKU-005,0,0.2418,0.2418,1.0,0.6923,0,EP-005-01,SLOW_BURN,train
2026-07-02 03:00:00+07:00,SKU-005,0,0.198,0.198,1.0,0.7692,0,EP-005-01,SLOW_BURN,train
2026-07-02 04:00:00+07:00,SKU-005,0,0.2202,0.2202,1.0,0.8462,0,EP-005-01,SLOW_BURN,train
2026-07-02 05:00:00+07:00,SKU-005,1,0.3967,0.3967,1.0,0.9231,0,EP-005-01,SLOW_BURN,train
2026-07-02 06:00:00+07:00,SKU-005,1,0.8382,0.8382,1.0,1.0,0,EP-005-01,SLOW_BURN,train
2026-07-02 07:00:00+07:00,SKU-005,1,1.369,1.369,1.0,0.9911,0,EP-005-01,SLOW_BURN,train
2026-07-02 08:00:00+07:00,SKU-005,2,1.8789,1.8789,1.0,0.9823,0,EP-005-01,SLOW_BURN,train
2026-07-02 09:00:00+07:00,SKU-005,3,2.2131,2.2131,1.0,0.9736,0,EP-005-01,SLOW_BURN,train
2026-07-02 10:00:00+07:00,SKU-005,4,2.4818,2.4818,1.0,0.9649,0,EP-005-01,SLOW_BURN,train
2026-07-02 11:00:00+07:00,SKU-005,1,2.7513,2.7513,1.0,0.9564,0,EP-005-01,SLOW_BURN,train
2026-07-02 12:00:00+07:00,SKU-005,1,2.8885,2.8885,1.0,0.9479,0,EP-005-01,SLOW_BURN,train
2026-07-02 13:00:00+07:00,SKU-005,4,2.6258,2.6258,1.0,0.9394,0,EP-005-01,SLOW_BURN,train
2026-07-02 14:00:00+07:00,SKU-005,4,2.3401,2.3401,1.0,0.9311,0,EP-005-01,SLOW_BURN,train
2026-07-02 15:00:00+07:00,SKU-005,2,2.2769,2.2769,1.0,0.9228,0,EP-005-01,SLOW_BURN,train
2026-07-02 16:00:00+07:00,SKU-005,0,2.4597,2.4597,1.0,0.9146,0,EP-005-01,SLOW_BURN,train
2026-07-02 17:00:00+07:00,SKU-005,3,2.8671,2.8671,1.0,0.9065,0,EP-005-01,SLOW_BURN,train
2026-07-02 18:00:00+07:00,SKU-005,7,3.4109,3.4109,1.0,0.8985,0,EP-005-01,SLOW_BURN,train
2026-07-02 19:00:00+07:00,SKU-005,4,4.0017,4.0017,1.0,0.8905,0,EP-005-01,SLOW_BURN,train
2026-07-02 20:00:00+07:00,SKU-005,5,4.1896,4.1896,1.0,0.8826,0,EP-005-01,SLOW_BURN,train
2026-07-02 21:00:00+07:00,SKU-005,2,3.4982,3.4982,1.0,0.8747,0,EP-005-01,SLOW_BURN,train
2026-07-02 22:00:00+07:00,SKU-005,1,2.3067,2.3067,1.0,0.867,0,EP-005-01,SLOW_BURN,train
2026-07-02 23:00:00+07:00,SKU-005,1,1.1784,1.1784,1.0,0.8592,0,EP-005-01,SLOW_BURN,train
2026-07-03 00:00:00+07:00,SKU-005,0,0.6372,0.6372,1.0,0.8516,0,EP-005-01,SLOW_BURN,train
2026-07-03 01:00:00+07:00,SKU-005,1,0.4087,0.4087,1.0,0.844,0,EP-005-01,SLOW_BURN,train
2026-07-03 02:00:00+07:00,SKU-005,1,0.2816,0.2816,1.0,0.8366,0,EP-005-01,SLOW_BURN,train
2026-07-03 03:00:00+07:00,SKU-005,0,0.2414,0.2309,1.0456,0.8291,0,EP-005-01,SLOW_BURN,train
2026-07-03 04:00:00+07:00,SKU-005,0,0.2806,0.2571,1.0912,0.8218,0,EP-005-01,SLOW_BURN,train
2026-07-03 05:00:00+07:00,SKU-005,1,0.5273,0.4639,1.1367,0.8145,0,EP-005-01,SLOW_BURN,train
2026-07-03 06:00:00+07:00,SKU-005,0,1.1605,0.9816,1.1823,0.8072,0,EP-005-01,SLOW_BURN,train
2026-07-03 07:00:00+07:00,SKU-005,3,1.971,1.6052,1.2279,0.8,0,EP-005-01,SLOW_BURN,train
2026-07-03 08:00:00+07:00,SKU-005,0,2.8091,2.2058,1.2735,0.7929,0,EP-005-01,SLOW_BURN,train
2026-07-03 09:00:00+07:00,SKU-005,0,3.4311,2.6011,1.3191,0.7859,0,EP-005-01,SLOW_BURN,train
2026-07-03 10:00:00+07:00,SKU-005,4,3.9849,2.9201,1.3646,0.7789,0,EP-005-01,SLOW_BURN,train
2026-07-03 11:00:00+07:00,SKU-005,3,4.57,3.2406,1.4102,0.772,0,EP-005-01,SLOW_BURN,train
2026-07-03 12:00:00+07:00,SKU-005,11,4.9577,3.4055,1.4558,0.7651,0,EP-005-01,SLOW_BURN,train
2026-07-03 13:00:00+07:00,SKU-005,2,4.6519,3.0984,1.5014,0.7583,0,EP-005-01,SLOW_BURN,train
2026-07-03 14:00:00+07:00,SKU-005,5,4.2752,2.7636,1.547,0.7516,0,EP-005-01,SLOW_BURN,train
2026-07-03 15:00:00+07:00,SKU-005,6,4.2855,2.691,1.5925,0.7449,0,EP-005-01,SLOW_BURN,train
2026-07-03 16:00:00+07:00,SKU-005,2,4.6172,2.9089,1.5873,0.7383,0,EP-005-01,SLOW_BURN,train
2026-07-03 17:00:00+07:00,SKU-005,5,5.3676,3.3928,1.5821,0.7317,0,EP-005-01,SLOW_BURN,train
2026-07-03 18:00:00+07:00,SKU-005,5,6.3679,4.0383,1.5769,0.7252,0,EP-005-01,SLOW_BURN,train
2026-07-03 19:00:00+07:00,SKU-005,5,7.4501,4.74,1.5718,0.7188,0,EP-005-01,SLOW_BURN,train
2026-07-03 20:00:00+07:00,SKU-005,11,7.7775,4.9643,1.5667,0.7124,0,EP-005-01,SLOW_BURN,train
2026-07-03 21:00:00+07:00,SKU-005,7,6.4751,4.1463,1.5616,0.7061,0,EP-005-01,SLOW_BURN,train
2026-07-03 22:00:00+07:00,SKU-005,2,4.2569,2.7346,1.5567,0.6998,0,EP-005-01,SLOW_BURN,train
2026-07-03 23:00:00+07:00,SKU-005,1,2.1681,1.3972,1.5517,0.6936,0,EP-005-01,SLOW_BURN,train
2026-07-04 00:00:00+07:00,SKU-005,1,1.2117,0.7834,1.5468,0.6874,0,EP-005-01,SLOW_BURN,train
2026-07-04 01:00:00+07:00,SKU-005,0,0.7747,0.5024,1.542,0.6813,0,EP-005-01,SLOW_BURN,train
2026-07-04 02:00:00+07:00,SKU-005,0,0.5321,0.3461,1.5371,0.6753,0,EP-005-01,SLOW_BURN,train
2026-07-04 03:00:00+07:00,SKU-005,0,0.4349,0.2838,1.5324,0.6693,0,EP-005-01,SLOW_BURN,train
2026-07-04 04:00:00+07:00,SKU-005,0,0.4827,0.316,1.5276,0.6633,0,EP-005-01,SLOW_BURN,train
2026-07-04 05:00:00+07:00,SKU-005,1,0.8679,0.5699,1.5229,0.6574,0,EP-005-01,SLOW_BURN,train
2026-07-04 06:00:00+07:00,SKU-005,3,1.8301,1.2054,1.5183,0.6516,0,EP-005-01,SLOW_BURN,train
2026-07-04 07:00:00+07:00,SKU-005,3,2.9826,1.9704,1.5137,0.6458,0,EP-005-01,SLOW_BURN,train
2026-07-04 08:00:00+07:00,SKU-005,2,4.0842,2.7063,1.5091,0.6401,0,EP-005-01,SLOW_BURN,train
2026-07-04 09:00:00+07:00,SKU-005,2,4.799,3.1895,1.5046,0.6344,0,EP-005-01,SLOW_BURN,train
2026-07-04 10:00:00+07:00,SKU-005,2,5.3681,3.5785,1.5001,0.6288,0,EP-005-01,SLOW_BURN,train
2026-07-04 11:00:00+07:00,SKU-005,8,5.9356,3.9685,1.4957,0.6232,0,EP-005-01,SLOW_BURN,train
2026-07-04 12:00:00+07:00,SKU-005,4,6.2144,4.1672,1.4913,0.6176,0,EP-005-01,SLOW_BURN,train
2026-07-04 13:00:00+07:00,SKU-005,11,5.633,3.7884,1.4869,0.6121,0,EP-005-01,SLOW_BURN,train
2026-07-04 14:00:00+07:00,SKU-005,4,5.0052,3.376,1.4826,0.6067,0,EP-005-01,SLOW_BURN,train
2026-07-04 15:00:00+07:00,SKU-005,8,4.8551,3.2842,1.4783,0.6013,0,EP-005-01,SLOW_BURN,train
2026-07-04 16:00:00+07:00,SKU-005,14,5.2279,3.5466,1.4741,0.596,0,EP-005-01,SLOW_BURN,train
2026-07-04 17:00:00+07:00,SKU-005,3,6.0738,4.1323,1.4698,0.5907,0,EP-005-01,SLOW_BURN,train
2026-07-04 18:00:00+07:00,SKU-005,8,7.2009,4.913,1.4657,0.5854,0,EP-005-01,SLOW_BURN,train
2026-07-04 19:00:00+07:00,SKU-005,28,8.4184,5.76,1.4615,0.5802,0,EP-005-01,SLOW_BURN,train
2026-07-04 20:00:00+07:00,SKU-005,8,8.7816,6.0254,1.4574,0.5751,0,EP-005-01,SLOW_BURN,train
2026-07-04 21:00:00+07:00,SKU-005,3,7.3049,5.0262,1.4534,0.57,0,EP-005-01,SLOW_BURN,train
2026-07-04 22:00:00+07:00,SKU-005,4,4.7982,3.3106,1.4493,0.5649,0,EP-005-01,SLOW_BURN,train
2026-07-04 23:00:00+07:00,SKU-005,1,2.4415,1.6892,1.4454,0.5599,0,EP-005-01,SLOW_BURN,train
2026-07-05 00:00:00+07:00,SKU-005,0,1.0983,0.762,1.4414,0.5549,0,EP-005-01,SLOW_BURN,train
2026-07-05 01:00:00+07:00,SKU-005,1,0.7015,0.488,1.4375,0.55,0,EP-005-01,SLOW_BURN,train
2026-07-05 02:00:00+07:00,SKU-005,3,0.4813,0.3357,1.4336,0.5451,0,EP-005-01,SLOW_BURN,train
2026-07-05 03:00:00+07:00,SKU-005,0,0.3929,0.2748,1.4297,0.5403,0,EP-005-01,SLOW_BURN,train
2026-07-05 04:00:00+07:00,SKU-005,0,0.4356,0.3055,1.4259,0.5355,0,EP-005-01,SLOW_BURN,train
2026-07-05 05:00:00+07:00,SKU-005,0,0.7823,0.5501,1.4221,0.5307,0,EP-005-01,SLOW_BURN,train
2026-07-05 06:00:00+07:00,SKU-005,3,1.6477,1.1617,1.4184,0.526,0,EP-005-01,SLOW_BURN,train
2026-07-05 07:00:00+07:00,SKU-005,1,2.682,1.8959,1.4147,0.5213,0,EP-005-01,SLOW_BURN,train
2026-07-05 08:00:00+07:00,SKU-005,3,3.6679,2.5996,1.411,0.5167,0,EP-005-01,SLOW_BURN,train
2026-07-05 09:00:00+07:00,SKU-005,6,4.3044,3.0585,1.4073,0.5121,0,EP-005-01,SLOW_BURN,train
2026-07-05 10:00:00+07:00,SKU-005,7,4.8085,3.4255,1.4037,0.5075,0,EP-005-01,SLOW_BURN,train
2026-07-05 11:00:00+07:00,SKU-005,5,5.3096,3.7923,1.4001,0.503,0,EP-005-01,SLOW_BURN,train
2026-07-05 12:00:00+07:00,SKU-005,4,5.5515,3.9751,1.3966,0.4986,0,EP-005-01,SLOW_BURN,train
2026-07-05 13:00:00+07:00,SKU-005,6,5.0252,3.6073,1.393,0.4941,0,EP-005-01,SLOW_BURN,train
2026-07-05 14:00:00+07:00,SKU-005,7,4.4589,3.2089,1.3896,0.4897,0,EP-005-01,SLOW_BURN,train
2026-07-05 15:00:00+07:00,SKU-005,8,4.319,3.116,1.3861,0.4854,0,EP-005-01,SLOW_BURN,train
2026-07-05 16:00:00+07:00,SKU-005,6,4.644,3.3588,1.3827,0.4811,0,EP-005-01,SLOW_BURN,train
2026-07-05 17:00:00+07:00,SKU-005,6,5.3877,3.9062,1.3793,0.4768,0,EP-005-01,SLOW_BURN,train
2026-07-05 18:00:00+07:00,SKU-005,4,6.3783,4.6358,1.3759,0.4726,0,EP-005-01,SLOW_BURN,train
2026-07-05 19:00:00+07:00,SKU-005,15,7.446,5.4249,1.3726,0.4684,0,EP-005-01,SLOW_BURN,train
2026-07-05 20:00:00+07:00,SKU-005,3,7.7559,5.6644,1.3692,0.4642,0,EP-005-01,SLOW_BURN,train
2026-07-05 21:00:00+07:00,SKU-005,5,6.4423,4.7163,1.366,0.4601,0,EP-005-01,SLOW_BURN,train
2026-07-05 22:00:00+07:00,SKU-005,2,4.2255,3.1008,1.3627,0.456,0,EP-005-01,SLOW_BURN,train
2026-07-05 23:00:00+07:00,SKU-005,3,2.147,1.5792,1.3595,0.452,0,EP-005-01,SLOW_BURN,train
2026-07-06 00:00:00+07:00,SKU-005,1,0.8744,0.6447,1.3563,0.4479,0,EP-005-01,SLOW_BURN,train
2026-07-06 01:00:00+07:00,SKU-005,1,0.5577,0.4121,1.3531,0.444,0,EP-005-01,SLOW_BURN,train
2026-07-06 02:00:00+07:00,SKU-005,1,0.3821,0.283,1.35,0.44,0,EP-005-01,SLOW_BURN,train
2026-07-06 03:00:00+07:00,SKU-005,0,0.3115,0.2313,1.3469,0.4361,0,EP-005-01,SLOW_BURN,train
2026-07-06 04:00:00+07:00,SKU-005,0,0.3448,0.2566,1.3438,0.4322,0,EP-005-01,SLOW_BURN,train
2026-07-06 05:00:00+07:00,SKU-005,2,0.6185,0.4613,1.3408,0.4284,0,EP-005-01,SLOW_BURN,train
2026-07-06 06:00:00+07:00,SKU-005,1,1.3008,0.9724,1.3377,0.4246,0,EP-005-01,SLOW_BURN,train
2026-07-06 07:00:00+07:00,SKU-005,4,2.1144,1.5842,1.3347,0.4208,0,EP-005-01,SLOW_BURN,train
2026-07-06 08:00:00+07:00,SKU-005,1,2.8879,2.1685,1.3318,0.4171,0,EP-005-01,SLOW_BURN,train
2026-07-06 09:00:00+07:00,SKU-005,0,3.3846,2.5471,1.3288,0.4134,0,EP-005-01,SLOW_BURN,train
2026-07-06 10:00:00+07:00,SKU-005,1,3.7761,2.848,1.3259,0.4097,0,EP-005-01,SLOW_BURN,train
2026-07-06 11:00:00+07:00,SKU-005,1,4.1645,3.1478,1.323,0.4061,0,EP-005-01,SLOW_BURN,train
2026-07-06 12:00:00+07:00,SKU-005,3,4.3489,3.2943,1.3201,0.4025,0,EP-005-01,SLOW_BURN,train
2026-07-06 13:00:00+07:00,SKU-005,8,3.9319,2.9849,1.3173,0.3989,0,EP-005-01,SLOW_BURN,train
2026-07-06 14:00:00+07:00,SKU-005,6,3.4849,2.6512,1.3145,0.3953,0,EP-005-01,SLOW_BURN,train
2026-07-06 15:00:00+07:00,SKU-005,3,3.3718,2.5706,1.3117,0.3918,0,EP-005-01,SLOW_BURN,train
2026-07-06 16:00:00+07:00,SKU-005,5,3.6216,2.7669,1.3089,0.3883,0,EP-005-01,SLOW_BURN,train
2026-07-06 17:00:00+07:00,SKU-005,5,4.1972,3.2134,1.3062,0.3849,0,EP-005-01,SLOW_BURN,train
2026-07-06 18:00:00+07:00,SKU-005,3,4.964,3.8084,1.3034,0.3815,0,EP-005-01,SLOW_BURN,train
2026-07-06 19:00:00+07:00,SKU-005,2,5.7894,4.4509,1.3007,0.3781,0,EP-005-01,SLOW_BURN,train
2026-07-06 20:00:00+07:00,SKU-005,11,6.025,4.6415,1.2981,0.3747,0,EP-005-01,SLOW_BURN,train
2026-07-06 21:00:00+07:00,SKU-005,3,5.0003,3.86,1.2954,0.3714,0,EP-005-01,SLOW_BURN,train
2026-07-06 22:00:00+07:00,SKU-005,6,3.277,2.5348,1.2928,0.3681,0,EP-005-01,SLOW_BURN,train
2026-07-06 23:00:00+07:00,SKU-005,1,1.6638,1.2896,1.2902,0.3648,0,EP-005-01,SLOW_BURN,train
2026-07-07 00:00:00+07:00,SKU-005,3,0.7498,0.5823,1.2876,0.3616,0,EP-005-01,SLOW_BURN,train
2026-07-07 01:00:00+07:00,SKU-005,0,0.4779,0.3719,1.2851,0.3584,0,EP-005-01,SLOW_BURN,train
2026-07-07 02:00:00+07:00,SKU-005,0,0.3272,0.2551,1.2825,0.3552,0,EP-005-01,SLOW_BURN,train
2026-07-07 03:00:00+07:00,SKU-005,1,0.2666,0.2083,1.28,0.352,0,EP-005-02,TRUE_SURGE,train
2026-07-07 04:00:00+07:00,SKU-005,1,0.295,0.2309,1.2775,0.3489,0,EP-005-02,TRUE_SURGE,train
2026-07-07 05:00:00+07:00,SKU-005,0,0.5289,0.4148,1.2751,0.3458,0,EP-005-02,TRUE_SURGE,train
2026-07-07 06:00:00+07:00,SKU-005,1,1.1121,0.8738,1.2726,0.375,0,EP-005-02,TRUE_SURGE,train
2026-07-07 07:00:00+07:00,SKU-005,4,1.8071,1.4227,1.2702,0.5,0,EP-005-02,TRUE_SURGE,train
2026-07-07 08:00:00+07:00,SKU-005,7,2.4676,1.9464,1.2678,0.625,3,EP-005-02,TRUE_SURGE,train
2026-07-07 09:00:00+07:00,SKU-005,2,2.8916,2.2851,1.2654,0.75,2,EP-005-02,TRUE_SURGE,train
2026-07-07 10:00:00+07:00,SKU-005,4,3.2258,2.554,1.2631,0.875,4,EP-005-02,TRUE_SURGE,train
2026-07-07 11:00:00+07:00,SKU-005,6,3.5575,2.8218,1.2607,1.0,6,EP-005-02,TRUE_SURGE,train
2026-07-07 12:00:00+07:00,SKU-005,4,3.7153,2.9523,1.2584,0.9889,4,EP-005-02,TRUE_SURGE,train
2026-07-07 13:00:00+07:00,SKU-005,5,3.3594,2.6744,1.2561,0.978,5,EP-005-02,TRUE_SURGE,train
2026-07-07 14:00:00+07:00,SKU-005,2,2.978,2.3751,1.2538,0.9672,0,EP-005-02,TRUE_SURGE,train
2026-07-07 15:00:00+07:00,SKU-005,6,2.8821,2.3028,1.2516,0.9565,0,EP-005-02,TRUE_SURGE,train
2026-07-07 16:00:00+07:00,SKU-005,5,3.0967,2.4786,1.2493,0.9459,0,EP-005-02,TRUE_SURGE,train
2026-07-07 17:00:00+07:00,SKU-005,3,3.5903,2.8788,1.2471,0.9355,0,EP-005-02,TRUE_SURGE,train
2026-07-07 18:00:00+07:00,SKU-005,2,4.2482,3.4124,1.2449,0.9251,0,EP-005-02,TRUE_SURGE,train
2026-07-07 19:00:00+07:00,SKU-005,5,4.9573,3.989,1.2428,0.9149,0,EP-005-02,TRUE_SURGE,train
2026-07-07 20:00:00+07:00,SKU-005,0,5.1622,4.161,1.2406,0.9048,0,EP-005-02,TRUE_SURGE,train
2026-07-07 21:00:00+07:00,SKU-005,9,4.2872,3.4617,1.2385,0.8948,0,EP-005-02,TRUE_SURGE,train
2026-07-07 22:00:00+07:00,SKU-005,2,2.8118,2.2743,1.2363,0.8849,0,EP-005-02,TRUE_SURGE,train
2026-07-07 23:00:00+07:00,SKU-005,1,1.4288,1.1576,1.2342,0.8751,0,EP-005-02,TRUE_SURGE,train
2026-07-08 00:00:00+07:00,SKU-005,2,0.6705,0.5441,1.2322,0.8654,0,EP-005-02,TRUE_SURGE,train
2026-07-08 01:00:00+07:00,SKU-005,0,0.4278,0.3477,1.2301,0.8558,0,EP-005-02,TRUE_SURGE,train
2026-07-08 02:00:00+07:00,SKU-005,0,0.2932,0.2387,1.2281,0.8464,0,EP-005-02,TRUE_SURGE,train
2026-07-08 03:00:00+07:00,SKU-005,0,0.2392,0.1951,1.226,0.837,0,EP-005-02,TRUE_SURGE,train
2026-07-08 04:00:00+07:00,SKU-005,0,0.265,0.2165,1.224,0.8278,0,EP-005-02,TRUE_SURGE,train
2026-07-08 05:00:00+07:00,SKU-005,1,0.4756,0.3892,1.222,0.8186,0,EP-005-02,TRUE_SURGE,train
2026-07-08 06:00:00+07:00,SKU-005,1,1.1926,0.8207,1.4531,0.8096,0,EP-005-02,TRUE_SURGE,train
2026-07-08 07:00:00+07:00,SKU-005,7,2.5499,1.3377,1.9061,0.8006,0,EP-005-02,TRUE_SURGE,train
2026-07-08 08:00:00+07:00,SKU-005,3,4.3226,1.8322,2.3592,0.7918,0,EP-005-02,TRUE_SURGE,train
2026-07-08 09:00:00+07:00,SKU-005,5,6.0567,2.1537,2.8123,0.783,0,EP-005-02,TRUE_SURGE,train
2026-07-08 10:00:00+07:00,SKU-005,7,7.8701,2.4102,3.2653,0.7743,0,EP-005-02,TRUE_SURGE,train
2026-07-08 11:00:00+07:00,SKU-005,13,9.9152,2.6665,3.7184,0.7658,0,EP-005-02,TRUE_SURGE,train
2026-07-08 12:00:00+07:00,SKU-005,16,11.6542,2.7938,4.1714,0.7573,0,EP-005-02,TRUE_SURGE,train
2026-07-08 13:00:00+07:00,SKU-005,13,11.7209,2.5345,4.6245,0.7489,0,EP-005-02,TRUE_SURGE,train
2026-07-08 14:00:00+07:00,SKU-005,11,10.3345,2.2543,4.5844,0.7407,0,EP-005-02,TRUE_SURGE,train
2026-07-08 15:00:00+07:00,SKU-005,11,9.9487,2.189,4.5448,0.7325,0,EP-005-02,TRUE_SURGE,train
2026-07-08 16:00:00+07:00,SKU-005,11,10.6334,2.3601,4.5056,0.7244,0,EP-005-02,TRUE_SURGE,train
2026-07-08 17:00:00+07:00,SKU-005,17,12.2646,2.7457,4.4668,0.7164,12,EP-005-02,TRUE_SURGE,train
2026-07-08 18:00:00+07:00,SKU-005,10,14.4376,3.2602,4.4285,0.7084,10,EP-005-02,TRUE_SURGE,train
2026-07-08 19:00:00+07:00,SKU-005,29,16.7622,3.8177,4.3906,0.7006,29,EP-005-02,TRUE_SURGE,train
2026-07-08 20:00:00+07:00,SKU-005,26,17.3672,3.9896,4.3531,0.6929,26,EP-005-02,TRUE_SURGE,train
2026-07-08 21:00:00+07:00,SKU-005,16,14.3516,3.3252,4.316,0.6852,16,EP-005-02,TRUE_SURGE,train
2026-07-08 22:00:00+07:00,SKU-005,12,9.3664,2.1887,4.2794,0.6776,12,EP-005-02,TRUE_SURGE,train
2026-07-08 23:00:00+07:00,SKU-005,3,4.7362,1.1162,4.2431,0.6701,3,EP-005-02,TRUE_SURGE,train
2026-07-09 00:00:00+07:00,SKU-005,3,2.3548,0.5597,4.2072,0.6627,3,EP-005-02,TRUE_SURGE,train
2026-07-09 01:00:00+07:00,SKU-005,2,1.4952,0.3584,4.1718,0.6554,2,EP-005-02,TRUE_SURGE,train
2026-07-09 02:00:00+07:00,SKU-005,2,1.0199,0.2465,4.1367,0.6481,2,EP-005-02,TRUE_SURGE,train
2026-07-09 03:00:00+07:00,SKU-005,0,0.828,0.2019,4.102,0.641,0,EP-005-02,TRUE_SURGE,train
2026-07-09 04:00:00+07:00,SKU-005,1,0.913,0.2245,4.0677,0.6339,1,EP-005-02,TRUE_SURGE,train
2026-07-09 05:00:00+07:00,SKU-005,3,1.6312,0.4044,4.0338,0.6269,3,EP-005-02,TRUE_SURGE,train
2026-07-09 06:00:00+07:00,SKU-005,2,3.4182,0.8545,4.0003,0.62,2,EP-005-02,TRUE_SURGE,train
2026-07-09 07:00:00+07:00,SKU-005,7,5.5364,1.3956,3.9671,0.6131,7,EP-005-02,TRUE_SURGE,train
2026-07-09 08:00:00+07:00,SKU-005,9,7.5358,1.9154,3.9343,0.6063,9,EP-005-02,TRUE_SURGE,train
2026-07-09 09:00:00+07:00,SKU-005,6,8.8029,2.2561,3.9018,0.5996,6,EP-005-02,TRUE_SURGE,train
2026-07-09 10:00:00+07:00,SKU-005,1,9.7905,2.53,3.8697,0.593,1,EP-005-02,TRUE_SURGE,train
2026-07-09 11:00:00+07:00,SKU-005,11,10.7649,2.8048,3.838,0.5864,11,EP-005-02,TRUE_SURGE,train
2026-07-09 12:00:00+07:00,SKU-005,12,11.2093,2.9447,3.8066,0.5799,12,EP-005-02,TRUE_SURGE,train
2026-07-09 13:00:00+07:00,SKU-005,16,10.1066,2.6768,3.7756,0.5735,16,EP-005-02,TRUE_SURGE,train
2026-07-09 14:00:00+07:00,SKU-005,5,8.9339,2.3856,3.7449,0.5672,5,EP-005-02,TRUE_SURGE,train
2026-07-09 15:00:00+07:00,SKU-005,10,8.6222,2.3212,3.7145,0.5609,10,EP-005-02,TRUE_SURGE,train
2026-07-09 16:00:00+07:00,SKU-005,13,9.2388,2.5074,3.6845,0.5547,13,EP-005-02,TRUE_SURGE,train
2026-07-09 17:00:00+07:00,SKU-005,7,10.6825,2.9228,3.6548,0.5486,7,EP-005-02,TRUE_SURGE,train
2026-07-09 18:00:00+07:00,SKU-005,8,12.6063,3.4771,3.6255,0.5425,8,EP-005-02,TRUE_SURGE,train
2026-07-09 19:00:00+07:00,SKU-005,22,14.6716,4.0795,3.5965,0.5365,22,EP-005-02,TRUE_SURGE,train
2026-07-09 20:00:00+07:00,SKU-005,14,15.2377,4.271,3.5678,0.5306,14,EP-005-02,TRUE_SURGE,train
2026-07-09 21:00:00+07:00,SKU-005,7,12.6218,3.5661,3.5394,0.5247,7,EP-005-02,TRUE_SURGE,train
2026-07-09 22:00:00+07:00,SKU-005,5,8.2566,2.3515,3.5113,0.5189,5,EP-005-02,TRUE_SURGE,train
2026-07-09 23:00:00+07:00,SKU-005,6,4.1846,1.2012,3.4835,0.5132,6,EP-005-02,TRUE_SURGE,train
2026-07-10 00:00:00+07:00,SKU-005,1,2.2451,0.6496,3.4561,0.5075,0,EP-005-02,TRUE_SURGE,train
2026-07-10 01:00:00+07:00,SKU-005,4,1.4286,0.4166,3.4289,0.5019,0,EP-005-02,TRUE_SURGE,train
2026-07-10 02:00:00+07:00,SKU-005,1,0.9766,0.2871,3.402,0.4963,0,EP-005-02,TRUE_SURGE,train
2026-07-10 03:00:00+07:00,SKU-005,1,0.7945,0.2354,3.3755,0.4909,0,EP-005-02,TRUE_SURGE,train
2026-07-10 04:00:00+07:00,SKU-005,0,0.8779,0.2621,3.3492,0.4854,0,EP-005-02,TRUE_SURGE,train
2026-07-10 05:00:00+07:00,SKU-005,2,1.5715,0.4729,3.3232,0.4801,0,EP-005-02,TRUE_SURGE,train
2026-07-10 06:00:00+07:00,SKU-005,5,3.2996,1.0006,3.2975,0.4747,0,EP-005-02,TRUE_SURGE,train
2026-07-10 07:00:00+07:00,SKU-005,6,5.3543,1.6363,3.2721,0.4695,0,EP-005-02,TRUE_SURGE,train
2026-07-10 08:00:00+07:00,SKU-005,13,7.3012,2.2486,3.247,0.4643,0,EP-005-02,TRUE_SURGE,train
2026-07-10 09:00:00+07:00,SKU-005,7,8.5439,2.6516,3.2222,0.4592,0,EP-005-02,TRUE_SURGE,train
2026-07-10 10:00:00+07:00,SKU-005,5,9.5185,2.9768,3.1976,0.4541,0,EP-005-02,TRUE_SURGE,train
2026-07-10 11:00:00+07:00,SKU-005,6,10.4829,3.3035,3.1733,0.4491,0,EP-005-02,TRUE_SURGE,train
2026-07-10 12:00:00+07:00,SKU-005,12,10.9327,3.4715,3.1493,0.4441,0,EP-005-02,TRUE_SURGE,train
2026-07-10 13:00:00+07:00,SKU-005,3,9.8719,3.1585,3.1255,0.4392,0,EP-005-02,TRUE_SURGE,train
2026-07-10 14:00:00+07:00,SKU-005,14,8.7389,2.8172,3.102,0.4343,0,EP-005-02,TRUE_SURGE,train
2026-07-10 15:00:00+07:00,SKU-005,6,8.4454,2.7431,3.0788,0.4295,0,EP-005-02,TRUE_SURGE,train
2026-07-10 16:00:00+07:00,SKU-005,6,9.061,2.9652,3.0558,0.4248,0,EP-005-02,TRUE_SURGE,train
2026-07-10 17:00:00+07:00,SKU-005,6,10.4898,3.4585,3.033,0.4201,0,EP-005-02,TRUE_SURGE,train
2026-07-10 18:00:00+07:00,SKU-005,12,12.393,4.1165,3.0106,0.4154,0,EP-005-02,TRUE_SURGE,train
2026-07-10 19:00:00+07:00,SKU-005,12,14.4389,4.8318,2.9883,0.4109,0,EP-005-02,TRUE_SURGE,train
2026-07-10 20:00:00+07:00,SKU-005,2,15.0111,5.0605,2.9663,0.4063,0,EP-005-02,TRUE_SURGE,train
2026-07-10 21:00:00+07:00,SKU-005,4,12.4457,4.2266,2.9446,0.4018,0,EP-005-02,TRUE_SURGE,train
2026-07-10 22:00:00+07:00,SKU-005,10,8.1484,2.7876,2.9231,0.3974,0,EP-005-02,TRUE_SURGE,train
2026-07-10 23:00:00+07:00,SKU-005,3,4.133,1.4243,2.9018,0.393,0,EP-005-02,TRUE_SURGE,train
2026-07-11 00:00:00+07:00,SKU-005,1,2.3004,0.7985,2.8808,0.3886,0,EP-005-02,TRUE_SURGE,train
2026-07-11 01:00:00+07:00,SKU-005,1,1.4648,0.5122,2.86,0.3843,0,EP-005-02,TRUE_SURGE,train
2026-07-11 02:00:00+07:00,SKU-005,0,1.0019,0.3528,2.8394,0.3801,0,EP-005-02,TRUE_SURGE,train
2026-07-11 03:00:00+07:00,SKU-005,0,0.8155,0.2893,2.8191,0.3759,0,EP-005-02,TRUE_SURGE,train
2026-07-11 04:00:00+07:00,SKU-005,0,0.9015,0.3221,2.799,0.3717,0,EP-005-02,TRUE_SURGE,train
2026-07-11 05:00:00+07:00,SKU-005,1,1.6144,0.5809,2.7791,0.3676,0,EP-005-02,TRUE_SURGE,train
2026-07-11 06:00:00+07:00,SKU-005,1,3.3905,1.2287,2.7594,0.3636,0,EP-005-02,TRUE_SURGE,train
2026-07-11 07:00:00+07:00,SKU-005,6,5.5032,2.0085,2.74,0.3595,0,EP-005-02,TRUE_SURGE,train
2026-07-11 08:00:00+07:00,SKU-005,2,7.5055,2.7586,2.7207,0.3556,0,EP-005-02,TRUE_SURGE,train
2026-07-11 09:00:00+07:00,SKU-005,8,8.7838,3.2512,2.7017,0.3516,0,EP-005-02,TRUE_SURGE,train
2026-07-11 10:00:00+07:00,SKU-005,7,9.7862,3.6476,2.6829,0.3477,7,EP-005-02,TRUE_SURGE,train
2026-07-11 11:00:00+07:00,SKU-005,15,10.7775,4.0452,2.6643,0.3439,15,EP-005-02,TRUE_SURGE,train
2026-07-11 12:00:00+07:00,SKU-005,8,11.239,4.2477,2.6459,0.3401,8,EP-005-02,TRUE_SURGE,train
2026-07-11 13:00:00+07:00,SKU-005,16,10.147,3.8616,2.6277,0.3363,16,EP-005-02,TRUE_SURGE,train
2026-07-11 14:00:00+07:00,SKU-005,6,8.9806,3.4413,2.6097,0.3326,0,EP-005-02,TRUE_SURGE,train
2026-07-11 15:00:00+07:00,SKU-005,10,8.6768,3.3477,2.5919,0.3289,0,EP-005-02,TRUE_SURGE,train
2026-07-11 16:00:00+07:00,SKU-005,14,9.3063,3.6151,2.5743,0.3253,0,EP-005-02,TRUE_SURGE,train
2026-07-11 17:00:00+07:00,SKU-005,10,10.7698,4.2121,2.5569,0.3217,0,EP-005-02,TRUE_SURGE,train
2026-07-11 18:00:00+07:00,SKU-005,8,12.7184,5.0079,2.5397,0.3181,0,EP-005-02,TRUE_SURGE,train
2026-07-11 19:00:00+07:00,SKU-005,15,14.811,5.8713,2.5226,0.3146,0,EP-005-02,TRUE_SURGE,train
2026-07-11 20:00:00+07:00,SKU-005,17,15.3899,6.1417,2.5058,0.3111,0,EP-005-02,TRUE_SURGE,train
2026-07-11 21:00:00+07:00,SKU-005,6,12.7524,5.1232,2.4891,0.3077,0,EP-005-02,TRUE_SURGE,train
2026-07-11 22:00:00+07:00,SKU-005,14,8.3441,3.3745,2.4727,0.3043,0,EP-005-02,TRUE_SURGE,train
2026-07-11 23:00:00+07:00,SKU-005,3,4.2295,1.7218,2.4564,0.3009,0,EP-005-02,TRUE_SURGE,train
2026-07-12 00:00:00+07:00,SKU-005,0,1.8953,0.7767,2.4403,0.2976,0,EP-005-02,TRUE_SURGE,train
2026-07-12 01:00:00+07:00,SKU-005,0,1.2059,0.4974,2.4244,0.2943,0,EP-005-02,TRUE_SURGE,train
2026-07-12 02:00:00+07:00,SKU-005,2,0.8242,0.3422,2.4086,0.2911,0,EP-005-02,TRUE_SURGE,train
2026-07-12 03:00:00+07:00,SKU-005,2,0.6703,0.2801,2.393,0.2878,0,EP-005-02,TRUE_SURGE,train
2026-07-12 04:00:00+07:00,SKU-005,0,0.7404,0.3114,2.3776,0.2847,0,EP-005-02,TRUE_SURGE,train
2026-07-12 05:00:00+07:00,SKU-005,1,1.3247,0.5607,2.3624,0.2815,0,EP-005-02,TRUE_SURGE,train
2026-07-12 06:00:00+07:00,SKU-005,2,2.7795,1.1841,2.3473,0.2784,0,EP-005-02,TRUE_SURGE,train
2026-07-12 07:00:00+07:00,SKU-005,4,4.5073,1.9324,2.3324,0.2753,0,EP-005-02,TRUE_SURGE,train
2026-07-12 08:00:00+07:00,SKU-005,9,8.6507,3.7324,2.3177,0.2723,0,EP-005-02,TRUE_SURGE,train
2026-07-12 09:00:00+07:00,SKU-005,0,10.114,4.3914,2.3031,0.2693,0,EP-005-02,TRUE_SURGE,train
2026-07-12 10:00:00+07:00,SKU-005,20,11.2568,4.9183,2.2887,0.2663,0,EP-005-02,TRUE_SURGE,train
2026-07-12 11:00:00+07:00,SKU-005,10,12.3842,5.4448,2.2745,0.2634,0,EP-005-02,TRUE_SURGE,train
2026-07-12 12:00:00+07:00,SKU-005,10,12.9009,5.7074,2.2604,0.2604,0,EP-005-02,TRUE_SURGE,train
2026-07-12 13:00:00+07:00,SKU-005,7,11.635,5.1793,2.2465,0.2576,0,EP-005-02,TRUE_SURGE,train
2026-07-12 14:00:00+07:00,SKU-005,12,10.2864,4.6072,2.2327,0.2547,7,EP-005-02,TRUE_SURGE,train
2026-07-12 15:00:00+07:00,SKU-005,12,9.9275,4.4738,2.219,0.2519,12,EP-005-02,TRUE_SURGE,train
2026-07-12 16:00:00+07:00,SKU-005,4,10.6361,4.8224,2.2056,0.2491,4,EP-005-02,TRUE_SURGE,train
2026-07-12 17:00:00+07:00,SKU-005,19,12.2949,5.6084,2.1922,0.2464,19,EP-005-02,TRUE_SURGE,train
2026-07-12 18:00:00+07:00,SKU-005,4,14.5033,6.6558,2.179,0.2436,4,EP-005-02,TRUE_SURGE,train
2026-07-12 19:00:00+07:00,SKU-005,8,16.8707,7.7888,2.166,0.2409,8,EP-005-02,TRUE_SURGE,train
2026-07-12 20:00:00+07:00,SKU-005,11,17.5104,8.1326,2.1531,0.2383,11,EP-005-02,TRUE_SURGE,train
2026-07-12 21:00:00+07:00,SKU-005,13,14.4933,6.7714,2.1404,0.2356,13,EP-005-02,TRUE_SURGE,train
2026-07-12 22:00:00+07:00,SKU-005,6,9.4727,4.4519,2.1278,0.233,6,EP-005-02,TRUE_SURGE,train
2026-07-12 23:00:00+07:00,SKU-005,4,4.7961,2.2674,2.1153,0.2305,4,EP-005-02,TRUE_SURGE,train
2026-07-13 00:00:00+07:00,SKU-005,2,1.9465,0.9256,2.103,0.2279,2,EP-005-02,TRUE_SURGE,train
2026-07-13 01:00:00+07:00,SKU-005,2,1.2371,0.5917,2.0908,0.2254,2,EP-005-02,TRUE_SURGE,train
2026-07-13 02:00:00+07:00,SKU-005,2,0.8446,0.4063,2.0787,0.2229,2,EP-005-02,TRUE_SURGE,train
2026-07-13 03:00:00+07:00,SKU-005,0,0.6862,0.332,2.0668,0.2204,0,EP-005-02,TRUE_SURGE,train
2026-07-13 04:00:00+07:00,SKU-005,2,0.7571,0.3684,2.055,0.218,2,EP-005-02,TRUE_SURGE,train
2026-07-13 05:00:00+07:00,SKU-005,1,1.3532,0.6623,2.0433,0.2156,1,EP-005-02,TRUE_SURGE,train
2026-07-13 06:00:00+07:00,SKU-005,2,2.8365,1.3961,2.0318,0.2132,2,EP-005-02,TRUE_SURGE,train
2026-07-13 07:00:00+07:00,SKU-005,7,4.5952,2.2744,2.0204,0.2108,7,EP-005-02,TRUE_SURGE,train
2026-07-13 08:00:00+07:00,SKU-005,7,6.2549,3.1133,2.0091,0.2085,7,EP-005-02,TRUE_SURGE,train
2026-07-13 09:00:00+07:00,SKU-005,9,7.3062,3.6569,1.9979,0.2062,9,EP-005-02,TRUE_SURGE,train
2026-07-13 10:00:00+07:00,SKU-005,8,8.1242,4.0889,1.9869,0.2039,8,EP-005-02,TRUE_SURGE,train
2026-07-13 11:00:00+07:00,SKU-005,9,8.93,4.5193,1.976,0.2017,9,EP-005-02,TRUE_SURGE,train
2026-07-13 12:00:00+07:00,SKU-005,3,9.2947,4.7297,1.9652,0.1994,3,EP-005-02,TRUE_SURGE,train
2026-07-13 13:00:00+07:00,SKU-005,6,8.3759,4.2854,1.9545,0.1972,6,EP-005-02,TRUE_SURGE,train
2026-07-13 14:00:00+07:00,SKU-005,10,7.3992,3.8063,1.944,0.1951,0,EP-005-02,TRUE_SURGE,train
2026-07-13 15:00:00+07:00,SKU-005,8,7.1358,3.6906,1.9335,0.1929,0,EP-005-02,TRUE_SURGE,train
2026-07-13 16:00:00+07:00,SKU-005,3,7.6398,3.9724,1.9232,0.1908,0,EP-005-02,TRUE_SURGE,train
2026-07-13 17:00:00+07:00,SKU-005,7,8.8255,4.6135,1.913,0.1887,0,EP-005-02,TRUE_SURGE,train
2026-07-13 18:00:00+07:00,SKU-005,15,10.4044,5.4677,1.9029,0.1866,0,EP-005-02,TRUE_SURGE,train
2026-07-13 19:00:00+07:00,SKU-005,2,12.0958,6.3901,1.8929,0.1845,0,EP-005-02,TRUE_SURGE,train
2026-07-13 20:00:00+07:00,SKU-005,5,12.548,6.6637,1.883,0.1825,0,EP-005-02,TRUE_SURGE,train
2026-07-13 21:00:00+07:00,SKU-005,10,10.381,5.5417,1.8733,0.1804,0,EP-005-02,TRUE_SURGE,train
2026-07-13 22:00:00+07:00,SKU-005,9,6.7821,3.6392,1.8636,0.1785,0,EP-005-02,TRUE_SURGE,train
2026-07-13 23:00:00+07:00,SKU-005,1,3.4326,1.8514,1.8541,0.1765,0,EP-005-02,TRUE_SURGE,train
2026-07-14 00:00:00+07:00,SKU-005,1,1.5421,0.836,1.8446,0.1745,0,EP-005-02,TRUE_SURGE,train
2026-07-14 01:00:00+07:00,SKU-005,0,0.9798,0.5339,1.8353,0.1726,0,EP-005-02,TRUE_SURGE,train
2026-07-14 02:00:00+07:00,SKU-005,1,0.6688,0.3663,1.8261,0.1707,0,EP-005-02,TRUE_SURGE,train
2026-07-14 03:00:00+07:00,SKU-005,0,0.5433,0.299,1.8169,0.1688,0,EP-005-02,TRUE_SURGE,train
2026-07-14 04:00:00+07:00,SKU-005,0,0.5994,0.3316,1.8079,0.1669,0,EP-005-02,TRUE_SURGE,train
2026-07-14 05:00:00+07:00,SKU-005,0,1.0713,0.5955,1.799,0.1651,0,EP-005-02,TRUE_SURGE,train
2026-07-14 06:00:00+07:00,SKU-005,1,2.2458,1.2545,1.7901,0.1633,0,EP-005-02,TRUE_SURGE,train
2026-07-14 07:00:00+07:00,SKU-005,1,3.6385,2.0425,1.7814,0.1615,0,EP-005-02,TRUE_SURGE,train
2026-07-14 08:00:00+07:00,SKU-005,1,4.9536,2.7943,1.7727,0.1597,0,EP-005-02,TRUE_SURGE,train
2026-07-14 09:00:00+07:00,SKU-005,8,5.7876,3.2806,1.7642,0.1579,0,EP-005-02,TRUE_SURGE,train
2026-07-14 10:00:00+07:00,SKU-005,6,6.4376,3.6666,1.7557,0.1562,0,EP-005-02,TRUE_SURGE,train
2026-07-14 11:00:00+07:00,SKU-005,6,7.0788,4.0511,1.7474,0.1544,0,EP-005-02,TRUE_SURGE,train
2026-07-14 12:00:00+07:00,SKU-005,2,7.3712,4.2385,1.7391,0.1527,0,EP-005-02,TRUE_SURGE,train
2026-07-14 13:00:00+07:00,SKU-005,12,6.646,3.8395,1.731,0.151,0,EP-005-02,TRUE_SURGE,train
2026-07-14 14:00:00+07:00,SKU-005,3,5.8745,3.4097,1.7229,0.1494,0,EP-005-02,TRUE_SURGE,train
2026-07-14 15:00:00+07:00,SKU-005,7,5.6692,3.3059,1.7149,0.1477,0,EP-005-02,TRUE_SURGE,train
2026-07-14 16:00:00+07:00,SKU-005,5,6.074,3.5584,1.707,0.1461,0,EP-005-02,TRUE_SURGE,train
2026-07-14 17:00:00+07:00,SKU-005,15,7.0224,4.1329,1.6992,0.1445,0,EP-005-02,TRUE_SURGE,train
2026-07-14 18:00:00+07:00,SKU-005,6,8.286,4.8988,1.6914,0.1429,0,EP-005-02,TRUE_SURGE,train
2026-07-14 19:00:00+07:00,SKU-005,11,9.6423,5.7266,1.6838,0.1413,0,EP-005-02,TRUE_SURGE,train
2026-07-14 20:00:00+07:00,SKU-005,15,10.013,5.9736,1.6762,0.1397,0,EP-005-02,TRUE_SURGE,train
2026-07-14 21:00:00+07:00,SKU-005,12,8.293,4.9696,1.6687,0.1382,0,EP-005-02,TRUE_SURGE,train
2026-07-14 22:00:00+07:00,SKU-005,4,5.4243,3.265,1.6613,0.1367,0,EP-005-02,TRUE_SURGE,train
2026-07-14 23:00:00+07:00,SKU-005,3,2.7488,1.6619,1.654,0.1351,0,EP-005-02,TRUE_SURGE,train
2026-07-15 00:00:00+07:00,SKU-005,1,1.2864,0.7812,1.6468,0.1337,0,EP-005-02,TRUE_SURGE,train
2026-07-15 01:00:00+07:00,SKU-005,0,0.8185,0.4992,1.6397,0.1322,0,EP-005-02,TRUE_SURGE,train
2026-07-15 02:00:00+07:00,SKU-005,0,0.5595,0.3427,1.6326,0.1307,0,EP-005-02,TRUE_SURGE,train
2026-07-15 03:00:00+07:00,SKU-005,0,0.4552,0.28,1.6256,0.1293,0,EP-005-02,TRUE_SURGE,train
2026-07-15 04:00:00+07:00,SKU-005,0,0.3571,0.2206,1.6187,0.1278,0,EP-005-02,TRUE_SURGE,train
2026-07-15 05:00:00+07:00,SKU-005,2,0.6393,0.3967,1.6118,0.1264,0,EP-005-02,TRUE_SURGE,train
2026-07-15 06:00:00+07:00,SKU-005,1,1.3425,0.8364,1.6051,0.125,0,EP-005-02,TRUE_SURGE,train
2026-07-15 07:00:00+07:00,SKU-005,0,2.1791,1.3633,1.5984,0.1236,0,EP-005-02,TRUE_SURGE,train
2026-07-15 08:00:00+07:00,SKU-005,4,2.9722,1.8673,1.5918,0.1223,0,EP-005-02,TRUE_SURGE,train
2026-07-15 09:00:00+07:00,SKU-005,2,3.4793,2.1949,1.5852,0.1209,0,EP-005-02,TRUE_SURGE,train
2026-07-15 10:00:00+07:00,SKU-005,0,3.8778,2.4563,1.5787,0.1196,0,EP-005-02,TRUE_SURGE,train
2026-07-15 11:00:00+07:00,SKU-005,7,4.2729,2.7175,1.5723,0.1183,0,EP-005-02,TRUE_SURGE,train
2026-07-15 12:00:00+07:00,SKU-005,4,4.4588,2.8472,1.566,0.117,0,EP-005-02,TRUE_SURGE,train
2026-07-15 13:00:00+07:00,SKU-005,2,4.0288,2.583,1.5598,0.1157,0,EP-005-02,TRUE_SURGE,train
2026-07-15 14:00:00+07:00,SKU-005,8,3.5691,2.2974,1.5536,0.1144,0,EP-005-02,TRUE_SURGE,train
2026-07-15 15:00:00+07:00,SKU-005,10,3.4521,2.2309,1.5474,0.1131,0,EP-005-02,TRUE_SURGE,train
2026-07-15 16:00:00+07:00,SKU-005,2,3.7073,2.4052,1.5414,0.1119,0,EP-005-02,TRUE_SURGE,train
2026-07-15 17:00:00+07:00,SKU-005,10,4.2963,2.7982,1.5354,0.1106,0,EP-005-02,TRUE_SURGE,train
2026-07-15 18:00:00+07:00,SKU-005,2,5.0816,3.3225,1.5295,0.1094,0,EP-005-02,TRUE_SURGE,train
2026-07-15 19:00:00+07:00,SKU-005,8,5.9279,3.8907,1.5236,0.1082,0,EP-005-02,TRUE_SURGE,train
2026-07-15 20:00:00+07:00,SKU-005,7,6.1712,4.0658,1.5178,0.107,0,EP-005-02,TRUE_SURGE,train
2026-07-15 21:00:00+07:00,SKU-005,4,5.1241,3.3887,1.5121,0.1058,0,EP-005-02,TRUE_SURGE,train
2026-07-15 22:00:00+07:00,SKU-005,2,3.3602,2.2305,1.5064,0.1046,0,EP-005-02,TRUE_SURGE,train
2026-07-15 23:00:00+07:00,SKU-005,2,1.7072,1.1375,1.5008,0.1035,0,EP-005-02,TRUE_SURGE,train
2026-07-16 00:00:00+07:00,SKU-005,0,0.8529,0.5704,1.4953,0.1023,0,EP-005-02,TRUE_SURGE,train
2026-07-16 01:00:00+07:00,SKU-005,0,0.5441,0.3652,1.4898,0.1012,0,EP-005-02,TRUE_SURGE,train
2026-07-16 02:00:00+07:00,SKU-005,0,0.373,0.2513,1.4844,0.1001,0,EP-005-02,TRUE_SURGE,train
2026-07-16 03:00:00+07:00,SKU-005,1,0.3043,0.2057,1.4791,0.099,0,EP-005-02,TRUE_SURGE,train
2026-07-16 04:00:00+07:00,SKU-005,0,0.3371,0.2287,1.4738,0.0979,0,EP-005-02,TRUE_SURGE,train
2026-07-16 05:00:00+07:00,SKU-005,0,0.6052,0.4121,1.4685,0.0968,0,EP-005-02,TRUE_SURGE,train
2026-07-16 06:00:00+07:00,SKU-005,4,1.2743,0.8708,1.4633,0.0957,0,EP-005-02,TRUE_SURGE,train
2026-07-16 07:00:00+07:00,SKU-005,2,2.0739,1.4222,1.4582,0.0947,0,EP-005-02,TRUE_SURGE,train
2026-07-16 08:00:00+07:00,SKU-005,3,2.8365,1.952,1.4532,0.0936,0,EP-005-02,TRUE_SURGE,train
2026-07-16 09:00:00+07:00,SKU-005,5,3.3295,2.2991,1.4481,0.0926,0,EP-005-02,TRUE_SURGE,train
2026-07-16 10:00:00+07:00,SKU-005,6,3.7209,2.5783,1.4432,0.0916,0,EP-005-02,TRUE_SURGE,train
2026-07-16 11:00:00+07:00,SKU-005,1,4.1111,2.8583,1.4383,0.0906,0,EP-005-02,TRUE_SURGE,train
2026-07-16 12:00:00+07:00,SKU-005,10,4.3015,3.0008,1.4334,0.0896,0,EP-005-02,TRUE_SURGE,train
2026-07-16 13:00:00+07:00,SKU-005,5,3.8971,2.7279,1.4286,0.0886,0,EP-005-02,TRUE_SURGE,train
2026-07-16 14:00:00+07:00,SKU-005,3,3.4616,2.4311,1.4239,0.0876,0,EP-005-02,TRUE_SURGE,train
2026-07-16 15:00:00+07:00,SKU-005,5,3.3571,2.3654,1.4192,0.0866,0,EP-005-02,TRUE_SURGE,train
2026-07-16 16:00:00+07:00,SKU-005,3,3.6146,2.5552,1.4146,0.0857,0,EP-005-02,TRUE_SURGE,train
2026-07-16 17:00:00+07:00,SKU-005,0,4.1997,2.9785,1.41,0.0847,0,EP-005-02,TRUE_SURGE,train
2026-07-16 18:00:00+07:00,SKU-005,5,4.9801,3.5434,1.4055,0.0838,0,EP-005-02,TRUE_SURGE,train
2026-07-16 19:00:00+07:00,SKU-005,11,5.8242,4.1572,1.401,0.0829,0,EP-005-02,TRUE_SURGE,train
2026-07-16 20:00:00+07:00,SKU-005,4,6.0782,4.3523,1.3966,0.0819,0,EP-005-02,TRUE_SURGE,train
2026-07-16 21:00:00+07:00,SKU-005,1,5.0592,3.634,1.3922,0.081,0,EP-005-02,TRUE_SURGE,train
2026-07-16 22:00:00+07:00,SKU-005,4,3.3256,2.3962,1.3878,0.0801,0,EP-005-02,TRUE_SURGE,train
2026-07-16 23:00:00+07:00,SKU-005,2,1.6936,1.2241,1.3835,0.0793,0,EP-005-02,TRUE_SURGE,train
2026-07-17 00:00:00+07:00,SKU-005,0,0.9131,0.662,1.3793,0.0784,0,EP-005-02,TRUE_SURGE,train
2026-07-17 01:00:00+07:00,SKU-005,0,0.5838,0.4246,1.3751,0.0775,0,EP-005-02,TRUE_SURGE,train
2026-07-17 02:00:00+07:00,SKU-005,0,0.401,0.2925,1.371,0.0767,0,EP-005-02,TRUE_SURGE,train
2026-07-17 03:00:00+07:00,SKU-005,1,0.3279,0.2399,1.3669,0.0758,0,EP-005-02,TRUE_SURGE,train
2026-07-17 04:00:00+07:00,SKU-005,1,0.364,0.2671,1.3628,0.075,0,EP-005-02,TRUE_SURGE,train
2026-07-17 05:00:00+07:00,SKU-005,0,0.6548,0.4819,1.3588,0.0741,0,EP-005-02,TRUE_SURGE,train
2026-07-17 06:00:00+07:00,SKU-005,0,1.3814,1.0196,1.3548,0.0733,0,EP-005-02,TRUE_SURGE,train
2026-07-17 07:00:00+07:00,SKU-005,0,2.2526,1.6675,1.3509,0.0725,0,EP-005-02,TRUE_SURGE,train
2026-07-17 08:00:00+07:00,SKU-005,3,3.0865,2.2914,1.347,0.0717,0,EP-005-02,TRUE_SURGE,train
2026-07-17 09:00:00+07:00,SKU-005,1,3.6293,2.702,1.3432,0.0709,0,EP-005-02,TRUE_SURGE,train
2026-07-17 10:00:00+07:00,SKU-005,6,4.0629,3.0334,1.3394,0.0701,0,EP-005-02,TRUE_SURGE,train
2026-07-17 11:00:00+07:00,SKU-005,6,4.4961,3.3663,1.3356,0.0694,0,EP-005-02,TRUE_SURGE,train
2026-07-17 12:00:00+07:00,SKU-005,4,4.7117,3.5375,1.3319,0.0686,0,EP-005-02,TRUE_SURGE,train
2026-07-17 13:00:00+07:00,SKU-005,5,4.275,3.2185,1.3283,0.0678,0,EP-005-02,TRUE_SURGE,train
2026-07-17 14:00:00+07:00,SKU-005,3,3.8026,2.8707,1.3246,0.0671,0,EP-005-02,TRUE_SURGE,train
2026-07-17 15:00:00+07:00,SKU-005,10,3.6926,2.7953,1.321,0.0663,0,EP-005-02,TRUE_SURGE,train
2026-07-17 16:00:00+07:00,SKU-005,2,3.9809,3.0216,1.3175,0.0656,0,EP-005-02,TRUE_SURGE,train
2026-07-17 17:00:00+07:00,SKU-005,5,4.6307,3.5242,1.314,0.0649,0,EP-005-02,TRUE_SURGE,train
2026-07-17 18:00:00+07:00,SKU-005,1,5.4972,4.1947,1.3105,0.0642,0,EP-005-02,TRUE_SURGE,train
2026-07-17 19:00:00+07:00,SKU-005,4,6.4354,4.9236,1.3071,0.0635,0,EP-005-02,TRUE_SURGE,train
2026-07-17 20:00:00+07:00,SKU-005,8,6.7225,5.1566,1.3037,0.0627,0,EP-005-02,TRUE_SURGE,train
2026-07-17 21:00:00+07:00,SKU-005,8,5.6003,4.3069,1.3003,0.0621,0,EP-005-02,TRUE_SURGE,train
2026-07-17 22:00:00+07:00,SKU-005,4,3.6842,2.8405,1.297,0.0614,0,EP-005-02,TRUE_SURGE,train
2026-07-17 23:00:00+07:00,SKU-005,1,1.8776,1.4513,1.2937,0.0607,0,EP-005-02,TRUE_SURGE,train
2026-07-18 00:00:00+07:00,SKU-005,0,1.05,0.8137,1.2905,0.06,0,EP-005-02,TRUE_SURGE,train
2026-07-18 01:00:00+07:00,SKU-005,0,0.6718,0.5219,1.2873,0.0594,0,EP-005-02,TRUE_SURGE,train
2026-07-18 02:00:00+07:00,SKU-005,1,0.4617,0.3595,1.2841,0.0587,0,EP-005-02,TRUE_SURGE,train
2026-07-18 03:00:00+07:00,SKU-005,0,0.3776,0.2948,1.2809,0.0581,0,EP-005-02,TRUE_SURGE,train
2026-07-18 04:00:00+07:00,SKU-005,1,0.4194,0.3282,1.2778,0.0574,0,EP-005-02,TRUE_SURGE,train
2026-07-18 05:00:00+07:00,SKU-005,0,0.7546,0.5919,1.2748,0.0568,0,EP-005-02,TRUE_SURGE,train
2026-07-18 06:00:00+07:00,SKU-005,0,1.5922,1.252,1.2717,0.0561,0,EP-005-02,TRUE_SURGE,train
2026-07-18 07:00:00+07:00,SKU-005,1,2.5966,2.0466,1.2687,0.0555,0,EP-005-02,TRUE_SURGE,train
2026-07-18 08:00:00+07:00,SKU-005,4,3.558,2.811,1.2657,0.0549,0,EP-005-02,TRUE_SURGE,train
2026-07-18 09:00:00+07:00,SKU-005,5,4.1835,3.3129,1.2628,0.0543,0,EP-005-02,TRUE_SURGE,train
2026-07-18 10:00:00+07:00,SKU-005,1,4.6828,3.7168,1.2599,0.0537,0,EP-005-02,TRUE_SURGE,train
2026-07-18 11:00:00+07:00,SKU-005,14,5.1813,4.1219,1.257,0.0531,0,EP-005-02,TRUE_SURGE,train
2026-07-18 12:00:00+07:00,SKU-005,5,5.4285,4.3283,1.2542,0.0525,0,EP-005-02,TRUE_SURGE,train
2026-07-18 13:00:00+07:00,SKU-005,2,4.9239,3.9348,1.2514,0.0519,0,EP-005-02,TRUE_SURGE,train
2026-07-18 14:00:00+07:00,SKU-005,9,4.3782,3.5065,1.2486,0.0514,0,EP-005-02,TRUE_SURGE,train
2026-07-18 15:00:00+07:00,SKU-005,3,4.2497,3.4111,1.2458,0.0508,0,EP-005-02,TRUE_SURGE,train
2026-07-18 16:00:00+07:00,SKU-005,4,4.5792,3.6836,1.2431,0.0502,0,EP-005-02,TRUE_SURGE,train
2026-07-18 17:00:00+07:00,SKU-005,3,5.3238,4.2919,1.2404,0.0497,0,EP-005-02,TRUE_SURGE,train
2026-07-18 18:00:00+07:00,SKU-005,4,6.3162,5.1028,1.2378,0.0491,0,EP-005-02,TRUE_SURGE,train
2026-07-18 19:00:00+07:00,SKU-005,7,7.3893,5.9825,1.2351,0.0486,0,EP-005-02,TRUE_SURGE,train
2026-07-18 20:00:00+07:00,SKU-005,5,7.7134,6.2581,1.2325,0.0481,0,EP-005-02,TRUE_SURGE,train
2026-07-18 21:00:00+07:00,SKU-005,10,6.4208,5.2203,1.23,0.0475,0,EP-005-02,TRUE_SURGE,train
2026-07-18 22:00:00+07:00,SKU-005,2,4.2205,3.4385,1.2274,0.047,0,EP-005-02,TRUE_SURGE,train
2026-07-18 23:00:00+07:00,SKU-005,9,2.149,1.7544,1.2249,0.0465,0,EP-005-02,TRUE_SURGE,train
2026-07-19 00:00:00+07:00,SKU-005,2,0.9674,0.7914,1.2224,0.046,0,EP-005-02,TRUE_SURGE,train
2026-07-19 01:00:00+07:00,SKU-005,0,0.6183,0.5068,1.22,0.0455,0,EP-005-02,TRUE_SURGE,train
2026-07-19 02:00:00+07:00,SKU-005,3,0.4245,0.3487,1.2175,0.045,0,EP-005-02,TRUE_SURGE,train
2026-07-19 03:00:00+07:00,SKU-005,0,0.3468,0.2854,1.2151,0.0445,0,EP-005-02,TRUE_SURGE,train
2026-07-19 04:00:00+07:00,SKU-005,1,0.3848,0.3173,1.2128,0.044,0,EP-005-02,TRUE_SURGE,train
2026-07-19 05:00:00+07:00,SKU-005,0,0.6915,0.5713,1.2104,0.0435,0,EP-005-02,TRUE_SURGE,train
2026-07-19 06:00:00+07:00,SKU-005,5,1.4576,1.2065,1.2081,0.043,0,EP-005-02,TRUE_SURGE,train
2026-07-19 07:00:00+07:00,SKU-005,3,2.3742,1.969,1.2058,0.0425,0,EP-005-02,TRUE_SURGE,train
2026-07-19 08:00:00+07:00,SKU-005,3,3.2492,2.6998,1.2035,0.0421,0,EP-005-02,TRUE_SURGE,train
2026-07-19 09:00:00+07:00,SKU-005,3,3.8158,3.1765,1.2013,0.0416,0,EP-005-02,TRUE_SURGE,train
2026-07-19 10:00:00+07:00,SKU-005,6,4.2657,3.5576,1.199,0.0411,0,EP-005-02,TRUE_SURGE,train
2026-07-19 11:00:00+07:00,SKU-005,10,4.7137,3.9385,1.1968,0.0407,0,EP-005-02,TRUE_SURGE,train
2026-07-19 12:00:00+07:00,SKU-005,11,4.9319,4.1284,1.1946,0.0402,0,EP-005-02,TRUE_SURGE,train
2026-07-19 13:00:00+07:00,SKU-005,6,4.4675,3.7464,1.1925,0.0398,0,EP-005-02,TRUE_SURGE,train
2026-07-19 14:00:00+07:00,SKU-005,2,3.967,3.3326,1.1904,0.0393,0,EP-005-02,TRUE_SURGE,train
2026-07-19 15:00:00+07:00,SKU-005,5,3.8453,3.236,1.1883,0.0389,0,EP-005-02,TRUE_SURGE,train
2026-07-19 16:00:00+07:00,SKU-005,2,4.1376,3.4882,1.1862,0.0385,0,EP-005-02,TRUE_SURGE,train
2026-07-19 17:00:00+07:00,SKU-005,5,4.8037,4.0567,1.1841,0.038,0,EP-005-02,TRUE_SURGE,train
2026-07-19 18:00:00+07:00,SKU-005,2,5.691,4.8143,1.1821,0.0376,0,EP-005-02,TRUE_SURGE,train
2026-07-19 19:00:00+07:00,SKU-005,11,6.6484,5.6339,1.1801,0.0372,0,EP-005-02,TRUE_SURGE,train
2026-07-19 20:00:00+07:00,SKU-005,6,6.9301,5.8825,1.1781,0.0368,0,EP-005-02,TRUE_SURGE,train
2026-07-19 21:00:00+07:00,SKU-005,6,5.7605,4.8979,1.1761,0.0364,0,EP-005-02,TRUE_SURGE,train
2026-07-19 22:00:00+07:00,SKU-005,3,3.781,3.2202,1.1742,0.036,0,EP-005-02,TRUE_SURGE,train
2026-07-19 23:00:00+07:00,SKU-005,0,1.9225,1.64,1.1722,0.0356,0,EP-005-02,TRUE_SURGE,train
2026-07-20 00:00:00+07:00,SKU-005,0,0.7835,0.6695,1.1703,0.0352,0,EP-005-02,TRUE_SURGE,train
2026-07-20 01:00:00+07:00,SKU-005,0,0.5001,0.428,1.1685,0.0348,0,EP-005-02,TRUE_SURGE,train
2026-07-20 02:00:00+07:00,SKU-005,0,0.3429,0.2939,1.1666,0.0344,0,EP-005-02,TRUE_SURGE,train
2026-07-20 03:00:00+07:00,SKU-005,1,0.2797,0.2402,1.1647,0.034,0,EP-005-02,TRUE_SURGE,train
2026-07-20 04:00:00+07:00,SKU-005,1,0.3099,0.2665,1.1629,0.0337,0,EP-005-02,TRUE_SURGE,train
2026-07-20 05:00:00+07:00,SKU-005,0,0.5562,0.479,1.1611,0.0333,0,EP-005-02,TRUE_SURGE,train
2026-07-20 06:00:00+07:00,SKU-005,0,1.1707,1.0098,1.1593,0.0329,0,EP-005-02,TRUE_SURGE,train
2026-07-20 07:00:00+07:00,SKU-005,1,1.9044,1.6451,1.1576,0.0326,0,EP-005-02,TRUE_SURGE,train
2026-07-20 08:00:00+07:00,SKU-005,0,2.6028,2.2519,1.1558,0.0322,0,EP-005-02,TRUE_SURGE,train
2026-07-20 09:00:00+07:00,SKU-005,2,3.0527,2.645,1.1541,0.0318,0,EP-005-02,TRUE_SURGE,train
2026-07-20 10:00:00+07:00,SKU-005,1,3.4083,2.9575,1.1524,0.0315,0,EP-005-02,TRUE_SURGE,train
2026-07-20 11:00:00+07:00,SKU-005,5,3.7615,3.2688,1.1507,0.0311,0,EP-005-02,TRUE_SURGE,train
2026-07-20 12:00:00+07:00,SKU-005,6,3.9309,3.421,1.1491,0.0308,0,EP-005-02,TRUE_SURGE,train
2026-07-20 13:00:00+07:00,SKU-005,3,3.5566,3.0996,1.1474,0.0305,0,EP-005-02,TRUE_SURGE,train
2026-07-20 14:00:00+07:00,SKU-005,5,3.1544,2.7531,1.1458,0.0301,0,EP-005-02,TRUE_SURGE,train
2026-07-20 15:00:00+07:00,SKU-005,1,3.0542,2.6694,1.1442,0.0298,0,EP-005-02,TRUE_SURGE,train
2026-07-20 16:00:00+07:00,SKU-005,4,3.2829,2.8732,1.1426,0.0295,0,EP-005-02,TRUE_SURGE,train
2026-07-20 17:00:00+07:00,SKU-005,1,3.8074,3.3369,1.141,0.0291,0,EP-005-02,TRUE_SURGE,train
2026-07-20 18:00:00+07:00,SKU-005,1,4.5062,3.9547,1.1394,0.0288,0,EP-005-02,TRUE_SURGE,train
2026-07-20 19:00:00+07:00,SKU-005,5,5.2592,4.6219,1.1379,0.0285,0,EP-005-02,TRUE_SURGE,train
2026-07-20 20:00:00+07:00,SKU-005,3,5.4771,4.8198,1.1364,0.0282,0,EP-005-02,TRUE_SURGE,train
2026-07-20 21:00:00+07:00,SKU-005,8,4.5488,4.0082,1.1349,0.0279,0,EP-005-02,TRUE_SURGE,train
2026-07-20 22:00:00+07:00,SKU-005,1,2.9833,2.6322,1.1334,0.0276,0,EP-005-02,TRUE_SURGE,train
2026-07-20 23:00:00+07:00,SKU-005,0,1.5157,1.3391,1.1319,0.0273,0,EP-005-02,TRUE_SURGE,train
2026-07-21 00:00:00+07:00,SKU-005,1,0.6835,0.6046,1.1304,0.027,0,EP-005-02,TRUE_SURGE,train
2026-07-21 01:00:00+07:00,SKU-005,0,0.436,0.3862,1.129,0.0267,0,EP-005-02,TRUE_SURGE,train
2026-07-21 02:00:00+07:00,SKU-005,1,0.2987,0.2649,1.1276,0.0264,0,EP-005-02,TRUE_SURGE,train
2026-07-21 03:00:00+07:00,SKU-005,0,0.2436,0.2163,1.1262,0.0261,0,EP-005-02,TRUE_SURGE,train
2026-07-21 04:00:00+07:00,SKU-005,0,0.2697,0.2398,1.1248,0.0258,0,EP-005-02,TRUE_SURGE,train
2026-07-21 05:00:00+07:00,SKU-005,1,0.4839,0.4307,1.1234,0.0255,0,EP-005-02,TRUE_SURGE,train
2026-07-21 06:00:00+07:00,SKU-005,1,1.0181,0.9074,1.122,0.0252,0,EP-005-02,TRUE_SURGE,train
2026-07-21 07:00:00+07:00,SKU-005,2,1.6556,1.4773,1.1207,0.0249,0,EP-005-02,TRUE_SURGE,train
2026-07-21 08:00:00+07:00,SKU-005,3,2.2623,2.0211,1.1193,0.0247,0,EP-005-02,TRUE_SURGE,train
2026-07-21 09:00:00+07:00,SKU-005,3,2.6528,2.3727,1.118,0.0244,0,EP-005-02,TRUE_SURGE,train
2026-07-21 10:00:00+07:00,SKU-005,1,2.9615,2.6519,1.1167,0.0241,0,EP-005-02,TRUE_SURGE,train
2026-07-21 11:00:00+07:00,SKU-005,2,3.2682,2.93,1.1154,0.0239,0,EP-005-02,TRUE_SURGE,train
2026-07-21 12:00:00+07:00,SKU-005,3,3.4155,3.0655,1.1141,0.0236,0,,,train
2026-07-21 13:00:00+07:00,SKU-005,5,3.0905,2.777,1.1129,0.0233,0,,,train
2026-07-21 14:00:00+07:00,SKU-005,2,2.7415,2.4661,1.1116,0.0231,0,,,train
2026-07-21 15:00:00+07:00,SKU-005,6,2.655,2.391,1.1104,0.0228,0,,,train
2026-07-21 16:00:00+07:00,SKU-005,2,2.8546,2.5736,1.1092,0.0226,0,,,train
2026-07-21 17:00:00+07:00,SKU-005,4,3.3119,2.9892,1.108,0.0223,0,,,train
2026-07-21 18:00:00+07:00,SKU-005,4,3.9215,3.5431,1.1068,0.0221,0,,,train
2026-07-21 19:00:00+07:00,SKU-005,11,4.5792,4.1418,1.1056,0.0218,0,,,train
2026-07-21 20:00:00+07:00,SKU-005,4,4.7716,4.3204,1.1044,0.0216,0,,,train
2026-07-21 21:00:00+07:00,SKU-005,5,3.9655,3.5943,1.1033,0.0213,0,,,train
2026-07-21 22:00:00+07:00,SKU-005,1,2.6026,2.3614,1.1021,0.0211,0,,,train
2026-07-21 23:00:00+07:00,SKU-005,2,1.3234,1.202,1.101,0.0209,0,,,train
2026-07-22 00:00:00+07:00,SKU-005,0,0.6214,0.565,1.0999,0.0206,0,,,train
2026-07-22 01:00:00+07:00,SKU-005,0,0.3967,0.3611,1.0988,0.0204,0,,,train
2026-07-22 02:00:00+07:00,SKU-005,0,0.2721,0.2479,1.0977,0.0202,0,,,train
2026-07-22 03:00:00+07:00,SKU-005,0,0.2221,0.2025,1.0966,0.02,0,,,train
2026-07-22 04:00:00+07:00,SKU-005,0,0.2462,0.2248,1.0955,0.0197,0,,,train
2026-07-22 05:00:00+07:00,SKU-005,1,0.4423,0.4041,1.0945,0.0195,0,,,train
2026-07-22 06:00:00+07:00,SKU-005,1,0.9318,0.8521,1.0934,0.0193,0,,,train
2026-07-22 07:00:00+07:00,SKU-005,1,1.5173,1.3889,1.0924,0.0191,0,,,train
2026-07-22 08:00:00+07:00,SKU-005,1,2.0762,1.9023,1.0914,0.0189,0,EP-005-03,FADING_SURGE,train
2026-07-22 09:00:00+07:00,SKU-005,2,2.4381,2.2361,1.0904,0.5,0,EP-005-03,FADING_SURGE,train
2026-07-22 10:00:00+07:00,SKU-005,7,2.726,2.5024,1.0894,1.0,0,EP-005-03,FADING_SURGE,train
2026-07-22 11:00:00+07:00,SKU-005,0,3.0132,2.7685,1.0884,0.8824,0,EP-005-03,FADING_SURGE,train
2026-07-22 12:00:00+07:00,SKU-005,3,3.1542,2.9006,1.0874,0.7787,0,EP-005-03,FADING_SURGE,train
2026-07-22 13:00:00+07:00,SKU-005,5,2.8589,2.6314,1.0864,0.6872,0,EP-005-03,FADING_SURGE,train
2026-07-22 14:00:00+07:00,SKU-005,3,2.5405,2.3404,1.0855,0.6064,0,EP-005-03,FADING_SURGE,train
2026-07-22 15:00:00+07:00,SKU-005,0,2.4649,2.2727,1.0845,0.5351,0,EP-005-03,FADING_SURGE,train
2026-07-22 16:00:00+07:00,SKU-005,2,2.6551,2.4503,1.0836,0.4722,0,EP-005-03,FADING_SURGE,train
2026-07-22 17:00:00+07:00,SKU-005,6,3.0863,2.8506,1.0827,0.4167,0,EP-005-03,FADING_SURGE,train
2026-07-22 18:00:00+07:00,SKU-005,0,3.6615,3.3847,1.0818,0.3677,0,EP-005-03,FADING_SURGE,train
2026-07-22 19:00:00+07:00,SKU-005,7,4.2841,3.9636,1.0809,0.3245,0,EP-005-03,FADING_SURGE,train
2026-07-22 20:00:00+07:00,SKU-005,2,4.4733,4.142,1.08,0.2863,0,EP-005-03,FADING_SURGE,train
2026-07-22 21:00:00+07:00,SKU-005,3,3.7252,3.4522,1.0791,0.2527,0,EP-005-03,FADING_SURGE,train
2026-07-22 22:00:00+07:00,SKU-005,6,5.7912,2.2723,2.5486,0.223,0,EP-005-03,FADING_SURGE,train
2026-07-22 23:00:00+07:00,SKU-005,4,4.7479,1.1588,4.0972,0.1968,0,EP-005-03,FADING_SURGE,train
2026-07-23 00:00:00+07:00,SKU-005,1,2.1692,0.5811,3.7331,0.1736,0,EP-005-03,FADING_SURGE,train
2026-07-23 01:00:00+07:00,SKU-005,2,1.2695,0.3721,3.4118,0.1532,0,EP-005-03,FADING_SURGE,train
2026-07-23 02:00:00+07:00,SKU-005,0,0.8007,0.256,3.1283,0.1352,0,EP-005-03,FADING_SURGE,train
2026-07-23 03:00:00+07:00,SKU-005,1,0.6031,0.2096,2.8781,0.1193,0,EP-005-03,FADING_SURGE,train
2026-07-23 04:00:00+07:00,SKU-005,1,0.6192,0.233,2.6573,0.1053,0,EP-005-03,FADING_SURGE,train
2026-07-23 05:00:00+07:00,SKU-005,1,1.0338,0.4198,2.4625,0.0929,0,EP-005-03,FADING_SURGE,train
2026-07-23 06:00:00+07:00,SKU-005,1,2.032,0.8871,2.2906,0.082,0,EP-005-03,FADING_SURGE,train
2026-07-23 07:00:00+07:00,SKU-005,4,3.0989,1.4488,2.1389,0.0724,0,EP-005-03,FADING_SURGE,train
2026-07-23 08:00:00+07:00,SKU-005,2,3.9869,1.9885,2.005,0.0638,0,EP-005-03,FADING_SURGE,train
2026-07-23 09:00:00+07:00,SKU-005,5,4.4193,2.3422,1.8869,0.0563,0,EP-005-03,FADING_SURGE,train
2026-07-23 10:00:00+07:00,SKU-005,10,4.682,2.6265,1.7826,0.0497,0,EP-005-03,FADING_SURGE,train
2026-07-23 11:00:00+07:00,SKU-005,2,4.9227,2.9118,1.6906,0.0439,0,EP-005-03,FADING_SURGE,train
2026-07-23 12:00:00+07:00,SKU-005,4,4.92,3.057,1.6094,0.0387,0,EP-005-03,FADING_SURGE,train
2026-07-23 13:00:00+07:00,SKU-005,7,4.2733,2.7789,1.5378,0.0342,0,EP-005-03,FADING_SURGE,train
2026-07-23 14:00:00+07:00,SKU-005,3,3.6518,2.4766,1.4746,0.0301,0,EP-005-03,FADING_SURGE,train
2026-07-23 15:00:00+07:00,SKU-005,2,3.4188,2.4097,1.4188,0.0266,0,EP-005-03,FADING_SURGE,train
2026-07-23 16:00:00+07:00,SKU-005,0,3.565,2.603,1.3695,0.0235,0,EP-005-03,FADING_SURGE,train
2026-07-23 17:00:00+07:00,SKU-005,0,4.0237,3.0342,1.3261,0.0207,0,EP-005-03,FADING_SURGE,train
2026-07-23 18:00:00+07:00,SKU-005,8,4.6484,3.6096,1.2878,0.0183,0,EP-005-03,FADING_SURGE,train
2026-07-23 19:00:00+07:00,SKU-005,1,5.3103,4.2349,1.2539,0.0161,0,EP-005-03,FADING_SURGE,train
2026-07-23 20:00:00+07:00,SKU-005,3,5.4272,4.4337,1.2241,0.0142,0,EP-005-03,FADING_SURGE,train
2026-07-23 21:00:00+07:00,SKU-005,15,4.434,3.702,1.1977,0.0126,0,EP-005-03,FADING_SURGE,train
2026-07-23 22:00:00+07:00,SKU-005,1,2.867,2.441,1.1745,0.0124,0,EP-005-03,FADING_SURGE,train
2026-07-23 23:00:00+07:00,SKU-005,1,1.439,1.247,1.154,0.0122,0,EP-005-03,FADING_SURGE,train
2026-07-24 00:00:00+07:00,SKU-005,2,0.766,0.6743,1.1359,0.0121,0,EP-005-03,FADING_SURGE,train
2026-07-24 01:00:00+07:00,SKU-005,0,0.4844,0.4325,1.1199,0.012,0,EP-005-03,FADING_SURGE,train
2026-07-24 02:00:00+07:00,SKU-005,0,0.3295,0.298,1.1058,0.0118,0,,,train
2026-07-24 03:00:00+07:00,SKU-005,0,0.2672,0.2443,1.0934,0.0117,0,,,train
2026-07-24 04:00:00+07:00,SKU-005,0,0.2945,0.2721,1.0824,0.0116,0,,,train
2026-07-24 05:00:00+07:00,SKU-005,3,0.5266,0.4909,1.0727,0.0114,0,,,train
2026-07-24 06:00:00+07:00,SKU-005,1,1.7711,1.6643,1.0642,0.0113,0,,,train
2026-07-24 07:00:00+07:00,SKU-005,0,2.8759,2.7218,1.0566,0.0112,0,,,train
2026-07-24 08:00:00+07:00,SKU-005,2,3.9405,3.7401,1.0536,0.0111,0,,,train
2026-07-24 09:00:00+07:00,SKU-005,3,4.6441,4.4104,1.053,0.011,0,,,train
2026-07-24 10:00:00+07:00,SKU-005,4,5.2108,4.9512,1.0524,0.0108,0,,,train
2026-07-24 11:00:00+07:00,SKU-005,4,5.7794,5.4946,1.0518,0.0107,0,,,train
2026-07-24 12:00:00+07:00,SKU-005,8,6.0701,5.7741,1.0513,0.0106,0,,,train
2026-07-24 13:00:00+07:00,SKU-005,3,5.5198,5.2535,1.0507,0.0105,0,,,train
2026-07-24 14:00:00+07:00,SKU-005,0,4.9206,4.6857,1.0501,0.0104,0,,,train
2026-07-24 15:00:00+07:00,SKU-005,1,4.7888,4.5625,1.0496,0.0102,0,,,train
2026-07-24 16:00:00+07:00,SKU-005,3,5.1737,4.9319,1.049,0.0101,0,,,train
2026-07-24 17:00:00+07:00,SKU-005,12,6.0313,5.7524,1.0485,0.01,0,,,train
2026-07-24 18:00:00+07:00,SKU-005,4,7.1751,6.8468,1.048,0.0099,0,,,train
2026-07-24 19:00:00+07:00,SKU-005,14,8.4175,8.0364,1.0474,0.0098,0,,,train
2026-07-24 20:00:00+07:00,SKU-005,13,8.8115,8.4167,1.0469,0.0097,0,,,train
2026-07-24 21:00:00+07:00,SKU-005,2,7.3558,7.0298,1.0464,0.0096,0,,,train
2026-07-24 22:00:00+07:00,SKU-005,4,4.849,4.6364,1.0459,0.0095,0,,,train
2026-07-24 23:00:00+07:00,SKU-005,2,2.4763,2.3689,1.0454,0.0094,0,,,train
2026-07-25 00:00:00+07:00,SKU-005,1,1.3877,1.3281,1.0449,0.0093,0,,,train
2026-07-25 01:00:00+07:00,SKU-005,3,0.8896,0.8518,1.0444,0.0092,0,,,train
2026-07-25 02:00:00+07:00,SKU-005,2,0.6126,0.5868,1.0439,0.0091,0,,,train
2026-07-25 03:00:00+07:00,SKU-005,0,0.502,0.4811,1.0434,0.009,0,,,train
2026-07-25 04:00:00+07:00,SKU-005,0,0.5587,0.5357,1.0429,0.0089,0,,,train
2026-07-25 05:00:00+07:00,SKU-005,0,1.0071,0.9661,1.0424,0.0088,0,,,train
2026-07-25 06:00:00+07:00,SKU-005,5,2.1293,2.0435,1.042,0.0087,0,,,train
2026-07-25 07:00:00+07:00,SKU-005,1,3.4791,3.3404,1.0415,0.0086,0,,,train
2026-07-25 08:00:00+07:00,SKU-005,10,4.7763,4.588,1.041,0.0085,0,,,train
2026-07-25 09:00:00+07:00,SKU-005,13,5.6267,5.4072,1.0406,0.0084,0,,,train
2026-07-25 10:00:00+07:00,SKU-005,6,6.31,6.0665,1.0401,0.0083,0,,,train
2026-07-25 11:00:00+07:00,SKU-005,16,6.9947,6.7277,1.0397,0.0082,0,,,train
2026-07-25 12:00:00+07:00,SKU-005,3,7.3418,7.0645,1.0393,0.0081,0,,,train
2026-07-25 13:00:00+07:00,SKU-005,12,6.6716,6.4223,1.0388,0.008,0,,,train
2026-07-25 14:00:00+07:00,SKU-005,4,5.9429,5.7232,1.0384,0.0079,0,,,train
2026-07-25 15:00:00+07:00,SKU-005,4,5.7789,5.5675,1.038,0.0078,0,,,train
2026-07-25 16:00:00+07:00,SKU-005,5,6.238,6.0123,1.0375,0.0078,0,,,train
2026-07-25 17:00:00+07:00,SKU-005,3,7.2652,7.0051,1.0371,0.0077,0,,,train
2026-07-25 18:00:00+07:00,SKU-005,8,5.3886,5.1977,1.0367,0.0076,0,,,train
2026-07-25 19:00:00+07:00,SKU-005,11,6.315,6.0938,1.0363,0.0075,0,,,train
2026-07-25 20:00:00+07:00,SKU-005,5,6.6034,6.3744,1.0359,0.0074,0,,,train
2026-07-25 21:00:00+07:00,SKU-005,6,5.5062,5.3173,1.0355,0.0073,0,,,train
2026-07-25 22:00:00+07:00,SKU-005,3,3.6254,3.5024,1.0351,0.0073,0,,,train
2026-07-25 23:00:00+07:00,SKU-005,3,1.8491,1.787,1.0347,0.0072,0,,,train
2026-07-26 00:00:00+07:00,SKU-005,0,0.8338,0.8061,1.0344,0.0071,0,,,train
2026-07-26 01:00:00+07:00,SKU-005,0,0.5338,0.5162,1.034,0.007,0,,,train
2026-07-26 02:00:00+07:00,SKU-005,1,0.3671,0.3551,1.0336,0.0069,0,,,train
2026-07-26 03:00:00+07:00,SKU-005,0,0.3004,0.2907,1.0332,0.0069,0,,,train
2026-07-26 04:00:00+07:00,SKU-005,0,0.3338,0.3232,1.0329,0.0068,0,,,train
2026-07-26 05:00:00+07:00,SKU-005,1,0.6009,0.5819,1.0325,0.0067,0,,,train
2026-07-26 06:00:00+07:00,SKU-005,6,1.2684,1.2289,1.0321,0.0066,0,,,train
2026-07-26 07:00:00+07:00,SKU-005,2,2.0693,2.0056,1.0318,0.0066,0,,,train
2026-07-26 08:00:00+07:00,SKU-005,4,2.8364,2.75,1.0314,0.0065,0,EP-005-04,FALSE_CONTENT,train
2026-07-26 09:00:00+07:00,SKU-005,1,3.336,3.2355,1.0311,0.5,0,EP-005-04,FALSE_CONTENT,train
2026-07-26 10:00:00+07:00,SKU-005,1,3.7351,3.6237,1.0307,1.0,0,EP-005-04,FALSE_CONTENT,train
2026-07-26 11:00:00+07:00,SKU-005,1,4.1335,4.0116,1.0304,0.9445,0,EP-005-04,FALSE_CONTENT,train
2026-07-26 12:00:00+07:00,SKU-005,4,4.3314,4.205,1.0301,0.8922,0,EP-005-04,FALSE_CONTENT,train
2026-07-26 13:00:00+07:00,SKU-005,2,3.9293,3.8159,1.0297,0.8427,0,EP-005-04,FALSE_CONTENT,train
2026-07-26 14:00:00+07:00,SKU-005,3,3.4942,3.3944,1.0294,0.796,0,EP-005-04,FALSE_CONTENT,train
2026-07-26 15:00:00+07:00,SKU-005,2,3.3919,3.2961,1.0291,0.7518,0,EP-005-04,FALSE_CONTENT,train
2026-07-26 16:00:00+07:00,SKU-005,6,3.6551,3.5529,1.0288,0.7101,0,EP-005-04,FALSE_CONTENT,train
2026-07-26 17:00:00+07:00,SKU-005,4,4.2495,4.132,1.0284,0.6708,0,EP-005-04,FALSE_CONTENT,train
2026-07-26 18:00:00+07:00,SKU-005,7,5.0415,4.9036,1.0281,0.6336,0,EP-005-04,FALSE_CONTENT,train
2026-07-26 19:00:00+07:00,SKU-005,3,5.898,5.7384,1.0278,0.5984,0,EP-005-04,FALSE_CONTENT,train
2026-07-26 20:00:00+07:00,SKU-005,2,6.1564,5.9916,1.0275,0.5653,0,EP-005-04,FALSE_CONTENT,train
2026-07-26 21:00:00+07:00,SKU-005,6,5.1244,4.9888,1.0272,0.5339,0,EP-005-04,FALSE_CONTENT,train
2026-07-26 22:00:00+07:00,SKU-005,1,3.3681,3.2799,1.0269,0.5043,0,EP-005-04,FALSE_CONTENT,train
2026-07-26 23:00:00+07:00,SKU-005,2,1.7149,1.6704,1.0266,0.4763,0,EP-005-04,FALSE_CONTENT,train
2026-07-27 00:00:00+07:00,SKU-005,0,0.6998,0.6819,1.0263,0.4499,0,EP-005-04,FALSE_CONTENT,train
2026-07-27 01:00:00+07:00,SKU-005,0,0.4612,0.4359,1.0579,0.425,0,EP-005-04,FALSE_CONTENT,train
2026-07-27 02:00:00+07:00,SKU-005,3,0.334,0.2993,1.1157,0.4014,0,EP-005-04,FALSE_CONTENT,train
2026-07-27 03:00:00+07:00,SKU-005,1,0.2713,0.2446,1.1093,0.3792,0,EP-005-04,FALSE_CONTENT,train
2026-07-27 04:00:00+07:00,SKU-005,0,0.2995,0.2714,1.1033,0.3581,0,EP-005-04,FALSE_CONTENT,train
2026-07-27 05:00:00+07:00,SKU-005,0,0.5355,0.4879,1.0975,0.3383,0,EP-005-04,FALSE_CONTENT,train
2026-07-27 06:00:00+07:00,SKU-005,0,1.1233,1.0285,1.0921,0.3195,0,EP-005-04,FALSE_CONTENT,train
2026-07-27 07:00:00+07:00,SKU-005,0,1.8214,1.6756,1.087,0.3018,0,EP-005-04,FALSE_CONTENT,train
2026-07-27 08:00:00+07:00,SKU-005,2,2.4821,2.2936,1.0822,0.2851,0,EP-005-04,FALSE_CONTENT,train
2026-07-27 09:00:00+07:00,SKU-005,6,2.9032,2.694,1.0776,0.2693,0,EP-005-04,FALSE_CONTENT,train
2026-07-27 10:00:00+07:00,SKU-005,3,3.2332,3.0123,1.0733,0.2543,0,EP-005-04,FALSE_CONTENT,train
2026-07-27 11:00:00+07:00,SKU-005,3,3.5599,3.3293,1.0693,0.2402,0,EP-005-04,FALSE_CONTENT,train
2026-07-27 12:00:00+07:00,SKU-005,5,3.7123,3.4843,1.0654,0.2269,0,EP-005-04,FALSE_CONTENT,train
2026-07-27 13:00:00+07:00,SKU-005,3,3.3521,3.157,1.0618,0.2143,0,EP-005-04,FALSE_CONTENT,train
2026-07-27 14:00:00+07:00,SKU-005,1,2.9677,2.804,1.0584,0.2024,0,EP-005-04,FALSE_CONTENT,train
2026-07-27 15:00:00+07:00,SKU-005,1,2.8687,2.7188,1.0551,0.1912,0,EP-005-04,FALSE_CONTENT,train
2026-07-27 16:00:00+07:00,SKU-005,0,3.0788,2.9264,1.0521,0.1806,0,EP-005-04,FALSE_CONTENT,train
2026-07-27 17:00:00+07:00,SKU-005,3,3.5658,3.3986,1.0492,0.1706,0,EP-005-04,FALSE_CONTENT,train
2026-07-27 18:00:00+07:00,SKU-005,2,4.215,4.0279,1.0465,0.1611,0,EP-005-04,FALSE_CONTENT,train
2026-07-27 19:00:00+07:00,SKU-005,7,4.914,4.7074,1.0439,0.1522,0,EP-005-04,FALSE_CONTENT,train
2026-07-27 20:00:00+07:00,SKU-005,5,5.1124,4.9089,1.0414,0.1438,0,EP-005-04,FALSE_CONTENT,train
2026-07-27 21:00:00+07:00,SKU-005,2,4.2422,4.0823,1.0392,0.1358,0,EP-005-04,FALSE_CONTENT,train
2026-07-27 22:00:00+07:00,SKU-005,4,2.78,2.6809,1.037,0.1283,0,EP-005-04,FALSE_CONTENT,train
2026-07-27 23:00:00+07:00,SKU-005,1,1.4115,1.3638,1.0349,0.1211,0,EP-005-04,FALSE_CONTENT,train
2026-07-28 00:00:00+07:00,SKU-005,0,0.6361,0.6158,1.033,0.1144,0,EP-005-04,FALSE_CONTENT,train
2026-07-28 01:00:00+07:00,SKU-005,0,0.4055,0.3933,1.0312,0.1081,0,EP-005-04,FALSE_CONTENT,train
2026-07-28 02:00:00+07:00,SKU-005,0,0.2778,0.2698,1.0294,0.1021,0,EP-005-04,FALSE_CONTENT,train
2026-07-28 03:00:00+07:00,SKU-005,0,0.2264,0.2203,1.0278,0.0964,0,EP-005-04,FALSE_CONTENT,train
2026-07-28 04:00:00+07:00,SKU-005,0,0.2506,0.2442,1.0263,0.0911,0,EP-005-04,FALSE_CONTENT,train
2026-07-28 05:00:00+07:00,SKU-005,0,0.4496,0.4387,1.0248,0.086,0,EP-005-04,FALSE_CONTENT,train
2026-07-28 06:00:00+07:00,SKU-005,2,0.9458,0.9241,1.0234,0.0813,0,EP-005-04,FALSE_CONTENT,train
2026-07-28 07:00:00+07:00,SKU-005,4,1.5379,1.5046,1.0221,0.0768,0,EP-005-04,FALSE_CONTENT,train
2026-07-28 08:00:00+07:00,SKU-005,1,2.1014,2.0584,1.0209,0.0725,0,EP-005-04,FALSE_CONTENT,train
2026-07-28 09:00:00+07:00,SKU-005,0,2.4643,2.4166,1.0197,0.0685,0,EP-005-04,FALSE_CONTENT,train
2026-07-28 10:00:00+07:00,SKU-005,1,2.7513,2.7009,1.0186,0.0647,0,EP-005-04,FALSE_CONTENT,train
2026-07-28 11:00:00+07:00,SKU-005,4,3.0373,2.9841,1.0178,0.0611,0,EP-005-04,FALSE_CONTENT,train
2026-07-28 12:00:00+07:00,SKU-005,1,3.1772,3.1221,1.0176,0.0577,0,EP-005-04,FALSE_CONTENT,train
2026-07-28 13:00:00+07:00,SKU-005,1,2.8775,2.8282,1.0174,0.0545,0,EP-005-04,FALSE_CONTENT,train
2026-07-28 14:00:00+07:00,SKU-005,0,2.555,2.5117,1.0172,0.0515,0,EP-005-04,FALSE_CONTENT,train
2026-07-28 15:00:00+07:00,SKU-005,1,2.4767,2.4352,1.0171,0.0486,0,EP-005-04,FALSE_CONTENT,train
2026-07-28 16:00:00+07:00,SKU-005,2,2.6653,2.6211,1.0169,0.0459,0,EP-005-04,FALSE_CONTENT,train
2026-07-28 17:00:00+07:00,SKU-005,0,3.0951,3.0443,1.0167,0.0434,0,EP-005-04,FALSE_CONTENT,train
2026-07-28 18:00:00+07:00,SKU-005,5,3.668,3.6085,1.0165,0.041,0,EP-005-04,FALSE_CONTENT,train
2026-07-28 19:00:00+07:00,SKU-005,0,4.287,4.2182,1.0163,0.0387,0,EP-005-04,FALSE_CONTENT,train
2026-07-28 20:00:00+07:00,SKU-005,4,4.4711,4.4001,1.0161,0.0366,0,EP-005-04,FALSE_CONTENT,train
2026-07-28 21:00:00+07:00,SKU-005,3,3.719,3.6606,1.0159,0.0345,0,EP-005-04,FALSE_CONTENT,train
2026-07-28 22:00:00+07:00,SKU-005,3,2.4429,2.405,1.0158,0.0326,0,EP-005-04,FALSE_CONTENT,train
2026-07-28 23:00:00+07:00,SKU-005,0,1.2432,1.2241,1.0156,0.0308,0,EP-005-04,FALSE_CONTENT,train
2026-07-29 00:00:00+07:00,SKU-005,0,0.5843,0.5754,1.0154,0.0291,0,EP-005-04,FALSE_CONTENT,train
2026-07-29 01:00:00+07:00,SKU-005,1,0.3733,0.3677,1.0153,0.0275,0,EP-005-04,FALSE_CONTENT,train
2026-07-29 02:00:00+07:00,SKU-005,0,0.2563,0.2524,1.0151,0.026,0,EP-005-04,FALSE_CONTENT,train
2026-07-29 03:00:00+07:00,SKU-005,0,0.2094,0.2063,1.0149,0.0245,0,EP-005-04,FALSE_CONTENT,train
2026-07-29 04:00:00+07:00,SKU-005,2,0.2323,0.2289,1.0148,0.0232,0,EP-005-04,FALSE_CONTENT,train
2026-07-29 05:00:00+07:00,SKU-005,0,0.4175,0.4115,1.0146,0.0219,0,EP-005-04,FALSE_CONTENT,train
2026-07-29 06:00:00+07:00,SKU-005,0,0.8804,0.8678,1.0144,0.0207,0,EP-005-04,FALSE_CONTENT,train
2026-07-29 07:00:00+07:00,SKU-005,0,1.4347,1.4145,1.0143,0.0195,0,EP-005-04,FALSE_CONTENT,train
2026-07-29 08:00:00+07:00,SKU-005,2,1.9647,1.9374,1.0141,0.0184,0,EP-005-04,FALSE_CONTENT,train
2026-07-29 09:00:00+07:00,SKU-005,0,2.309,2.2772,1.014,0.0174,0,EP-005-04,FALSE_CONTENT,train
2026-07-29 10:00:00+07:00,SKU-005,7,2.5836,2.5485,1.0138,0.0165,0,EP-005-04,FALSE_CONTENT,train
2026-07-29 11:00:00+07:00,SKU-005,2,2.858,2.8195,1.0137,0.0155,0,EP-005-04,FALSE_CONTENT,train
2026-07-29 12:00:00+07:00,SKU-005,3,2.9939,2.954,1.0135,0.0147,0,EP-005-04,FALSE_CONTENT,train
2026-07-29 13:00:00+07:00,SKU-005,2,2.7157,2.6799,1.0134,0.0139,0,EP-005-04,FALSE_CONTENT,train
2026-07-29 14:00:00+07:00,SKU-005,5,2.415,2.3835,1.0132,0.0131,0,,,train
2026-07-29 15:00:00+07:00,SKU-005,4,2.3448,2.3145,1.0131,0.0124,0,,,train
2026-07-29 16:00:00+07:00,SKU-005,4,2.5276,2.4954,1.0129,0.0117,0,,,train
2026-07-29 17:00:00+07:00,SKU-005,3,2.9402,2.9031,1.0128,0.011,0,,,train
2026-07-29 18:00:00+07:00,SKU-005,5,3.4906,3.447,1.0126,0.0104,0,,,train
2026-07-29 19:00:00+07:00,SKU-005,1,4.087,4.0365,1.0125,0.0098,0,,,train
2026-07-29 20:00:00+07:00,SKU-005,4,4.2703,4.2182,1.0124,0.0093,0,,,train
2026-07-29 21:00:00+07:00,SKU-005,3,3.5587,3.5157,1.0122,0.0088,0,,,train
2026-07-29 22:00:00+07:00,SKU-005,0,2.3421,2.3141,1.0121,0.0083,0,,,train
2026-07-29 23:00:00+07:00,SKU-005,1,1.1942,1.1801,1.0119,0.0078,0,,,train
2026-07-30 00:00:00+07:00,SKU-005,0,0.5988,0.5918,1.0118,0.0074,0,,,train
2026-07-30 01:00:00+07:00,SKU-005,0,0.3834,0.3789,1.0117,0.007,0,,,train
2026-07-30 02:00:00+07:00,SKU-005,0,0.2637,0.2607,1.0116,0.0066,0,,,train
2026-07-30 03:00:00+07:00,SKU-005,0,0.2159,0.2134,1.0114,0.0062,0,,,train
2026-07-30 04:00:00+07:00,SKU-005,0,0.24,0.2373,1.0113,0.0059,0,,,train
2026-07-30 05:00:00+07:00,SKU-005,0,0.4323,0.4275,1.0112,0.0056,0,,,train
2026-07-30 06:00:00+07:00,SKU-005,0,0.9134,0.9034,1.0111,0.0053,0,,,train
2026-07-30 07:00:00+07:00,SKU-005,1,1.4916,1.4755,1.0109,0.005,0,,,train
2026-07-30 08:00:00+07:00,SKU-005,1,2.0469,2.025,1.0108,0.0047,0,,,train
2026-07-30 09:00:00+07:00,SKU-005,2,2.4107,2.3852,1.0107,0.0044,0,,,train
2026-07-30 10:00:00+07:00,SKU-005,4,2.703,2.6748,1.0106,0.0042,0,,,train
2026-07-30 11:00:00+07:00,SKU-005,3,2.9963,2.9653,1.0105,0.004,0,,,train
2026-07-30 12:00:00+07:00,SKU-005,3,3.1453,3.1131,1.0103,0.0037,0,,,train
2026-07-30 13:00:00+07:00,SKU-005,1,2.8588,2.8299,1.0102,0.0035,0,,,train
2026-07-30 14:00:00+07:00,SKU-005,6,2.5475,2.522,1.0101,0.0033,0,,,train
2026-07-30 15:00:00+07:00,SKU-005,1,2.4784,2.4539,1.01,0.0031,0,,,train
2026-07-30 16:00:00+07:00,SKU-005,2,2.677,2.6508,1.0099,0.003,0,,,train
2026-07-30 17:00:00+07:00,SKU-005,3,3.1201,3.0899,1.0098,0.0028,0,,,train
2026-07-30 18:00:00+07:00,SKU-005,3,3.7114,3.6759,1.0097,0.0027,0,,,train
2026-07-30 19:00:00+07:00,SKU-005,3,4.3539,4.3126,1.0096,0.0025,0,,,train
2026-07-30 20:00:00+07:00,SKU-005,1,4.5577,4.515,1.0095,0.0024,0,,,train
2026-07-30 21:00:00+07:00,SKU-005,0,3.8052,3.7699,1.0094,0.0022,0,,,train
2026-07-30 22:00:00+07:00,SKU-005,1,2.5088,2.4858,1.0092,0.0022,0,,,train
2026-07-30 23:00:00+07:00,SKU-005,2,1.2815,1.2699,1.0091,0.0021,0,,,train
2026-07-31 00:00:00+07:00,SKU-005,0,0.6929,0.6867,1.009,0.0021,0,,,train
2026-07-31 01:00:00+07:00,SKU-005,0,0.4444,0.4404,1.0089,0.0021,0,,,train
2026-07-31 02:00:00+07:00,SKU-005,1,0.3061,0.3035,1.0088,0.0021,0,,,train
2026-07-31 03:00:00+07:00,SKU-005,0,0.251,0.2488,1.0087,0.0021,0,,,train
2026-07-31 04:00:00+07:00,SKU-005,0,0.2795,0.2771,1.0087,0.002,0,,,train
2026-07-31 05:00:00+07:00,SKU-005,0,0.5042,0.4999,1.0086,0.002,0,,,train
2026-07-31 06:00:00+07:00,SKU-005,0,1.0667,1.0577,1.0085,0.002,0,,,train
2026-07-31 07:00:00+07:00,SKU-005,2,1.7442,1.7297,1.0084,0.002,0,,,train
2026-07-31 08:00:00+07:00,SKU-005,2,2.3966,2.3769,1.0083,0.002,0,,,train
2026-07-31 09:00:00+07:00,SKU-005,4,2.8258,2.8029,1.0082,0.002,0,,,train
2026-07-31 10:00:00+07:00,SKU-005,6,3.1721,3.1466,1.0081,0.0019,0,,,train
2026-07-31 11:00:00+07:00,SKU-005,4,3.5199,3.4919,1.008,0.0019,0,,,train
2026-07-31 12:00:00+07:00,SKU-005,2,3.6986,3.6695,1.0079,0.0019,0,,,train
2026-07-31 13:00:00+07:00,SKU-005,0,3.3648,3.3386,1.0078,0.0019,0,,,train
2026-07-31 14:00:00+07:00,SKU-005,4,3.0009,2.9778,1.0077,0.0019,0,,,train
2026-07-31 15:00:00+07:00,SKU-005,5,2.9218,2.8995,1.0077,0.0019,0,,,train
2026-07-31 16:00:00+07:00,SKU-005,2,3.158,3.1343,1.0076,0.0018,0,,,train
2026-07-31 17:00:00+07:00,SKU-005,2,3.6831,3.6557,1.0075,0.0018,0,,,train
2026-07-31 18:00:00+07:00,SKU-005,2,4.3834,4.3512,1.0074,0.0018,0,,,train
2026-07-31 19:00:00+07:00,SKU-005,8,5.1446,5.1072,1.0073,0.0018,0,,,train
2026-07-31 20:00:00+07:00,SKU-005,3,5.3876,5.3489,1.0072,0.0018,0,,,train
2026-07-31 21:00:00+07:00,SKU-005,6,4.4995,4.4675,1.0072,0.0018,0,,,train
2026-07-31 22:00:00+07:00,SKU-005,5,2.9673,2.9464,1.0071,0.0017,0,,,train
2026-07-31 23:00:00+07:00,SKU-005,3,1.516,1.5054,1.007,0.0017,0,,,train
2026-08-01 00:00:00+07:00,SKU-005,3,0.8499,0.844,1.0069,0.0017,0,,,train
2026-08-01 01:00:00+07:00,SKU-005,0,0.545,0.5413,1.0069,0.0017,0,,,train
2026-08-01 02:00:00+07:00,SKU-005,1,0.3755,0.3729,1.0068,0.0017,0,,,train
2026-08-01 03:00:00+07:00,SKU-005,0,0.3078,0.3058,1.0067,0.0017,0,,,train
2026-08-01 04:00:00+07:00,SKU-005,0,0.3427,0.3404,1.0066,0.0017,0,,,train
2026-08-01 05:00:00+07:00,SKU-005,0,0.618,0.614,1.0066,0.0016,0,,,train
2026-08-01 06:00:00+07:00,SKU-005,2,1.3071,1.2986,1.0065,0.0016,0,,,train
2026-08-01 07:00:00+07:00,SKU-005,5,2.1364,2.1228,1.0064,0.0016,0,,,train
2026-08-01 08:00:00+07:00,SKU-005,2,2.9341,2.9156,1.0063,0.0016,0,,,train
2026-08-01 09:00:00+07:00,SKU-005,2,3.4578,3.4362,1.0063,0.0016,0,,,train
2026-08-01 10:00:00+07:00,SKU-005,9,3.8791,3.8552,1.0062,0.0016,0,,,train
2026-08-01 11:00:00+07:00,SKU-005,8,4.3015,4.2753,1.0061,0.0016,0,,,train
2026-08-01 12:00:00+07:00,SKU-005,2,4.5166,4.4894,1.0061,0.0015,0,,,train
2026-08-01 13:00:00+07:00,SKU-005,3,4.1057,4.0812,1.006,0.0015,0,,,train
2026-08-01 14:00:00+07:00,SKU-005,3,3.6585,3.637,1.0059,0.0015,0,,,train
2026-08-01 15:00:00+07:00,SKU-005,7,3.5588,3.5381,1.0059,0.0015,0,,,train
2026-08-01 16:00:00+07:00,SKU-005,1,3.8428,3.8207,1.0058,0.0015,0,,,train
2026-08-01 17:00:00+07:00,SKU-005,4,4.4771,4.4516,1.0057,0.0015,0,,,train
2026-08-01 18:00:00+07:00,SKU-005,8,5.3226,5.2926,1.0057,0.0015,0,,,train
2026-08-01 19:00:00+07:00,SKU-005,6,6.2398,6.205,1.0056,0.0014,0,,,train
2026-08-01 20:00:00+07:00,SKU-005,8,6.5268,6.4908,1.0055,0.0014,0,,,train
2026-08-01 21:00:00+07:00,SKU-005,5,5.4441,5.4144,1.0055,0.0014,0,,,train
2026-08-01 22:00:00+07:00,SKU-005,7,3.5856,3.5663,1.0054,0.0014,0,,,train
2026-08-01 23:00:00+07:00,SKU-005,2,1.8294,1.8196,1.0054,0.0014,0,,,train
2026-08-02 00:00:00+07:00,SKU-005,5,0.8251,0.8208,1.0053,0.0014,0,,,train
2026-08-02 01:00:00+07:00,SKU-005,1,0.5284,0.5257,1.0052,0.0014,0,,,train
2026-08-02 02:00:00+07:00,SKU-005,0,0.3635,0.3616,1.0052,0.0014,0,,,train
2026-08-02 03:00:00+07:00,SKU-005,0,0.2975,0.296,1.0051,0.0013,0,,,train
2026-08-02 04:00:00+07:00,SKU-005,0,0.3307,0.3291,1.0051,0.0013,0,,,train
2026-08-02 05:00:00+07:00,SKU-005,0,0.5955,0.5926,1.005,0.0013,0,,,train
2026-08-02 06:00:00+07:00,SKU-005,1,1.2576,1.2513,1.005,0.0013,0,,,train
2026-08-02 07:00:00+07:00,SKU-005,5,2.0521,2.0421,1.0049,0.0013,0,,,train
2026-08-02 08:00:00+07:00,SKU-005,1,2.8137,2.8001,1.0049,0.0013,0,,,train
2026-08-02 09:00:00+07:00,SKU-005,4,3.3103,3.2944,1.0048,0.0013,0,,,train
2026-08-02 10:00:00+07:00,SKU-005,5,3.7072,3.6897,1.0047,0.0013,0,,,train
2026-08-02 11:00:00+07:00,SKU-005,1,4.1039,4.0847,1.0047,0.0013,0,,,train
2026-08-02 12:00:00+07:00,SKU-005,3,4.3015,4.2816,1.0046,0.0012,0,,,train
2026-08-02 13:00:00+07:00,SKU-005,0,3.9033,3.8854,1.0046,0.0012,0,,,train
2026-08-02 14:00:00+07:00,SKU-005,4,3.4719,3.4562,1.0045,0.0012,0,,,train
2026-08-02 15:00:00+07:00,SKU-005,2,3.3712,3.3561,1.0045,0.0012,0,,,train
2026-08-02 16:00:00+07:00,SKU-005,0,3.6337,3.6176,1.0044,0.0012,0,,,train
2026-08-02 17:00:00+07:00,SKU-005,5,4.2257,4.2072,1.0044,0.0012,0,,,train
2026-08-02 18:00:00+07:00,SKU-005,0,5.0146,4.9929,1.0043,0.0012,0,,,train
2026-08-02 19:00:00+07:00,SKU-005,2,5.868,5.8429,1.0043,0.0012,0,,,train
2026-08-02 20:00:00+07:00,SKU-005,6,6.1266,6.1007,1.0042,0.0012,0,,,train
2026-08-02 21:00:00+07:00,SKU-005,4,5.1009,5.0796,1.0042,0.0011,0,,,train
2026-08-02 22:00:00+07:00,SKU-005,1,3.3535,3.3396,1.0042,0.0011,0,,,train
2026-08-02 23:00:00+07:00,SKU-005,0,1.7078,1.7008,1.0041,0.0011,0,,,train
2026-08-03 00:00:00+07:00,SKU-005,1,0.6971,0.6943,1.0041,0.0011,0,,,train
2026-08-03 01:00:00+07:00,SKU-005,1,0.4456,0.4439,1.004,0.0011,0,,,train
2026-08-03 02:00:00+07:00,SKU-005,3,0.306,0.3048,1.004,0.0011,0,,,train
2026-08-03 03:00:00+07:00,SKU-005,0,0.25,0.2491,1.0039,0.0011,0,,,train
2026-08-03 04:00:00+07:00,SKU-005,2,0.2774,0.2764,1.0039,0.0011,0,,,train
2026-08-03 05:00:00+07:00,SKU-005,0,0.4987,0.4968,1.0038,0.0011,0,,,train
2026-08-03 06:00:00+07:00,SKU-005,1,1.0512,1.0472,1.0038,0.0011,0,,,train
2026-08-03 07:00:00+07:00,SKU-005,2,1.7125,1.7061,1.0038,0.001,0,,,train
2026-08-03 08:00:00+07:00,SKU-005,2,2.344,2.3353,1.0037,0.001,0,,,train
2026-08-03 09:00:00+07:00,SKU-005,5,2.7531,2.743,1.0037,0.001,0,,,train
2026-08-03 10:00:00+07:00,SKU-005,12,3.0782,3.0671,1.0036,0.001,0,,,train
2026-08-03 11:00:00+07:00,SKU-005,3,3.4021,3.3899,1.0036,0.001,0,,,train
2026-08-03 12:00:00+07:00,SKU-005,2,3.5603,3.5477,1.0036,0.001,0,,,train
2026-08-03 13:00:00+07:00,SKU-005,3,3.2257,3.2144,1.0035,0.001,0,,,train
2026-08-03 14:00:00+07:00,SKU-005,7,2.8649,2.855,1.0035,0.001,0,,,train
2026-08-03 15:00:00+07:00,SKU-005,0,2.7777,2.7682,1.0034,0.001,0,,,train
2026-08-03 16:00:00+07:00,SKU-005,10,2.9897,2.9796,1.0034,0.001,0,,,train
2026-08-03 17:00:00+07:00,SKU-005,4,3.472,3.4604,1.0034,0.001,0,,,train
2026-08-03 18:00:00+07:00,SKU-005,2,4.1147,4.101,1.0033,0.0009,0,,,train
2026-08-03 19:00:00+07:00,SKU-005,6,4.8086,4.7929,1.0033,0.0009,0,,,train
2026-08-03 20:00:00+07:00,SKU-005,5,5.0143,4.9981,1.0033,0.0009,0,,,train
2026-08-03 21:00:00+07:00,SKU-005,3,4.1698,4.1565,1.0032,0.0009,0,,,train
2026-08-03 22:00:00+07:00,SKU-005,4,2.7382,2.7295,1.0032,0.0009,0,,,train
2026-08-03 23:00:00+07:00,SKU-005,1,1.393,1.3886,1.0031,0.0009,0,,,train
2026-08-04 00:00:00+07:00,SKU-005,0,0.629,0.627,1.0031,0.0009,0,,,train
2026-08-04 01:00:00+07:00,SKU-005,1,0.4017,0.4004,1.0031,0.0009,0,,,train
2026-08-04 02:00:00+07:00,SKU-005,0,0.2755,0.2747,1.003,0.0009,0,,,train
2026-08-04 03:00:00+07:00,SKU-005,0,0.225,0.2243,1.003,0.0009,0,,,train
2026-08-04 04:00:00+07:00,SKU-005,0,0.2494,0.2487,1.003,0.0009,0,,,train
2026-08-04 05:00:00+07:00,SKU-005,0,0.448,0.4466,1.0029,0.0009,0,,,train
2026-08-04 06:00:00+07:00,SKU-005,1,0.9436,0.9409,1.0029,0.0009,0,,,train
2026-08-04 07:00:00+07:00,SKU-005,1,1.5363,1.5319,1.0029,0.0008,0,,,train
2026-08-04 08:00:00+07:00,SKU-005,0,2.1017,2.0957,1.0028,0.0008,0,,,train
2026-08-04 09:00:00+07:00,SKU-005,1,2.4673,2.4604,1.0028,0.0008,0,,,train
2026-08-04 10:00:00+07:00,SKU-005,0,2.7575,2.7499,1.0028,0.0008,0,,,train
2026-08-04 11:00:00+07:00,SKU-005,4,3.0466,3.0382,1.0028,0.0008,0,,,train
2026-08-04 12:00:00+07:00,SKU-005,4,3.1874,3.1787,1.0027,0.0008,0,,,train
2026-08-04 13:00:00+07:00,SKU-005,3,2.8873,2.8795,1.0027,0.0008,0,,,train
2026-08-04 14:00:00+07:00,SKU-005,3,2.564,2.5572,1.0027,0.0008,0,,,train
2026-08-04 15:00:00+07:00,SKU-005,2,2.4858,2.4793,1.0026,0.0008,0,,,train
2026-08-04 16:00:00+07:00,SKU-005,2,2.6756,2.6686,1.0026,0.0008,0,,,train
2026-08-04 17:00:00+07:00,SKU-005,3,3.1075,3.0995,1.0026,0.0008,0,,,train
2026-08-04 18:00:00+07:00,SKU-005,4,3.6832,3.6739,1.0025,0.0008,0,,,train
2026-08-04 19:00:00+07:00,SKU-005,0,4.3054,4.2946,1.0025,0.0008,0,,,train
2026-08-04 20:00:00+07:00,SKU-005,5,4.491,4.4798,1.0025,0.0008,0,,,train
2026-08-04 21:00:00+07:00,SKU-005,2,3.7361,3.7269,1.0025,0.0007,0,,,train
2026-08-04 22:00:00+07:00,SKU-005,1,2.4545,2.4485,1.0024,0.0007,0,,,train
2026-08-04 23:00:00+07:00,SKU-005,5,1.2493,1.2463,1.0024,0.0007,0,,,train
2026-08-05 00:00:00+07:00,SKU-005,1,0.5872,0.5858,1.0024,0.0007,0,,,train
2026-08-05 01:00:00+07:00,SKU-005,1,0.3752,0.3744,1.0024,0.0007,0,,,train
2026-08-05 02:00:00+07:00,SKU-005,0,0.2576,0.257,1.0023,0.0007,0,,,train
2026-08-05 03:00:00+07:00,SKU-005,2,0.2105,0.21,1.0023,0.0007,0,,,train
2026-08-05 04:00:00+07:00,SKU-005,2,0.2336,0.233,1.0023,0.0007,0,,,train
2026-08-05 05:00:00+07:00,SKU-005,0,0.4199,0.419,1.0023,0.0007,0,,,train
2026-08-05 06:00:00+07:00,SKU-005,2,0.8855,0.8836,1.0022,0.0007,0,,,train
2026-08-05 07:00:00+07:00,SKU-005,4,1.4433,1.4401,1.0022,0.0007,0,,,train
2026-08-05 08:00:00+07:00,SKU-005,6,1.9767,1.9724,1.0022,0.0007,0,,,train
2026-08-05 09:00:00+07:00,SKU-005,2,2.3234,2.3184,1.0022,0.0007,0,,,train
2026-08-05 10:00:00+07:00,SKU-005,5,2.6001,2.5946,1.0021,0.0007,0,,,train
2026-08-05 11:00:00+07:00,SKU-005,2,2.8765,2.8705,1.0021,0.0007,0,,,train
2026-08-05 12:00:00+07:00,SKU-005,0,3.0137,3.0075,1.0021,0.0007,0,,,train
2026-08-05 13:00:00+07:00,SKU-005,6,2.734,2.7283,1.0021,0.0006,0,,,train
2026-08-05 14:00:00+07:00,SKU-005,4,2.4316,2.4266,1.002,0.0006,0,,,train
2026-08-05 15:00:00+07:00,SKU-005,3,2.3611,2.3564,1.002,0.0006,0,,,train
2026-08-05 16:00:00+07:00,SKU-005,7,2.5455,2.5405,1.002,0.0006,0,,,train
2026-08-05 17:00:00+07:00,SKU-005,2,2.9614,2.9556,1.002,0.0006,0,,,train
2026-08-05 18:00:00+07:00,SKU-005,4,3.5162,3.5093,1.002,0.0006,0,,,train
2026-08-05 19:00:00+07:00,SKU-005,4,4.1174,4.1095,1.0019,0.0006,0,,,train
2026-08-05 20:00:00+07:00,SKU-005,2,4.3026,4.2944,1.0019,0.0006,0,,,train
2026-08-05 21:00:00+07:00,SKU-005,1,3.586,3.5792,1.0019,0.0006,0,,,train
2026-08-05 22:00:00+07:00,SKU-005,3,2.3603,2.3559,1.0019,0.0006,0,,,train
2026-08-05 23:00:00+07:00,SKU-005,0,1.2037,1.2015,1.0018,0.0006,0,,,train
2026-08-06 00:00:00+07:00,SKU-005,0,0.6036,0.6025,1.0018,0.0006,0,,,train
2026-08-06 01:00:00+07:00,SKU-005,0,0.3865,0.3858,1.0018,0.0006,0,,,train
2026-08-06 02:00:00+07:00,SKU-005,0,0.2658,0.2654,1.0018,0.0006,0,,,train
2026-08-06 03:00:00+07:00,SKU-005,1,0.2177,0.2173,1.0018,0.0006,0,,,train
2026-08-06 04:00:00+07:00,SKU-005,0,0.242,0.2416,1.0017,0.0006,0,,,train
2026-08-06 05:00:00+07:00,SKU-005,0,0.436,0.4352,1.0017,0.0006,0,,,train
2026-08-06 06:00:00+07:00,SKU-005,2,0.9213,0.9197,1.0017,0.0006,0,,,train
2026-08-06 07:00:00+07:00,SKU-005,2,1.5046,1.5021,1.0017,0.0006,0,,,train
2026-08-06 08:00:00+07:00,SKU-005,4,2.065,2.0616,1.0017,0.0005,0,,,train
2026-08-06 09:00:00+07:00,SKU-005,4,2.4322,2.4282,1.0017,0.0005,0,,,train
2026-08-06 10:00:00+07:00,SKU-005,3,2.7275,2.723,1.0016,0.0005,0,,,train
2026-08-06 11:00:00+07:00,SKU-005,0,3.0236,3.0188,1.0016,0.0005,0,,,train
2026-08-06 12:00:00+07:00,SKU-005,2,3.1743,3.1693,1.0016,0.0005,0,,,train
2026-08-06 13:00:00+07:00,SKU-005,4,2.8855,2.8809,1.0016,0.0005,0,,,train
2026-08-06 14:00:00+07:00,SKU-005,9,2.5715,2.5675,1.0016,0.0005,0,,,train
2026-08-06 15:00:00+07:00,SKU-005,4,2.502,2.4982,1.0015,0.0005,0,,,train
2026-08-06 16:00:00+07:00,SKU-005,2,2.7027,2.6986,1.0015,0.0005,0,,,train
2026-08-06 17:00:00+07:00,SKU-005,5,3.1504,3.1456,1.0015,0.0005,0,,,train
2026-08-06 18:00:00+07:00,SKU-005,1,3.7477,3.7421,1.0015,0.0005,0,,,train
2026-08-06 19:00:00+07:00,SKU-005,6,4.3968,4.3903,1.0015,0.0005,0,,,train
2026-08-06 20:00:00+07:00,SKU-005,8,4.6031,4.5964,1.0015,0.0005,0,,,train
2026-08-06 21:00:00+07:00,SKU-005,6,3.8434,3.8378,1.0014,0.0005,0,,,train
2026-08-06 22:00:00+07:00,SKU-005,1,2.5342,2.5306,1.0014,0.0005,0,,,train
2026-08-06 23:00:00+07:00,SKU-005,2,1.2946,1.2927,1.0014,0.0005,0,,,train
2026-08-07 00:00:00+07:00,SKU-005,3,0.7001,0.6991,1.0014,0.0005,0,,,train
2026-08-07 01:00:00+07:00,SKU-005,0,0.449,0.4484,1.0014,0.0005,0,,,train
2026-08-07 02:00:00+07:00,SKU-005,0,0.3093,0.3089,1.0014,0.0005,0,,,train
2026-08-07 03:00:00+07:00,SKU-005,0,0.2536,0.2533,1.0014,0.0005,0,,,train
2026-08-07 04:00:00+07:00,SKU-005,3,0.2825,0.2821,1.0013,0.0005,0,,,train
2026-08-07 05:00:00+07:00,SKU-005,0,0.5096,0.5089,1.0013,0.0005,0,,,train
2026-08-07 06:00:00+07:00,SKU-005,1,1.0782,1.0768,1.0013,0.0004,0,,,train
2026-08-07 07:00:00+07:00,SKU-005,1,1.7631,1.7609,1.0013,0.0004,0,,,train
2026-08-07 08:00:00+07:00,SKU-005,0,2.4228,2.4197,1.0013,0.0004,0,,,train
2026-08-07 09:00:00+07:00,SKU-005,1,2.8569,2.8533,1.0013,0.0004,0,,,train
2026-08-07 10:00:00+07:00,SKU-005,4,3.2072,3.2032,1.0013,0.0004,0,,,train
2026-08-07 11:00:00+07:00,SKU-005,1,3.5591,3.5548,1.0012,0.0004,0,,,train
2026-08-07 12:00:00+07:00,SKU-005,4,3.7401,3.7355,1.0012,0.0004,0,,,train
2026-08-07 13:00:00+07:00,SKU-005,9,3.4028,3.3987,1.0012,0.0004,0,,,train
2026-08-07 14:00:00+07:00,SKU-005,1,3.035,3.0314,1.0012,0.0004,0,,,train
2026-08-07 15:00:00+07:00,SKU-005,3,2.9552,2.9517,1.0012,0.0004,0,,,train
2026-08-07 16:00:00+07:00,SKU-005,4,3.1944,3.1906,1.0012,0.0004,0,,,train
2026-08-07 17:00:00+07:00,SKU-005,3,3.7257,3.7214,1.0012,0.0004,0,,,train
2026-08-07 18:00:00+07:00,SKU-005,4,4.4345,4.4294,1.0011,0.0004,0,,,train
2026-08-07 19:00:00+07:00,SKU-005,2,5.2049,5.199,1.0011,0.0004,0,,,train
2026-08-07 20:00:00+07:00,SKU-005,5,5.4511,5.445,1.0011,0.0004,0,,,train
2026-08-07 21:00:00+07:00,SKU-005,4,4.5528,4.5477,1.0011,0.0004,0,,,train
2026-08-07 22:00:00+07:00,SKU-005,1,3.0027,2.9994,1.0011,0.0004,0,,,train
2026-08-07 23:00:00+07:00,SKU-005,1,1.5341,1.5325,1.0011,0.0004,0,,,train
2026-08-08 00:00:00+07:00,SKU-005,2,0.8601,0.8592,1.0011,0.0004,0,,,train
2026-08-08 01:00:00+07:00,SKU-005,3,0.5516,0.551,1.0011,0.0004,0,,,train
2026-08-08 02:00:00+07:00,SKU-005,0,0.38,0.3796,1.001,0.0004,0,,,train
2026-08-08 03:00:00+07:00,SKU-005,2,0.3116,0.3113,1.001,0.0004,0,,,train
2026-08-08 04:00:00+07:00,SKU-005,4,0.3469,0.3465,1.001,0.0004,0,,,train
2026-08-08 05:00:00+07:00,SKU-005,0,0.6256,0.625,1.001,0.0004,0,,,train
2026-08-08 06:00:00+07:00,SKU-005,2,1.3233,1.322,1.001,0.0004,0,,,train
2026-08-08 07:00:00+07:00,SKU-005,1,2.1631,2.1609,1.001,0.0004,0,,,train
2026-08-08 08:00:00+07:00,SKU-005,7,2.9709,2.968,1.001,0.0004,0,,,train
2026-08-08 09:00:00+07:00,SKU-005,1,3.5013,3.4979,1.001,0.0004,0,,,train
2026-08-08 10:00:00+07:00,SKU-005,3,3.9281,3.9244,1.001,0.0003,0,,,train
2026-08-08 11:00:00+07:00,SKU-005,5,4.3562,4.3521,1.0009,0.0003,0,,,train
2026-08-08 12:00:00+07:00,SKU-005,0,4.5742,4.5699,1.0009,0.0003,0,,,train
2026-08-08 13:00:00+07:00,SKU-005,6,4.1583,4.1545,1.0009,0.0003,0,,,train
2026-08-08 14:00:00+07:00,SKU-005,2,3.7056,3.7022,1.0009,0.0003,0,,,train
2026-08-08 15:00:00+07:00,SKU-005,8,3.6048,3.6015,1.0009,0.0003,0,,,train
2026-08-08 16:00:00+07:00,SKU-005,2,3.8927,3.8892,1.0009,0.0003,0,,,train
2026-08-08 17:00:00+07:00,SKU-005,5,4.5354,4.5314,1.0009,0.0003,0,,,train
2026-08-08 18:00:00+07:00,SKU-005,2,5.3922,5.3875,1.0009,0.0003,0,,,train
2026-08-08 19:00:00+07:00,SKU-005,3,6.3217,6.3162,1.0009,0.0003,0,,,train
2026-08-08 20:00:00+07:00,SKU-005,2,6.6128,6.6072,1.0009,0.0003,0,,,train
2026-08-08 21:00:00+07:00,SKU-005,6,5.5161,5.5114,1.0008,0.0003,0,,,train
2026-08-08 22:00:00+07:00,SKU-005,13,3.6332,3.6302,1.0008,0.0003,0,,,train
2026-08-08 23:00:00+07:00,SKU-005,1,1.8538,1.8523,1.0008,0.0003,0,,,train
2026-08-09 00:00:00+07:00,SKU-005,2,0.8362,0.8355,1.0008,0.0003,0,,,train
2026-08-09 01:00:00+07:00,SKU-005,0,0.5355,0.5351,1.0008,0.0003,0,,,train
2026-08-09 02:00:00+07:00,SKU-005,0,0.3684,0.3681,1.0008,0.0003,0,,,train
2026-08-09 03:00:00+07:00,SKU-005,0,0.3016,0.3013,1.0008,0.0003,0,,,train
2026-08-09 04:00:00+07:00,SKU-005,1,0.3352,0.335,1.0008,0.0003,0,,,train
2026-08-09 05:00:00+07:00,SKU-005,0,0.6036,0.6032,1.0008,0.0003,0,,,train
2026-08-09 06:00:00+07:00,SKU-005,0,1.2747,1.2737,1.0008,0.0003,0,,,train
2026-08-09 07:00:00+07:00,SKU-005,1,2.0803,2.0787,1.0008,0.0003,0,,,train
2026-08-09 08:00:00+07:00,SKU-005,1,2.8524,2.8502,1.0007,0.0003,0,,,train
2026-08-09 09:00:00+07:00,SKU-005,2,3.3559,3.3534,1.0007,0.0003,0,,,train
2026-08-09 10:00:00+07:00,SKU-005,4,3.7585,3.7558,1.0007,0.0003,0,,,train
2026-08-09 11:00:00+07:00,SKU-005,2,4.1608,4.1578,1.0007,0.0003,0,,,train
2026-08-09 12:00:00+07:00,SKU-005,5,4.3614,4.3582,1.0007,0.0003,0,,,train
2026-08-09 13:00:00+07:00,SKU-005,0,3.9578,3.9549,1.0007,0.0003,0,,,train
2026-08-09 14:00:00+07:00,SKU-005,3,3.5205,3.5181,1.0007,0.0003,0,,,train
2026-08-09 15:00:00+07:00,SKU-005,2,3.4185,3.4162,1.0007,0.0003,0,,,train
2026-08-09 16:00:00+07:00,SKU-005,7,3.6849,3.6823,1.0007,0.0003,0,,,train
2026-08-09 17:00:00+07:00,SKU-005,3,4.2854,4.2825,1.0007,0.0003,0,,,train
2026-08-09 18:00:00+07:00,SKU-005,2,5.0857,5.0822,1.0007,0.0003,0,,,train
2026-08-09 19:00:00+07:00,SKU-005,1,5.9513,5.9474,1.0007,0.0003,0,,,train
2026-08-09 20:00:00+07:00,SKU-005,4,6.2139,6.2098,1.0007,0.0003,0,,,train
2026-08-09 21:00:00+07:00,SKU-005,5,5.1738,5.1704,1.0006,0.0003,0,,,train
2026-08-09 22:00:00+07:00,SKU-005,3,3.4015,3.3993,1.0006,0.0003,0,,,train
2026-08-09 23:00:00+07:00,SKU-005,0,1.7324,1.7313,1.0006,0.0003,0,,,train
2026-08-10 00:00:00+07:00,SKU-005,0,0.7072,0.7067,1.0006,0.0002,0,,,train
2026-08-10 01:00:00+07:00,SKU-005,1,0.4521,0.4518,1.0006,0.0002,0,,,train
2026-08-10 02:00:00+07:00,SKU-005,0,0.3104,0.3102,1.0006,0.0002,0,,,train
2026-08-10 03:00:00+07:00,SKU-005,1,0.2537,0.2535,1.0006,0.0002,0,,,train
2026-08-10 04:00:00+07:00,SKU-005,0,0.2815,0.2813,1.0006,0.0002,0,,,train
2026-08-10 05:00:00+07:00,SKU-005,1,0.5059,0.5056,1.0006,0.0002,0,,,train
2026-08-10 06:00:00+07:00,SKU-005,0,1.0666,1.0659,1.0006,0.0002,0,,,train
2026-08-10 07:00:00+07:00,SKU-005,0,1.7375,1.7365,1.0006,0.0002,0,,,train
2026-08-10 08:00:00+07:00,SKU-005,4,2.3784,2.377,1.0006,0.0002,0,,,train
2026-08-10 09:00:00+07:00,SKU-005,5,2.7936,2.792,1.0006,0.0002,0,,,train
2026-08-10 10:00:00+07:00,SKU-005,12,3.1236,3.1218,1.0006,0.0002,0,,,train
2026-08-10 11:00:00+07:00,SKU-005,5,3.4523,3.4504,1.0006,0.0002,0,,,train
2026-08-10 12:00:00+07:00,SKU-005,0,3.613,3.611,1.0005,0.0002,0,,,train
2026-08-10 13:00:00+07:00,SKU-005,0,3.2735,3.2718,1.0005,0.0002,0,,,train
2026-08-10 14:00:00+07:00,SKU-005,2,2.9075,2.9059,1.0005,0.0002,0,,,train
2026-08-10 15:00:00+07:00,SKU-005,4,2.8191,2.8176,1.0005,0.0002,0,,,train
2026-08-10 16:00:00+07:00,SKU-005,0,3.0343,3.0327,1.0005,0.0002,0,,,train
2026-08-10 17:00:00+07:00,SKU-005,3,3.5239,3.5221,1.0005,0.0002,0,,,train
2026-08-10 18:00:00+07:00,SKU-005,6,4.1763,4.1742,1.0005,0.0002,0,,,train
2026-08-10 19:00:00+07:00,SKU-005,3,4.8808,4.8784,1.0005,0.0002,0,,,train
2026-08-10 20:00:00+07:00,SKU-005,8,5.0898,5.0872,1.0005,0.0002,0,,,train
2026-08-10 21:00:00+07:00,SKU-005,2,4.2327,4.2306,1.0005,0.0002,0,,,train
2026-08-10 22:00:00+07:00,SKU-005,3,2.7796,2.7782,1.0005,0.0002,0,,,train
2026-08-10 23:00:00+07:00,SKU-005,1,1.4141,1.4134,1.0005,0.0002,0,,,train
2026-08-11 00:00:00+07:00,SKU-005,0,0.6385,0.6382,1.0005,0.0002,0,,,train
2026-08-11 01:00:00+07:00,SKU-005,0,0.4078,0.4076,1.0005,0.0002,0,,,train
2026-08-11 02:00:00+07:00,SKU-005,0,0.2797,0.2796,1.0005,0.0002,0,,,train
2026-08-11 03:00:00+07:00,SKU-005,0,0.2284,0.2283,1.0005,0.0002,0,,,train
2026-08-11 04:00:00+07:00,SKU-005,0,0.2532,0.2531,1.0005,0.0002,0,,,train
2026-08-11 05:00:00+07:00,SKU-005,0,0.4548,0.4546,1.0005,0.0002,0,,,train
2026-08-11 06:00:00+07:00,SKU-005,0,0.9581,0.9577,1.0004,0.0002,0,,,train
2026-08-11 07:00:00+07:00,SKU-005,1,1.5599,1.5592,1.0004,0.0002,0,,,train
2026-08-11 08:00:00+07:00,SKU-005,8,2.134,2.1331,1.0004,0.0002,0,,,train
2026-08-11 09:00:00+07:00,SKU-005,4,2.5053,2.5042,1.0004,0.0002,0,,,train
2026-08-11 10:00:00+07:00,SKU-005,3,2.8001,2.7989,1.0004,0.0002,0,,,train
2026-08-11 11:00:00+07:00,SKU-005,3,3.0936,3.0923,1.0004,0.0002,0,,,train
2026-08-11 12:00:00+07:00,SKU-005,1,3.2367,3.2353,1.0004,0.0002,0,,,train
2026-08-11 13:00:00+07:00,SKU-005,1,2.932,2.9308,1.0004,0.0002,0,,,train
2026-08-11 14:00:00+07:00,SKU-005,7,2.6038,2.6027,1.0004,0.0002,0,,,train
2026-08-11 15:00:00+07:00,SKU-005,2,2.5244,2.5234,1.0004,0.0002,0,,,train
2026-08-11 16:00:00+07:00,SKU-005,0,2.7172,2.7161,1.0004,0.0002,0,,,train
2026-08-11 17:00:00+07:00,SKU-005,1,3.1559,3.1546,1.0004,0.0002,0,,,train
2026-08-11 18:00:00+07:00,SKU-005,6,3.7407,3.7393,1.0004,0.0002,0,,,train
2026-08-11 19:00:00+07:00,SKU-005,4,4.3727,4.371,1.0004,0.0002,0,,,train
2026-08-11 20:00:00+07:00,SKU-005,4,4.5613,4.5595,1.0004,0.0002,0,,,train
2026-08-11 21:00:00+07:00,SKU-005,2,3.7946,3.7932,1.0004,0.0002,0,,,train
2026-08-11 22:00:00+07:00,SKU-005,2,2.493,2.4921,1.0004,0.0002,0,,,train
2026-08-11 23:00:00+07:00,SKU-005,2,1.2689,1.2685,1.0004,0.0002,0,,,train
2026-08-12 00:00:00+07:00,SKU-005,1,0.5964,0.5962,1.0004,0.0002,0,,,train
2026-08-12 01:00:00+07:00,SKU-005,0,0.3812,0.381,1.0004,0.0002,0,,,train
2026-08-12 02:00:00+07:00,SKU-005,0,0.2617,0.2616,1.0004,0.0002,0,,,train
2026-08-12 03:00:00+07:00,SKU-005,1,0.2138,0.2137,1.0004,0.0002,0,,,train
2026-08-12 04:00:00+07:00,SKU-005,0,0.2373,0.2372,1.0004,0.0002,0,,,train
2026-08-12 05:00:00+07:00,SKU-005,0,0.4266,0.4264,1.0003,0.0002,0,,,train
2026-08-12 06:00:00+07:00,SKU-005,1,0.8996,0.8993,1.0003,0.0002,0,,,train
2026-08-12 07:00:00+07:00,SKU-005,1,1.4662,1.4657,1.0003,0.0002,0,,,train
2026-08-12 08:00:00+07:00,SKU-005,5,2.0081,2.0075,1.0003,0.0002,0,,,train
2026-08-12 09:00:00+07:00,SKU-005,1,2.3604,2.3596,1.0003,0.0001,0,,,train
2026-08-12 10:00:00+07:00,SKU-005,3,2.6415,2.6406,1.0003,0.0001,0,,,train
2026-08-12 11:00:00+07:00,SKU-005,2,2.9224,2.9215,1.0003,0.0001,0,,,train
2026-08-12 12:00:00+07:00,SKU-005,3,3.0618,3.0609,1.0003,0.0001,0,,,train
2026-08-12 13:00:00+07:00,SKU-005,2,2.7777,2.7768,1.0003,0.0001,0,,,train
2026-08-12 14:00:00+07:00,SKU-005,2,2.4705,2.4697,1.0003,0.0001,0,,,train
2026-08-12 15:00:00+07:00,SKU-005,0,2.399,2.3982,1.0003,0.0001,0,,,train
2026-08-12 16:00:00+07:00,SKU-005,4,2.5863,2.5856,1.0003,0.0001,0,,,train
2026-08-12 17:00:00+07:00,SKU-005,8,3.0089,3.008,1.0003,0.0001,0,,,train
2026-08-12 18:00:00+07:00,SKU-005,1,3.5727,3.5716,1.0003,0.0001,0,,,train
2026-08-12 19:00:00+07:00,SKU-005,2,4.1836,4.1824,1.0003,0.0001,0,,,train
2026-08-12 20:00:00+07:00,SKU-005,6,4.3719,4.3706,1.0003,0.0001,0,,,train
2026-08-12 21:00:00+07:00,SKU-005,2,3.6438,3.6427,1.0003,0.0001,0,,,train
2026-08-12 22:00:00+07:00,SKU-005,2,2.3984,2.3977,1.0003,0.0001,0,,,train
2026-08-12 23:00:00+07:00,SKU-005,0,1.2231,1.2228,1.0003,0.0001,0,,,train
2026-08-13 00:00:00+07:00,SKU-005,0,0.6133,0.6131,1.0003,0.0001,0,,,train
2026-08-13 01:00:00+07:00,SKU-005,0,0.3927,0.3926,1.0003,0.0001,0,,,train
2026-08-13 02:00:00+07:00,SKU-005,1,0.2702,0.2701,1.0003,0.0001,0,,,train
2026-08-13 03:00:00+07:00,SKU-005,0,0.2212,0.2211,1.0003,0.0001,0,,,train
2026-08-13 04:00:00+07:00,SKU-005,0,0.2459,0.2459,1.0003,0.0001,0,,,train
2026-08-13 05:00:00+07:00,SKU-005,0,0.4431,0.443,1.0003,0.0001,0,,,train
2026-08-13 06:00:00+07:00,SKU-005,1,0.9362,0.936,1.0003,0.0001,0,,,train
2026-08-13 07:00:00+07:00,SKU-005,0,1.5291,1.5287,1.0003,0.0001,0,,,train
2026-08-13 08:00:00+07:00,SKU-005,3,2.0986,2.0981,1.0003,0.0001,0,,,train
2026-08-13 09:00:00+07:00,SKU-005,2,2.4719,2.4712,1.0003,0.0001,0,,,train
2026-08-13 10:00:00+07:00,SKU-005,0,2.772,2.7713,1.0003,0.0001,0,,,train
2026-08-13 11:00:00+07:00,SKU-005,1,3.073,3.0722,1.0002,0.0001,0,,,train
2026-08-13 12:00:00+07:00,SKU-005,1,3.2262,3.2254,1.0002,0.0001,0,,,train
2026-08-13 13:00:00+07:00,SKU-005,2,2.9327,2.932,1.0002,0.0001,0,,,train
2026-08-13 14:00:00+07:00,SKU-005,2,2.6136,2.613,1.0002,0.0001,0,,,train
2026-08-13 15:00:00+07:00,SKU-005,3,2.543,2.5424,1.0002,0.0001,0,,,train
2026-08-13 16:00:00+07:00,SKU-005,4,2.747,2.7464,1.0002,0.0001,0,,,train
2026-08-13 17:00:00+07:00,SKU-005,5,3.2021,3.2013,1.0002,0.0001,0,,,train
2026-08-13 18:00:00+07:00,SKU-005,4,3.8093,3.8084,1.0002,0.0001,0,,,train
2026-08-13 19:00:00+07:00,SKU-005,8,4.4691,4.4681,1.0002,0.0001,0,,,train
2026-08-13 20:00:00+07:00,SKU-005,4,4.6788,4.6777,1.0002,0.0001,0,,,train
2026-08-13 21:00:00+07:00,SKU-005,1,3.9066,3.9057,1.0002,0.0001,0,,,train
2026-08-13 22:00:00+07:00,SKU-005,3,2.5759,2.5754,1.0002,0.0001,0,,,train
2026-08-13 23:00:00+07:00,SKU-005,0,1.3159,1.3156,1.0002,0.0001,0,,,train
2026-08-14 00:00:00+07:00,SKU-005,0,0.7116,0.7114,1.0002,0.0001,0,,,train
2026-08-14 01:00:00+07:00,SKU-005,1,0.4564,0.4563,1.0002,0.0001,0,,,train
2026-08-14 02:00:00+07:00,SKU-005,1,0.3144,0.3144,1.0002,0.0001,0,,,train
2026-08-14 03:00:00+07:00,SKU-005,1,0.2578,0.2578,1.0002,0.0001,0,,,train
2026-08-14 04:00:00+07:00,SKU-005,0,0.2871,0.2871,1.0002,0.0001,0,,,train
2026-08-14 05:00:00+07:00,SKU-005,0,0.518,0.5179,1.0002,0.0001,0,,,train
2026-08-14 06:00:00+07:00,SKU-005,3,1.096,1.0958,1.0002,0.0001,0,,,train
2026-08-14 07:00:00+07:00,SKU-005,2,1.7924,1.792,1.0002,0.0001,0,,,train
2026-08-14 08:00:00+07:00,SKU-005,5,2.4629,2.4625,1.0002,0.0001,0,,,train
2026-08-14 09:00:00+07:00,SKU-005,1,2.9043,2.9038,1.0002,0.0001,0,,,train
2026-08-14 10:00:00+07:00,SKU-005,2,3.2605,3.2598,1.0002,0.0001,0,,,train
2026-08-14 11:00:00+07:00,SKU-005,6,3.6183,3.6176,1.0002,0.0001,0,,,train
2026-08-14 12:00:00+07:00,SKU-005,6,3.8023,3.8015,1.0002,0.0001,0,,,train
2026-08-14 13:00:00+07:00,SKU-005,4,3.4594,3.4588,1.0002,0.0001,0,,,train
2026-08-14 14:00:00+07:00,SKU-005,5,3.0855,3.0849,1.0002,0.0001,0,,,train
2026-08-14 15:00:00+07:00,SKU-005,5,3.0044,3.0038,1.0002,0.0001,0,,,train
2026-08-14 16:00:00+07:00,SKU-005,6,3.2476,3.247,1.0002,0.0001,0,,,train
2026-08-14 17:00:00+07:00,SKU-005,7,3.7878,3.7871,1.0002,0.0001,0,,,train
2026-08-14 18:00:00+07:00,SKU-005,2,4.5084,4.5076,1.0002,0.0001,0,,,train
2026-08-14 19:00:00+07:00,SKU-005,5,5.2917,5.2908,1.0002,0.0001,0,,,train
2026-08-14 20:00:00+07:00,SKU-005,3,5.5421,5.5411,1.0002,0.0001,0,,,train
2026-08-14 21:00:00+07:00,SKU-005,3,4.6288,4.628,1.0002,0.0001,0,,,train
2026-08-14 22:00:00+07:00,SKU-005,4,3.0528,3.0523,1.0002,0.0001,0,,,train
2026-08-14 23:00:00+07:00,SKU-005,0,1.5598,1.5595,1.0002,0.0001,0,,,train
2026-08-15 00:00:00+07:00,SKU-005,2,0.8745,0.8743,1.0002,0.0001,0,,,train
2026-08-15 01:00:00+07:00,SKU-005,2,0.5609,0.5608,1.0002,0.0001,0,,,train
2026-08-15 02:00:00+07:00,SKU-005,2,0.3864,0.3863,1.0002,0.0001,0,,,train
2026-08-15 03:00:00+07:00,SKU-005,0,0.3168,0.3167,1.0002,0.0001,0,,,train
2026-08-15 04:00:00+07:00,SKU-005,0,0.3527,0.3526,1.0002,0.0001,0,,,train
2026-08-15 05:00:00+07:00,SKU-005,0,0.6361,0.636,1.0002,0.0001,0,,,train
2026-08-15 06:00:00+07:00,SKU-005,0,1.3455,1.3453,1.0002,0.0001,0,,,train
2026-08-15 07:00:00+07:00,SKU-005,7,2.1994,2.199,1.0002,0.0001,0,,,train
2026-08-15 08:00:00+07:00,SKU-005,1,3.0208,3.0203,1.0002,0.0001,0,,,train
2026-08-15 09:00:00+07:00,SKU-005,2,3.5601,3.5596,1.0001,0.0001,0,,,train
2026-08-15 10:00:00+07:00,SKU-005,4,3.9942,3.9936,1.0001,0.0001,0,,,train
2026-08-15 11:00:00+07:00,SKU-005,2,4.4294,4.4288,1.0001,0.0001,0,,,train
2026-08-15 12:00:00+07:00,SKU-005,10,4.6512,4.6505,1.0001,0.0001,0,,,train
2026-08-15 13:00:00+07:00,SKU-005,4,4.2283,4.2277,1.0001,0.0001,0,,,train
2026-08-15 14:00:00+07:00,SKU-005,2,3.768,3.7675,1.0001,0.0001,0,,,train
2026-08-15 15:00:00+07:00,SKU-005,6,3.6655,3.665,1.0001,0.0001,0,,,train
2026-08-15 16:00:00+07:00,SKU-005,3,3.9583,3.9577,1.0001,0.0001,0,,,train
2026-08-15 17:00:00+07:00,SKU-005,5,4.6119,4.6112,1.0001,0.0001,0,,,train
2026-08-15 18:00:00+07:00,SKU-005,5,5.4832,5.4824,1.0001,0.0001,0,,,train
2026-08-15 19:00:00+07:00,SKU-005,7,6.4284,6.4275,1.0001,0.0001,0,,,train
2026-08-15 20:00:00+07:00,SKU-005,6,6.7244,6.7235,1.0001,0.0001,0,,,train
2026-08-15 21:00:00+07:00,SKU-005,4,5.6092,5.6085,1.0001,0.0001,0,,,train
2026-08-15 22:00:00+07:00,SKU-005,4,3.6946,3.6941,1.0001,0.0001,0,,,train
2026-08-15 23:00:00+07:00,SKU-005,3,1.8851,1.8849,1.0001,0.0001,0,,,train
2026-08-16 00:00:00+07:00,SKU-005,2,0.8503,0.8502,1.0001,0.0001,0,,,train
2026-08-16 01:00:00+07:00,SKU-005,0,0.5446,0.5445,1.0001,0.0001,0,,,train
2026-08-16 02:00:00+07:00,SKU-005,0,0.3746,0.3746,1.0001,0.0001,0,,,train
2026-08-16 03:00:00+07:00,SKU-005,1,0.3067,0.3066,1.0001,0.0001,0,,,train
2026-08-16 04:00:00+07:00,SKU-005,0,0.3409,0.3409,1.0001,0.0001,0,,,train
2026-08-16 05:00:00+07:00,SKU-005,1,0.6139,0.6138,1.0001,0.0001,0,,,train
2026-08-16 06:00:00+07:00,SKU-005,0,1.2963,1.2962,1.0001,0.0001,0,,,train
2026-08-16 07:00:00+07:00,SKU-005,2,2.1155,2.1153,1.0001,0.0001,0,,,train
2026-08-16 08:00:00+07:00,SKU-005,1,2.9007,2.9004,1.0001,0.0001,0,,,train
2026-08-16 09:00:00+07:00,SKU-005,2,3.4128,3.4124,1.0001,0.0001,0,,,train
2026-08-16 10:00:00+07:00,SKU-005,5,3.8223,3.8218,1.0001,0.0001,0,,,train
2026-08-16 11:00:00+07:00,SKU-005,7,4.2314,4.2309,1.0001,0.0001,0,,,train
2026-08-16 12:00:00+07:00,SKU-005,0,4.4354,4.4349,1.0001,0.0001,0,,,train
2026-08-16 13:00:00+07:00,SKU-005,3,4.0249,4.0245,1.0001,0.0001,0,,,train
2026-08-16 14:00:00+07:00,SKU-005,9,3.5803,3.5799,1.0001,0.0001,0,,,train
2026-08-16 15:00:00+07:00,SKU-005,9,3.4766,3.4762,1.0001,0.0001,0,,,train
2026-08-16 16:00:00+07:00,SKU-005,3,3.7474,3.747,1.0001,0.0001,0,,,train
2026-08-16 17:00:00+07:00,SKU-005,4,4.3582,4.3578,1.0001,0.0001,0,,,train
2026-08-16 18:00:00+07:00,SKU-005,4,5.1721,5.1715,1.0001,0.0001,0,,,train
2026-08-16 19:00:00+07:00,SKU-005,9,6.0525,6.0518,1.0001,0.0001,0,,,train
2026-08-16 20:00:00+07:00,SKU-005,2,6.3195,6.3189,1.0001,0.0001,0,,,train
2026-08-16 21:00:00+07:00,SKU-005,3,5.2618,5.2612,1.0001,0.0001,0,,,train
2026-08-16 22:00:00+07:00,SKU-005,8,3.4594,3.459,1.0001,0.0001,0,,,train
2026-08-16 23:00:00+07:00,SKU-005,4,1.7618,1.7617,1.0001,0.0001,0,,,train
2026-08-17 00:00:00+07:00,SKU-005,2,0.7192,0.7191,1.0001,0.0001,0,,,train
2026-08-17 01:00:00+07:00,SKU-005,0,0.4598,0.4597,1.0001,0.0001,0,,,train
2026-08-17 02:00:00+07:00,SKU-005,0,0.3157,0.3157,1.0001,0.0001,0,,,train
2026-08-17 03:00:00+07:00,SKU-005,0,0.258,0.258,1.0001,0.0001,0,,,train
2026-08-17 04:00:00+07:00,SKU-005,1,0.2863,0.2862,1.0001,0.0001,0,,,train
2026-08-17 05:00:00+07:00,SKU-005,1,0.5146,0.5145,1.0001,0.0001,0,,,train
2026-08-17 06:00:00+07:00,SKU-005,2,1.0847,1.0846,1.0001,0.0001,0,,,train
2026-08-17 07:00:00+07:00,SKU-005,3,1.7672,1.767,1.0001,0.0001,0,,,train
2026-08-17 08:00:00+07:00,SKU-005,5,2.4189,2.4187,1.0001,0.0001,0,,,train
2026-08-17 09:00:00+07:00,SKU-005,3,2.8412,2.841,1.0001,0.0001,0,,,train
2026-08-17 10:00:00+07:00,SKU-005,2,3.1769,3.1766,1.0001,0.0001,0,,,train
2026-08-17 11:00:00+07:00,SKU-005,4,3.5112,3.5109,1.0001,0.0001,0,,,train
2026-08-17 12:00:00+07:00,SKU-005,2,3.6746,3.6743,1.0001,0.0,0,,,train
2026-08-17 13:00:00+07:00,SKU-005,2,3.3294,3.3291,1.0001,0.0,0,,,train
2026-08-17 14:00:00+07:00,SKU-005,1,2.9571,2.9569,1.0001,0.0,0,,,train
2026-08-17 15:00:00+07:00,SKU-005,1,2.8672,2.867,1.0001,0.0,0,,,train
2026-08-17 16:00:00+07:00,SKU-005,4,3.0862,3.0859,1.0001,0.0,0,,,train
2026-08-17 17:00:00+07:00,SKU-005,4,3.5841,3.5839,1.0001,0.0,0,,,train
2026-08-17 18:00:00+07:00,SKU-005,3,4.2477,4.2474,1.0001,0.0,0,,,train
2026-08-17 19:00:00+07:00,SKU-005,13,4.9642,4.9639,1.0001,0.0,0,,,train
2026-08-17 20:00:00+07:00,SKU-005,10,5.1768,5.1764,1.0001,0.0,0,,,train
2026-08-17 21:00:00+07:00,SKU-005,1,4.3051,4.3047,1.0001,0.0,0,,,train
2026-08-17 22:00:00+07:00,SKU-005,3,2.8271,2.8269,1.0001,0.0,0,,,train
2026-08-17 23:00:00+07:00,SKU-005,2,1.4382,1.4381,1.0001,0.0,0,,,train
2026-08-18 00:00:00+07:00,SKU-005,0,0.6494,0.6494,1.0001,0.0,0,,,train
2026-08-18 01:00:00+07:00,SKU-005,0,0.4147,0.4147,1.0001,0.0,0,,,train
2026-08-18 02:00:00+07:00,SKU-005,0,0.2845,0.2845,1.0001,0.0,0,,,train
2026-08-18 03:00:00+07:00,SKU-005,0,0.2323,0.2323,1.0001,0.0,0,,,train
2026-08-18 04:00:00+07:00,SKU-005,0,0.2575,0.2575,1.0001,0.0,0,,,train
2026-08-18 05:00:00+07:00,SKU-005,0,0.4626,0.4626,1.0001,0.0,0,,,train
2026-08-18 06:00:00+07:00,SKU-005,1,0.9745,0.9744,1.0001,0.0,0,,,train
2026-08-18 07:00:00+07:00,SKU-005,0,1.5866,1.5865,1.0001,0.0,0,,,train
2026-08-18 08:00:00+07:00,SKU-005,3,2.1705,2.1704,1.0001,0.0,0,,,train
2026-08-18 09:00:00+07:00,SKU-005,3,2.5482,2.548,1.0001,0.0,0,,,train
2026-08-18 10:00:00+07:00,SKU-005,1,2.848,2.8478,1.0001,0.0,0,,,train
2026-08-18 11:00:00+07:00,SKU-005,0,3.1466,3.1464,1.0001,0.0,0,,,train
2026-08-18 12:00:00+07:00,SKU-005,5,3.2922,3.2919,1.0001,0.0,0,,,train
2026-08-18 13:00:00+07:00,SKU-005,2,2.9822,2.982,1.0001,0.0,0,,,train
2026-08-18 14:00:00+07:00,SKU-005,3,2.6484,2.6482,1.0001,0.0,0,,,train
2026-08-18 15:00:00+07:00,SKU-005,1,2.5677,2.5675,1.0001,0.0,0,,,train
2026-08-18 16:00:00+07:00,SKU-005,1,2.7638,2.7636,1.0001,0.0,0,,,train
2026-08-18 17:00:00+07:00,SKU-005,11,3.21,3.2098,1.0001,0.0,0,,,train
2026-08-18 18:00:00+07:00,SKU-005,4,3.8049,3.8046,1.0001,0.0,0,,,train
2026-08-18 19:00:00+07:00,SKU-005,3,4.4477,4.4474,1.0001,0.0,0,,,train
2026-08-18 20:00:00+07:00,SKU-005,5,4.6395,4.6392,1.0001,0.0,0,,,train
2026-08-18 21:00:00+07:00,SKU-005,4,3.8597,3.8595,1.0001,0.0,0,,,train
2026-08-18 22:00:00+07:00,SKU-005,6,2.5358,2.5356,1.0001,0.0,0,,,train
2026-08-18 23:00:00+07:00,SKU-005,2,1.2907,1.2906,1.0001,0.0,0,,,train
2026-08-19 00:00:00+07:00,SKU-005,0,0.6067,0.6066,1.0001,0.0,0,,,train
2026-08-19 01:00:00+07:00,SKU-005,0,0.3877,0.3877,1.0001,0.0,0,,,train
2026-08-19 02:00:00+07:00,SKU-005,0,0.2662,0.2662,1.0001,0.0,0,,,train
2026-08-19 03:00:00+07:00,SKU-005,0,0.2175,0.2175,1.0001,0.0,0,,,train
2026-08-19 04:00:00+07:00,SKU-005,0,0.2413,0.2413,1.0001,0.0,0,,,train
2026-08-19 05:00:00+07:00,SKU-005,0,0.4339,0.4339,1.0001,0.0,0,,,train
2026-08-19 06:00:00+07:00,SKU-005,0,0.915,0.915,1.0001,0.0,0,,,train
2026-08-19 07:00:00+07:00,SKU-005,1,1.4913,1.4913,1.0001,0.0,0,,,train
2026-08-19 08:00:00+07:00,SKU-005,3,2.0426,2.0425,1.0001,0.0,0,,,train
2026-08-19 09:00:00+07:00,SKU-005,1,2.4009,2.4008,1.0001,0.0,0,,,train
2026-08-19 10:00:00+07:00,SKU-005,1,2.6869,2.6867,1.0001,0.0,0,,,train
2026-08-19 11:00:00+07:00,SKU-005,5,2.9726,2.9724,1.0001,0.0,0,,,train
2026-08-19 12:00:00+07:00,SKU-005,3,3.1144,3.1143,1.0,0.0,0,,,train
2026-08-19 13:00:00+07:00,SKU-005,1,2.8254,2.8252,1.0,0.0,0,,,train
2026-08-19 14:00:00+07:00,SKU-005,2,2.5129,2.5128,1.0,0.0,0,,,train
2026-08-19 15:00:00+07:00,SKU-005,0,2.4402,2.4401,1.0,0.0,0,,,train
2026-08-19 16:00:00+07:00,SKU-005,0,2.6308,2.6307,1.0,0.0,0,,,train
2026-08-19 17:00:00+07:00,SKU-005,2,3.0606,3.0605,1.0,0.0,0,,,train
2026-08-19 18:00:00+07:00,SKU-005,2,3.6341,3.6339,1.0,0.0,0,,,train
2026-08-19 19:00:00+07:00,SKU-005,8,4.2555,4.2553,1.0,0.0,0,,,train
2026-08-19 20:00:00+07:00,SKU-005,0,4.447,4.4468,1.0,0.0,0,,,train
2026-08-19 21:00:00+07:00,SKU-005,3,3.7064,3.7062,1.0,0.0,0,,,train
2026-08-19 22:00:00+07:00,SKU-005,2,2.4396,2.4395,1.0,0.0,0,,,train
2026-08-19 23:00:00+07:00,SKU-005,1,1.2441,1.2441,1.0,0.0,0,,,train
2026-08-20 00:00:00+07:00,SKU-005,0,0.6239,0.6238,1.0,0.0,0,,,train
2026-08-20 01:00:00+07:00,SKU-005,0,0.3995,0.3994,1.0,0.0,0,,,train
2026-08-20 02:00:00+07:00,SKU-005,0,0.2748,0.2748,1.0,0.0,0,,,train
2026-08-20 03:00:00+07:00,SKU-005,1,0.225,0.225,1.0,0.0,0,,,train
2026-08-20 04:00:00+07:00,SKU-005,0,0.2502,0.2502,1.0,0.0,0,,,train
2026-08-20 05:00:00+07:00,SKU-005,0,0.4507,0.4507,1.0,0.0,0,,,train
2026-08-20 06:00:00+07:00,SKU-005,0,0.9523,0.9523,1.0,0.0,0,,,train
2026-08-20 07:00:00+07:00,SKU-005,2,1.5554,1.5553,1.0,0.0,0,,,train
2026-08-20 08:00:00+07:00,SKU-005,0,2.1347,2.1346,1.0,0.0,0,,,train
2026-08-20 09:00:00+07:00,SKU-005,1,2.5144,2.5143,1.0,0.0,0,,,train
2026-08-20 10:00:00+07:00,SKU-005,4,2.8196,2.8195,1.0,0.0,0,,,train
2026-08-20 11:00:00+07:00,SKU-005,3,3.1258,3.1257,1.0,0.0,0,,,train
2026-08-20 12:00:00+07:00,SKU-005,0,3.2817,3.2815,1.0,0.0,0,,,train
2026-08-20 13:00:00+07:00,SKU-005,1,2.9831,2.983,1.0,0.0,0,,,train
2026-08-20 14:00:00+07:00,SKU-005,2,2.6586,2.6585,1.0,0.0,0,,,train
2026-08-20 15:00:00+07:00,SKU-005,5,2.5867,2.5866,1.0,0.0,0,,,train
2026-08-20 16:00:00+07:00,SKU-005,8,2.7943,2.7942,1.0,0.0,0,,,train
2026-08-20 17:00:00+07:00,SKU-005,2,3.2571,3.257,1.0,0.0,0,,,train
2026-08-20 18:00:00+07:00,SKU-005,9,3.8748,3.8746,1.0,0.0,0,,,train
2026-08-20 19:00:00+07:00,SKU-005,5,4.5459,4.5458,1.0,0.0,0,,,train
2026-08-20 20:00:00+07:00,SKU-005,7,4.7593,4.7591,1.0,0.0,0,,,train
2026-08-20 21:00:00+07:00,SKU-005,5,3.9738,3.9737,1.0,0.0,0,,,train
2026-08-20 22:00:00+07:00,SKU-005,7,2.6202,2.6202,1.0,0.0,0,,,train
2026-08-20 23:00:00+07:00,SKU-005,0,1.3385,1.3385,1.0,0.0,0,,,train
2026-08-21 00:00:00+07:00,SKU-005,0,0.7238,0.7238,1.0,0.0,0,,,train
2026-08-21 01:00:00+07:00,SKU-005,0,0.4642,0.4642,1.0,0.0,0,,,train
2026-08-21 02:00:00+07:00,SKU-005,0,0.3199,0.3198,1.0,0.0,0,,,train
2026-08-21 03:00:00+07:00,SKU-005,2,0.2623,0.2623,1.0,0.0,0,,,train
2026-08-21 04:00:00+07:00,SKU-005,0,0.2921,0.2921,1.0,0.0,0,,,train
2026-08-21 05:00:00+07:00,SKU-005,1,0.5269,0.5269,1.0,0.0,0,,,train
2026-08-21 06:00:00+07:00,SKU-005,2,1.1149,1.1148,1.0,0.0,0,,,train
2026-08-21 07:00:00+07:00,SKU-005,0,1.8232,1.8231,1.0,0.0,0,,,train
2026-08-21 08:00:00+07:00,SKU-005,2,2.5053,2.5052,1.0,0.0,0,,,train
2026-08-21 09:00:00+07:00,SKU-005,2,2.9543,2.9542,1.0,0.0,0,,,train
2026-08-21 10:00:00+07:00,SKU-005,1,3.3165,3.3164,1.0,0.0,0,,,train
2026-08-21 11:00:00+07:00,SKU-005,4,3.6805,3.6804,1.0,0.0,0,,,train
2026-08-21 12:00:00+07:00,SKU-005,2,3.8677,3.8675,1.0,0.0,0,,,train
2026-08-21 13:00:00+07:00,SKU-005,2,3.5189,3.5188,1.0,0.0,0,,,train
2026-08-21 14:00:00+07:00,SKU-005,3,3.1386,3.1385,1.0,0.0,0,,,val
2026-08-21 15:00:00+07:00,SKU-005,5,3.0561,3.056,1.0,0.0,0,,,val
2026-08-21 16:00:00+07:00,SKU-005,3,3.3035,3.3034,1.0,0.0,0,,,val
2026-08-21 17:00:00+07:00,SKU-005,3,3.853,3.8529,1.0,0.0,0,,,val
2026-08-21 18:00:00+07:00,SKU-005,2,4.586,4.5858,1.0,0.0,0,,,val
2026-08-21 19:00:00+07:00,SKU-005,7,5.3827,5.3826,1.0,0.0,0,,,val
2026-08-21 20:00:00+07:00,SKU-005,4,5.6374,5.6373,1.0,0.0,0,,,val
2026-08-21 21:00:00+07:00,SKU-005,2,4.7084,4.7083,1.0,0.0,0,,,val
2026-08-21 22:00:00+07:00,SKU-005,0,3.1053,3.1053,1.0,0.0,0,,,val
2026-08-21 23:00:00+07:00,SKU-005,0,1.5866,1.5866,1.0,0.0,0,,,val
2026-08-22 00:00:00+07:00,SKU-005,2,0.8895,0.8895,1.0,0.0,0,,,val
2026-08-22 01:00:00+07:00,SKU-005,1,0.5705,0.5705,1.0,0.0,0,,,val
2026-08-22 02:00:00+07:00,SKU-005,0,0.393,0.393,1.0,0.0,0,,,val
2026-08-22 03:00:00+07:00,SKU-005,0,0.3222,0.3222,1.0,0.0,0,,,val
2026-08-22 04:00:00+07:00,SKU-005,1,0.3588,0.3588,1.0,0.0,0,,,val
2026-08-22 05:00:00+07:00,SKU-005,0,0.6471,0.647,1.0,0.0,0,,,val
2026-08-22 06:00:00+07:00,SKU-005,1,1.3686,1.3686,1.0,0.0,0,,,val
2026-08-22 07:00:00+07:00,SKU-005,1,2.2372,2.2371,1.0,0.0,0,,,val
2026-08-22 08:00:00+07:00,SKU-005,0,3.0727,3.0726,1.0,0.0,0,,,val
2026-08-22 09:00:00+07:00,SKU-005,0,3.6213,3.6213,1.0,0.0,0,,,val
2026-08-22 10:00:00+07:00,SKU-005,2,4.0628,4.0628,1.0,0.0,0,,,val
2026-08-22 11:00:00+07:00,SKU-005,0,4.5056,4.5055,1.0,0.0,0,,,val
2026-08-22 12:00:00+07:00,SKU-005,7,4.7311,4.731,1.0,0.0,0,,,val
2026-08-22 13:00:00+07:00,SKU-005,5,4.301,4.3009,1.0,0.0,0,,,val
2026-08-22 14:00:00+07:00,SKU-005,2,3.8328,3.8327,1.0,0.0,0,,,val
2026-08-22 15:00:00+07:00,SKU-005,6,3.7285,3.7284,1.0,0.0,0,,,val
2026-08-22 16:00:00+07:00,SKU-005,3,4.0263,4.0263,1.0,0.0,0,,,val
2026-08-22 17:00:00+07:00,SKU-005,10,4.6912,4.6911,1.0,0.0,0,,,val
2026-08-22 18:00:00+07:00,SKU-005,2,5.5774,5.5773,1.0,0.0,0,,,val
2026-08-22 19:00:00+07:00,SKU-005,5,6.5389,6.5387,1.0,0.0,0,,,val
2026-08-22 20:00:00+07:00,SKU-005,5,6.84,6.8399,1.0,0.0,0,,,val
2026-08-22 21:00:00+07:00,SKU-005,1,5.7057,5.7055,1.0,0.0,0,,,val
2026-08-22 22:00:00+07:00,SKU-005,5,3.7581,3.758,1.0,0.0,0,,,val
2026-08-22 23:00:00+07:00,SKU-005,1,1.9175,1.9175,1.0,0.0,0,,,val
2026-08-23 00:00:00+07:00,SKU-005,0,0.8649,0.8649,1.0,0.0,0,,,val
2026-08-23 01:00:00+07:00,SKU-005,0,0.5539,0.5539,1.0,0.0,0,,,val
2026-08-23 02:00:00+07:00,SKU-005,0,0.3811,0.3811,1.0,0.0,0,,,val
2026-08-23 03:00:00+07:00,SKU-005,0,0.3119,0.3119,1.0,0.0,0,,,val
2026-08-23 04:00:00+07:00,SKU-005,0,0.3468,0.3468,1.0,0.0,0,,,val
2026-08-23 05:00:00+07:00,SKU-005,0,0.6244,0.6244,1.0,0.0,0,,,val
2026-08-23 06:00:00+07:00,SKU-005,1,1.3186,1.3186,1.0,0.0,0,,,val
2026-08-23 07:00:00+07:00,SKU-005,0,2.1519,2.1518,1.0,0.0,0,,,val
2026-08-23 08:00:00+07:00,SKU-005,4,2.9505,2.9505,1.0,0.0,0,,,val
2026-08-23 09:00:00+07:00,SKU-005,4,3.4714,3.4714,1.0,0.0,0,,,val
2026-08-23 10:00:00+07:00,SKU-005,4,3.8879,3.8879,1.0,0.0,0,,,val
2026-08-23 11:00:00+07:00,SKU-005,2,4.3041,4.304,1.0,0.0,0,,,val
2026-08-23 12:00:00+07:00,SKU-005,3,6.5548,6.5547,1.0,0.0,0,,,val
2026-08-23 13:00:00+07:00,SKU-005,4,5.9482,5.9481,1.0,0.0,0,,,val
2026-08-23 14:00:00+07:00,SKU-005,4,5.2912,5.2911,1.0,0.0,0,,,val
2026-08-23 15:00:00+07:00,SKU-005,10,5.1379,5.1378,1.0,0.0,0,,,val
2026-08-23 16:00:00+07:00,SKU-005,1,5.5382,5.5381,1.0,0.0,0,,,val
2026-08-23 17:00:00+07:00,SKU-005,5,6.4408,6.4407,1.0,0.0,0,,,val
2026-08-23 18:00:00+07:00,SKU-005,15,7.6435,7.6434,1.0,0.0,0,,,val
2026-08-23 19:00:00+07:00,SKU-005,8,8.9446,8.9445,1.0,0.0,0,,,val
2026-08-23 20:00:00+07:00,SKU-005,7,9.3393,9.3391,1.0,0.0,0,,,val
2026-08-23 21:00:00+07:00,SKU-005,10,7.776,7.7759,1.0,0.0,0,,,val
2026-08-23 22:00:00+07:00,SKU-005,4,5.1124,5.1123,1.0,0.0,0,,,val
2026-08-23 23:00:00+07:00,SKU-005,1,2.6037,2.6037,1.0,0.0,0,,,val
2026-08-24 00:00:00+07:00,SKU-005,2,1.0629,1.0629,1.0,0.0,0,,,val
2026-08-24 01:00:00+07:00,SKU-005,1,0.6795,0.6795,1.0,0.0,0,,,val
2026-08-24 02:00:00+07:00,SKU-005,0,0.4666,0.4666,1.0,0.0,0,,,val
2026-08-24 03:00:00+07:00,SKU-005,0,0.3813,0.3813,1.0,0.0,0,,,val
2026-08-24 04:00:00+07:00,SKU-005,0,0.4231,0.423,1.0,0.0,0,,,val
2026-08-24 05:00:00+07:00,SKU-005,2,0.7604,0.7604,1.0,0.0,0,,,val
2026-08-24 06:00:00+07:00,SKU-005,0,1.6031,1.603,1.0,0.0,0,,,val
2026-08-24 07:00:00+07:00,SKU-005,5,2.6116,2.6115,1.0,0.0,0,,,val
2026-08-24 08:00:00+07:00,SKU-005,2,3.5748,3.5747,1.0,0.0,0,,,val
2026-08-24 09:00:00+07:00,SKU-005,2,4.1988,4.1988,1.0,0.0,0,,,val
2026-08-24 10:00:00+07:00,SKU-005,2,4.6948,4.6948,1.0,0.0,0,,,val
2026-08-24 11:00:00+07:00,SKU-005,9,5.1889,5.1889,1.0,0.0,0,,,val
2026-08-24 12:00:00+07:00,SKU-005,3,5.4304,5.4304,1.0,0.0,0,,,val
2026-08-24 13:00:00+07:00,SKU-005,11,4.9203,4.9202,1.0,0.0,0,,,val
2026-08-24 14:00:00+07:00,SKU-005,0,4.3701,4.3701,1.0,0.0,0,,,val
2026-08-24 15:00:00+07:00,SKU-005,8,4.2372,4.2372,1.0,0.0,0,,,val
2026-08-24 16:00:00+07:00,SKU-005,9,4.5608,4.5607,1.0,0.0,0,,,val
2026-08-24 17:00:00+07:00,SKU-005,9,5.2967,5.2966,1.0,0.0,0,,,val
2026-08-24 18:00:00+07:00,SKU-005,3,6.2773,6.2772,1.0,0.0,0,,,val
2026-08-24 19:00:00+07:00,SKU-005,13,7.3362,7.3361,1.0,0.0,0,,,val
2026-08-24 20:00:00+07:00,SKU-005,6,7.6503,7.6502,1.0,0.0,0,,,val
2026-08-24 21:00:00+07:00,SKU-005,2,6.3621,6.362,1.0,0.0,0,,,val
2026-08-24 22:00:00+07:00,SKU-005,3,4.1779,4.1779,1.0,0.0,0,,,val
2026-08-24 23:00:00+07:00,SKU-005,2,2.1254,2.1254,1.0,0.0,0,,,val
2026-08-25 00:00:00+07:00,SKU-005,0,0.9597,0.9597,1.0,0.0,0,,,val
2026-08-25 01:00:00+07:00,SKU-005,5,0.6129,0.6129,1.0,0.0,0,EP-005-05,MISSING_SIGNAL,val
2026-08-25 02:00:00+07:00,SKU-005,0,0.4205,0.4205,1.0,0.0,0,EP-005-05,MISSING_SIGNAL,val
2026-08-25 03:00:00+07:00,SKU-005,0,0.3433,0.3433,1.0,0.0,0,EP-005-05,MISSING_SIGNAL,val
2026-08-25 04:00:00+07:00,SKU-005,1,0.3806,0.3806,1.0,0.0,0,EP-005-05,MISSING_SIGNAL,val
2026-08-25 05:00:00+07:00,SKU-005,3,0.6836,0.6836,1.0,0.0,0,EP-005-05,MISSING_SIGNAL,val
2026-08-25 06:00:00+07:00,SKU-005,0,1.4401,1.4401,1.0,0.0,0,EP-005-05,MISSING_SIGNAL,val
2026-08-25 07:00:00+07:00,SKU-005,2,2.3446,2.3446,1.0,0.0,0,EP-005-05,MISSING_SIGNAL,val
2026-08-25 08:00:00+07:00,SKU-005,7,3.2076,3.2076,1.0,0.0,0,EP-005-05,MISSING_SIGNAL,val
2026-08-25 09:00:00+07:00,SKU-005,4,3.7657,3.7657,1.0,0.0,0,EP-005-05,MISSING_SIGNAL,val
2026-08-25 10:00:00+07:00,SKU-005,3,4.2088,4.2087,1.0,0.0,0,EP-005-05,MISSING_SIGNAL,val
2026-08-25 11:00:00+07:00,SKU-005,10,4.6501,4.65,1.0,0.0,0,EP-005-05,MISSING_SIGNAL,val
2026-08-25 12:00:00+07:00,SKU-005,3,4.8651,4.865,1.0,0.0,0,EP-005-05,MISSING_SIGNAL,val
2026-08-25 13:00:00+07:00,SKU-005,5,4.4071,4.4071,1.0,0.0,0,EP-005-05,MISSING_SIGNAL,val
2026-08-25 14:00:00+07:00,SKU-005,5,3.9138,3.9137,1.0,0.0,0,EP-005-05,MISSING_SIGNAL,val
2026-08-25 15:00:00+07:00,SKU-005,5,3.7945,3.7945,1.0,0.0,0,EP-005-05,MISSING_SIGNAL,val
2026-08-25 16:00:00+07:00,SKU-005,6,4.0843,4.0842,1.0,0.0,0,EP-005-05,MISSING_SIGNAL,val
2026-08-25 17:00:00+07:00,SKU-005,4,4.7436,4.7436,1.0,0.0,0,EP-005-05,MISSING_SIGNAL,val
2026-08-25 18:00:00+07:00,SKU-005,1,5.6227,5.6227,1.0,0.0,0,EP-005-05,MISSING_SIGNAL,val
2026-08-25 19:00:00+07:00,SKU-005,11,9.9059,6.5726,1.5071,0.0,0,EP-005-05,MISSING_SIGNAL,val
2026-08-25 20:00:00+07:00,SKU-005,14,9.5053,4.7189,2.0143,0.0,0,EP-005-05,MISSING_SIGNAL,val
2026-08-25 21:00:00+07:00,SKU-005,8,9.8986,3.9258,2.5214,0.0,0,EP-005-05,MISSING_SIGNAL,val
2026-08-25 22:00:00+07:00,SKU-005,4,7.8112,2.5792,3.0286,0.0,0,EP-005-05,MISSING_SIGNAL,val
2026-08-25 23:00:00+07:00,SKU-005,8,4.6417,1.3128,3.5357,0.0,0,EP-005-05,MISSING_SIGNAL,val
2026-08-26 00:00:00+07:00,SKU-005,1,2.4947,0.6171,4.0429,0.0,0,EP-005-05,MISSING_SIGNAL,val
2026-08-26 01:00:00+07:00,SKU-005,0,1.5733,0.3943,3.9896,0.0,0,EP-005-05,MISSING_SIGNAL,val
2026-08-26 02:00:00+07:00,SKU-005,0,1.0659,0.2707,3.9373,0.0,0,EP-005-05,MISSING_SIGNAL,val
2026-08-26 03:00:00+07:00,SKU-005,0,0.8596,0.2212,3.8859,0.0,0,EP-005-05,MISSING_SIGNAL,val
2026-08-26 04:00:00+07:00,SKU-005,3,0.9415,0.2455,3.8353,0.0,0,EP-005-05,MISSING_SIGNAL,val
2026-08-26 05:00:00+07:00,SKU-005,2,1.6707,0.4413,3.7857,0.0,0,EP-005-05,MISSING_SIGNAL,val
2026-08-26 06:00:00+07:00,SKU-005,0,3.4778,0.9307,3.7369,0.0,0,EP-005-05,MISSING_SIGNAL,val
2026-08-26 07:00:00+07:00,SKU-005,5,5.5957,1.5169,3.689,0.0,0,EP-005-05,MISSING_SIGNAL,val
2026-08-26 08:00:00+07:00,SKU-005,8,7.5663,2.0775,3.6419,0.0,0,EP-005-05,MISSING_SIGNAL,val
2026-08-26 09:00:00+07:00,SKU-005,6,8.7807,2.442,3.5957,0.0,0,EP-005-05,MISSING_SIGNAL,val
2026-08-26 10:00:00+07:00,SKU-005,20,9.7022,2.7328,3.5503,0.0,0,EP-005-05,MISSING_SIGNAL,val
2026-08-26 11:00:00+07:00,SKU-005,16,10.599,3.0234,3.5056,0.0,0,EP-005-05,MISSING_SIGNAL,val
2026-08-26 12:00:00+07:00,SKU-005,17,10.9657,3.1677,3.4617,0.0,0,EP-005-05,MISSING_SIGNAL,val
2026-08-26 13:00:00+07:00,SKU-005,10,9.8241,2.8737,3.4186,0.0,0,EP-005-05,MISSING_SIGNAL,val
2026-08-26 14:00:00+07:00,SKU-005,10,8.6294,2.5559,3.3763,0.0,0,EP-005-05,MISSING_SIGNAL,val
2026-08-26 15:00:00+07:00,SKU-005,16,8.2764,2.4819,3.3347,0.0,0,EP-005-05,MISSING_SIGNAL,val
2026-08-26 16:00:00+07:00,SKU-005,8,8.8135,2.6758,3.2938,0.0,0,EP-005-05,MISSING_SIGNAL,val
2026-08-26 17:00:00+07:00,SKU-005,19,10.1285,3.1129,3.2537,0.0,0,EP-005-05,MISSING_SIGNAL,val
2026-08-26 18:00:00+07:00,SKU-005,6,11.8803,3.6962,3.2142,0.0,0,EP-005-05,MISSING_SIGNAL,val
2026-08-26 19:00:00+07:00,SKU-005,13,13.7442,4.3283,3.1755,0.0,0,EP-005-05,MISSING_SIGNAL,val
2026-08-26 20:00:00+07:00,SKU-005,24,14.1905,4.523,3.1374,0.0,0,EP-005-05,MISSING_SIGNAL,val
2026-08-26 21:00:00+07:00,SKU-005,7,11.6861,3.7698,3.1,0.0,0,EP-005-05,MISSING_SIGNAL,val
2026-08-26 22:00:00+07:00,SKU-005,15,7.6008,2.4813,3.0632,0.0,0,EP-005-05,MISSING_SIGNAL,val
2026-08-26 23:00:00+07:00,SKU-005,1,3.8304,1.2654,3.0271,0.0,0,EP-005-05,MISSING_SIGNAL,val
2026-08-27 00:00:00+07:00,SKU-005,2,1.8982,0.6345,2.9916,0.0,0,EP-005-05,MISSING_SIGNAL,val
2026-08-27 01:00:00+07:00,SKU-005,0,1.2013,0.4063,2.9567,0.0,0,EP-005-05,MISSING_SIGNAL,val
2026-08-27 02:00:00+07:00,SKU-005,0,0.8168,0.2795,2.9225,0.0,0,EP-005-05,MISSING_SIGNAL,val
2026-08-27 03:00:00+07:00,SKU-005,0,0.661,0.2288,2.8888,0.0,0,EP-005-05,MISSING_SIGNAL,val
2026-08-27 04:00:00+07:00,SKU-005,1,0.7266,0.2544,2.8557,0.0,0,EP-005-05,MISSING_SIGNAL,val
2026-08-27 05:00:00+07:00,SKU-005,1,1.2941,0.4584,2.8233,0.0,0,EP-005-05,MISSING_SIGNAL,val
2026-08-27 06:00:00+07:00,SKU-005,3,2.7037,0.9686,2.7913,0.0,0,EP-005-05,MISSING_SIGNAL,val
2026-08-27 07:00:00+07:00,SKU-005,4,4.3662,1.582,2.76,0.0,0,EP-005-05,MISSING_SIGNAL,val
2026-08-27 08:00:00+07:00,SKU-005,5,5.9255,2.1712,2.7292,0.0,0,EP-005-05,MISSING_SIGNAL,val
2026-08-27 09:00:00+07:00,SKU-005,1,6.9019,2.5573,2.6989,0.0,0,EP-005-05,MISSING_SIGNAL,val
2026-08-27 10:00:00+07:00,SKU-005,12,7.6545,2.8678,2.6692,0.0,0,EP-005-05,MISSING_SIGNAL,val
2026-08-27 11:00:00+07:00,SKU-005,5,8.3929,3.1792,2.6399,0.0,0,EP-005-05,MISSING_SIGNAL,val
2026-08-27 12:00:00+07:00,SKU-005,6,8.7155,3.3377,2.6112,0.0,0,EP-005-05,MISSING_SIGNAL,val
2026-08-27 13:00:00+07:00,SKU-005,7,7.837,3.034,2.583,0.0,0,EP-005-05,MISSING_SIGNAL,val
2026-08-27 14:00:00+07:00,SKU-005,9,9.6904,3.7923,2.5553,0.0,0,EP-005-05,MISSING_SIGNAL,val
2026-08-27 15:00:00+07:00,SKU-005,10,9.3282,3.6898,2.5281,0.0,0,EP-005-05,MISSING_SIGNAL,val
2026-08-27 16:00:00+07:00,SKU-005,15,9.9699,3.9858,2.5013,0.0,0,EP-005-05,MISSING_SIGNAL,val
2026-08-27 17:00:00+07:00,SKU-005,10,11.4993,4.6461,2.4751,0.0,0,EP-005-05,MISSING_SIGNAL,val
2026-08-27 18:00:00+07:00,SKU-005,14,13.5371,5.5271,2.4492,0.0,0,EP-005-05,MISSING_SIGNAL,val
2026-08-27 19:00:00+07:00,SKU-005,21,15.7174,6.4845,2.4239,0.0,0,EP-005-05,MISSING_SIGNAL,val
2026-08-27 20:00:00+07:00,SKU-005,22,16.2857,6.7888,2.3989,0.0,0,EP-005-05,MISSING_SIGNAL,val
2026-08-27 21:00:00+07:00,SKU-005,15,13.4591,5.6683,2.3744,0.0,0,EP-005-05,MISSING_SIGNAL,val
2026-08-27 22:00:00+07:00,SKU-005,8,8.7847,3.7376,2.3504,0.0,0,EP-005-05,MISSING_SIGNAL,val
2026-08-27 23:00:00+07:00,SKU-005,2,4.4425,1.9093,2.3267,0.0,0,EP-005-05,MISSING_SIGNAL,val
2026-08-28 00:00:00+07:00,SKU-005,2,2.3784,1.0325,2.3035,0.0,0,EP-005-05,MISSING_SIGNAL,val
2026-08-28 01:00:00+07:00,SKU-005,1,1.5103,0.6622,2.2807,0.0,0,EP-005-05,MISSING_SIGNAL,val
2026-08-28 02:00:00+07:00,SKU-005,0,1.0303,0.4562,2.2583,0.0,0,EP-005-05,MISSING_SIGNAL,val
2026-08-28 03:00:00+07:00,SKU-005,0,0.9376,0.4193,2.2362,0.0,0,EP-005-05,MISSING_SIGNAL,val
2026-08-28 04:00:00+07:00,SKU-005,0,1.034,0.4669,2.2146,0.0,0,EP-005-05,MISSING_SIGNAL,val
2026-08-28 05:00:00+07:00,SKU-005,0,1.8474,0.8423,2.1933,0.0,0,EP-005-05,MISSING_SIGNAL,val
2026-08-28 06:00:00+07:00,SKU-005,3,3.8717,1.7822,2.1724,0.0,0,EP-005-05,MISSING_SIGNAL,val
2026-08-28 07:00:00+07:00,SKU-005,6,6.2717,2.9145,2.1519,0.0,0,EP-005-05,MISSING_SIGNAL,val
2026-08-28 08:00:00+07:00,SKU-005,4,8.5374,4.0049,2.1318,0.0,0,EP-005-05,MISSING_SIGNAL,val
2026-08-28 09:00:00+07:00,SKU-005,7,9.9738,4.7226,2.1119,0.0,0,EP-005-05,MISSING_SIGNAL,val
2026-08-28 10:00:00+07:00,SKU-005,3,11.0935,5.3016,2.0925,0.0,0,EP-005-05,MISSING_SIGNAL,val
2026-08-28 11:00:00+07:00,SKU-005,6,12.1984,5.8834,2.0734,0.0,0,EP-005-05,MISSING_SIGNAL,val
2026-08-28 12:00:00+07:00,SKU-005,8,12.7025,6.1826,2.0546,0.0,2,EP-005-05,MISSING_SIGNAL,val
2026-08-28 13:00:00+07:00,SKU-005,7,11.4533,5.6251,2.0361,0.0,7,EP-005-05,MISSING_SIGNAL,val
2026-08-28 14:00:00+07:00,SKU-005,9,10.1244,5.0171,2.018,0.0,0,EP-005-05,MISSING_SIGNAL,val
2026-08-28 15:00:00+07:00,SKU-005,20,9.7711,4.8852,2.0001,0.0,0,EP-005-05,MISSING_SIGNAL,val
2026-08-28 16:00:00+07:00,SKU-005,5,10.4696,5.2807,1.9826,0.0,0,EP-005-05,MISSING_SIGNAL,val
2026-08-28 17:00:00+07:00,SKU-005,15,12.1052,6.159,1.9654,0.0,0,EP-005-05,MISSING_SIGNAL,val
2026-08-28 18:00:00+07:00,SKU-005,11,14.2842,7.3308,1.9485,0.0,0,EP-005-05,MISSING_SIGNAL,val
2026-08-28 19:00:00+07:00,SKU-005,13,16.6231,8.6044,1.9319,0.0,0,EP-005-05,MISSING_SIGNAL,val
2026-08-28 20:00:00+07:00,SKU-005,15,17.2626,9.0115,1.9156,0.0,0,EP-005-05,MISSING_SIGNAL,val
2026-08-28 21:00:00+07:00,SKU-005,21,14.2972,7.5265,1.8996,0.0,0,EP-005-05,MISSING_SIGNAL,val
2026-08-28 22:00:00+07:00,SKU-005,7,9.3512,4.9639,1.8838,0.0,0,EP-005-05,MISSING_SIGNAL,val
2026-08-28 23:00:00+07:00,SKU-005,3,4.7385,2.5362,1.8684,0.0,0,EP-005-05,MISSING_SIGNAL,val
2026-08-29 00:00:00+07:00,SKU-005,6,2.635,1.4219,1.8532,0.0,0,EP-005-05,MISSING_SIGNAL,val
2026-08-29 01:00:00+07:00,SKU-005,2,1.6764,0.912,1.8382,0.0,0,EP-005-05,MISSING_SIGNAL,val
2026-08-29 02:00:00+07:00,SKU-005,0,1.1457,0.6283,1.8236,0.0,0,EP-005-05,MISSING_SIGNAL,val
2026-08-29 03:00:00+07:00,SKU-005,0,0.9319,0.5151,1.8091,0.0,0,EP-005-05,MISSING_SIGNAL,val
2026-08-29 04:00:00+07:00,SKU-005,3,1.0294,0.5735,1.795,0.0,3,EP-005-05,MISSING_SIGNAL,val
2026-08-29 05:00:00+07:00,SKU-005,4,1.8422,1.0343,1.7811,0.0,4,EP-005-05,MISSING_SIGNAL,val
2026-08-29 06:00:00+07:00,SKU-005,1,3.8666,2.1877,1.7674,0.0,1,EP-005-05,MISSING_SIGNAL,val
2026-08-29 07:00:00+07:00,SKU-005,3,6.2724,3.5762,1.7539,0.0,3,EP-005-05,MISSING_SIGNAL,val
2026-08-29 08:00:00+07:00,SKU-005,2,8.55,4.9117,1.7407,0.0,2,EP-005-05,MISSING_SIGNAL,val
2026-08-29 09:00:00+07:00,SKU-005,4,10.0016,5.7887,1.7278,0.0,4,EP-005-05,MISSING_SIGNAL,val
2026-08-29 10:00:00+07:00,SKU-005,7,11.1381,6.4944,1.715,0.0,7,EP-005-05,MISSING_SIGNAL,val
2026-08-29 11:00:00+07:00,SKU-005,2,12.2617,7.2021,1.7025,0.0,2,EP-005-05,MISSING_SIGNAL,val
2026-08-29 12:00:00+07:00,SKU-005,19,12.7825,7.5626,1.6902,0.0,19,EP-005-05,MISSING_SIGNAL,val
2026-08-29 13:00:00+07:00,SKU-005,10,11.5373,6.8751,1.6781,0.0,10,EP-005-05,MISSING_SIGNAL,val
2026-08-29 14:00:00+07:00,SKU-005,21,10.2086,6.1266,1.6663,0.0,21,EP-005-05,MISSING_SIGNAL,val
2026-08-29 15:00:00+07:00,SKU-005,10,9.8613,5.9599,1.6546,0.0,10,EP-005-05,MISSING_SIGNAL,val
2026-08-29 16:00:00+07:00,SKU-005,8,10.5753,6.436,1.6431,0.0,8,EP-005-05,MISSING_SIGNAL,val
2026-08-29 17:00:00+07:00,SKU-005,4,12.237,7.4987,1.6319,0.0,4,EP-005-05,MISSING_SIGNAL,val
2026-08-29 18:00:00+07:00,SKU-005,21,14.4502,8.9154,1.6208,0.0,21,EP-005-05,MISSING_SIGNAL,val
2026-08-29 19:00:00+07:00,SKU-005,12,16.8275,10.4522,1.61,0.0,12,EP-005-05,MISSING_SIGNAL,val
2026-08-29 20:00:00+07:00,SKU-005,4,17.4857,10.9335,1.5993,0.0,4,EP-005-05,MISSING_SIGNAL,val
2026-08-29 21:00:00+07:00,SKU-005,7,14.4901,9.1203,1.5888,0.0,7,EP-005-05,MISSING_SIGNAL,val
2026-08-29 22:00:00+07:00,SKU-005,10,9.4822,6.0072,1.5785,0.0,10,EP-005-05,MISSING_SIGNAL,val
2026-08-29 23:00:00+07:00,SKU-005,5,4.8071,3.0651,1.5684,0.0,5,EP-005-05,MISSING_SIGNAL,val
2026-08-30 00:00:00+07:00,SKU-005,3,2.1546,1.3825,1.5584,0.0,3,EP-005-05,MISSING_SIGNAL,val
2026-08-30 01:00:00+07:00,SKU-005,1,1.3712,0.8854,1.5486,0.0,1,EP-005-05,MISSING_SIGNAL,val
2026-08-30 02:00:00+07:00,SKU-005,1,0.9374,0.6091,1.539,0.0,1,EP-005-05,MISSING_SIGNAL,val
2026-08-30 03:00:00+07:00,SKU-005,0,0.7627,0.4986,1.5296,0.0,0,EP-005-05,MISSING_SIGNAL,val
2026-08-30 04:00:00+07:00,SKU-005,2,0.8427,0.5543,1.5203,0.0,2,EP-005-05,MISSING_SIGNAL,val
2026-08-30 05:00:00+07:00,SKU-005,2,1.5083,0.9981,1.5112,0.0,2,EP-005-05,MISSING_SIGNAL,val
2026-08-30 06:00:00+07:00,SKU-005,1,3.1663,2.1077,1.5023,0.0,1,EP-005-05,MISSING_SIGNAL,val
2026-08-30 07:00:00+07:00,SKU-005,3,5.1369,3.4396,1.4935,0.0,3,EP-005-05,MISSING_SIGNAL,val
2026-08-30 08:00:00+07:00,SKU-005,5,7.0028,4.7163,1.4848,0.0,5,EP-005-05,MISSING_SIGNAL,val
2026-08-30 09:00:00+07:00,SKU-005,8,8.192,5.5489,1.4763,0.0,8,EP-005-05,MISSING_SIGNAL,val
2026-08-30 10:00:00+07:00,SKU-005,6,9.123,6.2146,1.468,0.0,6,EP-005-05,MISSING_SIGNAL,val
2026-08-30 11:00:00+07:00,SKU-005,11,10.0431,6.8798,1.4598,0.0,11,EP-005-05,MISSING_SIGNAL,val
2026-08-30 12:00:00+07:00,SKU-005,3,10.4692,7.2114,1.4518,0.0,3,EP-005-05,MISSING_SIGNAL,val
2026-08-30 13:00:00+07:00,SKU-005,4,9.4486,6.5441,1.4438,0.0,4,EP-005-05,MISSING_SIGNAL,val
2026-08-30 14:00:00+07:00,SKU-005,14,8.3596,5.8212,1.4361,0.0,0,EP-005-05,MISSING_SIGNAL,val
2026-08-30 15:00:00+07:00,SKU-005,7,8.0743,5.6525,1.4284,0.0,0,EP-005-05,MISSING_SIGNAL,val
2026-08-30 16:00:00+07:00,SKU-005,11,8.6576,6.0929,1.4209,0.0,0,EP-005-05,MISSING_SIGNAL,val
2026-08-30 17:00:00+07:00,SKU-005,7,10.0164,7.0859,1.4136,0.0,0,EP-005-05,MISSING_SIGNAL,val
2026-08-30 18:00:00+07:00,SKU-005,12,11.826,8.4091,1.4063,0.0,0,EP-005-05,MISSING_SIGNAL,val
2026-08-30 19:00:00+07:00,SKU-005,17,13.769,9.8405,1.3992,0.0,0,EP-005-05,MISSING_SIGNAL,val
2026-08-30 20:00:00+07:00,SKU-005,14,14.3047,10.2747,1.3922,0.0,0,EP-005-05,MISSING_SIGNAL,val
2026-08-30 21:00:00+07:00,SKU-005,6,11.8516,8.5549,1.3854,0.0,0,EP-005-05,MISSING_SIGNAL,val
2026-08-30 22:00:00+07:00,SKU-005,9,7.7539,5.6244,1.3786,0.0,2,EP-005-05,MISSING_SIGNAL,val
2026-08-30 23:00:00+07:00,SKU-005,5,3.93,2.8645,1.372,0.0,5,EP-005-05,MISSING_SIGNAL,val
2026-08-31 00:00:00+07:00,SKU-005,0,1.0159,0.744,1.3655,0.0,0,EP-005-05,MISSING_SIGNAL,val
2026-08-31 01:00:00+07:00,SKU-005,3,0.6464,0.4756,1.3591,0.0,3,EP-005-05,MISSING_SIGNAL,val
2026-08-31 02:00:00+07:00,SKU-005,0,0.4418,0.3266,1.3528,0.0,0,EP-005-05,MISSING_SIGNAL,val
2026-08-31 03:00:00+07:00,SKU-005,0,0.3594,0.2669,1.3466,0.0,0,EP-005-05,MISSING_SIGNAL,val
2026-08-31 04:00:00+07:00,SKU-005,1,0.397,0.2961,1.3405,0.0,1,EP-005-05,MISSING_SIGNAL,val
2026-08-31 05:00:00+07:00,SKU-005,0,0.7104,0.5323,1.3346,0.0,0,EP-005-05,MISSING_SIGNAL,val
2026-08-31 06:00:00+07:00,SKU-005,1,1.4909,1.122,1.3287,0.0,1,EP-005-05,MISSING_SIGNAL,val
2026-08-31 07:00:00+07:00,SKU-005,5,2.4183,1.8279,1.323,0.0,5,EP-005-05,MISSING_SIGNAL,val
2026-08-31 08:00:00+07:00,SKU-005,2,3.2961,2.5021,1.3173,0.0,2,EP-005-05,MISSING_SIGNAL,val
2026-08-31 09:00:00+07:00,SKU-005,2,3.8552,2.9389,1.3118,0.0,2,EP-005-05,MISSING_SIGNAL,val
2026-08-31 10:00:00+07:00,SKU-005,4,4.2927,3.2861,1.3063,0.0,4,EP-005-05,MISSING_SIGNAL,val
2026-08-31 11:00:00+07:00,SKU-005,12,4.725,3.6319,1.3009,0.0,12,EP-005-05,MISSING_SIGNAL,val
2026-08-31 12:00:00+07:00,SKU-005,6,4.9248,3.801,1.2957,0.0,6,EP-005-05,MISSING_SIGNAL,val
2026-08-31 13:00:00+07:00,SKU-005,8,4.4443,3.4439,1.2905,0.0,8,EP-005-05,MISSING_SIGNAL,val
2026-08-31 14:00:00+07:00,SKU-005,3,3.9318,3.0588,1.2854,0.0,3,EP-005-05,MISSING_SIGNAL,val
2026-08-31 15:00:00+07:00,SKU-005,1,3.7975,2.9658,1.2804,0.0,1,EP-005-05,MISSING_SIGNAL,val
2026-08-31 16:00:00+07:00,SKU-005,4,4.0717,3.1922,1.2755,0.0,4,EP-005-05,MISSING_SIGNAL,val
2026-08-31 17:00:00+07:00,SKU-005,5,4.7109,3.7073,1.2707,0.0,5,EP-005-05,MISSING_SIGNAL,val
2026-08-31 18:00:00+07:00,SKU-005,4,5.5622,4.3937,1.2659,0.0,4,EP-005-05,MISSING_SIGNAL,val
2026-08-31 19:00:00+07:00,SKU-005,5,6.4765,5.1348,1.2613,0.0,5,EP-005-05,MISSING_SIGNAL,val
2026-08-31 20:00:00+07:00,SKU-005,9,6.7293,5.3546,1.2567,0.0,9,EP-005-05,MISSING_SIGNAL,val
2026-08-31 21:00:00+07:00,SKU-005,10,5.5761,4.453,1.2522,0.0,10,EP-005-05,MISSING_SIGNAL,val
2026-08-31 22:00:00+07:00,SKU-005,5,3.6489,2.9242,1.2478,0.0,5,EP-005-05,MISSING_SIGNAL,val
2026-08-31 23:00:00+07:00,SKU-005,1,1.8498,1.4876,1.2435,0.0,1,EP-005-05,MISSING_SIGNAL,val
2026-09-01 00:00:00+07:00,SKU-005,0,0.8324,0.6717,1.2392,0.0,0,EP-005-05,MISSING_SIGNAL,val
2026-09-01 01:00:00+07:00,SKU-005,0,0.5298,0.429,1.235,0.0,0,EP-005-05,MISSING_SIGNAL,val
2026-09-01 02:00:00+07:00,SKU-005,0,0.3622,0.2943,1.2309,0.0,0,EP-005-05,MISSING_SIGNAL,val
2026-09-01 03:00:00+07:00,SKU-005,0,0.2948,0.2403,1.2269,0.0,0,EP-005-05,MISSING_SIGNAL,val
2026-09-01 04:00:00+07:00,SKU-005,1,0.3258,0.2664,1.2229,0.0,1,EP-005-05,MISSING_SIGNAL,val
2026-09-01 05:00:00+07:00,SKU-005,0,0.5833,0.4785,1.219,0.0,0,EP-005-05,MISSING_SIGNAL,val
2026-09-01 06:00:00+07:00,SKU-005,0,1.2248,1.008,1.2152,0.0,0,EP-005-05,MISSING_SIGNAL,val
2026-09-01 07:00:00+07:00,SKU-005,1,1.988,1.6411,1.2114,0.0,1,EP-005-05,MISSING_SIGNAL,val
2026-09-01 08:00:00+07:00,SKU-005,2,2.7113,2.2451,1.2077,0.0,2,EP-005-05,MISSING_SIGNAL,val
2026-09-01 09:00:00+07:00,SKU-005,2,3.1735,2.6357,1.2041,0.0,2,EP-005-05,MISSING_SIGNAL,val
2026-09-01 10:00:00+07:00,SKU-005,3,3.5363,2.9458,1.2005,0.0,3,EP-005-05,MISSING_SIGNAL,val
2026-09-01 11:00:00+07:00,SKU-005,1,3.8957,3.2546,1.197,0.0,1,EP-005-05,MISSING_SIGNAL,val
2026-09-01 12:00:00+07:00,SKU-005,4,4.0641,3.4051,1.1935,0.0,4,EP-005-05,MISSING_SIGNAL,val
2026-09-01 13:00:00+07:00,SKU-005,1,3.6711,3.0846,1.1901,0.0,1,EP-005-05,MISSING_SIGNAL,val
2026-09-01 14:00:00+07:00,SKU-005,3,3.251,2.7393,1.1868,0.0,0,EP-005-05,MISSING_SIGNAL,val
2026-09-01 15:00:00+07:00,SKU-005,4,3.1432,2.6558,1.1835,0.0,0,EP-005-05,MISSING_SIGNAL,val
2026-09-01 16:00:00+07:00,SKU-005,1,3.3741,2.8586,1.1803,0.0,0,EP-005-05,MISSING_SIGNAL,val
2026-09-01 17:00:00+07:00,SKU-005,8,3.9083,3.3201,1.1772,0.0,0,EP-005-05,MISSING_SIGNAL,val
2026-09-01 18:00:00+07:00,SKU-005,3,4.6204,3.9354,1.1741,0.0,0,EP-005-05,MISSING_SIGNAL,val
2026-09-01 19:00:00+07:00,SKU-005,3,5.387,4.6003,1.171,0.0,0,EP-005-05,MISSING_SIGNAL,val
2026-09-01 20:00:00+07:00,SKU-005,10,5.6049,4.7986,1.168,0.0,0,EP-005-05,MISSING_SIGNAL,val
2026-09-01 21:00:00+07:00,SKU-005,4,4.6511,3.9921,1.1651,0.0,0,EP-005-05,MISSING_SIGNAL,val
2026-09-01 22:00:00+07:00,SKU-005,4,3.0481,2.6227,1.1622,0.0,0,EP-005-05,MISSING_SIGNAL,val
2026-09-01 23:00:00+07:00,SKU-005,2,1.5477,1.3349,1.1594,0.0,0,EP-005-05,MISSING_SIGNAL,val
2026-09-02 00:00:00+07:00,SKU-005,1,0.7257,0.6275,1.1566,0.0,0,EP-005-05,MISSING_SIGNAL,val
2026-09-02 01:00:00+07:00,SKU-005,2,0.4627,0.401,1.1538,0.0,0,EP-005-05,MISSING_SIGNAL,val
2026-09-02 02:00:00+07:00,SKU-005,0,0.3169,0.2753,1.1511,0.0,0,EP-005-05,MISSING_SIGNAL,val
2026-09-02 03:00:00+07:00,SKU-005,0,0.2583,0.2249,1.1485,0.0,0,EP-005-05,MISSING_SIGNAL,val
2026-09-02 04:00:00+07:00,SKU-005,0,0.286,0.2496,1.1459,0.0,0,EP-005-05,MISSING_SIGNAL,val
2026-09-02 05:00:00+07:00,SKU-005,0,0.5131,0.4488,1.1433,0.0,0,EP-005-05,MISSING_SIGNAL,val
2026-09-02 06:00:00+07:00,SKU-005,2,1.0796,0.9464,1.1408,0.0,0,EP-005-05,MISSING_SIGNAL,val
2026-09-02 07:00:00+07:00,SKU-005,1,1.7559,1.5424,1.1384,0.0,0,EP-005-05,MISSING_SIGNAL,val
2026-09-02 08:00:00+07:00,SKU-005,6,2.3998,2.1126,1.1359,0.0,0,EP-005-05,MISSING_SIGNAL,val
2026-09-02 09:00:00+07:00,SKU-005,7,2.8148,2.4832,1.1336,0.0,0,EP-005-05,MISSING_SIGNAL,val
2026-09-02 10:00:00+07:00,SKU-005,2,3.1436,2.7789,1.1312,0.0,0,EP-005-05,MISSING_SIGNAL,val
2026-09-02 11:00:00+07:00,SKU-005,4,3.4708,3.0744,1.1289,0.0,0,EP-005-05,MISSING_SIGNAL,val
2026-09-02 12:00:00+07:00,SKU-005,5,3.6291,3.2211,1.1267,0.0,0,EP-005-05,MISSING_SIGNAL,val
2026-09-02 13:00:00+07:00,SKU-005,7,3.2858,2.9221,1.1244,0.0,0,EP-005-05,MISSING_SIGNAL,val
2026-09-02 14:00:00+07:00,SKU-005,1,2.9167,2.599,1.1223,0.0,0,EP-005-05,MISSING_SIGNAL,val
2026-09-02 15:00:00+07:00,SKU-005,4,2.8269,2.5237,1.1201,0.0,0,EP-005-05,MISSING_SIGNAL,val
2026-09-02 16:00:00+07:00,SKU-005,1,3.042,2.7209,1.118,0.0,0,EP-005-05,MISSING_SIGNAL,val
2026-09-02 17:00:00+07:00,SKU-005,2,3.5325,3.1654,1.116,0.0,1,EP-005-05,MISSING_SIGNAL,val
2026-09-02 18:00:00+07:00,SKU-005,1,4.1866,3.7585,1.1139,0.0,1,EP-005-05,MISSING_SIGNAL,val
2026-09-02 19:00:00+07:00,SKU-005,11,4.8938,4.4012,1.1119,0.0,11,EP-005-05,MISSING_SIGNAL,val
2026-09-02 20:00:00+07:00,SKU-005,8,5.105,4.5993,1.11,0.0,8,EP-005-05,MISSING_SIGNAL,val
2026-09-02 21:00:00+07:00,SKU-005,2,4.2474,3.8333,1.108,0.0,2,EP-005-05,MISSING_SIGNAL,val
2026-09-02 22:00:00+07:00,SKU-005,2,2.791,2.5231,1.1062,0.0,2,EP-005-05,MISSING_SIGNAL,val
2026-09-02 23:00:00+07:00,SKU-005,0,1.4209,1.2867,1.1043,0.0,0,EP-005-05,MISSING_SIGNAL,val
2026-09-03 00:00:00+07:00,SKU-005,0,0.7113,0.6452,1.1025,0.0,0,EP-005-05,MISSING_SIGNAL,val
2026-09-03 01:00:00+07:00,SKU-005,0,0.4547,0.4131,1.1007,0.0,0,EP-005-05,MISSING_SIGNAL,val
2026-09-03 02:00:00+07:00,SKU-005,0,0.3123,0.2842,1.0989,0.0,0,EP-005-05,MISSING_SIGNAL,val
2026-09-03 03:00:00+07:00,SKU-005,0,0.2553,0.2327,1.0972,0.0,0,EP-005-05,MISSING_SIGNAL,val
2026-09-03 04:00:00+07:00,SKU-005,0,0.2834,0.2587,1.0955,0.0,0,,,val
2026-09-03 05:00:00+07:00,SKU-005,0,0.5098,0.4661,1.0938,0.0,0,,,val
2026-09-03 06:00:00+07:00,SKU-005,0,1.0757,0.9849,1.0922,0.0,0,,,val
2026-09-03 07:00:00+07:00,SKU-005,3,1.7542,1.6086,1.0906,0.0,3,,,val
2026-09-03 08:00:00+07:00,SKU-005,0,2.4041,2.2077,1.089,0.0,0,,,val
2026-09-03 09:00:00+07:00,SKU-005,1,2.8276,2.6003,1.0874,0.0,1,,,val
2026-09-03 10:00:00+07:00,SKU-005,5,3.1664,2.916,1.0859,0.0,5,,,val
2026-09-03 11:00:00+07:00,SKU-005,5,3.5055,3.2327,1.0844,0.0,5,,,val
2026-09-03 12:00:00+07:00,SKU-005,5,3.6752,3.3938,1.0829,0.0,5,,,val
2026-09-03 13:00:00+07:00,SKU-005,5,3.3364,3.0851,1.0815,0.0,5,,,val
2026-09-03 14:00:00+07:00,SKU-005,3,2.9694,2.7494,1.08,0.0,0,,,val
2026-09-03 15:00:00+07:00,SKU-005,2,2.8855,2.6751,1.0786,0.0,0,,,val
2026-09-03 16:00:00+07:00,SKU-005,2,3.113,2.8897,1.0772,0.0,0,,,val
2026-09-03 17:00:00+07:00,SKU-005,4,3.6241,3.3684,1.0759,0.0,0,,,val
2026-09-03 18:00:00+07:00,SKU-005,1,4.3059,4.0071,1.0746,0.0,0,,,val
2026-09-03 19:00:00+07:00,SKU-005,6,5.0456,4.7012,1.0733,0.0,0,,,val
2026-09-03 20:00:00+07:00,SKU-005,9,5.2761,4.9218,1.072,0.0,0,,,val
2026-09-03 21:00:00+07:00,SKU-005,5,4.4001,4.1095,1.0707,0.0,0,,,val
2026-09-03 22:00:00+07:00,SKU-005,3,2.898,2.7097,1.0695,0.0,0,,,val
2026-09-03 23:00:00+07:00,SKU-005,2,1.4787,1.3842,1.0683,0.0,0,,,val
2026-09-04 00:00:00+07:00,SKU-005,0,0.7988,0.7485,1.0671,0.0,0,,,val
2026-09-04 01:00:00+07:00,SKU-005,0,0.5117,0.4801,1.0659,0.0,0,,,val
2026-09-04 02:00:00+07:00,SKU-005,0,0.3522,0.3308,1.0647,0.0,0,,,test
2026-09-04 03:00:00+07:00,SKU-005,0,0.2885,0.2712,1.0636,0.0,0,,,test
2026-09-04 04:00:00+07:00,SKU-005,0,0.3209,0.302,1.0625,0.0,0,,,test
2026-09-04 05:00:00+07:00,SKU-005,1,0.5783,0.5449,1.0614,0.0,0,,,test
2026-09-04 06:00:00+07:00,SKU-005,1,1.2225,1.1529,1.0603,0.0,0,,,test
2026-09-04 07:00:00+07:00,SKU-005,0,1.9971,1.8854,1.0593,0.0,0,,,test
2026-09-04 08:00:00+07:00,SKU-005,2,2.7417,2.5908,1.0582,0.0,0,,,test
2026-09-04 09:00:00+07:00,SKU-005,1,3.2299,3.0551,1.0572,0.0,0,,,test
2026-09-04 10:00:00+07:00,SKU-005,9,3.6225,3.4297,1.0562,0.0,0,,,test
2026-09-04 11:00:00+07:00,SKU-005,2,4.0162,3.806,1.0552,0.0,0,,,test
2026-09-04 12:00:00+07:00,SKU-005,3,4.2166,3.9996,1.0543,0.0,0,,,test
2026-09-04 13:00:00+07:00,SKU-005,7,3.8329,3.6389,1.0533,0.0,0,,,test
2026-09-04 14:00:00+07:00,SKU-005,4,3.4156,3.2456,1.0524,0.0,0,,,test
2026-09-04 15:00:00+07:00,SKU-005,5,3.3229,3.1603,1.0515,0.0,0,,,test
2026-09-04 16:00:00+07:00,SKU-005,1,3.5888,3.4161,1.0506,0.0,0,,,test
2026-09-04 17:00:00+07:00,SKU-005,9,4.1822,3.9843,1.0497,0.0,8,,,test
2026-09-04 18:00:00+07:00,SKU-005,2,4.9737,4.7423,1.0488,0.0,2,,,test
2026-09-04 19:00:00+07:00,SKU-005,11,5.8331,5.5662,1.048,0.0,11,,,test
2026-09-04 20:00:00+07:00,SKU-005,16,6.1042,5.8296,1.0471,0.0,16,,,test
2026-09-04 21:00:00+07:00,SKU-005,7,5.0942,4.8689,1.0463,0.0,7,,,test
2026-09-04 22:00:00+07:00,SKU-005,5,3.3572,3.2112,1.0455,0.0,5,,,test
2026-09-04 23:00:00+07:00,SKU-005,2,1.714,1.6406,1.0447,0.0,2,,,test
2026-09-05 00:00:00+07:00,SKU-005,2,0.9602,0.9198,1.0439,0.0,2,,,test
2026-09-05 01:00:00+07:00,SKU-005,0,0.6154,0.5899,1.0431,0.0,0,,,test
2026-09-05 02:00:00+07:00,SKU-005,0,0.4237,0.4064,1.0424,0.0,0,,,test
2026-09-05 03:00:00+07:00,SKU-005,0,0.3471,0.3332,1.0416,0.0,0,,,test
2026-09-05 04:00:00+07:00,SKU-005,0,0.3862,0.371,1.0409,0.0,0,,,test
2026-09-05 05:00:00+07:00,SKU-005,1,0.696,0.6691,1.0402,0.0,1,,,test
2026-09-05 06:00:00+07:00,SKU-005,3,1.4711,1.4152,1.0395,0.0,3,,,test
2026-09-05 07:00:00+07:00,SKU-005,2,2.4031,2.3134,1.0388,0.0,2,,,test
2026-09-05 08:00:00+07:00,SKU-005,2,3.2984,3.1773,1.0381,0.0,2,,,test
2026-09-05 09:00:00+07:00,SKU-005,0,3.8848,3.7446,1.0374,0.0,0,,,test
2026-09-05 10:00:00+07:00,SKU-005,6,4.3557,4.2011,1.0368,0.0,6,,,test
2026-09-05 11:00:00+07:00,SKU-005,3,4.8273,4.6589,1.0361,0.0,3,,,test
2026-09-05 12:00:00+07:00,SKU-005,3,5.0659,4.8921,1.0355,0.0,3,,,test
2026-09-05 13:00:00+07:00,SKU-005,8,4.6025,4.4473,1.0349,0.0,8,,,test
2026-09-05 14:00:00+07:00,SKU-005,4,4.0991,3.9632,1.0343,0.0,0,,,test
2026-09-05 15:00:00+07:00,SKU-005,5,3.9852,3.8554,1.0337,0.0,0,,,test
2026-09-05 16:00:00+07:00,SKU-005,7,4.3011,4.1633,1.0331,0.0,0,,,test
2026-09-05 17:00:00+07:00,SKU-005,0,5.0084,4.8507,1.0325,0.0,0,,,test
2026-09-05 18:00:00+07:00,SKU-005,9,5.9514,5.7671,1.0319,0.0,0,,,test
2026-09-05 19:00:00+07:00,SKU-005,11,6.9734,6.7612,1.0314,0.0,0,,,test
2026-09-05 20:00:00+07:00,SKU-005,9,7.2907,7.0726,1.0308,0.0,0,,,test
2026-09-05 21:00:00+07:00,SKU-005,3,6.0784,5.8996,1.0303,0.0,0,,,test
2026-09-05 22:00:00+07:00,SKU-005,8,4.0015,3.8859,1.0298,0.0,0,,,test
2026-09-05 23:00:00+07:00,SKU-005,1,2.0407,1.9827,1.0292,0.0,0,,,test
2026-09-06 00:00:00+07:00,SKU-005,0,0.92,0.8943,1.0287,0.0,0,,,test
2026-09-06 01:00:00+07:00,SKU-005,0,0.5889,0.5728,1.0282,0.0,0,,,test
2026-09-06 02:00:00+07:00,SKU-005,1,0.4049,0.394,1.0277,0.0,0,,,test
2026-09-06 03:00:00+07:00,SKU-005,1,0.3313,0.3225,1.0272,0.0,0,,,test
2026-09-06 04:00:00+07:00,SKU-005,0,0.3681,0.3585,1.0268,0.0,0,,,test
2026-09-06 05:00:00+07:00,SKU-005,2,0.6626,0.6456,1.0263,0.0,0,,,test
2026-09-06 06:00:00+07:00,SKU-005,0,1.3986,1.3634,1.0258,0.0,0,,,test
2026-09-06 07:00:00+07:00,SKU-005,6,2.2814,2.225,1.0254,0.0,0,,,test
2026-09-06 08:00:00+07:00,SKU-005,6,3.1269,3.0508,1.0249,0.0,0,,,test
2026-09-06 09:00:00+07:00,SKU-005,8,3.6773,3.5893,1.0245,0.0,0,,,test
2026-09-06 10:00:00+07:00,SKU-005,5,4.1168,4.02,1.0241,0.0,0,,,test
2026-09-06 11:00:00+07:00,SKU-005,3,4.5555,4.4502,1.0237,0.0,1,,,test
2026-09-06 12:00:00+07:00,SKU-005,18,4.7732,4.6647,1.0232,0.0,18,,,test
2026-09-06 13:00:00+07:00,SKU-005,2,4.3297,4.2331,1.0228,0.0,2,,,test
2026-09-06 14:00:00+07:00,SKU-005,1,3.8499,3.7654,1.0224,0.0,1,,,test
2026-09-06 15:00:00+07:00,SKU-005,6,3.737,3.6563,1.022,0.0,6,,,test
2026-09-06 16:00:00+07:00,SKU-005,3,4.0266,3.9412,1.0217,0.0,3,,,test
2026-09-06 17:00:00+07:00,SKU-005,0,4.6811,4.5835,1.0213,0.0,0,,,test
2026-09-06 18:00:00+07:00,SKU-005,7,5.5532,5.4394,1.0209,0.0,7,,,test
2026-09-06 19:00:00+07:00,SKU-005,13,6.4961,6.3653,1.0205,0.0,13,,,test
2026-09-06 20:00:00+07:00,SKU-005,15,6.7803,6.6461,1.0202,0.0,15,,,test
2026-09-06 21:00:00+07:00,SKU-005,0,5.6434,5.5337,1.0198,0.0,0,,,test
2026-09-06 22:00:00+07:00,SKU-005,0,5.3647,5.2622,1.0195,0.0,0,,,test
2026-09-06 23:00:00+07:00,SKU-005,0,2.7313,2.68,1.0191,0.0,0,,,test
2026-09-07 00:00:00+07:00,SKU-005,0,1.1146,1.094,1.0188,0.0,0,,,test
2026-09-07 01:00:00+07:00,SKU-005,0,0.7123,0.6994,1.0185,0.0,0,,,test
2026-09-07 02:00:00+07:00,SKU-005,1,0.489,0.4802,1.0182,0.0,1,,,test
2026-09-07 03:00:00+07:00,SKU-005,0,0.3994,0.3924,1.0178,0.0,0,,,test
2026-09-07 04:00:00+07:00,SKU-005,0,0.4431,0.4354,1.0175,0.0,0,,,test
2026-09-07 05:00:00+07:00,SKU-005,0,0.7962,0.7827,1.0172,0.0,0,,,test
2026-09-07 06:00:00+07:00,SKU-005,6,1.6779,1.65,1.0169,0.0,6,,,test
2026-09-07 07:00:00+07:00,SKU-005,6,2.7327,2.688,1.0166,0.0,6,,,test
2026-09-07 08:00:00+07:00,SKU-005,3,3.7395,3.6794,1.0163,0.0,3,,,test
2026-09-07 09:00:00+07:00,SKU-005,3,4.3911,4.3217,1.016,0.0,3,,,test
2026-09-07 10:00:00+07:00,SKU-005,5,4.9084,4.8323,1.0158,0.0,5,,,test
2026-09-07 11:00:00+07:00,SKU-005,3,5.4235,5.3408,1.0155,0.0,3,,,test
2026-09-07 12:00:00+07:00,SKU-005,8,5.6744,5.5894,1.0152,0.0,8,,,test
2026-09-07 13:00:00+07:00,SKU-005,10,5.1399,5.0642,1.0149,0.0,10,,,test
2026-09-07 14:00:00+07:00,SKU-005,1,4.564,4.498,1.0147,0.0,0,,,test
2026-09-07 15:00:00+07:00,SKU-005,7,4.4241,4.3612,1.0144,0.0,0,,,test
2026-09-07 16:00:00+07:00,SKU-005,3,4.7607,4.6942,1.0142,0.0,0,,,test
2026-09-07 17:00:00+07:00,SKU-005,8,5.5275,5.4516,1.0139,0.0,0,,,test
2026-09-07 18:00:00+07:00,SKU-005,5,6.5493,6.4609,1.0137,0.0,0,,,test
2026-09-07 19:00:00+07:00,SKU-005,11,7.6523,7.5507,1.0134,0.0,0,,,test
2026-09-07 20:00:00+07:00,SKU-005,15,7.978,7.8739,1.0132,0.0,0,,,test
2026-09-07 21:00:00+07:00,SKU-005,3,6.633,6.548,1.013,0.0,0,,,test
2026-09-07 22:00:00+07:00,SKU-005,6,4.3549,4.3,1.0128,0.0,0,,,test
2026-09-07 23:00:00+07:00,SKU-005,1,2.215,2.1875,1.0125,0.0,0,EP-005-06,SLOW_BURN,test
2026-09-08 00:00:00+07:00,SKU-005,1,0.9999,0.9877,1.0123,0.0714,0,EP-005-06,SLOW_BURN,test
2026-09-08 01:00:00+07:00,SKU-005,2,0.6384,0.6308,1.0121,0.1429,0,EP-005-06,SLOW_BURN,test
2026-09-08 02:00:00+07:00,SKU-005,0,0.4379,0.4328,1.0119,0.2143,0,EP-005-06,SLOW_BURN,test
2026-09-08 03:00:00+07:00,SKU-005,0,0.3574,0.3533,1.0117,0.2857,0,EP-005-06,SLOW_BURN,test
2026-09-08 04:00:00+07:00,SKU-005,2,0.2739,0.2708,1.0115,0.3571,0,EP-005-06,SLOW_BURN,test
2026-09-08 05:00:00+07:00,SKU-005,2,0.4919,0.4864,1.0113,0.4286,0,EP-005-06,SLOW_BURN,test
2026-09-08 06:00:00+07:00,SKU-005,0,1.0361,1.0247,1.0111,0.5,0,EP-005-06,SLOW_BURN,test
2026-09-08 07:00:00+07:00,SKU-005,2,1.6865,1.6683,1.0109,0.5714,0,EP-005-06,SLOW_BURN,test
2026-09-08 08:00:00+07:00,SKU-005,2,2.3068,2.2824,1.0107,0.6429,0,EP-005-06,SLOW_BURN,test
2026-09-08 09:00:00+07:00,SKU-005,1,2.7076,2.6795,1.0105,0.7143,0,EP-005-06,SLOW_BURN,test
2026-09-08 10:00:00+07:00,SKU-005,3,3.0256,2.9947,1.0103,0.7857,0,EP-005-06,SLOW_BURN,test
2026-09-08 11:00:00+07:00,SKU-005,0,3.3423,3.3087,1.0101,0.8571,0,EP-005-06,SLOW_BURN,test
2026-09-08 12:00:00+07:00,SKU-005,1,3.4962,3.4617,1.01,0.9286,0,EP-005-06,SLOW_BURN,test
2026-09-08 13:00:00+07:00,SKU-005,5,3.1665,3.1358,1.0098,1.0,0,EP-005-06,SLOW_BURN,test
2026-09-08 14:00:00+07:00,SKU-005,6,2.8116,2.7848,1.0096,0.9869,0,EP-005-06,SLOW_BURN,test
2026-09-08 15:00:00+07:00,SKU-005,1,2.7254,2.6999,1.0094,0.974,0,EP-005-06,SLOW_BURN,test
2026-09-08 16:00:00+07:00,SKU-005,1,2.9331,2.9061,1.0093,0.9613,0,EP-005-06,SLOW_BURN,test
2026-09-08 17:00:00+07:00,SKU-005,4,3.406,3.3753,1.0091,0.9487,0,EP-005-06,SLOW_BURN,test
2026-09-08 18:00:00+07:00,SKU-005,5,4.0366,4.0007,1.009,0.9363,2,EP-005-06,SLOW_BURN,test
2026-09-08 19:00:00+07:00,SKU-005,6,4.7178,4.6767,1.0088,0.9241,6,EP-005-06,SLOW_BURN,test
2026-09-08 20:00:00+07:00,SKU-005,4,4.9205,4.8783,1.0086,0.912,4,EP-005-06,SLOW_BURN,test
2026-09-08 21:00:00+07:00,SKU-005,13,4.0928,4.0584,1.0085,0.9001,13,EP-005-06,SLOW_BURN,test
2026-09-08 22:00:00+07:00,SKU-005,1,2.6885,2.6663,1.0083,0.8883,1,EP-005-06,SLOW_BURN,test
2026-09-08 23:00:00+07:00,SKU-005,2,1.3682,1.3571,1.0082,0.8767,2,EP-005-06,SLOW_BURN,test
2026-09-09 00:00:00+07:00,SKU-005,1,0.643,0.6379,1.0081,0.8653,1,EP-005-06,SLOW_BURN,test
2026-09-09 01:00:00+07:00,SKU-005,2,0.4414,0.4077,1.0828,0.854,2,EP-005-06,SLOW_BURN,test
2026-09-09 02:00:00+07:00,SKU-005,1,0.3262,0.2799,1.1655,0.8428,1,EP-005-06,SLOW_BURN,test
2026-09-09 03:00:00+07:00,SKU-005,1,0.2855,0.2287,1.2483,0.8318,1,EP-005-06,SLOW_BURN,test
2026-09-09 04:00:00+07:00,SKU-005,1,0.3378,0.2538,1.3311,0.8209,1,EP-005-06,SLOW_BURN,test
2026-09-09 05:00:00+07:00,SKU-005,1,0.645,0.4562,1.4138,0.8102,1,EP-005-06,SLOW_BURN,test
2026-09-09 06:00:00+07:00,SKU-005,2,1.4398,0.9621,1.4966,0.7996,2,EP-005-06,SLOW_BURN,test
2026-09-09 07:00:00+07:00,SKU-005,6,2.4765,1.568,1.5794,0.7891,6,EP-005-06,SLOW_BURN,test
2026-09-09 08:00:00+07:00,SKU-005,2,3.5697,2.1476,1.6622,0.7788,2,EP-005-06,SLOW_BURN,test
2026-09-09 09:00:00+07:00,SKU-005,1,4.4048,2.5244,1.7449,0.7686,1,EP-005-06,SLOW_BURN,test
2026-09-09 10:00:00+07:00,SKU-005,3,5.1632,2.825,1.8277,0.7586,3,EP-005-06,SLOW_BURN,test
2026-09-09 11:00:00+07:00,SKU-005,9,5.971,3.1254,1.9105,0.7487,9,EP-005-06,SLOW_BURN,test
2026-09-09 12:00:00+07:00,SKU-005,6,6.5269,3.2745,1.9932,0.7389,6,EP-005-06,SLOW_BURN,test
2026-09-09 13:00:00+07:00,SKU-005,3,6.1669,2.9706,2.076,0.7292,3,EP-005-06,SLOW_BURN,test
2026-09-09 14:00:00+07:00,SKU-005,7,5.7036,2.6421,2.1588,0.7197,0,EP-005-06,SLOW_BURN,test
2026-09-09 15:00:00+07:00,SKU-005,7,5.4996,2.5656,2.1436,0.7103,0,EP-005-06,SLOW_BURN,test
2026-09-09 16:00:00+07:00,SKU-005,4,5.8878,2.766,2.1287,0.701,0,EP-005-06,SLOW_BURN,test
2026-09-09 17:00:00+07:00,SKU-005,2,6.8023,3.2179,2.1139,0.6919,0,EP-005-06,SLOW_BURN,test
2026-09-09 18:00:00+07:00,SKU-005,10,8.0211,3.8207,2.0994,0.6828,0,EP-005-06,SLOW_BURN,test
2026-09-09 19:00:00+07:00,SKU-005,6,9.3286,4.4741,2.085,0.6739,0,EP-005-06,SLOW_BURN,test
2026-09-09 20:00:00+07:00,SKU-005,6,9.682,4.6755,2.0708,0.6651,0,EP-005-06,SLOW_BURN,test
2026-09-09 21:00:00+07:00,SKU-005,8,8.015,3.8968,2.0568,0.6564,0,EP-005-06,SLOW_BURN,test
2026-09-09 22:00:00+07:00,SKU-005,7,5.2401,2.5649,2.043,0.6478,0,EP-005-06,SLOW_BURN,test
2026-09-09 23:00:00+07:00,SKU-005,1,2.6545,1.308,2.0294,0.6393,0,EP-005-06,SLOW_BURN,test
2026-09-10 00:00:00+07:00,SKU-005,2,1.3222,0.6559,2.0159,0.631,0,EP-005-06,SLOW_BURN,test
2026-09-10 01:00:00+07:00,SKU-005,1,0.8411,0.42,2.0026,0.6227,0,EP-005-06,SLOW_BURN,test
2026-09-10 02:00:00+07:00,SKU-005,0,0.5748,0.2889,1.9895,0.6146,0,EP-005-06,SLOW_BURN,test
2026-09-10 03:00:00+07:00,SKU-005,0,0.4675,0.2365,1.9766,0.6066,0,EP-005-06,SLOW_BURN,test
2026-09-10 04:00:00+07:00,SKU-005,0,0.5165,0.263,1.9638,0.5986,0,EP-005-06,SLOW_BURN,test
2026-09-10 05:00:00+07:00,SKU-005,1,0.9245,0.4738,1.9512,0.5908,0,EP-005-06,SLOW_BURN,test
2026-09-10 06:00:00+07:00,SKU-005,1,1.9412,1.0012,1.9388,0.5831,0,EP-005-06,SLOW_BURN,test
2026-09-10 07:00:00+07:00,SKU-005,4,3.1503,1.6352,1.9265,0.5755,0,EP-005-06,SLOW_BURN,test
2026-09-10 08:00:00+07:00,SKU-005,2,4.2965,2.2442,1.9144,0.5679,0,EP-005-06,SLOW_BURN,test
2026-09-10 09:00:00+07:00,SKU-005,4,5.0289,2.6434,1.9025,0.5605,0,EP-005-06,SLOW_BURN,test
2026-09-10 10:00:00+07:00,SKU-005,1,5.6045,2.9643,1.8907,0.5532,0,EP-005-06,SLOW_BURN,test
2026-09-10 11:00:00+07:00,SKU-005,1,6.1749,3.2862,1.879,0.546,0,EP-005-06,SLOW_BURN,test
2026-09-10 12:00:00+07:00,SKU-005,6,6.443,3.45,1.8676,0.5388,0,EP-005-06,SLOW_BURN,test
2026-09-10 13:00:00+07:00,SKU-005,1,5.8213,3.1361,1.8562,0.5318,0,EP-005-06,SLOW_BURN,test
2026-09-10 14:00:00+07:00,SKU-005,4,5.1566,2.7949,1.845,0.5248,0,EP-005-06,SLOW_BURN,test
2026-09-10 15:00:00+07:00,SKU-005,8,4.9873,2.7194,1.834,0.518,0,EP-005-06,SLOW_BURN,test
2026-09-10 16:00:00+07:00,SKU-005,3,5.3553,2.9375,1.8231,0.5112,0,EP-005-06,SLOW_BURN,test
2026-09-10 17:00:00+07:00,SKU-005,3,6.2056,3.4241,1.8123,0.5045,0,EP-005-06,SLOW_BURN,test
2026-09-10 18:00:00+07:00,SKU-005,11,7.339,4.0734,1.8017,0.4979,0,EP-005-06,SLOW_BURN,test
2026-09-10 19:00:00+07:00,SKU-005,11,8.5601,4.7789,1.7912,0.4914,6,EP-005-06,SLOW_BURN,test
2026-09-10 20:00:00+07:00,SKU-005,12,8.9101,5.0032,1.7809,0.485,12,EP-005-06,SLOW_BURN,test
2026-09-10 21:00:00+07:00,SKU-005,12,7.3969,4.1774,1.7707,0.4787,12,EP-005-06,SLOW_BURN,test
2026-09-10 22:00:00+07:00,SKU-005,6,4.8496,2.7545,1.7606,0.4724,6,EP-005-06,SLOW_BURN,test
2026-09-10 23:00:00+07:00,SKU-005,11,2.4634,1.4071,1.7507,0.4662,11,EP-005-06,SLOW_BURN,test
2026-09-11 00:00:00+07:00,SKU-005,2,1.3246,0.7609,1.7409,0.4601,2,EP-005-06,SLOW_BURN,test
2026-09-11 01:00:00+07:00,SKU-005,2,0.8448,0.488,1.7312,0.4541,2,EP-005-06,SLOW_BURN,test
2026-09-11 02:00:00+07:00,SKU-005,0,0.5789,0.3362,1.7216,0.4482,0,EP-005-06,SLOW_BURN,test
2026-09-11 03:00:00+07:00,SKU-005,0,0.4721,0.2757,1.7122,0.4423,0,EP-005-06,SLOW_BURN,test
2026-09-11 04:00:00+07:00,SKU-005,2,0.5228,0.307,1.7029,0.4366,2,EP-005-06,SLOW_BURN,test
2026-09-11 05:00:00+07:00,SKU-005,1,0.9381,0.5539,1.6937,0.4308,1,EP-005-06,SLOW_BURN,test
2026-09-11 06:00:00+07:00,SKU-005,2,1.9743,1.172,1.6846,0.4252,2,EP-005-06,SLOW_BURN,test
2026-09-11 07:00:00+07:00,SKU-005,4,3.2115,1.9165,1.6757,0.4197,4,EP-005-06,SLOW_BURN,test
2026-09-11 08:00:00+07:00,SKU-005,1,4.3897,2.6336,1.6668,0.4142,1,EP-005-06,SLOW_BURN,test
2026-09-11 09:00:00+07:00,SKU-005,2,5.1493,3.1055,1.6581,0.4088,2,EP-005-06,SLOW_BURN,test
2026-09-11 10:00:00+07:00,SKU-005,5,5.7507,3.4863,1.6495,0.4034,5,EP-005-06,SLOW_BURN,test
2026-09-11 11:00:00+07:00,SKU-005,4,6.3489,3.8689,1.641,0.3981,4,EP-005-06,SLOW_BURN,test
2026-09-11 12:00:00+07:00,SKU-005,8,6.6377,4.0656,1.6327,0.3929,8,EP-005-06,SLOW_BURN,test
2026-09-11 13:00:00+07:00,SKU-005,1,6.0085,3.699,1.6244,0.3878,1,EP-005-06,SLOW_BURN,test
2026-09-11 14:00:00+07:00,SKU-005,0,5.3322,3.2992,1.6162,0.3827,0,EP-005-06,SLOW_BURN,test
2026-09-11 15:00:00+07:00,SKU-005,9,5.1661,3.2124,1.6082,0.3777,0,EP-005-06,SLOW_BURN,test
2026-09-11 16:00:00+07:00,SKU-005,5,5.5567,3.4724,1.6002,0.3728,0,EP-005-06,SLOW_BURN,test
2026-09-11 17:00:00+07:00,SKU-005,4,6.4492,4.05,1.5924,0.3679,0,EP-005-06,SLOW_BURN,test
2026-09-11 18:00:00+07:00,SKU-005,9,7.6387,4.8205,1.5846,0.3631,0,EP-005-06,SLOW_BURN,test
2026-09-11 19:00:00+07:00,SKU-005,15,8.9226,5.658,1.577,0.3584,0,EP-005-06,SLOW_BURN,test
2026-09-11 20:00:00+07:00,SKU-005,12,9.3001,5.9257,1.5695,0.3537,0,EP-005-06,SLOW_BURN,test
2026-09-11 21:00:00+07:00,SKU-005,3,7.7306,4.9492,1.562,0.3491,0,EP-005-06,SLOW_BURN,test
2026-09-11 22:00:00+07:00,SKU-005,8,5.0746,3.2641,1.5547,0.3445,0,EP-005-06,SLOW_BURN,test
2026-09-11 23:00:00+07:00,SKU-005,2,2.5806,1.6677,1.5474,0.34,0,EP-005-06,SLOW_BURN,test
2026-09-12 00:00:00+07:00,SKU-005,0,1.4401,0.935,1.5403,0.3356,0,EP-005-06,SLOW_BURN,test
2026-09-12 01:00:00+07:00,SKU-005,1,0.9194,0.5997,1.5332,0.3312,0,EP-005-06,SLOW_BURN,test
2026-09-12 02:00:00+07:00,SKU-005,1,0.6305,0.4131,1.5262,0.3268,0,EP-005-06,SLOW_BURN,test
2026-09-12 03:00:00+07:00,SKU-005,1,0.5146,0.3387,1.5194,0.3226,0,EP-005-06,SLOW_BURN,test
2026-09-12 04:00:00+07:00,SKU-005,0,0.5704,0.3771,1.5126,0.3184,0,EP-005-06,SLOW_BURN,test
2026-09-12 05:00:00+07:00,SKU-005,1,1.0242,0.6801,1.5059,0.3142,0,EP-005-06,SLOW_BURN,test
2026-09-12 06:00:00+07:00,SKU-005,0,2.1567,1.4385,1.4993,0.3101,0,EP-005-06,SLOW_BURN,test
2026-09-12 07:00:00+07:00,SKU-005,5,3.5101,2.3515,1.4927,0.306,0,EP-005-06,SLOW_BURN,test
2026-09-12 08:00:00+07:00,SKU-005,1,4.8002,3.2296,1.4863,0.302,0,EP-005-06,SLOW_BURN,test
2026-09-12 09:00:00+07:00,SKU-005,5,5.633,3.8063,1.4799,0.2981,0,EP-005-06,SLOW_BURN,test
2026-09-12 10:00:00+07:00,SKU-005,6,6.293,4.2703,1.4737,0.2942,0,EP-005-06,SLOW_BURN,test
2026-09-12 11:00:00+07:00,SKU-005,3,6.9494,4.7356,1.4675,0.2903,0,EP-005-06,SLOW_BURN,test
2026-09-12 12:00:00+07:00,SKU-005,5,7.2669,4.9727,1.4614,0.2865,0,EP-005-06,SLOW_BURN,test
2026-09-12 13:00:00+07:00,SKU-005,8,6.5789,4.5206,1.4553,0.2828,0,EP-005-06,SLOW_BURN,test
2026-09-12 14:00:00+07:00,SKU-005,5,5.8387,4.0284,1.4494,0.2791,0,EP-005-06,SLOW_BURN,test
2026-09-12 15:00:00+07:00,SKU-005,4,5.6568,3.9188,1.4435,0.2755,0,EP-005-06,SLOW_BURN,test
2026-09-12 16:00:00+07:00,SKU-005,2,6.0841,4.2318,1.4377,0.2719,0,EP-005-06,SLOW_BURN,test
2026-09-12 17:00:00+07:00,SKU-005,3,7.0605,4.9305,1.432,0.2683,0,EP-005-06,SLOW_BURN,test
2026-09-12 18:00:00+07:00,SKU-005,4,8.3612,5.862,1.4263,0.2648,4,EP-005-06,SLOW_BURN,test
2026-09-12 19:00:00+07:00,SKU-005,14,9.7642,6.8725,1.4208,0.2613,14,EP-005-06,SLOW_BURN,test
2026-09-12 20:00:00+07:00,SKU-005,7,10.1743,7.189,1.4153,0.2579,7,EP-005-06,SLOW_BURN,test
2026-09-12 21:00:00+07:00,SKU-005,3,8.4544,5.9967,1.4098,0.2545,3,EP-005-06,SLOW_BURN,test
2026-09-12 22:00:00+07:00,SKU-005,3,5.5474,3.9498,1.4045,0.2512,3,EP-005-06,SLOW_BURN,test
2026-09-12 23:00:00+07:00,SKU-005,0,2.8198,2.0153,1.3992,0.2479,0,EP-005-06,SLOW_BURN,test
2026-09-13 00:00:00+07:00,SKU-005,0,1.2672,0.909,1.394,0.2447,0,EP-005-06,SLOW_BURN,test
2026-09-13 01:00:00+07:00,SKU-005,0,0.8085,0.5822,1.3888,0.2415,0,EP-005-06,SLOW_BURN,test
2026-09-13 02:00:00+07:00,SKU-005,0,0.5542,0.4005,1.3837,0.2383,0,EP-005-06,SLOW_BURN,test
2026-09-13 03:00:00+07:00,SKU-005,0,0.452,0.3278,1.3787,0.2352,0,EP-005-06,SLOW_BURN,test
2026-09-13 04:00:00+07:00,SKU-005,0,0.5007,0.3644,1.3738,0.2322,0,EP-005-06,SLOW_BURN,test
2026-09-13 05:00:00+07:00,SKU-005,1,0.8983,0.6562,1.3689,0.2291,1,EP-005-07,TRUE_SURGE,test
2026-09-13 06:00:00+07:00,SKU-005,0,1.8903,1.3858,1.3641,0.2261,0,EP-005-07,TRUE_SURGE,test
2026-09-13 07:00:00+07:00,SKU-005,6,3.0741,2.2615,1.3593,0.25,6,EP-005-07,TRUE_SURGE,test
2026-09-13 08:00:00+07:00,SKU-005,4,4.2005,3.1009,1.3546,0.375,4,EP-005-07,TRUE_SURGE,test
2026-09-13 09:00:00+07:00,SKU-005,4,7.1879,5.3244,1.35,0.5,4,EP-005-07,TRUE_SURGE,test
2026-09-13 10:00:00+07:00,SKU-005,10,8.023,5.9632,1.3454,0.625,10,EP-005-07,TRUE_SURGE,test
2026-09-13 11:00:00+07:00,SKU-005,6,8.8519,6.6015,1.3409,0.75,6,EP-005-07,TRUE_SURGE,test
2026-09-13 12:00:00+07:00,SKU-005,3,9.2477,6.9196,1.3364,0.875,3,EP-005-07,TRUE_SURGE,test
2026-09-13 13:00:00+07:00,SKU-005,12,8.3643,6.2793,1.332,1.0,12,EP-005-07,TRUE_SURGE,test
2026-09-13 14:00:00+07:00,SKU-005,3,7.416,5.5856,1.3277,0.9849,0,EP-005-07,TRUE_SURGE,test
2026-09-13 15:00:00+07:00,SKU-005,18,7.1779,5.4238,1.3234,0.97,0,EP-005-07,TRUE_SURGE,test
2026-09-13 16:00:00+07:00,SKU-005,10,7.7124,5.8463,1.3192,0.9553,0,EP-005-07,TRUE_SURGE,test
2026-09-13 17:00:00+07:00,SKU-005,12,8.941,6.7991,1.315,0.9409,0,EP-005-07,TRUE_SURGE,test
2026-09-13 18:00:00+07:00,SKU-005,6,10.5774,8.0688,1.3109,0.9267,0,EP-005-07,TRUE_SURGE,test
2026-09-13 19:00:00+07:00,SKU-005,6,12.3394,9.4422,1.3068,0.9127,0,EP-005-07,TRUE_SURGE,test
2026-09-13 20:00:00+07:00,SKU-005,10,12.8442,9.8587,1.3028,0.8989,0,EP-005-07,TRUE_SURGE,test
2026-09-13 21:00:00+07:00,SKU-005,12,10.6618,8.2085,1.2989,0.8853,0,EP-005-07,TRUE_SURGE,test
2026-09-13 22:00:00+07:00,SKU-005,3,8.6976,5.3967,1.6117,0.8719,0,EP-005-07,TRUE_SURGE,test
2026-09-13 23:00:00+07:00,SKU-005,4,6.1108,2.7485,2.2233,0.8588,0,EP-005-07,TRUE_SURGE,test
2026-09-14 00:00:00+07:00,SKU-005,2,3.1808,1.122,2.835,0.8458,0,EP-005-07,TRUE_SURGE,test
2026-09-14 01:00:00+07:00,SKU-005,0,2.4721,0.7172,3.4466,0.833,0,EP-005-07,TRUE_SURGE,test
2026-09-14 02:00:00+07:00,SKU-005,2,1.9987,0.4925,4.0583,0.8204,0,EP-005-07,TRUE_SURGE,test
2026-09-14 03:00:00+07:00,SKU-005,1,1.8794,0.4024,4.67,0.808,0,EP-005-07,TRUE_SURGE,test
2026-09-14 04:00:00+07:00,SKU-005,0,2.3586,0.4466,5.2816,0.7958,0,EP-005-07,TRUE_SURGE,test
2026-09-14 05:00:00+07:00,SKU-005,8,4.7306,0.8027,5.8933,0.7838,0,EP-005-07,TRUE_SURGE,test
2026-09-14 06:00:00+07:00,SKU-005,7,9.8471,1.6921,5.8193,0.7719,0,EP-005-07,TRUE_SURGE,test
2026-09-14 07:00:00+07:00,SKU-005,11,15.8413,2.7567,5.7465,0.7603,0,EP-005-07,TRUE_SURGE,test
2026-09-14 08:00:00+07:00,SKU-005,19,21.4132,3.7734,5.6748,0.7488,17,EP-005-07,TRUE_SURGE,test
2026-09-14 09:00:00+07:00,SKU-005,29,24.8381,4.4321,5.6041,0.7375,29,EP-005-07,TRUE_SURGE,test
2026-09-14 10:00:00+07:00,SKU-005,24,27.4274,4.9556,5.5346,0.7263,24,EP-005-07,TRUE_SURGE,test
2026-09-14 11:00:00+07:00,SKU-005,27,29.9385,5.4772,5.4661,0.7154,27,EP-005-07,TRUE_SURGE,test
2026-09-14 12:00:00+07:00,SKU-005,47,30.9449,5.7321,5.3986,0.7045,47,EP-005-07,TRUE_SURGE,test
2026-09-14 13:00:00+07:00,SKU-005,34,27.6924,5.1935,5.3321,0.6939,34,EP-005-07,TRUE_SURGE,test
2026-09-14 14:00:00+07:00,SKU-005,22,24.2939,4.6128,5.2666,0.6834,22,EP-005-07,TRUE_SURGE,test
2026-09-14 15:00:00+07:00,SKU-005,25,23.2668,4.4725,5.2022,0.6731,25,EP-005-07,TRUE_SURGE,test
2026-09-14 16:00:00+07:00,SKU-005,31,24.7376,4.814,5.1387,0.6629,31,EP-005-07,TRUE_SURGE,test
2026-09-14 17:00:00+07:00,SKU-005,19,28.3794,5.5907,5.0761,0.6529,19,EP-005-07,TRUE_SURGE,test
2026-09-14 18:00:00+07:00,SKU-005,47,33.2252,6.6258,5.0145,0.643,47,EP-005-07,TRUE_SURGE,test
2026-09-14 19:00:00+07:00,SKU-005,23,38.3601,7.7434,4.9539,0.6333,23,EP-005-07,TRUE_SURGE,test
2026-09-14 20:00:00+07:00,SKU-005,45,39.5195,8.0749,4.8941,0.6237,45,EP-005-07,TRUE_SURGE,test
2026-09-14 21:00:00+07:00,SKU-005,7,32.4696,6.7151,4.8353,0.6143,7,EP-005-07,TRUE_SURGE,test
2026-09-14 22:00:00+07:00,SKU-005,33,21.0668,4.4097,4.7773,0.605,33,EP-005-07,TRUE_SURGE,test
2026-09-14 23:00:00+07:00,SKU-005,8,10.5892,2.2434,4.7203,0.5959,8,EP-005-07,TRUE_SURGE,test
2026-09-15 00:00:00+07:00,SKU-005,6,4.7244,1.0129,4.664,0.5869,6,EP-005-07,TRUE_SURGE,test
2026-09-15 01:00:00+07:00,SKU-005,3,2.9813,0.6469,4.6087,0.578,3,EP-005-07,TRUE_SURGE,test
2026-09-15 02:00:00+07:00,SKU-005,3,2.0211,0.4438,4.5541,0.5693,3,EP-005-07,TRUE_SURGE,test
2026-09-15 03:00:00+07:00,SKU-005,2,1.6306,0.3623,4.5004,0.5607,2,EP-005-07,TRUE_SURGE,test
2026-09-15 04:00:00+07:00,SKU-005,3,1.7866,0.4017,4.4476,0.5522,3,EP-005-07,TRUE_SURGE,test
2026-09-15 05:00:00+07:00,SKU-005,2,3.1714,0.7215,4.3955,0.5439,2,EP-005-07,TRUE_SURGE,test
2026-09-15 06:00:00+07:00,SKU-005,0,4.5244,1.0415,4.3441,0.5357,0,EP-005-07,TRUE_SURGE,test
2026-09-15 07:00:00+07:00,SKU-005,4,7.2804,1.6956,4.2936,0.5276,4,EP-005-07,TRUE_SURGE,test
2026-09-15 08:00:00+07:00,SKU-005,14,9.8445,2.3197,4.2438,0.5196,14,EP-005-07,TRUE_SURGE,test
2026-09-15 09:00:00+07:00,SKU-005,9,11.4238,2.7233,4.1948,0.5117,9,EP-005-07,TRUE_SURGE,test
2026-09-15 10:00:00+07:00,SKU-005,9,12.621,3.0437,4.1466,0.504,9,EP-005-07,TRUE_SURGE,test
2026-09-15 11:00:00+07:00,SKU-005,14,13.7843,3.3628,4.099,0.4964,14,EP-005-07,TRUE_SURGE,test
2026-09-15 12:00:00+07:00,SKU-005,17,14.2569,3.5183,4.0522,0.4889,17,EP-005-07,TRUE_SURGE,test
2026-09-15 13:00:00+07:00,SKU-005,13,12.7677,3.1871,4.0061,0.4815,13,EP-005-07,TRUE_SURGE,test
2026-09-15 14:00:00+07:00,SKU-005,12,11.2099,2.8303,3.9606,0.4742,0,EP-005-07,TRUE_SURGE,test
2026-09-15 15:00:00+07:00,SKU-005,6,10.7455,2.7441,3.9159,0.4671,0,EP-005-07,TRUE_SURGE,test
2026-09-15 16:00:00+07:00,SKU-005,5,11.4358,2.9536,3.8718,0.46,0,EP-005-07,TRUE_SURGE,test
2026-09-15 17:00:00+07:00,SKU-005,9,13.1332,3.4304,3.8284,0.4531,0,EP-005-07,TRUE_SURGE,test
2026-09-15 18:00:00+07:00,SKU-005,16,15.3931,4.0661,3.7857,0.4462,0,EP-005-07,TRUE_SURGE,test
2026-09-15 19:00:00+07:00,SKU-005,15,17.7936,4.7531,3.7436,0.4395,0,EP-005-07,TRUE_SURGE,test
2026-09-15 20:00:00+07:00,SKU-005,27,18.3553,4.958,3.7022,0.4328,0,EP-005-07,TRUE_SURGE,test
2026-09-15 21:00:00+07:00,SKU-005,23,15.1016,4.1246,3.6613,0.4263,0,EP-005-07,TRUE_SURGE,test
2026-09-15 22:00:00+07:00,SKU-005,5,9.8125,2.7098,3.6211,0.4198,0,EP-005-07,TRUE_SURGE,test
2026-09-15 23:00:00+07:00,SKU-005,4,4.9399,1.3793,3.5815,0.4135,0,EP-005-07,TRUE_SURGE,test
2026-09-16 00:00:00+07:00,SKU-005,1,2.2966,0.6483,3.5425,0.4072,0,EP-005-07,TRUE_SURGE,test
2026-09-16 01:00:00+07:00,SKU-005,4,1.4518,0.4143,3.5041,0.4011,0,EP-005-07,TRUE_SURGE,test
2026-09-16 02:00:00+07:00,SKU-005,0,0.9859,0.2844,3.4662,0.395,0,EP-005-07,TRUE_SURGE,test
2026-09-16 03:00:00+07:00,SKU-005,0,0.7969,0.2324,3.429,0.3891,0,EP-005-07,TRUE_SURGE,test
2026-09-16 04:00:00+07:00,SKU-005,2,0.8749,0.2579,3.3923,0.3832,0,EP-005-07,TRUE_SURGE,test
2026-09-16 05:00:00+07:00,SKU-005,3,1.5561,0.4637,3.3561,0.3774,0,EP-005-07,TRUE_SURGE,test
2026-09-16 06:00:00+07:00,SKU-005,4,3.2467,0.9778,3.3205,0.3717,0,EP-005-07,TRUE_SURGE,test
2026-09-16 07:00:00+07:00,SKU-005,6,5.2358,1.5936,3.2854,0.3661,0,EP-005-07,TRUE_SURGE,test
2026-09-16 08:00:00+07:00,SKU-005,4,7.0957,2.1827,3.2509,0.3605,0,EP-005-07,TRUE_SURGE,test
2026-09-16 09:00:00+07:00,SKU-005,5,8.2532,2.5656,3.2169,0.3551,4,EP-005-07,TRUE_SURGE,test
2026-09-16 10:00:00+07:00,SKU-005,4,9.1399,2.8711,3.1834,0.3497,4,EP-005-07,TRUE_SURGE,test
2026-09-16 11:00:00+07:00,SKU-005,6,10.0069,3.1764,3.1504,0.3444,6,EP-005-07,TRUE_SURGE,test
2026-09-16 12:00:00+07:00,SKU-005,21,10.3762,3.3279,3.1179,0.3392,21,EP-005-07,TRUE_SURGE,test
2026-09-16 13:00:00+07:00,SKU-005,6,9.3165,3.019,3.0859,0.3341,6,EP-005-07,TRUE_SURGE,test
2026-09-16 14:00:00+07:00,SKU-005,7,8.2015,2.6851,3.0544,0.3291,7,EP-005-07,TRUE_SURGE,test
2026-09-16 15:00:00+07:00,SKU-005,2,7.8831,2.6074,3.0233,0.3241,2,EP-005-07,TRUE_SURGE,test
2026-09-16 16:00:00+07:00,SKU-005,6,8.4128,2.8111,2.9928,0.3192,6,EP-005-07,TRUE_SURGE,test
2026-09-16 17:00:00+07:00,SKU-005,8,9.6889,3.2703,2.9627,0.3144,8,EP-005-07,TRUE_SURGE,test
2026-09-16 18:00:00+07:00,SKU-005,12,11.3889,3.883,2.933,0.3096,12,EP-005-07,TRUE_SURGE,test
2026-09-16 19:00:00+07:00,SKU-005,20,13.2037,4.5471,2.9038,0.3049,20,EP-005-07,TRUE_SURGE,test
2026-09-16 20:00:00+07:00,SKU-005,13,13.6612,4.7517,2.875,0.3003,13,EP-005-07,TRUE_SURGE,test
2026-09-16 21:00:00+07:00,SKU-005,9,11.2737,3.9603,2.8467,0.2958,9,EP-005-07,TRUE_SURGE,test
2026-09-16 22:00:00+07:00,SKU-005,4,7.3478,2.6067,2.8188,0.2913,4,EP-005-07,TRUE_SURGE,test
2026-09-16 23:00:00+07:00,SKU-005,4,3.7106,1.3293,2.7913,0.2869,4,EP-005-07,TRUE_SURGE,test
2026-09-17 00:00:00+07:00,SKU-005,0,1.8426,0.6666,2.7642,0.2826,0,EP-005-07,TRUE_SURGE,test
2026-09-17 01:00:00+07:00,SKU-005,1,1.1684,0.4268,2.7376,0.2783,1,EP-005-07,TRUE_SURGE,test
2026-09-17 02:00:00+07:00,SKU-005,1,0.7961,0.2936,2.7113,0.2741,1,EP-005-07,TRUE_SURGE,test
2026-09-17 03:00:00+07:00,SKU-005,0,0.6455,0.2404,2.6855,0.27,0,EP-005-07,TRUE_SURGE,test
2026-09-17 04:00:00+07:00,SKU-005,0,0.711,0.2673,2.66,0.2659,0,EP-005-07,TRUE_SURGE,test
2026-09-17 05:00:00+07:00,SKU-005,2,1.2688,0.4815,2.6349,0.2619,2,EP-005-07,TRUE_SURGE,test
2026-09-17 06:00:00+07:00,SKU-005,4,2.6559,1.0175,2.6102,0.2579,4,EP-005-07,TRUE_SURGE,test
2026-09-17 07:00:00+07:00,SKU-005,9,4.2973,1.6618,2.5859,0.254,9,EP-005-07,TRUE_SURGE,test
2026-09-17 08:00:00+07:00,SKU-005,8,5.8432,2.2808,2.5619,0.2502,8,EP-005-07,TRUE_SURGE,test
2026-09-17 09:00:00+07:00,SKU-005,19,6.8189,2.6864,2.5383,0.2464,19,EP-005-07,TRUE_SURGE,test
2026-09-17 10:00:00+07:00,SKU-005,2,7.5766,3.0125,2.5151,0.2427,2,EP-005-07,TRUE_SURGE,test
2026-09-17 11:00:00+07:00,SKU-005,5,8.323,3.3397,2.4922,0.239,5,EP-005-07,TRUE_SURGE,test
2026-09-17 12:00:00+07:00,SKU-005,16,8.6588,3.5061,2.4696,0.2354,16,EP-005-07,TRUE_SURGE,test
2026-09-17 13:00:00+07:00,SKU-005,4,7.8003,3.1871,2.4474,0.2318,4,EP-005-07,TRUE_SURGE,test
