timestamp,sku_id,fulfillment_demand,target_demand_24h,target_censored_24h,target_demand_48h,target_censored_48h,target_demand_72h,target_censored_72h,split
2026-06-19 14:00:00+07:00,SKU-001,6.0,79.0,0,162.0,0,232.0,0,train
2026-06-19 15:00:00+07:00,SKU-001,5.0,78.0,0,162.0,0,232.0,0,train
2026-06-19 16:00:00+07:00,SKU-001,3.0,77.0,0,166.0,0,236.0,0,train
2026-06-19 17:00:00+07:00,SKU-001,6.0,77.0,0,162.0,0,238.0,0,train
2026-06-19 18:00:00+07:00,SKU-001,7.0,77.0,0,162.0,0,236.0,0,train
2026-06-19 19:00:00+07:00,SKU-001,6.0,75.0,0,162.0,0,241.0,0,train
2026-06-19 20:00:00+07:00,SKU-001,3.0,86.0,0,160.0,0,242.0,0,train
2026-06-19 21:00:00+07:00,SKU-001,7.0,84.0,0,161.0,0,238.0,0,train
2026-06-19 22:00:00+07:00,SKU-001,2.0,88.0,0,163.0,0,237.0,0,train
2026-06-19 23:00:00+07:00,SKU-001,2.0,87.0,0,164.0,0,238.0,0,train
2026-06-20 00:00:00+07:00,SKU-001,0.0,90.0,0,164.0,0,239.0,0,train
2026-06-20 01:00:00+07:00,SKU-001,1.0,89.0,0,165.0,0,238.0,0,train
2026-06-20 02:00:00+07:00,SKU-001,1.0,88.0,0,164.0,0,237.0,0,train
2026-06-20 03:00:00+07:00,SKU-001,0.0,89.0,0,164.0,0,237.0,0,train
2026-06-20 04:00:00+07:00,SKU-001,0.0,89.0,0,164.0,0,237.0,0,train
2026-06-20 05:00:00+07:00,SKU-001,0.0,89.0,0,164.0,0,237.0,0,train
2026-06-20 06:00:00+07:00,SKU-001,1.0,89.0,0,163.0,0,237.0,0,train
2026-06-20 07:00:00+07:00,SKU-001,1.0,89.0,0,162.0,0,236.0,0,train
2026-06-20 08:00:00+07:00,SKU-001,2.0,89.0,0,163.0,0,235.0,0,train
2026-06-20 09:00:00+07:00,SKU-001,5.0,85.0,0,160.0,0,230.0,0,train
2026-06-20 10:00:00+07:00,SKU-001,1.0,89.0,0,161.0,0,232.0,0,train
2026-06-20 11:00:00+07:00,SKU-001,16.0,76.0,0,151.0,0,218.0,0,train
2026-06-20 12:00:00+07:00,SKU-001,2.0,77.0,0,155.0,0,226.0,0,train
2026-06-20 13:00:00+07:00,SKU-001,3.0,84.0,0,155.0,0,226.0,0,train
2026-06-20 14:00:00+07:00,SKU-001,5.0,83.0,0,153.0,0,222.0,0,train
2026-06-20 15:00:00+07:00,SKU-001,4.0,84.0,0,154.0,0,226.0,0,train
2026-06-20 16:00:00+07:00,SKU-001,2.0,89.0,0,159.0,0,233.0,0,train
2026-06-20 17:00:00+07:00,SKU-001,6.0,85.0,0,161.0,0,232.0,0,train
2026-06-20 18:00:00+07:00,SKU-001,7.0,85.0,0,159.0,0,227.0,0,train
2026-06-20 19:00:00+07:00,SKU-001,4.0,87.0,0,166.0,0,223.0,0,train
2026-06-20 20:00:00+07:00,SKU-001,14.0,74.0,0,156.0,0,214.0,0,train
2026-06-20 21:00:00+07:00,SKU-001,5.0,77.0,0,154.0,0,211.0,0,train
2026-06-20 22:00:00+07:00,SKU-001,6.0,75.0,0,149.0,0,207.0,0,train
2026-06-20 23:00:00+07:00,SKU-001,1.0,77.0,0,151.0,0,210.0,0,train
2026-06-21 00:00:00+07:00,SKU-001,3.0,74.0,0,149.0,0,210.0,0,train
2026-06-21 01:00:00+07:00,SKU-001,0.0,76.0,0,149.0,0,210.0,0,train
2026-06-21 02:00:00+07:00,SKU-001,0.0,76.0,0,149.0,0,211.0,0,train
2026-06-21 03:00:00+07:00,SKU-001,1.0,75.0,0,148.0,0,210.0,0,train
2026-06-21 04:00:00+07:00,SKU-001,0.0,75.0,0,148.0,0,210.0,0,train
2026-06-21 05:00:00+07:00,SKU-001,0.0,75.0,0,148.0,0,210.0,0,train
2026-06-21 06:00:00+07:00,SKU-001,1.0,74.0,0,148.0,0,209.0,0,train
2026-06-21 07:00:00+07:00,SKU-001,1.0,73.0,0,147.0,0,208.0,0,train
2026-06-21 08:00:00+07:00,SKU-001,2.0,74.0,0,146.0,0,208.0,0,train
2026-06-21 09:00:00+07:00,SKU-001,1.0,75.0,0,145.0,0,209.0,0,train
2026-06-21 10:00:00+07:00,SKU-001,5.0,72.0,0,143.0,0,215.0,0,train
2026-06-21 11:00:00+07:00,SKU-001,3.0,75.0,0,142.0,0,214.0,0,train
2026-06-21 12:00:00+07:00,SKU-001,3.0,78.0,0,149.0,0,211.0,0,train
2026-06-21 13:00:00+07:00,SKU-001,10.0,71.0,0,142.0,0,202.0,0,train
2026-06-21 14:00:00+07:00,SKU-001,4.0,70.0,0,139.0,0,200.0,0,train
2026-06-21 15:00:00+07:00,SKU-001,5.0,70.0,0,142.0,0,196.0,0,train
2026-06-21 16:00:00+07:00,SKU-001,7.0,70.0,0,144.0,0,191.0,0,train
2026-06-21 17:00:00+07:00,SKU-001,2.0,76.0,0,147.0,0,193.0,0,train
2026-06-21 18:00:00+07:00,SKU-001,7.0,74.0,0,142.0,0,191.0,0,train
2026-06-21 19:00:00+07:00,SKU-001,6.0,79.0,0,136.0,0,186.0,0,train
2026-06-21 20:00:00+07:00,SKU-001,1.0,82.0,0,140.0,0,185.0,0,train
2026-06-21 21:00:00+07:00,SKU-001,8.0,77.0,0,134.0,0,183.0,0,train
2026-06-21 22:00:00+07:00,SKU-001,4.0,74.0,0,132.0,0,184.0,0,train
2026-06-21 23:00:00+07:00,SKU-001,3.0,74.0,0,133.0,0,183.0,0,train
2026-06-22 00:00:00+07:00,SKU-001,0.0,75.0,0,136.0,0,183.0,0,train
2026-06-22 01:00:00+07:00,SKU-001,2.0,73.0,0,134.0,0,181.0,0,train
2026-06-22 02:00:00+07:00,SKU-001,0.0,73.0,0,135.0,0,181.0,0,train
2026-06-22 03:00:00+07:00,SKU-001,0.0,73.0,0,135.0,0,182.0,0,train
2026-06-22 04:00:00+07:00,SKU-001,0.0,73.0,0,135.0,0,182.0,0,train
2026-06-22 05:00:00+07:00,SKU-001,0.0,73.0,0,135.0,0,183.0,0,train
2026-06-22 06:00:00+07:00,SKU-001,0.0,74.0,0,135.0,0,184.0,0,train
2026-06-22 07:00:00+07:00,SKU-001,0.0,74.0,0,135.0,0,185.0,0,train
2026-06-22 08:00:00+07:00,SKU-001,3.0,72.0,0,134.0,0,184.0,0,train
2026-06-22 09:00:00+07:00,SKU-001,2.0,70.0,0,134.0,0,184.0,0,train
2026-06-22 10:00:00+07:00,SKU-001,2.0,71.0,0,143.0,0,185.0,0,train
2026-06-22 11:00:00+07:00,SKU-001,6.0,67.0,0,139.0,0,181.0,0,train
2026-06-22 12:00:00+07:00,SKU-001,6.0,71.0,0,133.0,0,176.0,0,train
2026-06-22 13:00:00+07:00,SKU-001,3.0,71.0,0,131.0,0,176.0,0,train
2026-06-22 14:00:00+07:00,SKU-001,3.0,69.0,0,130.0,0,181.0,0,train
2026-06-22 15:00:00+07:00,SKU-001,5.0,72.0,0,126.0,0,180.0,0,train
2026-06-22 16:00:00+07:00,SKU-001,7.0,74.0,0,121.0,0,178.0,0,train
2026-06-22 17:00:00+07:00,SKU-001,8.0,71.0,0,117.0,0,175.0,0,train
2026-06-22 18:00:00+07:00,SKU-001,5.0,68.0,0,117.0,0,173.0,0,train
2026-06-22 19:00:00+07:00,SKU-001,11.0,57.0,0,107.0,0,167.0,0,train
2026-06-22 20:00:00+07:00,SKU-001,4.0,58.0,0,103.0,0,164.0,0,train
2026-06-22 21:00:00+07:00,SKU-001,3.0,57.0,0,106.0,0,163.0,0,train
2026-06-22 22:00:00+07:00,SKU-001,1.0,58.0,0,110.0,0,167.0,0,train
2026-06-22 23:00:00+07:00,SKU-001,3.0,59.0,0,109.0,0,165.0,0,train
2026-06-23 00:00:00+07:00,SKU-001,1.0,61.0,0,108.0,0,164.0,0,train
2026-06-23 01:00:00+07:00,SKU-001,0.0,61.0,0,108.0,0,164.0,0,train
2026-06-23 02:00:00+07:00,SKU-001,0.0,62.0,0,108.0,0,165.0,0,train
2026-06-23 03:00:00+07:00,SKU-001,0.0,62.0,0,109.0,0,165.0,0,train
2026-06-23 04:00:00+07:00,SKU-001,0.0,62.0,0,109.0,0,166.0,0,train
2026-06-23 05:00:00+07:00,SKU-001,0.0,62.0,0,110.0,0,166.0,0,train
2026-06-23 06:00:00+07:00,SKU-001,1.0,61.0,0,110.0,0,165.0,0,train
2026-06-23 07:00:00+07:00,SKU-001,0.0,61.0,0,111.0,0,170.0,0,train
2026-06-23 08:00:00+07:00,SKU-001,1.0,62.0,0,112.0,0,173.0,0,train
2026-06-23 09:00:00+07:00,SKU-001,0.0,64.0,0,114.0,0,175.0,0,train
2026-06-23 10:00:00+07:00,SKU-001,3.0,72.0,0,114.0,0,175.0,0,train
2026-06-23 11:00:00+07:00,SKU-001,2.0,72.0,0,114.0,0,181.0,0,train
2026-06-23 12:00:00+07:00,SKU-001,10.0,62.0,0,105.0,0,171.0,0,train
2026-06-23 13:00:00+07:00,SKU-001,3.0,60.0,0,105.0,0,169.0,0,train
2026-06-23 14:00:00+07:00,SKU-001,1.0,61.0,0,112.0,0,172.0,0,train
2026-06-23 15:00:00+07:00,SKU-001,8.0,54.0,0,108.0,0,164.0,0,train
2026-06-23 16:00:00+07:00,SKU-001,9.0,47.0,0,104.0,0,161.0,0,train
2026-06-23 17:00:00+07:00,SKU-001,5.0,46.0,0,104.0,0,159.0,0,train
2026-06-23 18:00:00+07:00,SKU-001,2.0,49.0,0,105.0,0,166.0,0,train
2026-06-23 19:00:00+07:00,SKU-001,0.0,50.0,0,110.0,0,174.0,0,train
2026-06-23 20:00:00+07:00,SKU-001,5.0,45.0,0,106.0,0,174.0,0,train
2026-06-23 21:00:00+07:00,SKU-001,2.0,49.0,0,106.0,0,173.0,0,train
2026-06-23 22:00:00+07:00,SKU-001,2.0,52.0,0,109.0,0,177.0,0,train
2026-06-23 23:00:00+07:00,SKU-001,4.0,50.0,0,106.0,0,174.0,0,train
2026-06-24 00:00:00+07:00,SKU-001,3.0,47.0,0,103.0,0,172.0,0,train
2026-06-24 01:00:00+07:00,SKU-001,0.0,47.0,0,103.0,0,173.0,0,train
2026-06-24 02:00:00+07:00,SKU-001,1.0,46.0,0,103.0,0,172.0,0,train
2026-06-24 03:00:00+07:00,SKU-001,0.0,47.0,0,103.0,0,175.0,0,train
2026-06-24 04:00:00+07:00,SKU-001,0.0,47.0,0,104.0,0,175.0,0,train
2026-06-24 05:00:00+07:00,SKU-001,0.0,48.0,0,104.0,0,176.0,0,train
2026-06-24 06:00:00+07:00,SKU-001,0.0,49.0,0,104.0,0,179.0,0,train
2026-06-24 07:00:00+07:00,SKU-001,0.0,50.0,0,109.0,0,182.0,0,train
2026-06-24 08:00:00+07:00,SKU-001,2.0,50.0,0,111.0,0,183.0,0,train
2026-06-24 09:00:00+07:00,SKU-001,2.0,50.0,0,111.0,0,193.0,0,train
2026-06-24 10:00:00+07:00,SKU-001,11.0,42.0,0,103.0,0,190.0,0,train
2026-06-24 11:00:00+07:00,SKU-001,2.0,42.0,0,109.0,0,195.0,1,train
2026-06-24 12:00:00+07:00,SKU-001,0.0,43.0,0,109.0,0,195.0,1,train
2026-06-24 13:00:00+07:00,SKU-001,1.0,45.0,0,109.0,0,194.0,1,train
2026-06-24 14:00:00+07:00,SKU-001,2.0,51.0,0,111.0,0,192.0,1,train
2026-06-24 15:00:00+07:00,SKU-001,1.0,54.0,0,110.0,0,191.0,1,train
2026-06-24 16:00:00+07:00,SKU-001,2.0,57.0,0,114.0,0,189.0,1,train
2026-06-24 17:00:00+07:00,SKU-001,4.0,58.0,0,113.0,0,185.0,1,train
2026-06-24 18:00:00+07:00,SKU-001,5.0,56.0,0,117.0,0,180.0,1,train
2026-06-24 19:00:00+07:00,SKU-001,1.0,60.0,0,124.0,0,179.0,1,train
2026-06-24 20:00:00+07:00,SKU-001,0.0,61.0,0,129.0,0,179.0,1,train
2026-06-24 21:00:00+07:00,SKU-001,6.0,57.0,0,124.0,0,173.0,1,train
2026-06-24 22:00:00+07:00,SKU-001,5.0,57.0,0,125.0,0,168.0,1,train
2026-06-24 23:00:00+07:00,SKU-001,2.0,56.0,0,124.0,0,166.0,1,train
2026-06-25 00:00:00+07:00,SKU-001,0.0,56.0,0,125.0,0,166.0,1,train
2026-06-25 01:00:00+07:00,SKU-001,0.0,56.0,0,126.0,0,166.0,1,train
2026-06-25 02:00:00+07:00,SKU-001,0.0,57.0,0,126.0,0,168.0,1,train
2026-06-25 03:00:00+07:00,SKU-001,1.0,56.0,0,128.0,0,167.0,1,train
2026-06-25 04:00:00+07:00,SKU-001,0.0,57.0,0,128.0,0,167.0,1,train
2026-06-25 05:00:00+07:00,SKU-001,1.0,56.0,0,128.0,0,168.0,1,train
2026-06-25 06:00:00+07:00,SKU-001,1.0,55.0,0,130.0,0,167.0,1,train
2026-06-25 07:00:00+07:00,SKU-001,1.0,59.0,0,132.0,0,168.0,1,train
2026-06-25 08:00:00+07:00,SKU-001,2.0,61.0,0,133.0,0,180.0,1,train
2026-06-25 09:00:00+07:00,SKU-001,2.0,61.0,0,143.0,0,180.0,1,train
2026-06-25 10:00:00+07:00,SKU-001,3.0,61.0,0,148.0,0,181.0,1,train
2026-06-25 11:00:00+07:00,SKU-001,2.0,67.0,0,153.0,1,195.0,1,train
2026-06-25 12:00:00+07:00,SKU-001,1.0,66.0,0,152.0,1,203.0,1,train
2026-06-25 13:00:00+07:00,SKU-001,3.0,64.0,0,149.0,1,204.0,1,train
2026-06-25 14:00:00+07:00,SKU-001,8.0,60.0,0,141.0,1,208.0,1,train
2026-06-25 15:00:00+07:00,SKU-001,4.0,56.0,0,137.0,1,211.0,1,train
2026-06-25 16:00:00+07:00,SKU-001,5.0,57.0,0,132.0,1,215.0,1,train
2026-06-25 17:00:00+07:00,SKU-001,5.0,55.0,0,127.0,1,225.0,1,train
2026-06-25 18:00:00+07:00,SKU-001,3.0,61.0,0,124.0,1,235.0,1,train
2026-06-25 19:00:00+07:00,SKU-001,5.0,64.0,0,119.0,1,231.0,1,train
2026-06-25 20:00:00+07:00,SKU-001,1.0,68.0,0,118.0,1,230.0,1,train
2026-06-25 21:00:00+07:00,SKU-001,2.0,67.0,0,116.0,1,228.0,1,train
2026-06-25 22:00:00+07:00,SKU-001,5.0,68.0,0,111.0,1,223.0,1,train
2026-06-25 23:00:00+07:00,SKU-001,1.0,68.0,0,110.0,1,222.0,1,train
2026-06-26 00:00:00+07:00,SKU-001,0.0,69.0,0,110.0,1,222.0,1,train
2026-06-26 01:00:00+07:00,SKU-001,0.0,70.0,0,110.0,1,222.0,1,train
2026-06-26 02:00:00+07:00,SKU-001,1.0,69.0,0,111.0,1,221.0,1,train
2026-06-26 03:00:00+07:00,SKU-001,0.0,72.0,0,111.0,1,221.0,1,train
2026-06-26 04:00:00+07:00,SKU-001,1.0,71.0,0,110.0,1,220.0,1,train
2026-06-26 05:00:00+07:00,SKU-001,0.0,72.0,0,112.0,1,220.0,1,train
2026-06-26 06:00:00+07:00,SKU-001,0.0,75.0,0,112.0,1,220.0,1,train
2026-06-26 07:00:00+07:00,SKU-001,5.0,73.0,0,109.0,1,215.0,1,train
2026-06-26 08:00:00+07:00,SKU-001,4.0,72.0,0,119.0,1,211.0,1,train
2026-06-26 09:00:00+07:00,SKU-001,2.0,82.0,0,119.0,1,209.0,1,train
2026-06-26 10:00:00+07:00,SKU-001,3.0,87.0,0,120.0,1,206.0,1,train
2026-06-26 11:00:00+07:00,SKU-001,8.0,86.0,1,128.0,1,198.0,1,train
2026-06-26 12:00:00+07:00,SKU-001,0.0,86.0,1,137.0,1,198.0,1,train
2026-06-26 13:00:00+07:00,SKU-001,1.0,85.0,1,140.0,1,197.0,1,train
2026-06-26 14:00:00+07:00,SKU-001,4.0,81.0,1,148.0,1,198.0,1,train
2026-06-26 15:00:00+07:00,SKU-001,0.0,81.0,1,155.0,1,205.0,1,train
2026-06-26 16:00:00+07:00,SKU-001,6.0,75.0,1,158.0,1,205.0,1,train
2026-06-26 17:00:00+07:00,SKU-001,3.0,72.0,1,170.0,1,210.0,1,train
2026-06-26 18:00:00+07:00,SKU-001,9.0,63.0,1,174.0,1,216.0,1,train
2026-06-26 19:00:00+07:00,SKU-001,8.0,55.0,1,167.0,1,218.0,1,train
2026-06-26 20:00:00+07:00,SKU-001,5.0,50.0,1,162.0,1,229.0,1,train
2026-06-26 21:00:00+07:00,SKU-001,1.0,49.0,1,161.0,1,231.0,1,train
2026-06-26 22:00:00+07:00,SKU-001,6.0,43.0,1,155.0,1,228.0,1,train
2026-06-26 23:00:00+07:00,SKU-001,1.0,42.0,1,154.0,1,231.0,1,train
2026-06-27 00:00:00+07:00,SKU-001,1.0,41.0,1,153.0,1,230.0,1,train
2026-06-27 01:00:00+07:00,SKU-001,1.0,40.0,1,152.0,1,230.0,1,train
2026-06-27 02:00:00+07:00,SKU-001,0.0,42.0,1,152.0,1,231.0,1,train
2026-06-27 03:00:00+07:00,SKU-001,3.0,39.0,1,149.0,1,229.0,1,train
2026-06-27 04:00:00+07:00,SKU-001,0.0,39.0,1,149.0,1,229.0,1,train
2026-06-27 05:00:00+07:00,SKU-001,1.0,40.0,1,148.0,1,229.0,1,train
2026-06-27 06:00:00+07:00,SKU-001,3.0,37.0,1,145.0,1,227.0,1,train
2026-06-27 07:00:00+07:00,SKU-001,3.0,36.0,1,142.0,1,226.0,1,train
2026-06-27 08:00:00+07:00,SKU-001,3.0,47.0,1,139.0,1,228.0,1,train
2026-06-27 09:00:00+07:00,SKU-001,12.0,37.0,1,127.0,1,219.0,1,train
2026-06-27 10:00:00+07:00,SKU-001,8.0,33.0,1,119.0,1,213.0,1,train
2026-06-27 11:00:00+07:00,SKU-001,7.0,42.0,1,112.0,1,209.0,1,train
2026-06-27 12:00:00+07:00,SKU-001,0.0,51.0,1,112.0,1,213.0,1,train
2026-06-27 13:00:00+07:00,SKU-001,0.0,55.0,1,112.0,1,216.0,1,train
2026-06-27 14:00:00+07:00,SKU-001,0.0,67.0,1,117.0,1,221.0,1,train
2026-06-27 15:00:00+07:00,SKU-001,0.0,74.0,1,124.0,1,223.0,1,train
2026-06-27 16:00:00+07:00,SKU-001,0.0,83.0,1,130.0,1,227.0,1,train
2026-06-27 17:00:00+07:00,SKU-001,0.0,98.0,1,138.0,1,229.0,1,train
2026-06-27 18:00:00+07:00,SKU-001,0.0,111.0,1,153.0,1,232.0,1,train
2026-06-27 19:00:00+07:00,SKU-001,0.0,112.0,1,163.0,1,239.0,1,train
2026-06-27 20:00:00+07:00,SKU-001,0.0,112.0,1,179.0,1,240.0,1,train
2026-06-27 21:00:00+07:00,SKU-001,0.0,112.0,1,182.0,1,240.0,1,train
2026-06-27 22:00:00+07:00,SKU-001,0.0,112.0,1,185.0,1,240.0,1,train
2026-06-27 23:00:00+07:00,SKU-001,0.0,112.0,1,189.0,1,240.0,1,train
2026-06-28 00:00:00+07:00,SKU-001,0.0,112.0,1,189.0,1,240.0,1,train
2026-06-28 01:00:00+07:00,SKU-001,0.0,112.0,1,190.0,1,240.0,1,train
2026-06-28 02:00:00+07:00,SKU-001,2.0,110.0,1,189.0,1,238.0,1,train
2026-06-28 03:00:00+07:00,SKU-001,0.0,110.0,1,190.0,1,238.0,1,train
2026-06-28 04:00:00+07:00,SKU-001,0.0,110.0,1,190.0,1,238.0,1,train
2026-06-28 05:00:00+07:00,SKU-001,2.0,108.0,1,189.0,1,236.0,1,train
2026-06-28 06:00:00+07:00,SKU-001,0.0,108.0,1,190.0,1,236.0,1,train
2026-06-28 07:00:00+07:00,SKU-001,2.0,106.0,1,190.0,1,234.0,1,train
2026-06-28 08:00:00+07:00,SKU-001,14.0,92.0,1,181.0,1,220.0,1,train
2026-06-28 09:00:00+07:00,SKU-001,2.0,90.0,1,182.0,1,218.0,1,train
2026-06-28 10:00:00+07:00,SKU-001,4.0,86.0,1,180.0,1,214.0,1,train
2026-06-28 11:00:00+07:00,SKU-001,16.0,70.0,1,167.0,1,198.0,1,train
2026-06-28 12:00:00+07:00,SKU-001,9.0,61.0,1,162.0,1,189.0,1,train
2026-06-28 13:00:00+07:00,SKU-001,4.0,57.0,1,161.0,1,185.0,1,train
2026-06-28 14:00:00+07:00,SKU-001,12.0,50.0,1,154.0,1,177.0,1,train
2026-06-28 15:00:00+07:00,SKU-001,7.0,50.0,1,149.0,1,171.0,1,train
2026-06-28 16:00:00+07:00,SKU-001,9.0,47.0,1,144.0,1,165.0,1,train
2026-06-28 17:00:00+07:00,SKU-001,15.0,40.0,1,131.0,1,153.0,1,train
2026-06-28 18:00:00+07:00,SKU-001,13.0,42.0,1,121.0,1,145.0,1,train
2026-06-28 19:00:00+07:00,SKU-001,1.0,51.0,1,127.0,1,145.0,1,train
2026-06-28 20:00:00+07:00,SKU-001,0.0,67.0,1,128.0,1,152.0,1,train
2026-06-28 21:00:00+07:00,SKU-001,0.0,70.0,1,128.0,1,154.0,1,train
2026-06-28 22:00:00+07:00,SKU-001,0.0,73.0,1,128.0,1,158.0,1,train
2026-06-28 23:00:00+07:00,SKU-001,0.0,77.0,1,128.0,1,159.0,1,train
2026-06-29 00:00:00+07:00,SKU-001,0.0,77.0,1,128.0,1,160.0,1,train
2026-06-29 01:00:00+07:00,SKU-001,0.0,78.0,1,128.0,1,161.0,1,train
2026-06-29 02:00:00+07:00,SKU-001,0.0,79.0,1,128.0,1,161.0,1,train
2026-06-29 03:00:00+07:00,SKU-001,0.0,80.0,1,128.0,1,161.0,1,train
2026-06-29 04:00:00+07:00,SKU-001,0.0,80.0,1,128.0,1,162.0,1,train
2026-06-29 05:00:00+07:00,SKU-001,0.0,81.0,1,128.0,1,162.0,1,train
2026-06-29 06:00:00+07:00,SKU-001,0.0,82.0,1,128.0,1,164.0,1,train
2026-06-29 07:00:00+07:00,SKU-001,0.0,84.0,1,128.0,1,170.0,1,train
2026-06-29 08:00:00+07:00,SKU-001,0.0,89.0,1,128.0,1,171.0,1,train
2026-06-29 09:00:00+07:00,SKU-001,0.0,92.0,1,128.0,1,172.0,1,train
2026-06-29 10:00:00+07:00,SKU-001,0.0,94.0,1,128.0,1,175.0,1,train
2026-06-29 11:00:00+07:00,SKU-001,0.0,97.0,1,128.0,1,182.0,1,train
2026-06-29 12:00:00+07:00,SKU-001,0.0,101.0,1,128.0,1,190.0,1,train
2026-06-29 13:00:00+07:00,SKU-001,0.0,104.0,0,128.0,1,197.0,1,train
2026-06-29 14:00:00+07:00,SKU-001,5.0,104.0,0,127.0,1,197.0,1,train
2026-06-29 15:00:00+07:00,SKU-001,7.0,99.0,0,121.0,1,194.0,1,train
2026-06-29 16:00:00+07:00,SKU-001,6.0,97.0,0,118.0,1,190.0,1,train
2026-06-29 17:00:00+07:00,SKU-001,8.0,91.0,0,113.0,1,185.0,1,train
2026-06-29 18:00:00+07:00,SKU-001,15.0,79.0,0,103.0,1,171.0,1,train
2026-06-29 19:00:00+07:00,SKU-001,10.0,76.0,0,94.0,1,165.0,1,train
2026-06-29 20:00:00+07:00,SKU-001,16.0,61.0,0,85.0,1,156.0,1,train
2026-06-29 21:00:00+07:00,SKU-001,3.0,58.0,1,84.0,1,159.0,1,train
2026-06-29 22:00:00+07:00,SKU-001,3.0,55.0,1,85.0,1,156.0,1,train
2026-06-29 23:00:00+07:00,SKU-001,4.0,51.0,1,82.0,1,152.0,1,train
2026-06-30 00:00:00+07:00,SKU-001,0.0,51.0,1,83.0,1,152.0,1,train
2026-06-30 01:00:00+07:00,SKU-001,1.0,50.0,1,83.0,1,153.0,1,train
2026-06-30 02:00:00+07:00,SKU-001,1.0,49.0,1,82.0,1,154.0,1,train
2026-06-30 03:00:00+07:00,SKU-001,1.0,48.0,1,81.0,1,153.0,1,train
2026-06-30 04:00:00+07:00,SKU-001,0.0,48.0,1,82.0,1,153.0,1,train
2026-06-30 05:00:00+07:00,SKU-001,1.0,47.0,1,81.0,1,152.0,1,train
2026-06-30 06:00:00+07:00,SKU-001,1.0,46.0,1,82.0,1,153.0,1,train
2026-06-30 07:00:00+07:00,SKU-001,2.0,44.0,1,86.0,1,152.0,1,train
2026-06-30 08:00:00+07:00,SKU-001,5.0,39.0,1,82.0,1,148.0,1,train
2026-06-30 09:00:00+07:00,SKU-001,3.0,36.0,1,80.0,1,152.0,1,train
2026-06-30 10:00:00+07:00,SKU-001,2.0,34.0,1,81.0,1,151.0,1,train
2026-06-30 11:00:00+07:00,SKU-001,3.0,31.0,1,85.0,1,155.0,1,train
2026-06-30 12:00:00+07:00,SKU-001,4.0,27.0,1,89.0,1,154.0,1,train
2026-06-30 13:00:00+07:00,SKU-001,3.0,24.0,1,93.0,1,155.0,1,train
2026-06-30 14:00:00+07:00,SKU-001,5.0,23.0,1,93.0,1,152.0,1,train
2026-06-30 15:00:00+07:00,SKU-001,2.0,22.0,1,95.0,1,155.0,1,train
2026-06-30 16:00:00+07:00,SKU-001,4.0,21.0,1,93.0,1,155.0,1,train
2026-06-30 17:00:00+07:00,SKU-001,2.0,22.0,1,94.0,1,159.0,1,train
2026-06-30 18:00:00+07:00,SKU-001,3.0,24.0,1,92.0,1,160.0,1,train
2026-06-30 19:00:00+07:00,SKU-001,7.0,18.0,1,89.0,1,155.0,1,train
2026-06-30 20:00:00+07:00,SKU-001,1.0,24.0,1,95.0,1,166.0,1,train
2026-06-30 21:00:00+07:00,SKU-001,0.0,26.0,1,101.0,1,175.0,1,train
2026-06-30 22:00:00+07:00,SKU-001,0.0,30.0,1,101.0,1,178.0,1,train
2026-06-30 23:00:00+07:00,SKU-001,0.0,31.0,1,101.0,1,179.0,1,train
2026-07-01 00:00:00+07:00,SKU-001,0.0,32.0,1,101.0,1,181.0,1,train
2026-07-01 01:00:00+07:00,SKU-001,0.0,33.0,1,103.0,1,181.0,1,train
2026-07-01 02:00:00+07:00,SKU-001,0.0,33.0,1,105.0,1,181.0,1,train
2026-07-01 03:00:00+07:00,SKU-001,0.0,33.0,1,105.0,1,181.0,1,train
2026-07-01 04:00:00+07:00,SKU-001,0.0,34.0,1,105.0,1,182.0,1,train
2026-07-01 05:00:00+07:00,SKU-001,0.0,34.0,1,105.0,1,183.0,1,train
2026-07-01 06:00:00+07:00,SKU-001,0.0,36.0,1,107.0,1,184.0,1,train
2026-07-01 07:00:00+07:00,SKU-001,0.0,42.0,1,108.0,1,186.0,1,train
2026-07-01 08:00:00+07:00,SKU-001,0.0,43.0,1,109.0,1,187.0,1,train
2026-07-01 09:00:00+07:00,SKU-001,0.0,44.0,1,116.0,1,190.0,1,train
2026-07-01 10:00:00+07:00,SKU-001,0.0,47.0,1,117.0,1,199.0,1,train
2026-07-01 11:00:00+07:00,SKU-001,0.0,54.0,1,124.0,1,204.0,1,train
2026-07-01 12:00:00+07:00,SKU-001,0.0,62.0,1,127.0,1,208.0,1,train
2026-07-01 13:00:00+07:00,SKU-001,0.0,69.0,0,131.0,0,215.0,0,train
2026-07-01 14:00:00+07:00,SKU-001,4.0,70.0,0,129.0,0,215.0,0,train
2026-07-01 15:00:00+07:00,SKU-001,1.0,73.0,0,133.0,0,219.0,0,train
2026-07-01 16:00:00+07:00,SKU-001,3.0,72.0,0,134.0,0,222.0,0,train
2026-07-01 17:00:00+07:00,SKU-001,3.0,72.0,0,137.0,0,221.0,0,train
2026-07-01 18:00:00+07:00,SKU-001,5.0,68.0,0,136.0,0,223.0,0,train
2026-07-01 19:00:00+07:00,SKU-001,1.0,71.0,0,137.0,0,240.0,0,train
2026-07-01 20:00:00+07:00,SKU-001,7.0,71.0,0,142.0,0,236.0,0,train
2026-07-01 21:00:00+07:00,SKU-001,2.0,75.0,0,149.0,0,239.0,0,train
2026-07-01 22:00:00+07:00,SKU-001,4.0,71.0,0,148.0,0,239.0,0,train
2026-07-01 23:00:00+07:00,SKU-001,1.0,70.0,0,148.0,0,239.0,0,train
2026-07-02 00:00:00+07:00,SKU-001,1.0,69.0,0,149.0,0,238.0,0,train
2026-07-02 01:00:00+07:00,SKU-001,1.0,70.0,0,148.0,0,238.0,0,train
2026-07-02 02:00:00+07:00,SKU-001,0.0,72.0,0,148.0,0,238.0,0,train
2026-07-02 03:00:00+07:00,SKU-001,0.0,72.0,0,148.0,0,238.0,0,train
2026-07-02 04:00:00+07:00,SKU-001,1.0,71.0,0,148.0,0,238.0,0,train
2026-07-02 05:00:00+07:00,SKU-001,0.0,71.0,0,149.0,0,238.0,0,train
2026-07-02 06:00:00+07:00,SKU-001,2.0,71.0,0,148.0,0,239.0,0,train
2026-07-02 07:00:00+07:00,SKU-001,6.0,66.0,0,144.0,0,233.0,0,train
2026-07-02 08:00:00+07:00,SKU-001,1.0,66.0,0,144.0,0,235.0,0,train
2026-07-02 09:00:00+07:00,SKU-001,1.0,72.0,0,146.0,0,242.0,0,train
2026-07-02 10:00:00+07:00,SKU-001,3.0,70.0,0,152.0,0,241.0,0,train
2026-07-02 11:00:00+07:00,SKU-001,7.0,70.0,0,150.0,0,244.0,0,train
2026-07-02 12:00:00+07:00,SKU-001,8.0,65.0,0,146.0,0,242.0,0,train
2026-07-02 13:00:00+07:00,SKU-001,7.0,62.0,0,146.0,0,236.0,0,train
2026-07-02 14:00:00+07:00,SKU-001,5.0,59.0,0,145.0,0,231.0,0,train
2026-07-02 15:00:00+07:00,SKU-001,4.0,60.0,0,146.0,0,230.0,0,train
2026-07-02 16:00:00+07:00,SKU-001,2.0,62.0,0,150.0,0,232.0,0,train
2026-07-02 17:00:00+07:00,SKU-001,3.0,65.0,0,149.0,0,235.0,0,train
2026-07-02 18:00:00+07:00,SKU-001,1.0,68.0,0,155.0,0,240.0,0,train
2026-07-02 19:00:00+07:00,SKU-001,4.0,66.0,0,169.0,0,247.0,0,train
2026-07-02 20:00:00+07:00,SKU-001,7.0,71.0,0,165.0,0,242.0,0,train
2026-07-02 21:00:00+07:00,SKU-001,6.0,74.0,0,164.0,0,239.0,0,train
2026-07-02 22:00:00+07:00,SKU-001,0.0,77.0,0,168.0,0,240.0,0,train
2026-07-02 23:00:00+07:00,SKU-001,0.0,78.0,0,169.0,0,241.0,0,train
2026-07-03 00:00:00+07:00,SKU-001,0.0,80.0,0,169.0,0,241.0,0,train
2026-07-03 01:00:00+07:00,SKU-001,2.0,78.0,0,168.0,0,239.0,0,train
2026-07-03 02:00:00+07:00,SKU-001,2.0,76.0,0,166.0,0,239.0,0,train
2026-07-03 03:00:00+07:00,SKU-001,0.0,76.0,0,166.0,0,239.0,0,train
2026-07-03 04:00:00+07:00,SKU-001,0.0,77.0,0,167.0,0,241.0,0,train
2026-07-03 05:00:00+07:00,SKU-001,0.0,78.0,0,167.0,0,241.0,0,train
2026-07-03 06:00:00+07:00,SKU-001,2.0,77.0,0,168.0,0,239.0,0,train
2026-07-03 07:00:00+07:00,SKU-001,1.0,78.0,0,167.0,0,240.0,0,train
2026-07-03 08:00:00+07:00,SKU-001,1.0,78.0,0,169.0,0,239.0,0,train
2026-07-03 09:00:00+07:00,SKU-001,7.0,74.0,0,170.0,0,236.0,0,train
2026-07-03 10:00:00+07:00,SKU-001,1.0,82.0,0,171.0,0,241.0,0,train
2026-07-03 11:00:00+07:00,SKU-001,7.0,80.0,0,174.0,0,237.0,0,train
2026-07-03 12:00:00+07:00,SKU-001,3.0,81.0,0,177.0,0,241.0,0,train
2026-07-03 13:00:00+07:00,SKU-001,4.0,84.0,0,174.0,0,239.0,0,train
2026-07-03 14:00:00+07:00,SKU-001,2.0,86.0,0,172.0,0,240.0,0,train
2026-07-03 15:00:00+07:00,SKU-001,5.0,86.0,0,170.0,0,238.0,0,train
2026-07-03 16:00:00+07:00,SKU-001,4.0,88.0,0,170.0,0,238.0,0,train
2026-07-03 17:00:00+07:00,SKU-001,6.0,84.0,0,170.0,0,239.0,0,train
2026-07-03 18:00:00+07:00,SKU-001,4.0,87.0,0,172.0,0,240.0,0,train
2026-07-03 19:00:00+07:00,SKU-001,2.0,103.0,0,181.0,0,243.0,0,train
2026-07-03 20:00:00+07:00,SKU-001,12.0,94.0,0,171.0,0,234.0,0,train
2026-07-03 21:00:00+07:00,SKU-001,9.0,90.0,0,165.0,0,227.0,0,train
2026-07-03 22:00:00+07:00,SKU-001,3.0,91.0,0,163.0,0,227.0,0,train
2026-07-03 23:00:00+07:00,SKU-001,1.0,91.0,0,163.0,0,230.0,0,train
2026-07-04 00:00:00+07:00,SKU-001,2.0,89.0,0,161.0,0,229.0,0,train
2026-07-04 01:00:00+07:00,SKU-001,0.0,90.0,0,161.0,0,229.0,0,train
2026-07-04 02:00:00+07:00,SKU-001,0.0,90.0,0,163.0,0,229.0,0,train
2026-07-04 03:00:00+07:00,SKU-001,0.0,90.0,0,163.0,0,229.0,0,train
2026-07-04 04:00:00+07:00,SKU-001,1.0,90.0,0,164.0,0,228.0,0,train
2026-07-04 05:00:00+07:00,SKU-001,1.0,89.0,0,163.0,0,228.0,0,train
2026-07-04 06:00:00+07:00,SKU-001,1.0,91.0,0,162.0,0,228.0,0,train
2026-07-04 07:00:00+07:00,SKU-001,2.0,89.0,0,162.0,0,230.0,0,train
2026-07-04 08:00:00+07:00,SKU-001,1.0,91.0,0,161.0,0,231.0,0,train
2026-07-04 09:00:00+07:00,SKU-001,3.0,96.0,0,162.0,0,233.0,0,train
2026-07-04 10:00:00+07:00,SKU-001,9.0,89.0,0,159.0,0,225.0,0,train
2026-07-04 11:00:00+07:00,SKU-001,5.0,94.0,0,157.0,0,222.0,0,train
2026-07-04 12:00:00+07:00,SKU-001,4.0,96.0,0,160.0,0,223.0,0,train
2026-07-04 13:00:00+07:00,SKU-001,7.0,90.0,0,155.0,0,221.0,0,train
2026-07-04 14:00:00+07:00,SKU-001,4.0,86.0,0,154.0,0,219.0,0,train
2026-07-04 15:00:00+07:00,SKU-001,5.0,84.0,0,152.0,0,217.0,0,train
2026-07-04 16:00:00+07:00,SKU-001,6.0,82.0,0,150.0,0,219.0,0,train
2026-07-04 17:00:00+07:00,SKU-001,2.0,86.0,0,155.0,0,222.0,0,train
2026-07-04 18:00:00+07:00,SKU-001,7.0,85.0,0,153.0,0,219.0,0,train
2026-07-04 19:00:00+07:00,SKU-001,18.0,78.0,0,140.0,0,214.0,0,train
2026-07-04 20:00:00+07:00,SKU-001,3.0,77.0,0,140.0,0,214.0,0,train
2026-07-04 21:00:00+07:00,SKU-001,5.0,75.0,0,137.0,0,212.0,0,train
2026-07-04 22:00:00+07:00,SKU-001,4.0,72.0,0,136.0,0,210.0,0,train
2026-07-04 23:00:00+07:00,SKU-001,1.0,72.0,0,139.0,0,209.0,0,train
2026-07-05 00:00:00+07:00,SKU-001,0.0,72.0,0,140.0,0,210.0,0,train
2026-07-05 01:00:00+07:00,SKU-001,1.0,71.0,0,139.0,0,209.0,0,train
2026-07-05 02:00:00+07:00,SKU-001,0.0,73.0,0,139.0,0,211.0,0,train
2026-07-05 03:00:00+07:00,SKU-001,0.0,73.0,0,139.0,0,211.0,0,train
2026-07-05 04:00:00+07:00,SKU-001,1.0,74.0,0,138.0,0,210.0,0,train
2026-07-05 05:00:00+07:00,SKU-001,0.0,74.0,0,139.0,0,212.0,0,train
2026-07-05 06:00:00+07:00,SKU-001,3.0,71.0,0,137.0,0,209.0,0,train
2026-07-05 07:00:00+07:00,SKU-001,0.0,73.0,0,141.0,0,210.0,0,train
2026-07-05 08:00:00+07:00,SKU-001,3.0,70.0,0,140.0,0,210.0,0,train
2026-07-05 09:00:00+07:00,SKU-001,8.0,66.0,0,137.0,0,203.0,0,train
2026-07-05 10:00:00+07:00,SKU-001,2.0,70.0,0,136.0,0,203.0,0,train
2026-07-05 11:00:00+07:00,SKU-001,10.0,63.0,0,128.0,0,196.0,0,train
2026-07-05 12:00:00+07:00,SKU-001,6.0,64.0,0,127.0,0,195.0,0,train
2026-07-05 13:00:00+07:00,SKU-001,1.0,65.0,0,131.0,0,196.0,0,train
2026-07-05 14:00:00+07:00,SKU-001,0.0,68.0,0,133.0,0,196.0,0,train
2026-07-05 15:00:00+07:00,SKU-001,3.0,68.0,0,133.0,0,193.0,0,train
2026-07-05 16:00:00+07:00,SKU-001,4.0,68.0,0,137.0,0,195.0,0,train
2026-07-05 17:00:00+07:00,SKU-001,6.0,69.0,0,136.0,0,193.0,0,train
2026-07-05 18:00:00+07:00,SKU-001,6.0,68.0,0,134.0,0,189.0,0,train
2026-07-05 19:00:00+07:00,SKU-001,11.0,62.0,0,136.0,0,180.0,0,train
2026-07-05 20:00:00+07:00,SKU-001,2.0,63.0,0,137.0,0,181.0,0,train
2026-07-05 21:00:00+07:00,SKU-001,3.0,62.0,0,137.0,0,180.0,0,train
2026-07-05 22:00:00+07:00,SKU-001,1.0,64.0,0,138.0,0,182.0,0,train
2026-07-05 23:00:00+07:00,SKU-001,1.0,67.0,0,137.0,0,183.0,0,train
2026-07-06 00:00:00+07:00,SKU-001,0.0,68.0,0,138.0,0,183.0,0,train
2026-07-06 01:00:00+07:00,SKU-001,0.0,68.0,0,138.0,0,183.0,0,train
2026-07-06 02:00:00+07:00,SKU-001,2.0,66.0,0,138.0,0,182.0,0,train
2026-07-06 03:00:00+07:00,SKU-001,0.0,66.0,0,138.0,0,182.0,0,train
2026-07-06 04:00:00+07:00,SKU-001,2.0,64.0,0,136.0,0,180.0,0,train
2026-07-06 05:00:00+07:00,SKU-001,0.0,65.0,0,138.0,0,181.0,0,train
2026-07-06 06:00:00+07:00,SKU-001,0.0,66.0,0,138.0,0,182.0,0,train
2026-07-06 07:00:00+07:00,SKU-001,2.0,68.0,0,137.0,0,181.0,0,train
2026-07-06 08:00:00+07:00,SKU-001,0.0,70.0,0,140.0,0,186.0,0,train
2026-07-06 09:00:00+07:00,SKU-001,4.0,71.0,0,137.0,0,184.0,0,train
2026-07-06 10:00:00+07:00,SKU-001,6.0,66.0,0,133.0,0,180.0,0,train
2026-07-06 11:00:00+07:00,SKU-001,3.0,65.0,0,133.0,0,183.0,0,train
2026-07-06 12:00:00+07:00,SKU-001,7.0,63.0,0,131.0,0,178.0,0,train
2026-07-06 13:00:00+07:00,SKU-001,2.0,66.0,0,131.0,0,179.0,0,train
2026-07-06 14:00:00+07:00,SKU-001,3.0,65.0,0,128.0,0,177.0,0,train
2026-07-06 15:00:00+07:00,SKU-001,3.0,65.0,0,125.0,0,175.0,0,train
2026-07-06 16:00:00+07:00,SKU-001,4.0,69.0,0,127.0,0,173.0,0,train
2026-07-06 17:00:00+07:00,SKU-001,7.0,67.0,0,124.0,0,170.0,0,train
2026-07-06 18:00:00+07:00,SKU-001,5.0,66.0,0,121.0,0,184.0,0,train
2026-07-06 19:00:00+07:00,SKU-001,5.0,74.0,0,118.0,0,183.0,0,train
2026-07-06 20:00:00+07:00,SKU-001,3.0,74.0,0,118.0,0,184.0,0,train
2026-07-06 21:00:00+07:00,SKU-001,2.0,75.0,0,118.0,0,184.0,0,train
2026-07-06 22:00:00+07:00,SKU-001,3.0,74.0,0,118.0,0,183.0,0,train
2026-07-06 23:00:00+07:00,SKU-001,4.0,70.0,0,116.0,0,179.0,0,train
2026-07-07 00:00:00+07:00,SKU-001,1.0,70.0,0,115.0,0,178.0,0,train
2026-07-07 01:00:00+07:00,SKU-001,0.0,70.0,0,115.0,0,179.0,0,train
2026-07-07 02:00:00+07:00,SKU-001,0.0,72.0,0,116.0,0,180.0,0,train
2026-07-07 03:00:00+07:00,SKU-001,0.0,72.0,0,116.0,0,180.0,0,train
2026-07-07 04:00:00+07:00,SKU-001,0.0,72.0,0,116.0,0,180.0,0,train
2026-07-07 05:00:00+07:00,SKU-001,1.0,73.0,0,116.0,0,179.0,0,train
2026-07-07 06:00:00+07:00,SKU-001,1.0,72.0,0,116.0,0,181.0,0,train
2026-07-07 07:00:00+07:00,SKU-001,4.0,69.0,0,113.0,0,180.0,0,train
2026-07-07 08:00:00+07:00,SKU-001,2.0,70.0,0,116.0,0,182.0,0,train
2026-07-07 09:00:00+07:00,SKU-001,5.0,66.0,0,113.0,0,179.0,0,train
2026-07-07 10:00:00+07:00,SKU-001,1.0,67.0,0,114.0,0,181.0,0,train
2026-07-07 11:00:00+07:00,SKU-001,2.0,68.0,0,118.0,0,184.0,0,train
2026-07-07 12:00:00+07:00,SKU-001,5.0,68.0,0,115.0,0,181.0,0,train
2026-07-07 13:00:00+07:00,SKU-001,5.0,65.0,0,113.0,0,179.0,0,train
2026-07-07 14:00:00+07:00,SKU-001,2.0,63.0,0,112.0,0,180.0,0,train
2026-07-07 15:00:00+07:00,SKU-001,3.0,60.0,0,110.0,0,179.0,0,train
2026-07-07 16:00:00+07:00,SKU-001,8.0,58.0,0,104.0,0,179.0,0,train
2026-07-07 17:00:00+07:00,SKU-001,5.0,57.0,0,103.0,0,177.0,0,train
2026-07-07 18:00:00+07:00,SKU-001,4.0,55.0,0,118.0,0,177.0,0,train
2026-07-07 19:00:00+07:00,SKU-001,13.0,44.0,0,109.0,0,166.0,0,train
2026-07-07 20:00:00+07:00,SKU-001,3.0,44.0,0,110.0,0,178.0,0,train
2026-07-07 21:00:00+07:00,SKU-001,3.0,43.0,0,109.0,0,180.0,0,train
2026-07-07 22:00:00+07:00,SKU-001,2.0,44.0,0,109.0,0,180.0,0,train
2026-07-07 23:00:00+07:00,SKU-001,0.0,46.0,0,109.0,0,186.0,0,train
2026-07-08 00:00:00+07:00,SKU-001,1.0,45.0,0,108.0,0,188.0,0,train
2026-07-08 01:00:00+07:00,SKU-001,0.0,45.0,0,109.0,0,188.0,0,train
2026-07-08 02:00:00+07:00,SKU-001,2.0,44.0,0,108.0,0,189.0,0,train
2026-07-08 03:00:00+07:00,SKU-001,0.0,44.0,0,108.0,0,189.0,0,train
2026-07-08 04:00:00+07:00,SKU-001,0.0,44.0,0,108.0,0,189.0,0,train
2026-07-08 05:00:00+07:00,SKU-001,2.0,43.0,0,106.0,0,188.0,0,train
2026-07-08 06:00:00+07:00,SKU-001,0.0,44.0,0,109.0,0,188.0,0,train
2026-07-08 07:00:00+07:00,SKU-001,1.0,44.0,0,111.0,0,191.0,0,train
2026-07-08 08:00:00+07:00,SKU-001,3.0,46.0,0,112.0,0,189.0,0,train
2026-07-08 09:00:00+07:00,SKU-001,1.0,47.0,0,113.0,0,191.0,0,train
2026-07-08 10:00:00+07:00,SKU-001,2.0,47.0,0,114.0,0,193.0,0,train
2026-07-08 11:00:00+07:00,SKU-001,3.0,50.0,0,116.0,0,194.0,0,train
2026-07-08 12:00:00+07:00,SKU-001,5.0,47.0,0,113.0,0,196.0,0,train
2026-07-08 13:00:00+07:00,SKU-001,2.0,48.0,0,114.0,0,195.0,0,train
2026-07-08 14:00:00+07:00,SKU-001,0.0,49.0,0,117.0,0,195.0,0,train
2026-07-08 15:00:00+07:00,SKU-001,0.0,50.0,0,119.0,0,201.0,0,train
2026-07-08 16:00:00+07:00,SKU-001,6.0,46.0,0,121.0,0,201.0,0,train
2026-07-08 17:00:00+07:00,SKU-001,4.0,46.0,0,120.0,0,200.0,0,train
2026-07-08 18:00:00+07:00,SKU-001,2.0,63.0,0,122.0,0,199.0,0,train
2026-07-08 19:00:00+07:00,SKU-001,2.0,65.0,0,122.0,0,206.0,0,train
2026-07-08 20:00:00+07:00,SKU-001,3.0,66.0,0,134.0,0,208.0,0,train
2026-07-08 21:00:00+07:00,SKU-001,2.0,66.0,0,137.0,0,212.0,0,train
2026-07-08 22:00:00+07:00,SKU-001,3.0,65.0,0,136.0,0,213.0,0,train
2026-07-08 23:00:00+07:00,SKU-001,2.0,63.0,0,140.0,0,217.0,0,train
2026-07-09 00:00:00+07:00,SKU-001,0.0,63.0,0,143.0,0,217.0,0,train
2026-07-09 01:00:00+07:00,SKU-001,0.0,64.0,0,143.0,0,217.0,0,train
2026-07-09 02:00:00+07:00,SKU-001,1.0,64.0,0,145.0,0,216.0,0,train
2026-07-09 03:00:00+07:00,SKU-001,0.0,64.0,0,145.0,0,217.0,0,train
2026-07-09 04:00:00+07:00,SKU-001,0.0,64.0,0,145.0,0,218.0,0,train
2026-07-09 05:00:00+07:00,SKU-001,1.0,63.0,0,145.0,0,217.0,0,train
2026-07-09 06:00:00+07:00,SKU-001,1.0,65.0,0,144.0,0,221.0,0,train
2026-07-09 07:00:00+07:00,SKU-001,1.0,67.0,0,147.0,0,221.0,0,train
2026-07-09 08:00:00+07:00,SKU-001,5.0,66.0,0,143.0,0,218.0,0,train
2026-07-09 09:00:00+07:00,SKU-001,2.0,66.0,0,144.0,0,218.0,0,train
2026-07-09 10:00:00+07:00,SKU-001,2.0,67.0,0,146.0,0,222.0,0,train
2026-07-09 11:00:00+07:00,SKU-001,6.0,66.0,0,144.0,0,218.0,0,train
2026-07-09 12:00:00+07:00,SKU-001,2.0,66.0,0,149.0,0,220.0,0,train
2026-07-09 13:00:00+07:00,SKU-001,3.0,66.0,0,147.0,0,224.0,0,train
2026-07-09 14:00:00+07:00,SKU-001,1.0,68.0,0,146.0,0,226.0,0,train
2026-07-09 15:00:00+07:00,SKU-001,1.0,69.0,0,151.0,0,226.0,0,train
2026-07-09 16:00:00+07:00,SKU-001,2.0,75.0,0,155.0,0,228.0,0,train
2026-07-09 17:00:00+07:00,SKU-001,4.0,74.0,0,154.0,0,224.0,0,train
2026-07-09 18:00:00+07:00,SKU-001,19.0,59.0,0,136.0,0,213.0,0,train
2026-07-09 19:00:00+07:00,SKU-001,4.0,57.0,0,141.0,0,215.0,0,train
2026-07-09 20:00:00+07:00,SKU-001,4.0,68.0,0,142.0,0,215.0,0,train
2026-07-09 21:00:00+07:00,SKU-001,2.0,71.0,0,146.0,0,216.0,0,train
2026-07-09 22:00:00+07:00,SKU-001,2.0,71.0,0,148.0,0,217.0,0,train
2026-07-09 23:00:00+07:00,SKU-001,0.0,77.0,0,154.0,0,217.0,0,train
2026-07-10 00:00:00+07:00,SKU-001,0.0,80.0,0,154.0,0,217.0,0,train
2026-07-10 01:00:00+07:00,SKU-001,1.0,79.0,0,153.0,0,216.0,0,train
2026-07-10 02:00:00+07:00,SKU-001,1.0,81.0,0,152.0,0,215.0,0,train
2026-07-10 03:00:00+07:00,SKU-001,0.0,81.0,0,153.0,0,216.0,0,train
2026-07-10 04:00:00+07:00,SKU-001,0.0,81.0,0,154.0,0,218.0,0,train
2026-07-10 05:00:00+07:00,SKU-001,0.0,82.0,0,154.0,0,219.0,0,train
2026-07-10 06:00:00+07:00,SKU-001,3.0,79.0,0,156.0,0,218.0,0,train
2026-07-10 07:00:00+07:00,SKU-001,3.0,80.0,0,154.0,0,215.0,0,train
2026-07-10 08:00:00+07:00,SKU-001,4.0,77.0,0,152.0,0,212.0,0,train
2026-07-10 09:00:00+07:00,SKU-001,2.0,78.0,0,152.0,0,215.0,0,train
2026-07-10 10:00:00+07:00,SKU-001,3.0,79.0,0,155.0,0,213.0,0,train
2026-07-10 11:00:00+07:00,SKU-001,5.0,78.0,0,152.0,0,213.0,0,train
2026-07-10 12:00:00+07:00,SKU-001,2.0,83.0,0,154.0,0,217.0,0,train
2026-07-10 13:00:00+07:00,SKU-001,3.0,81.0,0,158.0,0,216.0,0,train
2026-07-10 14:00:00+07:00,SKU-001,3.0,78.0,0,158.0,0,213.0,0,train
2026-07-10 15:00:00+07:00,SKU-001,2.0,82.0,0,157.0,0,218.0,0,train
2026-07-10 16:00:00+07:00,SKU-001,8.0,80.0,0,153.0,0,214.0,0,train
2026-07-10 17:00:00+07:00,SKU-001,3.0,80.0,0,150.0,0,212.0,0,train
2026-07-10 18:00:00+07:00,SKU-001,4.0,77.0,0,154.0,0,216.0,0,train
2026-07-10 19:00:00+07:00,SKU-001,2.0,84.0,0,158.0,0,224.0,0,train
2026-07-10 20:00:00+07:00,SKU-001,15.0,74.0,0,147.0,0,220.0,0,train
2026-07-10 21:00:00+07:00,SKU-001,5.0,75.0,0,145.0,0,222.0,0,train
2026-07-10 22:00:00+07:00,SKU-001,2.0,77.0,0,146.0,0,232.0,0,train
2026-07-10 23:00:00+07:00,SKU-001,6.0,77.0,0,140.0,0,228.0,0,train
2026-07-11 00:00:00+07:00,SKU-001,3.0,74.0,0,137.0,0,225.0,0,train
2026-07-11 01:00:00+07:00,SKU-001,0.0,74.0,0,137.0,0,226.0,0,train
2026-07-11 02:00:00+07:00,SKU-001,3.0,71.0,0,134.0,0,223.0,0,train
2026-07-11 03:00:00+07:00,SKU-001,0.0,72.0,0,135.0,0,224.0,0,train
2026-07-11 04:00:00+07:00,SKU-001,0.0,73.0,0,137.0,0,224.0,0,train
2026-07-11 05:00:00+07:00,SKU-001,1.0,72.0,0,137.0,0,224.0,0,train
2026-07-11 06:00:00+07:00,SKU-001,0.0,77.0,0,139.0,0,224.0,0,train
2026-07-11 07:00:00+07:00,SKU-001,4.0,74.0,0,135.0,0,226.0,0,train
2026-07-11 08:00:00+07:00,SKU-001,1.0,75.0,0,135.0,0,227.0,0,train
2026-07-11 09:00:00+07:00,SKU-001,3.0,74.0,0,137.0,0,229.0,0,train
2026-07-11 10:00:00+07:00,SKU-001,4.0,76.0,0,134.0,0,228.0,0,train
2026-07-11 11:00:00+07:00,SKU-001,4.0,74.0,0,135.0,0,231.0,0,train
2026-07-11 12:00:00+07:00,SKU-001,7.0,71.0,0,134.0,0,227.0,0,train
2026-07-11 13:00:00+07:00,SKU-001,1.0,77.0,0,135.0,0,231.0,0,train
2026-07-11 14:00:00+07:00,SKU-001,0.0,80.0,0,135.0,0,232.0,0,train
2026-07-11 15:00:00+07:00,SKU-001,6.0,75.0,0,136.0,0,227.0,0,train
2026-07-11 16:00:00+07:00,SKU-001,6.0,73.0,0,134.0,0,225.0,0,train
2026-07-11 17:00:00+07:00,SKU-001,3.0,70.0,0,132.0,0,230.0,0,train
2026-07-11 18:00:00+07:00,SKU-001,1.0,77.0,0,139.0,0,233.0,0,train
2026-07-11 19:00:00+07:00,SKU-001,9.0,74.0,0,140.0,0,230.0,0,train
2026-07-11 20:00:00+07:00,SKU-001,5.0,73.0,0,146.0,0,230.0,0,train
2026-07-11 21:00:00+07:00,SKU-001,6.0,70.0,0,147.0,0,228.0,0,train
2026-07-11 22:00:00+07:00,SKU-001,4.0,69.0,0,155.0,0,225.0,0,train
2026-07-11 23:00:00+07:00,SKU-001,6.0,63.0,0,151.0,0,219.0,0,train
2026-07-12 00:00:00+07:00,SKU-001,0.0,63.0,0,151.0,0,219.0,0,train
2026-07-12 01:00:00+07:00,SKU-001,0.0,63.0,0,152.0,0,219.0,0,train
2026-07-12 02:00:00+07:00,SKU-001,0.0,63.0,0,152.0,0,219.0,0,train
2026-07-12 03:00:00+07:00,SKU-001,1.0,63.0,0,152.0,0,218.0,0,train
2026-07-12 04:00:00+07:00,SKU-001,1.0,64.0,0,151.0,0,217.0,0,train
2026-07-12 05:00:00+07:00,SKU-001,0.0,65.0,0,152.0,0,217.0,0,train
2026-07-12 06:00:00+07:00,SKU-001,5.0,62.0,0,147.0,0,214.0,0,train
2026-07-12 07:00:00+07:00,SKU-001,1.0,61.0,0,152.0,0,214.0,0,train
2026-07-12 08:00:00+07:00,SKU-001,2.0,60.0,0,152.0,0,213.0,0,train
2026-07-12 09:00:00+07:00,SKU-001,2.0,63.0,0,155.0,0,212.0,0,train
2026-07-12 10:00:00+07:00,SKU-001,6.0,58.0,0,152.0,0,218.0,0,train
2026-07-12 11:00:00+07:00,SKU-001,2.0,61.0,0,157.0,0,222.0,0,train
2026-07-12 12:00:00+07:00,SKU-001,4.0,63.0,0,156.0,0,220.0,0,train
2026-07-12 13:00:00+07:00,SKU-001,7.0,58.0,0,154.0,0,220.0,0,train
2026-07-12 14:00:00+07:00,SKU-001,3.0,55.0,0,152.0,0,219.0,0,train
2026-07-12 15:00:00+07:00,SKU-001,1.0,61.0,0,152.0,0,222.0,0,train
2026-07-12 16:00:00+07:00,SKU-001,4.0,61.0,0,152.0,0,221.0,0,train
2026-07-12 17:00:00+07:00,SKU-001,0.0,62.0,0,160.0,0,224.0,0,train
2026-07-12 18:00:00+07:00,SKU-001,8.0,62.0,0,156.0,0,223.0,0,train
2026-07-12 19:00:00+07:00,SKU-001,6.0,66.0,0,156.0,0,220.0,0,train
2026-07-12 20:00:00+07:00,SKU-001,4.0,73.0,0,157.0,0,218.0,0,train
2026-07-12 21:00:00+07:00,SKU-001,3.0,77.0,0,158.0,0,215.0,0,train
2026-07-12 22:00:00+07:00,SKU-001,3.0,86.0,0,156.0,0,216.0,0,train
2026-07-12 23:00:00+07:00,SKU-001,0.0,88.0,0,156.0,0,217.0,0,train
2026-07-13 00:00:00+07:00,SKU-001,0.0,88.0,0,156.0,0,218.0,0,train
2026-07-13 01:00:00+07:00,SKU-001,0.0,89.0,0,156.0,0,218.0,0,train
2026-07-13 02:00:00+07:00,SKU-001,0.0,89.0,0,156.0,0,218.0,0,train
2026-07-13 03:00:00+07:00,SKU-001,1.0,89.0,0,155.0,0,217.0,0,train
2026-07-13 04:00:00+07:00,SKU-001,2.0,87.0,0,153.0,0,215.0,0,train
2026-07-13 05:00:00+07:00,SKU-001,1.0,87.0,0,152.0,0,215.0,0,train
2026-07-13 06:00:00+07:00,SKU-001,2.0,85.0,0,152.0,0,215.0,0,train
2026-07-13 07:00:00+07:00,SKU-001,0.0,91.0,0,153.0,0,219.0,0,train
2026-07-13 08:00:00+07:00,SKU-001,1.0,92.0,0,153.0,0,222.0,0,train
2026-07-13 09:00:00+07:00,SKU-001,5.0,92.0,0,149.0,0,218.0,0,train
2026-07-13 10:00:00+07:00,SKU-001,1.0,94.0,0,160.0,0,222.0,0,train
2026-07-13 11:00:00+07:00,SKU-001,5.0,96.0,0,161.0,0,220.0,0,train
2026-07-13 12:00:00+07:00,SKU-001,6.0,93.0,0,157.0,0,217.0,0,train
2026-07-13 13:00:00+07:00,SKU-001,2.0,96.0,0,162.0,0,215.0,0,train
2026-07-13 14:00:00+07:00,SKU-001,0.0,97.0,0,164.0,0,216.0,0,train
2026-07-13 15:00:00+07:00,SKU-001,7.0,91.0,0,161.0,0,213.0,0,train
2026-07-13 16:00:00+07:00,SKU-001,4.0,91.0,0,160.0,0,211.0,0,train
2026-07-13 17:00:00+07:00,SKU-001,1.0,98.0,0,162.0,0,213.0,0,train
2026-07-13 18:00:00+07:00,SKU-001,8.0,94.0,0,161.0,0,210.0,0,train
2026-07-13 19:00:00+07:00,SKU-001,10.0,90.0,0,154.0,0,206.0,0,train
2026-07-13 20:00:00+07:00,SKU-001,11.0,84.0,0,145.0,0,201.0,0,train
2026-07-13 21:00:00+07:00,SKU-001,7.0,81.0,0,138.0,0,200.0,0,train
2026-07-13 22:00:00+07:00,SKU-001,12.0,70.0,0,130.0,0,190.0,0,train
2026-07-13 23:00:00+07:00,SKU-001,2.0,68.0,0,129.0,0,188.0,0,train
2026-07-14 00:00:00+07:00,SKU-001,0.0,68.0,0,130.0,0,188.0,0,train
2026-07-14 01:00:00+07:00,SKU-001,1.0,67.0,0,129.0,0,187.0,0,train
2026-07-14 02:00:00+07:00,SKU-001,0.0,67.0,0,129.0,0,189.0,0,train
2026-07-14 03:00:00+07:00,SKU-001,1.0,66.0,0,128.0,0,188.0,0,train
2026-07-14 04:00:00+07:00,SKU-001,0.0,66.0,0,128.0,0,189.0,0,train
2026-07-14 05:00:00+07:00,SKU-001,1.0,65.0,0,128.0,0,188.0,0,train
2026-07-14 06:00:00+07:00,SKU-001,0.0,67.0,0,130.0,0,188.0,0,train
2026-07-14 07:00:00+07:00,SKU-001,6.0,62.0,0,128.0,0,183.0,0,train
2026-07-14 08:00:00+07:00,SKU-001,2.0,61.0,0,130.0,0,182.0,0,train
2026-07-14 09:00:00+07:00,SKU-001,5.0,57.0,0,126.0,0,177.0,0,train
2026-07-14 10:00:00+07:00,SKU-001,3.0,66.0,0,128.0,0,176.0,0,train
2026-07-14 11:00:00+07:00,SKU-001,7.0,65.0,0,124.0,0,175.0,0,train
2026-07-14 12:00:00+07:00,SKU-001,3.0,64.0,0,124.0,0,176.0,0,train
2026-07-14 13:00:00+07:00,SKU-001,5.0,66.0,0,119.0,0,176.0,0,train
2026-07-14 14:00:00+07:00,SKU-001,1.0,67.0,0,119.0,0,178.0,0,train
2026-07-14 15:00:00+07:00,SKU-001,1.0,70.0,0,122.0,0,179.0,0,train
2026-07-14 16:00:00+07:00,SKU-001,4.0,69.0,0,120.0,0,183.0,0,train
2026-07-14 17:00:00+07:00,SKU-001,8.0,64.0,0,115.0,0,179.0,0,train
2026-07-14 18:00:00+07:00,SKU-001,4.0,67.0,0,116.0,0,185.0,0,train
2026-07-14 19:00:00+07:00,SKU-001,6.0,64.0,0,116.0,0,187.0,0,train
2026-07-14 20:00:00+07:00,SKU-001,5.0,61.0,0,117.0,0,187.0,0,train
2026-07-14 21:00:00+07:00,SKU-001,4.0,57.0,0,119.0,0,184.0,0,train
2026-07-14 22:00:00+07:00,SKU-001,1.0,60.0,0,120.0,0,185.0,0,train
2026-07-14 23:00:00+07:00,SKU-001,0.0,61.0,0,120.0,0,188.0,0,train
2026-07-15 00:00:00+07:00,SKU-001,0.0,62.0,0,120.0,0,188.0,0,train
2026-07-15 01:00:00+07:00,SKU-001,0.0,62.0,0,120.0,0,189.0,0,train
2026-07-15 02:00:00+07:00,SKU-001,0.0,62.0,0,122.0,0,189.0,0,train
2026-07-15 03:00:00+07:00,SKU-001,0.0,62.0,0,122.0,0,190.0,0,train
2026-07-15 04:00:00+07:00,SKU-001,0.0,62.0,0,123.0,0,190.0,0,train
2026-07-15 05:00:00+07:00,SKU-001,0.0,63.0,0,123.0,0,193.0,0,train
2026-07-15 06:00:00+07:00,SKU-001,2.0,63.0,0,121.0,0,194.0,0,train
2026-07-15 07:00:00+07:00,SKU-001,1.0,66.0,0,121.0,0,197.0,0,train
2026-07-15 08:00:00+07:00,SKU-001,1.0,69.0,0,121.0,0,201.0,0,train
2026-07-15 09:00:00+07:00,SKU-001,1.0,69.0,0,120.0,0,201.0,0,train
2026-07-15 10:00:00+07:00,SKU-001,12.0,62.0,0,110.0,0,193.0,0,train
2026-07-15 11:00:00+07:00,SKU-001,6.0,59.0,0,110.0,0,189.0,0,train
2026-07-15 12:00:00+07:00,SKU-001,2.0,60.0,0,112.0,0,191.0,0,train
2026-07-15 13:00:00+07:00,SKU-001,7.0,53.0,0,110.0,0,190.0,0,train
2026-07-15 14:00:00+07:00,SKU-001,2.0,52.0,0,111.0,0,189.0,0,train
2026-07-15 15:00:00+07:00,SKU-001,4.0,52.0,0,109.0,0,198.0,0,train
2026-07-15 16:00:00+07:00,SKU-001,3.0,51.0,0,114.0,0,200.0,0,train
2026-07-15 17:00:00+07:00,SKU-001,3.0,51.0,0,115.0,0,200.0,0,train
2026-07-15 18:00:00+07:00,SKU-001,7.0,49.0,0,118.0,0,199.0,0,train
2026-07-15 19:00:00+07:00,SKU-001,3.0,52.0,0,123.0,0,208.0,0,train
2026-07-15 20:00:00+07:00,SKU-001,2.0,56.0,0,126.0,0,209.0,0,train
2026-07-15 21:00:00+07:00,SKU-001,0.0,62.0,0,127.0,0,219.0,0,train
2026-07-15 22:00:00+07:00,SKU-001,4.0,60.0,0,125.0,0,225.0,0,train
2026-07-15 23:00:00+07:00,SKU-001,1.0,59.0,0,127.0,0,226.0,0,train
2026-07-16 00:00:00+07:00,SKU-001,1.0,58.0,0,126.0,0,225.0,0,train
2026-07-16 01:00:00+07:00,SKU-001,0.0,58.0,0,127.0,0,226.0,0,train
2026-07-16 02:00:00+07:00,SKU-001,0.0,60.0,0,127.0,0,226.0,0,train
2026-07-16 03:00:00+07:00,SKU-001,0.0,60.0,0,128.0,0,226.0,0,train
2026-07-16 04:00:00+07:00,SKU-001,0.0,61.0,0,128.0,0,226.0,0,train
2026-07-16 05:00:00+07:00,SKU-001,1.0,60.0,0,130.0,0,225.0,0,train
2026-07-16 06:00:00+07:00,SKU-001,2.0,58.0,0,131.0,0,226.0,0,train
2026-07-16 07:00:00+07:00,SKU-001,4.0,55.0,0,131.0,0,222.0,0,train
2026-07-16 08:00:00+07:00,SKU-001,4.0,52.0,0,132.0,0,222.0,0,train
2026-07-16 09:00:00+07:00,SKU-001,1.0,51.0,0,132.0,0,230.0,0,train
2026-07-16 10:00:00+07:00,SKU-001,5.0,48.0,0,131.0,0,231.0,0,train
2026-07-16 11:00:00+07:00,SKU-001,3.0,51.0,0,130.0,0,235.0,0,train
2026-07-16 12:00:00+07:00,SKU-001,3.0,52.0,0,131.0,0,236.0,0,train
2026-07-16 13:00:00+07:00,SKU-001,0.0,57.0,0,137.0,0,239.0,0,train
2026-07-16 14:00:00+07:00,SKU-001,1.0,59.0,0,137.0,0,240.0,0,train
2026-07-16 15:00:00+07:00,SKU-001,4.0,57.0,0,146.0,0,241.0,0,train
2026-07-16 16:00:00+07:00,SKU-001,2.0,63.0,0,149.0,0,248.0,0,train
2026-07-16 17:00:00+07:00,SKU-001,3.0,64.0,0,149.0,0,251.0,0,train
2026-07-16 18:00:00+07:00,SKU-001,5.0,69.0,0,150.0,0,251.0,0,train
2026-07-16 19:00:00+07:00,SKU-001,6.0,71.0,0,156.0,0,253.0,0,train
2026-07-16 20:00:00+07:00,SKU-001,6.0,70.0,0,153.0,0,254.0,0,train
2026-07-16 21:00:00+07:00,SKU-001,6.0,65.0,0,157.0,0,254.0,0,train
2026-07-16 22:00:00+07:00,SKU-001,2.0,65.0,0,165.0,0,252.0,0,train
2026-07-16 23:00:00+07:00,SKU-001,0.0,68.0,0,167.0,0,252.0,0,train
2026-07-17 00:00:00+07:00,SKU-001,0.0,68.0,0,167.0,0,252.0,0,train
2026-07-17 01:00:00+07:00,SKU-001,0.0,69.0,0,168.0,0,252.0,0,train
2026-07-17 02:00:00+07:00,SKU-001,2.0,67.0,0,166.0,0,250.0,0,train
2026-07-17 03:00:00+07:00,SKU-001,0.0,68.0,0,166.0,0,250.0,0,train
2026-07-17 04:00:00+07:00,SKU-001,1.0,67.0,0,165.0,0,249.0,0,train
2026-07-17 05:00:00+07:00,SKU-001,0.0,70.0,0,165.0,0,250.0,0,train
2026-07-17 06:00:00+07:00,SKU-001,0.0,73.0,0,168.0,0,250.0,0,train
2026-07-17 07:00:00+07:00,SKU-001,1.0,76.0,0,167.0,0,250.0,0,train
2026-07-17 08:00:00+07:00,SKU-001,1.0,80.0,0,170.0,0,251.0,0,train
2026-07-17 09:00:00+07:00,SKU-001,0.0,81.0,0,179.0,0,254.0,0,train
2026-07-17 10:00:00+07:00,SKU-001,2.0,83.0,0,183.0,0,254.0,0,train
2026-07-17 11:00:00+07:00,SKU-001,6.0,79.0,0,184.0,0,250.0,0,train
2026-07-17 12:00:00+07:00,SKU-001,4.0,79.0,0,184.0,0,251.0,0,train
2026-07-17 13:00:00+07:00,SKU-001,5.0,80.0,0,182.0,0,247.0,0,train
2026-07-17 14:00:00+07:00,SKU-001,3.0,78.0,0,181.0,0,251.0,0,train
2026-07-17 15:00:00+07:00,SKU-001,2.0,89.0,0,184.0,0,254.0,0,train
2026-07-17 16:00:00+07:00,SKU-001,8.0,86.0,0,185.0,0,248.0,0,train
2026-07-17 17:00:00+07:00,SKU-001,4.0,85.0,0,187.0,0,246.0,0,train
2026-07-17 18:00:00+07:00,SKU-001,10.0,81.0,0,182.0,0,241.0,0,train
2026-07-17 19:00:00+07:00,SKU-001,8.0,85.0,0,182.0,0,242.0,0,train
2026-07-17 20:00:00+07:00,SKU-001,5.0,83.0,0,184.0,0,245.0,0,train
2026-07-17 21:00:00+07:00,SKU-001,1.0,92.0,0,189.0,0,251.0,0,train
2026-07-17 22:00:00+07:00,SKU-001,2.0,100.0,0,187.0,0,255.0,0,train
2026-07-17 23:00:00+07:00,SKU-001,3.0,99.0,0,184.0,0,252.0,0,train
2026-07-18 00:00:00+07:00,SKU-001,0.0,99.0,0,184.0,0,253.0,0,train
2026-07-18 01:00:00+07:00,SKU-001,1.0,99.0,0,183.0,0,252.0,0,train
2026-07-18 02:00:00+07:00,SKU-001,0.0,99.0,0,183.0,0,252.0,0,train
2026-07-18 03:00:00+07:00,SKU-001,1.0,98.0,0,182.0,0,251.0,0,train
2026-07-18 04:00:00+07:00,SKU-001,0.0,98.0,0,182.0,0,251.0,0,train
2026-07-18 05:00:00+07:00,SKU-001,3.0,95.0,0,180.0,0,248.0,0,train
2026-07-18 06:00:00+07:00,SKU-001,3.0,95.0,0,177.0,0,246.0,0,train
2026-07-18 07:00:00+07:00,SKU-001,4.0,91.0,0,174.0,0,242.0,0,train
2026-07-18 08:00:00+07:00,SKU-001,5.0,90.0,0,171.0,0,247.0,0,train
2026-07-18 09:00:00+07:00,SKU-001,1.0,98.0,0,173.0,0,251.0,0,train
2026-07-18 10:00:00+07:00,SKU-001,4.0,100.0,0,171.0,0,254.0,0,train
2026-07-18 11:00:00+07:00,SKU-001,2.0,105.0,0,171.0,0,255.0,0,train
2026-07-18 12:00:00+07:00,SKU-001,4.0,105.0,0,172.0,0,260.0,0,train
2026-07-18 13:00:00+07:00,SKU-001,6.0,102.0,0,167.0,0,265.0,0,train
2026-07-18 14:00:00+07:00,SKU-001,1.0,103.0,0,173.0,0,271.0,0,train
2026-07-18 15:00:00+07:00,SKU-001,13.0,95.0,0,165.0,0,279.0,0,train
2026-07-18 16:00:00+07:00,SKU-001,5.0,99.0,0,162.0,0,284.0,0,train
2026-07-18 17:00:00+07:00,SKU-001,3.0,102.0,0,161.0,0,292.0,0,train
2026-07-18 18:00:00+07:00,SKU-001,6.0,101.0,0,160.0,0,301.0,0,train
2026-07-18 19:00:00+07:00,SKU-001,12.0,97.0,0,157.0,0,296.0,0,train
2026-07-18 20:00:00+07:00,SKU-001,3.0,101.0,0,162.0,0,335.0,0,train
2026-07-18 21:00:00+07:00,SKU-001,10.0,97.0,0,159.0,0,363.0,0,train
2026-07-18 22:00:00+07:00,SKU-001,10.0,87.0,0,155.0,0,356.0,0,train
2026-07-18 23:00:00+07:00,SKU-001,2.0,85.0,0,153.0,0,366.0,0,train
2026-07-19 00:00:00+07:00,SKU-001,0.0,85.0,0,154.0,0,369.0,0,train
2026-07-19 01:00:00+07:00,SKU-001,1.0,84.0,0,153.0,0,370.0,0,train
2026-07-19 02:00:00+07:00,SKU-001,0.0,84.0,0,153.0,0,372.0,0,train
2026-07-19 03:00:00+07:00,SKU-001,0.0,84.0,0,153.0,0,373.0,0,train
2026-07-19 04:00:00+07:00,SKU-001,0.0,84.0,0,153.0,0,374.0,0,train
2026-07-19 05:00:00+07:00,SKU-001,0.0,85.0,0,153.0,0,375.0,0,train
2026-07-19 06:00:00+07:00,SKU-001,3.0,82.0,0,151.0,0,377.0,0,train
2026-07-19 07:00:00+07:00,SKU-001,0.0,83.0,0,151.0,0,382.0,0,train
2026-07-19 08:00:00+07:00,SKU-001,4.0,81.0,0,157.0,0,388.0,0,train
2026-07-19 09:00:00+07:00,SKU-001,9.0,75.0,0,153.0,0,401.0,0,train
2026-07-19 10:00:00+07:00,SKU-001,6.0,71.0,0,154.0,0,409.0,0,train
2026-07-19 11:00:00+07:00,SKU-001,7.0,66.0,0,150.0,0,407.0,1,train
2026-07-19 12:00:00+07:00,SKU-001,4.0,67.0,0,155.0,0,403.0,1,train
2026-07-19 13:00:00+07:00,SKU-001,3.0,65.0,0,163.0,0,400.0,1,train
2026-07-19 14:00:00+07:00,SKU-001,2.0,70.0,0,168.0,0,398.0,1,train
2026-07-19 15:00:00+07:00,SKU-001,5.0,70.0,0,184.0,0,393.0,1,train
2026-07-19 16:00:00+07:00,SKU-001,9.0,63.0,0,185.0,0,384.0,1,train
2026-07-19 17:00:00+07:00,SKU-001,6.0,59.0,0,190.0,0,378.0,1,train
2026-07-19 18:00:00+07:00,SKU-001,5.0,59.0,0,200.0,0,373.0,1,train
2026-07-19 19:00:00+07:00,SKU-001,8.0,60.0,0,199.0,0,365.0,1,train
2026-07-19 20:00:00+07:00,SKU-001,7.0,61.0,0,234.0,0,358.0,1,train
2026-07-19 21:00:00+07:00,SKU-001,6.0,62.0,0,266.0,0,352.0,1,train
2026-07-19 22:00:00+07:00,SKU-001,0.0,68.0,0,269.0,0,352.0,1,train
2026-07-19 23:00:00+07:00,SKU-001,0.0,68.0,0,281.0,0,352.0,1,train
2026-07-20 00:00:00+07:00,SKU-001,0.0,69.0,0,284.0,0,352.0,1,train
2026-07-20 01:00:00+07:00,SKU-001,0.0,69.0,0,286.0,0,352.0,1,train
2026-07-20 02:00:00+07:00,SKU-001,0.0,69.0,0,288.0,0,352.0,1,train
2026-07-20 03:00:00+07:00,SKU-001,0.0,69.0,0,289.0,0,352.0,1,train
2026-07-20 04:00:00+07:00,SKU-001,0.0,69.0,0,290.0,0,352.0,1,train
2026-07-20 05:00:00+07:00,SKU-001,1.0,68.0,0,290.0,0,351.0,1,train
2026-07-20 06:00:00+07:00,SKU-001,0.0,69.0,0,295.0,0,351.0,1,train
2026-07-20 07:00:00+07:00,SKU-001,1.0,68.0,0,299.0,0,350.0,1,train
2026-07-20 08:00:00+07:00,SKU-001,2.0,76.0,0,307.0,0,348.0,1,train
2026-07-20 09:00:00+07:00,SKU-001,3.0,78.0,0,326.0,0,345.0,1,train
2026-07-20 10:00:00+07:00,SKU-001,2.0,83.0,0,338.0,0,343.0,1,train
2026-07-20 11:00:00+07:00,SKU-001,2.0,84.0,0,341.0,1,341.0,1,train
2026-07-20 12:00:00+07:00,SKU-001,5.0,88.0,0,336.0,1,336.0,1,train
2026-07-20 13:00:00+07:00,SKU-001,1.0,98.0,0,335.0,1,335.0,1,train
2026-07-20 14:00:00+07:00,SKU-001,7.0,98.0,0,328.0,1,347.0,1,train
2026-07-20 15:00:00+07:00,SKU-001,5.0,114.0,0,323.0,1,352.0,1,train
2026-07-20 16:00:00+07:00,SKU-001,2.0,122.0,0,321.0,1,361.0,1,train
2026-07-20 17:00:00+07:00,SKU-001,2.0,131.0,0,319.0,1,370.0,1,train
2026-07-20 18:00:00+07:00,SKU-001,5.0,141.0,0,314.0,1,395.0,1,train
2026-07-20 19:00:00+07:00,SKU-001,9.0,139.0,0,305.0,1,408.0,1,train
2026-07-20 20:00:00+07:00,SKU-001,8.0,173.0,0,297.0,1,421.0,1,train
2026-07-20 21:00:00+07:00,SKU-001,7.0,204.0,0,290.0,1,422.0,1,train
2026-07-20 22:00:00+07:00,SKU-001,6.0,201.0,0,284.0,1,419.0,1,train
2026-07-20 23:00:00+07:00,SKU-001,0.0,213.0,0,284.0,1,419.0,1,train
2026-07-21 00:00:00+07:00,SKU-001,1.0,215.0,0,283.0,1,421.0,1,train
2026-07-21 01:00:00+07:00,SKU-001,0.0,217.0,0,283.0,1,423.0,1,train
2026-07-21 02:00:00+07:00,SKU-001,0.0,219.0,0,283.0,1,425.0,1,train
2026-07-21 03:00:00+07:00,SKU-001,0.0,220.0,0,283.0,1,426.0,1,train
2026-07-21 04:00:00+07:00,SKU-001,0.0,221.0,0,283.0,1,427.0,1,train
2026-07-21 05:00:00+07:00,SKU-001,0.0,222.0,0,283.0,1,430.0,1,train
2026-07-21 06:00:00+07:00,SKU-001,1.0,226.0,0,282.0,1,433.0,1,train
2026-07-21 07:00:00+07:00,SKU-001,0.0,231.0,0,282.0,1,440.0,1,train
2026-07-21 08:00:00+07:00,SKU-001,10.0,231.0,0,272.0,1,442.0,1,train
2026-07-21 09:00:00+07:00,SKU-001,5.0,248.0,0,267.0,1,449.0,1,train
2026-07-21 10:00:00+07:00,SKU-001,7.0,255.0,0,260.0,1,462.0,1,train
2026-07-21 11:00:00+07:00,SKU-001,3.0,257.0,1,257.0,1,479.0,1,train
2026-07-21 12:00:00+07:00,SKU-001,9.0,248.0,1,248.0,1,490.0,1,train
2026-07-21 13:00:00+07:00,SKU-001,11.0,237.0,1,237.0,1,487.0,1,train
2026-07-21 14:00:00+07:00,SKU-001,7.0,230.0,1,249.0,1,492.0,1,train
2026-07-21 15:00:00+07:00,SKU-001,21.0,209.0,1,238.0,1,478.0,1,train
2026-07-21 16:00:00+07:00,SKU-001,10.0,199.0,1,239.0,1,468.0,1,train
2026-07-21 17:00:00+07:00,SKU-001,11.0,188.0,1,239.0,1,457.0,1,train
2026-07-21 18:00:00+07:00,SKU-001,15.0,173.0,1,254.0,1,442.0,1,train
2026-07-21 19:00:00+07:00,SKU-001,7.0,166.0,1,269.0,1,435.0,1,train
2026-07-21 20:00:00+07:00,SKU-001,42.0,124.0,1,248.0,1,393.0,1,train
2026-07-21 21:00:00+07:00,SKU-001,38.0,86.0,1,218.0,1,355.0,1,train
2026-07-21 22:00:00+07:00,SKU-001,3.0,83.0,1,218.0,1,352.0,1,train
2026-07-21 23:00:00+07:00,SKU-001,12.0,71.0,1,206.0,1,340.0,1,train
2026-07-22 00:00:00+07:00,SKU-001,3.0,68.0,1,206.0,1,337.0,1,train
2026-07-22 01:00:00+07:00,SKU-001,2.0,66.0,1,206.0,1,335.0,1,train
2026-07-22 02:00:00+07:00,SKU-001,2.0,64.0,1,206.0,1,333.0,1,train
2026-07-22 03:00:00+07:00,SKU-001,1.0,63.0,1,206.0,1,332.0,1,train
2026-07-22 04:00:00+07:00,SKU-001,1.0,62.0,1,206.0,1,331.0,1,train
2026-07-22 05:00:00+07:00,SKU-001,1.0,61.0,1,208.0,1,330.0,1,train
2026-07-22 06:00:00+07:00,SKU-001,5.0,56.0,1,207.0,1,325.0,1,train
2026-07-22 07:00:00+07:00,SKU-001,5.0,51.0,1,209.0,1,320.0,1,train
2026-07-22 08:00:00+07:00,SKU-001,10.0,41.0,1,211.0,1,310.0,1,train
2026-07-22 09:00:00+07:00,SKU-001,22.0,19.0,1,201.0,1,288.0,1,train
2026-07-22 10:00:00+07:00,SKU-001,14.0,5.0,1,207.0,1,274.0,1,train
2026-07-22 11:00:00+07:00,SKU-001,5.0,0.0,1,222.0,1,269.0,1,train
2026-07-22 12:00:00+07:00,SKU-001,0.0,0.0,1,242.0,1,269.0,1,train
2026-07-22 13:00:00+07:00,SKU-001,0.0,0.0,1,250.0,1,269.0,1,train
2026-07-22 14:00:00+07:00,SKU-001,0.0,19.0,1,262.0,1,273.0,1,train
2026-07-22 15:00:00+07:00,SKU-001,0.0,29.0,1,269.0,1,279.0,1,train
2026-07-22 16:00:00+07:00,SKU-001,0.0,40.0,1,269.0,1,299.0,1,train
2026-07-22 17:00:00+07:00,SKU-001,0.0,51.0,1,269.0,1,309.0,1,train
2026-07-22 18:00:00+07:00,SKU-001,0.0,81.0,1,269.0,1,323.0,1,train
2026-07-22 19:00:00+07:00,SKU-001,0.0,103.0,1,269.0,1,341.0,1,train
2026-07-22 20:00:00+07:00,SKU-001,0.0,124.0,1,269.0,1,356.0,1,train
2026-07-22 21:00:00+07:00,SKU-001,0.0,132.0,1,269.0,1,377.0,1,train
2026-07-22 22:00:00+07:00,SKU-001,0.0,135.0,1,269.0,1,392.0,1,train
2026-07-22 23:00:00+07:00,SKU-001,0.0,135.0,1,269.0,1,395.0,1,train
2026-07-23 00:00:00+07:00,SKU-001,0.0,138.0,1,269.0,1,398.0,1,train
2026-07-23 01:00:00+07:00,SKU-001,0.0,140.0,1,269.0,1,399.0,1,train
2026-07-23 02:00:00+07:00,SKU-001,0.0,142.0,1,269.0,1,399.0,1,train
2026-07-23 03:00:00+07:00,SKU-001,0.0,143.0,1,269.0,1,405.0,1,train
2026-07-23 04:00:00+07:00,SKU-001,0.0,144.0,1,269.0,1,406.0,1,train
2026-07-23 05:00:00+07:00,SKU-001,0.0,147.0,1,269.0,1,408.0,1,train
2026-07-23 06:00:00+07:00,SKU-001,0.0,151.0,1,269.0,1,410.0,1,train
2026-07-23 07:00:00+07:00,SKU-001,0.0,158.0,1,269.0,1,416.0,1,train
2026-07-23 08:00:00+07:00,SKU-001,0.0,170.0,1,269.0,1,422.0,1,train
2026-07-23 09:00:00+07:00,SKU-001,0.0,182.0,1,269.0,1,428.0,1,train
2026-07-23 10:00:00+07:00,SKU-001,0.0,202.0,1,269.0,1,439.0,1,train
2026-07-23 11:00:00+07:00,SKU-001,0.0,222.0,1,269.0,1,442.0,1,train
2026-07-23 12:00:00+07:00,SKU-001,0.0,242.0,1,269.0,1,463.0,1,train
2026-07-23 13:00:00+07:00,SKU-001,0.0,250.0,0,269.0,1,469.0,1,train
2026-07-23 14:00:00+07:00,SKU-001,19.0,243.0,0,254.0,1,455.0,1,train
2026-07-23 15:00:00+07:00,SKU-001,10.0,240.0,1,250.0,1,453.0,1,train
2026-07-23 16:00:00+07:00,SKU-001,11.0,229.0,1,259.0,1,453.0,1,train
2026-07-23 17:00:00+07:00,SKU-001,11.0,218.0,1,258.0,1,474.0,1,train
2026-07-23 18:00:00+07:00,SKU-001,30.0,188.0,1,242.0,1,444.0,1,train
2026-07-23 19:00:00+07:00,SKU-001,22.0,166.0,1,238.0,1,422.0,1,train
2026-07-23 20:00:00+07:00,SKU-001,21.0,145.0,1,232.0,1,401.0,1,train
2026-07-23 21:00:00+07:00,SKU-001,8.0,137.0,1,245.0,1,393.0,1,train
2026-07-23 22:00:00+07:00,SKU-001,3.0,134.0,1,257.0,1,390.0,1,train
2026-07-23 23:00:00+07:00,SKU-001,0.0,134.0,1,260.0,1,390.0,1,train
2026-07-24 00:00:00+07:00,SKU-001,3.0,131.0,1,260.0,1,387.0,1,train
2026-07-24 01:00:00+07:00,SKU-001,2.0,129.0,1,259.0,1,385.0,1,train
2026-07-24 02:00:00+07:00,SKU-001,2.0,127.0,1,257.0,1,383.0,1,train
2026-07-24 03:00:00+07:00,SKU-001,1.0,126.0,1,262.0,1,382.0,1,train
2026-07-24 04:00:00+07:00,SKU-001,1.0,125.0,1,262.0,1,381.0,1,train
2026-07-24 05:00:00+07:00,SKU-001,3.0,122.0,1,261.0,1,378.0,1,train
2026-07-24 06:00:00+07:00,SKU-001,4.0,118.0,1,259.0,1,374.0,1,train
2026-07-24 07:00:00+07:00,SKU-001,7.0,111.0,1,258.0,1,367.0,1,train
2026-07-24 08:00:00+07:00,SKU-001,12.0,99.0,1,252.0,1,355.0,1,train
2026-07-24 09:00:00+07:00,SKU-001,12.0,87.0,1,246.0,1,343.0,1,train
2026-07-24 10:00:00+07:00,SKU-001,20.0,67.0,1,237.0,1,323.0,1,train
2026-07-24 11:00:00+07:00,SKU-001,20.0,47.0,1,220.0,1,303.0,1,train
2026-07-24 12:00:00+07:00,SKU-001,20.0,27.0,1,221.0,1,283.0,1,train
2026-07-24 13:00:00+07:00,SKU-001,8.0,19.0,1,219.0,1,275.0,1,train
2026-07-24 14:00:00+07:00,SKU-001,12.0,11.0,1,212.0,1,263.0,1,train
2026-07-24 15:00:00+07:00,SKU-001,7.0,10.0,1,213.0,1,256.0,1,train
2026-07-24 16:00:00+07:00,SKU-001,0.0,30.0,1,224.0,1,256.0,1,train
2026-07-24 17:00:00+07:00,SKU-001,0.0,40.0,1,256.0,1,256.0,1,train
2026-07-24 18:00:00+07:00,SKU-001,0.0,54.0,1,256.0,1,256.0,1,train
2026-07-24 19:00:00+07:00,SKU-001,0.0,72.0,1,256.0,1,279.0,1,train
2026-07-24 20:00:00+07:00,SKU-001,0.0,87.0,1,256.0,1,295.0,1,train
2026-07-24 21:00:00+07:00,SKU-001,0.0,108.0,1,256.0,1,304.0,1,train
2026-07-24 22:00:00+07:00,SKU-001,0.0,123.0,1,256.0,1,315.0,1,train
2026-07-24 23:00:00+07:00,SKU-001,0.0,126.0,1,256.0,1,320.0,1,train
2026-07-25 00:00:00+07:00,SKU-001,0.0,129.0,1,256.0,1,322.0,1,train
2026-07-25 01:00:00+07:00,SKU-001,0.0,130.0,1,256.0,1,325.0,1,train
2026-07-25 02:00:00+07:00,SKU-001,0.0,130.0,1,256.0,1,325.0,1,train
2026-07-25 03:00:00+07:00,SKU-001,0.0,136.0,1,256.0,1,325.0,1,train
2026-07-25 04:00:00+07:00,SKU-001,0.0,137.0,1,256.0,1,325.0,1,train
2026-07-25 05:00:00+07:00,SKU-001,0.0,139.0,1,256.0,1,326.0,1,train
2026-07-25 06:00:00+07:00,SKU-001,0.0,141.0,1,256.0,1,327.0,1,train
2026-07-25 07:00:00+07:00,SKU-001,0.0,147.0,1,256.0,1,328.0,1,train
2026-07-25 08:00:00+07:00,SKU-001,0.0,153.0,1,256.0,1,341.0,1,train
2026-07-25 09:00:00+07:00,SKU-001,0.0,159.0,1,256.0,1,344.0,1,train
2026-07-25 10:00:00+07:00,SKU-001,0.0,170.0,1,256.0,1,352.0,1,train
2026-07-25 11:00:00+07:00,SKU-001,0.0,173.0,1,256.0,1,355.0,1,train
2026-07-25 12:00:00+07:00,SKU-001,0.0,194.0,1,256.0,1,355.0,1,train
2026-07-25 13:00:00+07:00,SKU-001,0.0,200.0,0,256.0,1,355.0,1,train
2026-07-25 14:00:00+07:00,SKU-001,4.0,201.0,0,252.0,1,351.0,1,train
2026-07-25 15:00:00+07:00,SKU-001,6.0,203.0,0,246.0,1,345.0,1,train
2026-07-25 16:00:00+07:00,SKU-001,20.0,194.0,0,226.0,1,325.0,1,train
2026-07-25 17:00:00+07:00,SKU-001,10.0,216.0,1,216.0,1,315.0,1,train
2026-07-25 18:00:00+07:00,SKU-001,14.0,202.0,1,202.0,1,301.0,1,train
2026-07-25 19:00:00+07:00,SKU-001,18.0,184.0,1,207.0,1,283.0,1,train
2026-07-25 20:00:00+07:00,SKU-001,15.0,169.0,1,208.0,1,268.0,1,train
2026-07-25 21:00:00+07:00,SKU-001,21.0,148.0,1,196.0,1,247.0,1,train
2026-07-25 22:00:00+07:00,SKU-001,15.0,133.0,1,192.0,1,232.0,1,train
2026-07-25 23:00:00+07:00,SKU-001,3.0,130.0,1,194.0,1,229.0,1,train
2026-07-26 00:00:00+07:00,SKU-001,3.0,127.0,1,193.0,1,226.0,1,train
2026-07-26 01:00:00+07:00,SKU-001,1.0,126.0,1,195.0,1,225.0,1,train
2026-07-26 02:00:00+07:00,SKU-001,0.0,126.0,1,195.0,1,225.0,1,train
2026-07-26 03:00:00+07:00,SKU-001,6.0,120.0,1,189.0,1,219.0,1,train
2026-07-26 04:00:00+07:00,SKU-001,1.0,119.0,1,188.0,1,218.0,1,train
2026-07-26 05:00:00+07:00,SKU-001,2.0,117.0,1,187.0,1,216.0,1,train
2026-07-26 06:00:00+07:00,SKU-001,2.0,115.0,1,186.0,1,214.0,1,train
2026-07-26 07:00:00+07:00,SKU-001,6.0,109.0,1,181.0,1,208.0,1,train
2026-07-26 08:00:00+07:00,SKU-001,6.0,103.0,1,188.0,1,202.0,1,train
2026-07-26 09:00:00+07:00,SKU-001,6.0,97.0,1,185.0,1,196.0,1,train
2026-07-26 10:00:00+07:00,SKU-001,11.0,86.0,1,182.0,1,185.0,1,train
2026-07-26 11:00:00+07:00,SKU-001,3.0,83.0,1,182.0,1,182.0,1,train
2026-07-26 12:00:00+07:00,SKU-001,21.0,62.0,1,161.0,1,161.0,1,train
2026-07-26 13:00:00+07:00,SKU-001,6.0,56.0,1,155.0,1,155.0,1,train
2026-07-26 14:00:00+07:00,SKU-001,5.0,51.0,1,150.0,1,154.0,1,train
2026-07-26 15:00:00+07:00,SKU-001,8.0,43.0,1,142.0,1,153.0,1,train
2026-07-26 16:00:00+07:00,SKU-001,11.0,32.0,1,131.0,1,148.0,1,train
2026-07-26 17:00:00+07:00,SKU-001,32.0,0.0,1,99.0,1,120.0,1,train
2026-07-26 18:00:00+07:00,SKU-001,0.0,0.0,1,99.0,1,127.0,1,train
2026-07-26 19:00:00+07:00,SKU-001,0.0,23.0,1,99.0,1,130.0,1,train
2026-07-26 20:00:00+07:00,SKU-001,0.0,39.0,1,99.0,1,138.0,1,train
2026-07-26 21:00:00+07:00,SKU-001,0.0,48.0,1,99.0,1,142.0,1,train
2026-07-26 22:00:00+07:00,SKU-001,0.0,59.0,1,99.0,1,147.0,1,train
2026-07-26 23:00:00+07:00,SKU-001,0.0,64.0,1,99.0,1,148.0,1,train
2026-07-27 00:00:00+07:00,SKU-001,0.0,66.0,1,99.0,1,149.0,1,train
2026-07-27 01:00:00+07:00,SKU-001,0.0,69.0,1,99.0,1,150.0,1,train
2026-07-27 02:00:00+07:00,SKU-001,0.0,69.0,1,99.0,1,151.0,1,train
2026-07-27 03:00:00+07:00,SKU-001,0.0,69.0,1,99.0,1,152.0,1,train
2026-07-27 04:00:00+07:00,SKU-001,0.0,69.0,1,99.0,1,153.0,1,train
2026-07-27 05:00:00+07:00,SKU-001,0.0,70.0,1,99.0,1,153.0,1,train
2026-07-27 06:00:00+07:00,SKU-001,0.0,71.0,1,99.0,1,155.0,1,train
2026-07-27 07:00:00+07:00,SKU-001,0.0,72.0,1,99.0,1,159.0,1,train
2026-07-27 08:00:00+07:00,SKU-001,0.0,85.0,1,99.0,1,161.0,1,train
2026-07-27 09:00:00+07:00,SKU-001,0.0,88.0,1,99.0,1,166.0,1,train
2026-07-27 10:00:00+07:00,SKU-001,0.0,96.0,1,99.0,1,176.0,1,train
2026-07-27 11:00:00+07:00,SKU-001,0.0,99.0,1,99.0,1,182.0,1,train
2026-07-27 12:00:00+07:00,SKU-001,0.0,99.0,1,99.0,1,188.0,1,train
2026-07-27 13:00:00+07:00,SKU-001,0.0,99.0,1,99.0,1,192.0,1,train
2026-07-27 14:00:00+07:00,SKU-001,0.0,99.0,1,103.0,1,193.0,1,train
2026-07-27 15:00:00+07:00,SKU-001,0.0,99.0,1,110.0,1,193.0,1,train
2026-07-27 16:00:00+07:00,SKU-001,0.0,99.0,1,116.0,1,193.0,1,train
2026-07-27 17:00:00+07:00,SKU-001,0.0,99.0,1,120.0,1,193.0,1,train
2026-07-27 18:00:00+07:00,SKU-001,0.0,99.0,1,127.0,1,193.0,1,train
2026-07-27 19:00:00+07:00,SKU-001,23.0,76.0,1,107.0,1,170.0,1,train
2026-07-27 20:00:00+07:00,SKU-001,16.0,60.0,1,99.0,1,154.0,1,train
2026-07-27 21:00:00+07:00,SKU-001,9.0,51.0,1,94.0,1,145.0,1,train
2026-07-27 22:00:00+07:00,SKU-001,11.0,40.0,1,88.0,1,134.0,1,train
2026-07-27 23:00:00+07:00,SKU-001,5.0,35.0,1,84.0,1,129.0,1,train
2026-07-28 00:00:00+07:00,SKU-001,2.0,33.0,1,83.0,1,127.0,1,train
2026-07-28 01:00:00+07:00,SKU-001,3.0,30.0,1,81.0,1,124.0,1,train
2026-07-28 02:00:00+07:00,SKU-001,0.0,30.0,1,82.0,1,124.0,1,train
2026-07-28 03:00:00+07:00,SKU-001,0.0,30.0,1,83.0,1,124.0,1,train
2026-07-28 04:00:00+07:00,SKU-001,0.0,30.0,1,84.0,1,124.0,1,train
2026-07-28 05:00:00+07:00,SKU-001,1.0,29.0,1,83.0,1,123.0,1,train
2026-07-28 06:00:00+07:00,SKU-001,1.0,28.0,1,84.0,1,122.0,1,train
2026-07-28 07:00:00+07:00,SKU-001,1.0,27.0,1,87.0,1,121.0,1,train
2026-07-28 08:00:00+07:00,SKU-001,13.0,14.0,1,76.0,1,108.0,1,train
2026-07-28 09:00:00+07:00,SKU-001,3.0,11.0,1,78.0,1,105.0,1,train
2026-07-28 10:00:00+07:00,SKU-001,8.0,3.0,1,80.0,1,97.0,1,train
2026-07-28 11:00:00+07:00,SKU-001,3.0,0.0,1,83.0,1,94.0,1,train
2026-07-28 12:00:00+07:00,SKU-001,0.0,0.0,1,89.0,1,94.0,1,train
2026-07-28 13:00:00+07:00,SKU-001,0.0,0.0,1,93.0,1,94.0,1,train
2026-07-28 14:00:00+07:00,SKU-001,0.0,4.0,1,94.0,1,94.0,1,train
2026-07-28 15:00:00+07:00,SKU-001,0.0,11.0,1,94.0,1,94.0,1,train
2026-07-28 16:00:00+07:00,SKU-001,0.0,17.0,1,94.0,1,94.0,1,train
2026-07-28 17:00:00+07:00,SKU-001,0.0,21.0,1,94.0,1,94.0,1,train
2026-07-28 18:00:00+07:00,SKU-001,0.0,28.0,1,94.0,1,106.0,1,train
2026-07-28 19:00:00+07:00,SKU-001,0.0,31.0,1,94.0,1,118.0,1,train
2026-07-28 20:00:00+07:00,SKU-001,0.0,39.0,1,94.0,1,126.0,1,train
2026-07-28 21:00:00+07:00,SKU-001,0.0,43.0,1,94.0,1,131.0,1,train
2026-07-28 22:00:00+07:00,SKU-001,0.0,48.0,1,94.0,1,135.0,1,train
2026-07-28 23:00:00+07:00,SKU-001,0.0,49.0,1,94.0,1,136.0,1,train
2026-07-29 00:00:00+07:00,SKU-001,0.0,50.0,1,94.0,1,136.0,1,train
2026-07-29 01:00:00+07:00,SKU-001,0.0,51.0,1,94.0,1,136.0,1,train
2026-07-29 02:00:00+07:00,SKU-001,0.0,52.0,1,94.0,1,136.0,1,train
2026-07-29 03:00:00+07:00,SKU-001,0.0,53.0,1,94.0,1,138.0,1,train
2026-07-29 04:00:00+07:00,SKU-001,0.0,54.0,1,94.0,1,138.0,1,train
2026-07-29 05:00:00+07:00,SKU-001,0.0,54.0,1,94.0,1,141.0,1,train
2026-07-29 06:00:00+07:00,SKU-001,0.0,56.0,1,94.0,1,144.0,1,train
2026-07-29 07:00:00+07:00,SKU-001,0.0,60.0,1,94.0,1,146.0,1,train
2026-07-29 08:00:00+07:00,SKU-001,0.0,62.0,1,94.0,1,155.0,1,train
2026-07-29 09:00:00+07:00,SKU-001,0.0,67.0,1,94.0,1,163.0,1,train
2026-07-29 10:00:00+07:00,SKU-001,0.0,77.0,1,94.0,1,184.0,1,train
2026-07-29 11:00:00+07:00,SKU-001,0.0,83.0,1,94.0,1,195.0,1,train
2026-07-29 12:00:00+07:00,SKU-001,0.0,89.0,1,94.0,1,199.0,1,train
2026-07-29 13:00:00+07:00,SKU-001,0.0,93.0,0,94.0,1,199.0,1,train
2026-07-29 14:00:00+07:00,SKU-001,4.0,90.0,1,90.0,1,195.0,1,train
2026-07-29 15:00:00+07:00,SKU-001,7.0,83.0,1,83.0,1,188.0,1,train
2026-07-29 16:00:00+07:00,SKU-001,6.0,77.0,1,77.0,1,182.0,1,train
2026-07-29 17:00:00+07:00,SKU-001,4.0,73.0,1,73.0,1,178.0,1,train
2026-07-29 18:00:00+07:00,SKU-001,7.0,66.0,1,78.0,1,171.0,1,train
2026-07-29 19:00:00+07:00,SKU-001,3.0,63.0,1,87.0,1,168.0,1,train
2026-07-29 20:00:00+07:00,SKU-001,8.0,55.0,1,87.0,1,160.0,1,train
2026-07-29 21:00:00+07:00,SKU-001,4.0,51.0,1,88.0,1,156.0,1,train
2026-07-29 22:00:00+07:00,SKU-001,5.0,46.0,1,87.0,1,151.0,1,train
2026-07-29 23:00:00+07:00,SKU-001,1.0,45.0,1,87.0,1,150.0,1,train
2026-07-30 00:00:00+07:00,SKU-001,1.0,44.0,1,86.0,1,149.0,1,train
2026-07-30 01:00:00+07:00,SKU-001,1.0,43.0,1,85.0,1,148.0,1,train
2026-07-30 02:00:00+07:00,SKU-001,1.0,42.0,1,84.0,1,147.0,1,train
2026-07-30 03:00:00+07:00,SKU-001,1.0,41.0,1,85.0,1,146.0,1,train
2026-07-30 04:00:00+07:00,SKU-001,1.0,40.0,1,84.0,1,145.0,1,train
2026-07-30 05:00:00+07:00,SKU-001,0.0,40.0,1,87.0,1,145.0,1,train
2026-07-30 06:00:00+07:00,SKU-001,2.0,38.0,1,88.0,1,143.0,1,train
2026-07-30 07:00:00+07:00,SKU-001,4.0,34.0,1,86.0,1,139.0,1,train
2026-07-30 08:00:00+07:00,SKU-001,2.0,32.0,1,93.0,1,137.0,1,train
2026-07-30 09:00:00+07:00,SKU-001,5.0,27.0,1,96.0,1,132.0,1,train
2026-07-30 10:00:00+07:00,SKU-001,10.0,17.0,1,107.0,1,122.0,1,train
2026-07-30 11:00:00+07:00,SKU-001,6.0,11.0,1,112.0,1,116.0,1,train
2026-07-30 12:00:00+07:00,SKU-001,6.0,5.0,1,110.0,1,110.0,1,train
2026-07-30 13:00:00+07:00,SKU-001,4.0,1.0,1,106.0,1,106.0,1,train
2026-07-30 14:00:00+07:00,SKU-001,1.0,0.0,1,105.0,1,107.0,1,train
2026-07-30 15:00:00+07:00,SKU-001,0.0,0.0,1,105.0,1,118.0,1,train
2026-07-30 16:00:00+07:00,SKU-001,0.0,0.0,1,105.0,1,125.0,1,train
2026-07-30 17:00:00+07:00,SKU-001,0.0,0.0,1,105.0,1,131.0,1,train
2026-07-30 18:00:00+07:00,SKU-001,0.0,12.0,1,105.0,1,138.0,1,train
2026-07-30 19:00:00+07:00,SKU-001,0.0,24.0,1,105.0,1,148.0,1,train
2026-07-30 20:00:00+07:00,SKU-001,0.0,32.0,1,105.0,1,166.0,1,train
2026-07-30 21:00:00+07:00,SKU-001,0.0,37.0,1,105.0,1,175.0,1,train
2026-07-30 22:00:00+07:00,SKU-001,0.0,41.0,1,105.0,1,177.0,1,train
2026-07-30 23:00:00+07:00,SKU-001,0.0,42.0,1,105.0,1,179.0,1,train
2026-07-31 00:00:00+07:00,SKU-001,0.0,42.0,1,105.0,1,180.0,1,train
2026-07-31 01:00:00+07:00,SKU-001,0.0,42.0,1,105.0,1,181.0,1,train
2026-07-31 02:00:00+07:00,SKU-001,0.0,42.0,1,105.0,1,181.0,1,train
2026-07-31 03:00:00+07:00,SKU-001,0.0,44.0,1,105.0,1,181.0,1,train
2026-07-31 04:00:00+07:00,SKU-001,0.0,44.0,1,105.0,1,181.0,1,train
2026-07-31 05:00:00+07:00,SKU-001,0.0,47.0,1,105.0,1,184.0,1,train
2026-07-31 06:00:00+07:00,SKU-001,0.0,50.0,1,105.0,1,184.0,1,train
2026-07-31 07:00:00+07:00,SKU-001,0.0,52.0,1,105.0,1,188.0,1,train
2026-07-31 08:00:00+07:00,SKU-001,0.0,61.0,1,105.0,1,192.0,1,train
2026-07-31 09:00:00+07:00,SKU-001,0.0,69.0,1,105.0,1,194.0,1,train
2026-07-31 10:00:00+07:00,SKU-001,0.0,90.0,1,105.0,1,194.0,1,train
2026-07-31 11:00:00+07:00,SKU-001,0.0,101.0,1,105.0,1,194.0,1,train
2026-07-31 12:00:00+07:00,SKU-001,0.0,105.0,1,105.0,1,194.0,1,train
2026-07-31 13:00:00+07:00,SKU-001,0.0,105.0,1,105.0,1,194.0,1,train
2026-07-31 14:00:00+07:00,SKU-001,0.0,105.0,1,107.0,1,194.0,1,train
2026-07-31 15:00:00+07:00,SKU-001,0.0,105.0,1,118.0,1,194.0,1,train
2026-07-31 16:00:00+07:00,SKU-001,0.0,105.0,1,125.0,1,194.0,1,train
2026-07-31 17:00:00+07:00,SKU-001,0.0,105.0,1,131.0,1,194.0,1,train
2026-07-31 18:00:00+07:00,SKU-001,12.0,93.0,1,126.0,1,182.0,1,train
2026-07-31 19:00:00+07:00,SKU-001,12.0,81.0,1,124.0,1,170.0,1,train
2026-07-31 20:00:00+07:00,SKU-001,8.0,73.0,1,134.0,1,162.0,1,train
2026-07-31 21:00:00+07:00,SKU-001,5.0,68.0,1,138.0,1,157.0,1,train
2026-07-31 22:00:00+07:00,SKU-001,4.0,64.0,1,136.0,1,153.0,1,train
2026-07-31 23:00:00+07:00,SKU-001,1.0,63.0,1,137.0,1,152.0,1,train
2026-08-01 00:00:00+07:00,SKU-001,0.0,63.0,1,138.0,1,152.0,1,train
2026-08-01 01:00:00+07:00,SKU-001,0.0,63.0,1,139.0,1,152.0,1,train
2026-08-01 02:00:00+07:00,SKU-001,0.0,63.0,1,139.0,1,152.0,1,train
2026-08-01 03:00:00+07:00,SKU-001,2.0,61.0,1,137.0,1,150.0,1,train
2026-08-01 04:00:00+07:00,SKU-001,0.0,61.0,1,137.0,1,150.0,1,train
2026-08-01 05:00:00+07:00,SKU-001,3.0,58.0,1,137.0,1,147.0,1,train
2026-08-01 06:00:00+07:00,SKU-001,3.0,55.0,1,134.0,1,144.0,1,train
2026-08-01 07:00:00+07:00,SKU-001,2.0,53.0,1,136.0,1,142.0,1,train
2026-08-01 08:00:00+07:00,SKU-001,9.0,44.0,1,131.0,1,133.0,1,train
2026-08-01 09:00:00+07:00,SKU-001,8.0,36.0,1,125.0,1,125.0,1,train
2026-08-01 10:00:00+07:00,SKU-001,21.0,15.0,1,104.0,1,104.0,1,train
2026-08-01 11:00:00+07:00,SKU-001,11.0,4.0,1,93.0,1,93.0,1,train
2026-08-01 12:00:00+07:00,SKU-001,4.0,0.0,1,89.0,1,89.0,1,train
2026-08-01 13:00:00+07:00,SKU-001,0.0,0.0,1,89.0,1,89.0,1,train
2026-08-01 14:00:00+07:00,SKU-001,0.0,2.0,1,89.0,1,97.0,1,train
2026-08-01 15:00:00+07:00,SKU-001,0.0,13.0,1,89.0,1,101.0,1,train
2026-08-01 16:00:00+07:00,SKU-001,0.0,20.0,1,89.0,1,103.0,1,train
2026-08-01 17:00:00+07:00,SKU-001,0.0,26.0,1,89.0,1,110.0,1,train
2026-08-01 18:00:00+07:00,SKU-001,0.0,33.0,1,89.0,1,116.0,1,train
2026-08-01 19:00:00+07:00,SKU-001,0.0,43.0,1,89.0,1,122.0,1,train
2026-08-01 20:00:00+07:00,SKU-001,0.0,61.0,1,89.0,1,125.0,1,train
2026-08-01 21:00:00+07:00,SKU-001,0.0,70.0,1,89.0,1,130.0,1,train
2026-08-01 22:00:00+07:00,SKU-001,0.0,72.0,1,89.0,1,136.0,1,train
2026-08-01 23:00:00+07:00,SKU-001,0.0,74.0,1,89.0,1,142.0,1,train
2026-08-02 00:00:00+07:00,SKU-001,0.0,75.0,1,89.0,1,144.0,1,train
2026-08-02 01:00:00+07:00,SKU-001,0.0,76.0,1,89.0,1,144.0,1,train
2026-08-02 02:00:00+07:00,SKU-001,0.0,76.0,1,89.0,1,144.0,1,train
2026-08-02 03:00:00+07:00,SKU-001,0.0,76.0,1,89.0,1,144.0,1,train
2026-08-02 04:00:00+07:00,SKU-001,0.0,76.0,1,89.0,1,144.0,1,train
2026-08-02 05:00:00+07:00,SKU-001,0.0,79.0,1,89.0,1,144.0,1,train
2026-08-02 06:00:00+07:00,SKU-001,0.0,79.0,1,89.0,1,145.0,1,train
2026-08-02 07:00:00+07:00,SKU-001,0.0,83.0,1,89.0,1,145.0,1,train
2026-08-02 08:00:00+07:00,SKU-001,0.0,87.0,1,89.0,1,147.0,1,train
2026-08-02 09:00:00+07:00,SKU-001,0.0,89.0,1,89.0,1,155.0,1,train
2026-08-02 10:00:00+07:00,SKU-001,0.0,89.0,1,89.0,1,156.0,1,train
2026-08-02 11:00:00+07:00,SKU-001,0.0,89.0,1,89.0,1,166.0,1,train
2026-08-02 12:00:00+07:00,SKU-001,0.0,89.0,1,89.0,1,171.0,1,train
2026-08-02 13:00:00+07:00,SKU-001,0.0,89.0,1,89.0,1,176.0,1,train
2026-08-02 14:00:00+07:00,SKU-001,2.0,87.0,1,95.0,1,178.0,1,train
2026-08-02 15:00:00+07:00,SKU-001,11.0,76.0,1,88.0,1,170.0,1,train
2026-08-02 16:00:00+07:00,SKU-001,7.0,69.0,1,83.0,1,169.0,1,train
2026-08-02 17:00:00+07:00,SKU-001,6.0,63.0,1,84.0,1,166.0,1,train
2026-08-02 18:00:00+07:00,SKU-001,7.0,56.0,1,83.0,1,162.0,1,train
2026-08-02 19:00:00+07:00,SKU-001,10.0,46.0,1,79.0,1,154.0,1,train
2026-08-02 20:00:00+07:00,SKU-001,18.0,28.0,1,64.0,1,136.0,1,train
2026-08-02 21:00:00+07:00,SKU-001,9.0,19.0,1,60.0,1,127.0,1,train
2026-08-02 22:00:00+07:00,SKU-001,2.0,17.0,1,64.0,1,125.0,1,train
2026-08-02 23:00:00+07:00,SKU-001,2.0,15.0,1,68.0,1,123.0,1,train
2026-08-03 00:00:00+07:00,SKU-001,1.0,14.0,1,69.0,1,122.0,1,train
2026-08-03 01:00:00+07:00,SKU-001,1.0,13.0,1,68.0,1,121.0,1,train
2026-08-03 02:00:00+07:00,SKU-001,0.0,13.0,1,68.0,1,121.0,1,train
2026-08-03 03:00:00+07:00,SKU-001,0.0,13.0,1,68.0,1,121.0,1,train
2026-08-03 04:00:00+07:00,SKU-001,0.0,13.0,1,68.0,1,121.0,1,train
2026-08-03 05:00:00+07:00,SKU-001,3.0,10.0,1,65.0,1,118.0,1,train
2026-08-03 06:00:00+07:00,SKU-001,0.0,10.0,1,66.0,1,118.0,1,train
2026-08-03 07:00:00+07:00,SKU-001,4.0,6.0,1,62.0,1,114.0,1,train
2026-08-03 08:00:00+07:00,SKU-001,4.0,2.0,1,60.0,1,110.0,1,train
2026-08-03 09:00:00+07:00,SKU-001,2.0,0.0,1,66.0,1,108.0,1,train
2026-08-03 10:00:00+07:00,SKU-001,0.0,0.0,1,67.0,1,108.0,1,train
2026-08-03 11:00:00+07:00,SKU-001,0.0,0.0,1,77.0,1,108.0,1,train
2026-08-03 12:00:00+07:00,SKU-001,0.0,0.0,1,82.0,1,108.0,1,train
2026-08-03 13:00:00+07:00,SKU-001,0.0,0.0,1,87.0,1,108.0,1,train
2026-08-03 14:00:00+07:00,SKU-001,0.0,8.0,1,91.0,1,108.0,1,train
2026-08-03 15:00:00+07:00,SKU-001,0.0,12.0,1,94.0,1,108.0,1,train
2026-08-03 16:00:00+07:00,SKU-001,0.0,14.0,1,100.0,1,108.0,1,train
2026-08-03 17:00:00+07:00,SKU-001,0.0,21.0,1,103.0,1,108.0,1,train
2026-08-03 18:00:00+07:00,SKU-001,0.0,27.0,1,106.0,1,108.0,1,train
2026-08-03 19:00:00+07:00,SKU-001,0.0,33.0,1,108.0,1,108.0,1,train
2026-08-03 20:00:00+07:00,SKU-001,0.0,36.0,1,108.0,1,108.0,1,train
2026-08-03 21:00:00+07:00,SKU-001,0.0,41.0,1,108.0,1,108.0,1,train
2026-08-03 22:00:00+07:00,SKU-001,0.0,47.0,1,108.0,1,108.0,1,train
2026-08-03 23:00:00+07:00,SKU-001,0.0,53.0,1,108.0,1,108.0,1,train
2026-08-04 00:00:00+07:00,SKU-001,0.0,55.0,1,108.0,1,110.0,1,train
2026-08-04 01:00:00+07:00,SKU-001,0.0,55.0,1,108.0,1,110.0,1,train
2026-08-04 02:00:00+07:00,SKU-001,0.0,55.0,1,108.0,1,110.0,1,train
2026-08-04 03:00:00+07:00,SKU-001,0.0,55.0,1,108.0,1,110.0,1,train
2026-08-04 04:00:00+07:00,SKU-001,0.0,55.0,1,108.0,1,111.0,1,train
2026-08-04 05:00:00+07:00,SKU-001,0.0,55.0,1,108.0,1,112.0,1,train
2026-08-04 06:00:00+07:00,SKU-001,0.0,56.0,1,108.0,1,112.0,1,train
2026-08-04 07:00:00+07:00,SKU-001,0.0,56.0,1,108.0,1,120.0,1,train
2026-08-04 08:00:00+07:00,SKU-001,0.0,58.0,1,108.0,1,125.0,1,train
2026-08-04 09:00:00+07:00,SKU-001,0.0,66.0,1,108.0,1,126.0,1,train
2026-08-04 10:00:00+07:00,SKU-001,0.0,67.0,1,108.0,1,129.0,1,train
2026-08-04 11:00:00+07:00,SKU-001,0.0,77.0,1,108.0,1,135.0,1,train
2026-08-04 12:00:00+07:00,SKU-001,0.0,82.0,1,108.0,1,139.0,1,train
2026-08-04 13:00:00+07:00,SKU-001,0.0,87.0,0,108.0,1,144.0,1,train
2026-08-04 14:00:00+07:00,SKU-001,8.0,83.0,0,100.0,1,139.0,1,train
2026-08-04 15:00:00+07:00,SKU-001,4.0,82.0,0,96.0,1,141.0,1,train
2026-08-04 16:00:00+07:00,SKU-001,2.0,86.0,0,94.0,1,142.0,1,train
2026-08-04 17:00:00+07:00,SKU-001,7.0,82.0,0,87.0,1,135.0,1,train
2026-08-04 18:00:00+07:00,SKU-001,6.0,79.0,0,81.0,1,139.0,1,train
2026-08-04 19:00:00+07:00,SKU-001,6.0,75.0,0,75.0,1,144.0,1,train
2026-08-04 20:00:00+07:00,SKU-001,3.0,72.0,1,72.0,1,145.0,1,train
2026-08-04 21:00:00+07:00,SKU-001,5.0,67.0,1,67.0,1,146.0,1,train
2026-08-04 22:00:00+07:00,SKU-001,6.0,61.0,1,61.0,1,146.0,1,train
2026-08-04 23:00:00+07:00,SKU-001,6.0,55.0,1,55.0,1,142.0,1,train
2026-08-05 00:00:00+07:00,SKU-001,2.0,53.0,1,55.0,1,140.0,1,train
2026-08-05 01:00:00+07:00,SKU-001,0.0,53.0,1,55.0,1,140.0,1,train
2026-08-05 02:00:00+07:00,SKU-001,0.0,53.0,1,55.0,1,141.0,1,train
2026-08-05 03:00:00+07:00,SKU-001,0.0,53.0,1,55.0,1,141.0,1,train
2026-08-05 04:00:00+07:00,SKU-001,0.0,53.0,1,56.0,1,141.0,1,train
2026-08-05 05:00:00+07:00,SKU-001,0.0,53.0,1,57.0,1,141.0,1,train
2026-08-05 06:00:00+07:00,SKU-001,1.0,52.0,1,56.0,1,141.0,1,train
2026-08-05 07:00:00+07:00,SKU-001,0.0,52.0,1,64.0,1,143.0,1,train
2026-08-05 08:00:00+07:00,SKU-001,2.0,50.0,1,67.0,1,141.0,1,train
2026-08-05 09:00:00+07:00,SKU-001,8.0,42.0,1,60.0,1,142.0,1,train
2026-08-05 10:00:00+07:00,SKU-001,1.0,41.0,1,62.0,1,149.0,1,train
2026-08-05 11:00:00+07:00,SKU-001,10.0,31.0,1,58.0,1,143.0,1,train
2026-08-05 12:00:00+07:00,SKU-001,5.0,26.0,1,57.0,1,143.0,1,train
2026-08-05 13:00:00+07:00,SKU-001,5.0,21.0,1,57.0,1,143.0,1,train
2026-08-05 14:00:00+07:00,SKU-001,4.0,17.0,1,56.0,1,144.0,1,train
2026-08-05 15:00:00+07:00,SKU-001,3.0,14.0,1,59.0,1,144.0,1,train
2026-08-05 16:00:00+07:00,SKU-001,6.0,8.0,1,56.0,1,141.0,1,train
2026-08-05 17:00:00+07:00,SKU-001,3.0,5.0,1,53.0,1,139.0,1,train
2026-08-05 18:00:00+07:00,SKU-001,3.0,2.0,1,60.0,1,143.0,1,train
2026-08-05 19:00:00+07:00,SKU-001,2.0,0.0,1,69.0,1,148.0,1,train
2026-08-05 20:00:00+07:00,SKU-001,0.0,0.0,1,73.0,1,153.0,1,train
2026-08-05 21:00:00+07:00,SKU-001,0.0,0.0,1,79.0,1,158.0,1,train
2026-08-05 22:00:00+07:00,SKU-001,0.0,0.0,1,85.0,1,160.0,1,train
2026-08-05 23:00:00+07:00,SKU-001,0.0,0.0,1,87.0,1,160.0,1,train
2026-08-06 00:00:00+07:00,SKU-001,0.0,2.0,1,87.0,1,162.0,1,train
2026-08-06 01:00:00+07:00,SKU-001,0.0,2.0,1,87.0,1,163.0,1,train
2026-08-06 02:00:00+07:00,SKU-001,0.0,2.0,1,88.0,1,163.0,1,train
2026-08-06 03:00:00+07:00,SKU-001,0.0,2.0,1,88.0,1,163.0,1,train
2026-08-06 04:00:00+07:00,SKU-001,0.0,3.0,1,88.0,1,163.0,1,train
2026-08-06 05:00:00+07:00,SKU-001,0.0,4.0,1,88.0,1,164.0,1,train
2026-08-06 06:00:00+07:00,SKU-001,0.0,4.0,1,89.0,1,166.0,1,train
2026-08-06 07:00:00+07:00,SKU-001,0.0,12.0,1,91.0,1,168.0,1,train
2026-08-06 08:00:00+07:00,SKU-001,0.0,17.0,1,91.0,1,175.0,1,train
2026-08-06 09:00:00+07:00,SKU-001,0.0,18.0,1,100.0,1,177.0,1,train
2026-08-06 10:00:00+07:00,SKU-001,0.0,21.0,1,108.0,1,182.0,1,train
2026-08-06 11:00:00+07:00,SKU-001,0.0,27.0,1,112.0,1,184.0,1,train
2026-08-06 12:00:00+07:00,SKU-001,0.0,31.0,1,117.0,1,184.0,1,train
2026-08-06 13:00:00+07:00,SKU-001,0.0,36.0,1,122.0,1,184.0,1,train
2026-08-06 14:00:00+07:00,SKU-001,0.0,39.0,1,127.0,1,184.0,1,train
2026-08-06 15:00:00+07:00,SKU-001,0.0,45.0,1,130.0,1,184.0,1,train
2026-08-06 16:00:00+07:00,SKU-001,0.0,48.0,1,133.0,1,184.0,1,train
2026-08-06 17:00:00+07:00,SKU-001,0.0,48.0,1,134.0,1,184.0,1,train
2026-08-06 18:00:00+07:00,SKU-001,0.0,58.0,1,141.0,1,184.0,1,train
2026-08-06 19:00:00+07:00,SKU-001,0.0,69.0,1,148.0,1,184.0,1,train
2026-08-06 20:00:00+07:00,SKU-001,0.0,73.0,1,153.0,1,184.0,1,train
2026-08-06 21:00:00+07:00,SKU-001,0.0,79.0,1,158.0,1,184.0,1,train
2026-08-06 22:00:00+07:00,SKU-001,0.0,85.0,0,160.0,0,184.0,1,train
2026-08-06 23:00:00+07:00,SKU-001,0.0,87.0,0,160.0,0,184.0,1,train
2026-08-07 00:00:00+07:00,SKU-001,2.0,85.0,0,160.0,0,182.0,1,train
2026-08-07 01:00:00+07:00,SKU-001,0.0,85.0,0,161.0,0,182.0,1,train
2026-08-07 02:00:00+07:00,SKU-001,0.0,86.0,0,161.0,0,182.0,1,train
2026-08-07 03:00:00+07:00,SKU-001,0.0,86.0,0,161.0,0,182.0,1,train
2026-08-07 04:00:00+07:00,SKU-001,1.0,85.0,0,160.0,0,181.0,1,train
2026-08-07 05:00:00+07:00,SKU-001,1.0,84.0,0,160.0,0,180.0,1,train
2026-08-07 06:00:00+07:00,SKU-001,0.0,85.0,0,162.0,0,180.0,1,train
2026-08-07 07:00:00+07:00,SKU-001,8.0,79.0,0,156.0,0,172.0,1,train
2026-08-07 08:00:00+07:00,SKU-001,5.0,74.0,0,158.0,0,167.0,1,train
2026-08-07 09:00:00+07:00,SKU-001,1.0,82.0,0,159.0,0,166.0,1,train
2026-08-07 10:00:00+07:00,SKU-001,3.0,87.0,0,161.0,0,163.0,1,train
2026-08-07 11:00:00+07:00,SKU-001,6.0,85.0,0,157.0,1,157.0,1,train
2026-08-07 12:00:00+07:00,SKU-001,4.0,86.0,0,153.0,1,153.0,1,train
2026-08-07 13:00:00+07:00,SKU-001,5.0,86.0,0,148.0,1,148.0,1,train
2026-08-07 14:00:00+07:00,SKU-001,3.0,88.0,0,145.0,1,148.0,1,train
2026-08-07 15:00:00+07:00,SKU-001,6.0,85.0,0,139.0,1,143.0,1,train
2026-08-07 16:00:00+07:00,SKU-001,3.0,85.0,0,136.0,1,142.0,1,train
2026-08-07 17:00:00+07:00,SKU-001,0.0,86.0,0,136.0,1,148.0,1,train
2026-08-07 18:00:00+07:00,SKU-001,10.0,83.0,0,126.0,1,142.0,1,train
2026-08-07 19:00:00+07:00,SKU-001,11.0,79.0,0,115.0,1,139.0,1,train
2026-08-07 20:00:00+07:00,SKU-001,4.0,80.0,0,111.0,1,141.0,1,train
2026-08-07 21:00:00+07:00,SKU-001,6.0,79.0,0,105.0,1,145.0,1,train
2026-08-07 22:00:00+07:00,SKU-001,6.0,75.0,0,99.0,1,143.0,1,train
2026-08-07 23:00:00+07:00,SKU-001,2.0,73.0,0,97.0,1,144.0,1,train
2026-08-08 00:00:00+07:00,SKU-001,0.0,75.0,0,97.0,1,144.0,1,train
2026-08-08 01:00:00+07:00,SKU-001,0.0,76.0,0,97.0,1,146.0,1,train
2026-08-08 02:00:00+07:00,SKU-001,1.0,75.0,0,96.0,1,146.0,1,train
2026-08-08 03:00:00+07:00,SKU-001,0.0,75.0,0,96.0,1,147.0,1,train
2026-08-08 04:00:00+07:00,SKU-001,0.0,75.0,0,96.0,1,147.0,1,train
2026-08-08 05:00:00+07:00,SKU-001,0.0,76.0,0,96.0,1,147.0,1,train
2026-08-08 06:00:00+07:00,SKU-001,1.0,77.0,0,95.0,1,147.0,1,train
2026-08-08 07:00:00+07:00,SKU-001,2.0,77.0,0,93.0,1,146.0,1,train
2026-08-08 08:00:00+07:00,SKU-001,0.0,84.0,0,93.0,1,150.0,1,train
2026-08-08 09:00:00+07:00,SKU-001,9.0,77.0,0,84.0,1,148.0,1,train
2026-08-08 10:00:00+07:00,SKU-001,8.0,74.0,0,76.0,1,143.0,1,train
2026-08-08 11:00:00+07:00,SKU-001,4.0,72.0,1,72.0,1,143.0,1,train
2026-08-08 12:00:00+07:00,SKU-001,5.0,67.0,1,67.0,1,145.0,1,train
2026-08-08 13:00:00+07:00,SKU-001,5.0,62.0,1,62.0,1,144.0,1,train
2026-08-08 14:00:00+07:00,SKU-001,5.0,57.0,1,60.0,1,140.0,1,train
2026-08-08 15:00:00+07:00,SKU-001,3.0,54.0,1,58.0,1,141.0,1,train
2026-08-08 16:00:00+07:00,SKU-001,3.0,51.0,1,57.0,1,142.0,1,train
2026-08-08 17:00:00+07:00,SKU-001,1.0,50.0,1,62.0,1,147.0,1,train
2026-08-08 18:00:00+07:00,SKU-001,7.0,43.0,1,59.0,1,148.0,1,train
2026-08-08 19:00:00+07:00,SKU-001,7.0,36.0,1,60.0,1,148.0,1,train
2026-08-08 20:00:00+07:00,SKU-001,5.0,31.0,1,61.0,1,149.0,1,train
2026-08-08 21:00:00+07:00,SKU-001,5.0,26.0,1,66.0,1,144.0,1,train
2026-08-08 22:00:00+07:00,SKU-001,2.0,24.0,1,68.0,1,142.0,1,train
2026-08-08 23:00:00+07:00,SKU-001,0.0,24.0,1,71.0,1,142.0,1,train
2026-08-09 00:00:00+07:00,SKU-001,2.0,22.0,1,69.0,1,140.0,1,train
2026-08-09 01:00:00+07:00,SKU-001,1.0,21.0,1,70.0,1,139.0,1,train
2026-08-09 02:00:00+07:00,SKU-001,0.0,21.0,1,71.0,1,139.0,1,train
2026-08-09 03:00:00+07:00,SKU-001,0.0,21.0,1,72.0,1,139.0,1,train
2026-08-09 04:00:00+07:00,SKU-001,0.0,21.0,1,72.0,1,139.0,1,train
2026-08-09 05:00:00+07:00,SKU-001,1.0,20.0,1,71.0,1,138.0,1,train
2026-08-09 06:00:00+07:00,SKU-001,2.0,18.0,1,70.0,1,136.0,1,train
2026-08-09 07:00:00+07:00,SKU-001,2.0,16.0,1,69.0,1,134.0,1,train
2026-08-09 08:00:00+07:00,SKU-001,7.0,9.0,1,66.0,1,127.0,1,train
2026-08-09 09:00:00+07:00,SKU-001,2.0,7.0,1,71.0,1,125.0,1,train
2026-08-09 10:00:00+07:00,SKU-001,5.0,2.0,1,69.0,1,120.0,1,train
2026-08-09 11:00:00+07:00,SKU-001,2.0,0.0,1,71.0,1,118.0,1,train
2026-08-09 12:00:00+07:00,SKU-001,0.0,0.0,1,78.0,1,118.0,1,train
2026-08-09 13:00:00+07:00,SKU-001,0.0,0.0,1,82.0,1,118.0,1,train
2026-08-09 14:00:00+07:00,SKU-001,0.0,3.0,1,83.0,1,133.0,1,train
2026-08-09 15:00:00+07:00,SKU-001,0.0,4.0,1,87.0,1,144.0,1,train
2026-08-09 16:00:00+07:00,SKU-001,0.0,6.0,1,91.0,1,163.0,1,train
2026-08-09 17:00:00+07:00,SKU-001,0.0,12.0,1,97.0,1,171.0,1,train
2026-08-09 18:00:00+07:00,SKU-001,0.0,16.0,1,105.0,1,199.0,1,train
2026-08-09 19:00:00+07:00,SKU-001,0.0,24.0,1,112.0,1,220.0,1,train
2026-08-09 20:00:00+07:00,SKU-001,0.0,30.0,1,118.0,1,223.0,1,train
2026-08-09 21:00:00+07:00,SKU-001,0.0,40.0,1,118.0,1,237.0,1,train
2026-08-09 22:00:00+07:00,SKU-001,0.0,44.0,1,118.0,1,242.0,1,train
2026-08-09 23:00:00+07:00,SKU-001,0.0,47.0,1,118.0,1,242.0,1,train
2026-08-10 00:00:00+07:00,SKU-001,0.0,47.0,1,118.0,1,242.0,1,train
2026-08-10 01:00:00+07:00,SKU-001,0.0,49.0,1,118.0,1,242.0,1,train
2026-08-10 02:00:00+07:00,SKU-001,0.0,50.0,1,118.0,1,242.0,1,train
2026-08-10 03:00:00+07:00,SKU-001,0.0,51.0,1,118.0,1,242.0,1,train
2026-08-10 04:00:00+07:00,SKU-001,0.0,51.0,1,118.0,1,242.0,1,train
2026-08-10 05:00:00+07:00,SKU-001,0.0,51.0,1,118.0,1,242.0,1,train
2026-08-10 06:00:00+07:00,SKU-001,0.0,52.0,1,118.0,1,242.0,1,train
2026-08-10 07:00:00+07:00,SKU-001,0.0,53.0,1,118.0,1,242.0,1,train
2026-08-10 08:00:00+07:00,SKU-001,0.0,57.0,1,118.0,1,242.0,1,train
2026-08-10 09:00:00+07:00,SKU-001,0.0,64.0,1,118.0,1,242.0,1,train
2026-08-10 10:00:00+07:00,SKU-001,0.0,67.0,1,118.0,1,242.0,1,train
2026-08-10 11:00:00+07:00,SKU-001,0.0,71.0,1,118.0,1,242.0,1,train
2026-08-10 12:00:00+07:00,SKU-001,0.0,78.0,1,118.0,1,242.0,1,train
2026-08-10 13:00:00+07:00,SKU-001,0.0,82.0,0,118.0,1,242.0,1,train
2026-08-10 14:00:00+07:00,SKU-001,3.0,80.0,0,130.0,1,239.0,1,train
2026-08-10 15:00:00+07:00,SKU-001,1.0,83.0,0,140.0,1,238.0,1,train
2026-08-10 16:00:00+07:00,SKU-001,2.0,85.0,0,157.0,1,236.0,1,train
2026-08-10 17:00:00+07:00,SKU-001,6.0,85.0,0,159.0,1,230.0,1,train
2026-08-10 18:00:00+07:00,SKU-001,4.0,89.0,0,183.0,1,226.0,1,train
2026-08-10 19:00:00+07:00,SKU-001,8.0,88.0,0,196.0,1,218.0,1,train
2026-08-10 20:00:00+07:00,SKU-001,6.0,88.0,1,193.0,1,212.0,1,train
2026-08-10 21:00:00+07:00,SKU-001,10.0,78.0,1,197.0,1,202.0,1,train
2026-08-10 22:00:00+07:00,SKU-001,4.0,74.0,1,198.0,1,198.0,1,train
2026-08-10 23:00:00+07:00,SKU-001,3.0,71.0,1,195.0,1,195.0,1,train
2026-08-11 00:00:00+07:00,SKU-001,0.0,71.0,1,195.0,1,195.0,1,train
2026-08-11 01:00:00+07:00,SKU-001,2.0,69.0,1,193.0,1,193.0,1,train
2026-08-11 02:00:00+07:00,SKU-001,1.0,68.0,1,192.0,1,192.0,1,train
2026-08-11 03:00:00+07:00,SKU-001,1.0,67.0,1,191.0,1,191.0,1,train
2026-08-11 04:00:00+07:00,SKU-001,0.0,67.0,1,191.0,1,191.0,1,train
2026-08-11 05:00:00+07:00,SKU-001,0.0,67.0,1,191.0,1,191.0,1,train
2026-08-11 06:00:00+07:00,SKU-001,1.0,66.0,1,190.0,1,190.0,1,train
2026-08-11 07:00:00+07:00,SKU-001,1.0,65.0,1,189.0,1,189.0,1,train
2026-08-11 08:00:00+07:00,SKU-001,4.0,61.0,1,185.0,1,185.0,1,train
2026-08-11 09:00:00+07:00,SKU-001,7.0,54.0,1,178.0,1,178.0,1,train
2026-08-11 10:00:00+07:00,SKU-001,3.0,51.0,1,175.0,1,175.0,1,train
2026-08-11 11:00:00+07:00,SKU-001,4.0,47.0,1,171.0,1,171.0,1,train
2026-08-11 12:00:00+07:00,SKU-001,7.0,40.0,1,164.0,1,164.0,1,train
2026-08-11 13:00:00+07:00,SKU-001,4.0,36.0,1,160.0,1,160.0,1,train
2026-08-11 14:00:00+07:00,SKU-001,1.0,50.0,1,159.0,1,163.0,1,train
2026-08-11 15:00:00+07:00,SKU-001,4.0,57.0,1,155.0,1,170.0,1,train
2026-08-11 16:00:00+07:00,SKU-001,4.0,72.0,1,151.0,1,176.0,1,train
2026-08-11 17:00:00+07:00,SKU-001,6.0,74.0,1,145.0,1,182.0,1,train
2026-08-11 18:00:00+07:00,SKU-001,8.0,94.0,1,137.0,1,178.0,1,train
2026-08-11 19:00:00+07:00,SKU-001,7.0,108.0,1,130.0,1,180.0,1,train
2026-08-11 20:00:00+07:00,SKU-001,6.0,105.0,1,124.0,1,188.0,1,train
2026-08-11 21:00:00+07:00,SKU-001,0.0,119.0,1,124.0,1,189.0,1,train
2026-08-11 22:00:00+07:00,SKU-001,0.0,124.0,1,124.0,1,189.0,1,train
2026-08-11 23:00:00+07:00,SKU-001,0.0,124.0,1,124.0,1,189.0,1,train
2026-08-12 00:00:00+07:00,SKU-001,0.0,124.0,1,124.0,1,189.0,1,train
2026-08-12 01:00:00+07:00,SKU-001,0.0,124.0,1,124.0,1,189.0,1,train
2026-08-12 02:00:00+07:00,SKU-001,0.0,124.0,1,124.0,1,189.0,1,train
2026-08-12 03:00:00+07:00,SKU-001,0.0,124.0,1,124.0,1,189.0,1,train
2026-08-12 04:00:00+07:00,SKU-001,0.0,124.0,1,124.0,1,189.0,1,train
2026-08-12 05:00:00+07:00,SKU-001,0.0,124.0,1,124.0,1,189.0,1,train
2026-08-12 06:00:00+07:00,SKU-001,0.0,124.0,1,124.0,1,189.0,1,train
2026-08-12 07:00:00+07:00,SKU-001,0.0,124.0,1,124.0,1,189.0,1,train
2026-08-12 08:00:00+07:00,SKU-001,0.0,124.0,1,124.0,1,189.0,1,train
2026-08-12 09:00:00+07:00,SKU-001,0.0,124.0,1,124.0,1,189.0,1,train
2026-08-12 10:00:00+07:00,SKU-001,0.0,124.0,1,124.0,1,189.0,1,train
2026-08-12 11:00:00+07:00,SKU-001,0.0,124.0,1,124.0,1,189.0,1,train
2026-08-12 12:00:00+07:00,SKU-001,0.0,124.0,1,124.0,1,189.0,1,train
2026-08-12 13:00:00+07:00,SKU-001,0.0,124.0,1,124.0,1,189.0,1,train
2026-08-12 14:00:00+07:00,SKU-001,15.0,109.0,1,113.0,1,174.0,1,train
2026-08-12 15:00:00+07:00,SKU-001,11.0,98.0,1,113.0,1,163.0,1,train
2026-08-12 16:00:00+07:00,SKU-001,19.0,79.0,1,104.0,1,144.0,1,train
2026-08-12 17:00:00+07:00,SKU-001,8.0,71.0,1,108.0,1,136.0,1,train
2026-08-12 18:00:00+07:00,SKU-001,28.0,43.0,1,84.0,1,108.0,1,train
2026-08-12 19:00:00+07:00,SKU-001,21.0,22.0,1,72.0,1,87.0,1,train
2026-08-12 20:00:00+07:00,SKU-001,3.0,19.0,1,83.0,1,84.0,1,train
2026-08-12 21:00:00+07:00,SKU-001,14.0,5.0,1,70.0,1,70.0,1,train
2026-08-12 22:00:00+07:00,SKU-001,5.0,0.0,1,65.0,1,65.0,1,train
2026-08-12 23:00:00+07:00,SKU-001,0.0,0.0,1,65.0,1,65.0,1,train
2026-08-13 00:00:00+07:00,SKU-001,0.0,0.0,1,65.0,1,65.0,1,train
2026-08-13 01:00:00+07:00,SKU-001,0.0,0.0,1,65.0,1,65.0,1,train
2026-08-13 02:00:00+07:00,SKU-001,0.0,0.0,1,65.0,1,65.0,1,train
2026-08-13 03:00:00+07:00,SKU-001,0.0,0.0,1,65.0,1,65.0,1,train
2026-08-13 04:00:00+07:00,SKU-001,0.0,0.0,1,65.0,1,65.0,1,train
2026-08-13 05:00:00+07:00,SKU-001,0.0,0.0,1,65.0,1,65.0,1,train
2026-08-13 06:00:00+07:00,SKU-001,0.0,0.0,1,65.0,1,65.0,1,train
2026-08-13 07:00:00+07:00,SKU-001,0.0,0.0,1,65.0,1,65.0,1,train
2026-08-13 08:00:00+07:00,SKU-001,0.0,0.0,1,65.0,1,65.0,1,train
2026-08-13 09:00:00+07:00,SKU-001,0.0,0.0,1,65.0,1,65.0,1,train
2026-08-13 10:00:00+07:00,SKU-001,0.0,0.0,1,65.0,1,65.0,1,train
2026-08-13 11:00:00+07:00,SKU-001,0.0,0.0,1,65.0,1,65.0,1,train
2026-08-13 12:00:00+07:00,SKU-001,0.0,0.0,1,65.0,1,65.0,1,train
2026-08-13 13:00:00+07:00,SKU-001,0.0,0.0,1,65.0,1,65.0,1,train
2026-08-13 14:00:00+07:00,SKU-001,0.0,4.0,1,65.0,1,81.0,1,train
2026-08-13 15:00:00+07:00,SKU-001,0.0,15.0,1,65.0,1,93.0,1,train
2026-08-13 16:00:00+07:00,SKU-001,0.0,25.0,1,65.0,1,102.0,1,train
2026-08-13 17:00:00+07:00,SKU-001,0.0,37.0,1,65.0,1,106.0,1,train
2026-08-13 18:00:00+07:00,SKU-001,0.0,41.0,1,65.0,1,109.0,1,train
2026-08-13 19:00:00+07:00,SKU-001,0.0,50.0,1,65.0,1,111.0,1,train
2026-08-13 20:00:00+07:00,SKU-001,0.0,64.0,1,65.0,1,116.0,1,train
2026-08-13 21:00:00+07:00,SKU-001,0.0,65.0,1,65.0,1,118.0,1,train
2026-08-13 22:00:00+07:00,SKU-001,0.0,65.0,1,65.0,1,120.0,1,train
2026-08-13 23:00:00+07:00,SKU-001,0.0,65.0,1,65.0,1,125.0,1,train
2026-08-14 00:00:00+07:00,SKU-001,0.0,65.0,1,65.0,1,126.0,1,train
2026-08-14 01:00:00+07:00,SKU-001,0.0,65.0,1,65.0,1,127.0,1,train
2026-08-14 02:00:00+07:00,SKU-001,0.0,65.0,1,65.0,1,128.0,1,train
2026-08-14 03:00:00+07:00,SKU-001,0.0,65.0,1,65.0,1,128.0,1,train
2026-08-14 04:00:00+07:00,SKU-001,0.0,65.0,1,65.0,1,130.0,1,train
2026-08-14 05:00:00+07:00,SKU-001,0.0,65.0,1,65.0,1,131.0,1,train
2026-08-14 06:00:00+07:00,SKU-001,0.0,65.0,1,65.0,1,133.0,1,train
2026-08-14 07:00:00+07:00,SKU-001,0.0,65.0,1,65.0,1,134.0,1,train
2026-08-14 08:00:00+07:00,SKU-001,0.0,65.0,1,65.0,1,139.0,1,train
2026-08-14 09:00:00+07:00,SKU-001,0.0,65.0,1,65.0,1,142.0,1,train
2026-08-14 10:00:00+07:00,SKU-001,0.0,65.0,1,65.0,1,145.0,1,train
2026-08-14 11:00:00+07:00,SKU-001,0.0,65.0,1,65.0,1,147.0,1,train
2026-08-14 12:00:00+07:00,SKU-001,0.0,65.0,1,65.0,1,155.0,1,train
2026-08-14 13:00:00+07:00,SKU-001,0.0,65.0,1,65.0,1,155.0,1,train
2026-08-14 14:00:00+07:00,SKU-001,4.0,61.0,1,77.0,1,151.0,1,train
2026-08-14 15:00:00+07:00,SKU-001,11.0,50.0,1,78.0,1,140.0,1,train
2026-08-14 16:00:00+07:00,SKU-001,10.0,40.0,1,77.0,1,130.0,1,train
2026-08-14 17:00:00+07:00,SKU-001,12.0,28.0,1,69.0,1,118.0,1,train
2026-08-14 18:00:00+07:00,SKU-001,4.0,24.0,1,68.0,1,114.0,1,train
2026-08-14 19:00:00+07:00,SKU-001,9.0,15.0,1,61.0,1,105.0,1,train
2026-08-14 20:00:00+07:00,SKU-001,14.0,1.0,1,52.0,1,91.0,1,train
2026-08-14 21:00:00+07:00,SKU-001,1.0,0.0,1,53.0,1,90.0,1,train
2026-08-14 22:00:00+07:00,SKU-001,0.0,0.0,1,55.0,1,90.0,1,train
2026-08-14 23:00:00+07:00,SKU-001,0.0,0.0,1,60.0,1,90.0,1,train
2026-08-15 00:00:00+07:00,SKU-001,0.0,0.0,1,61.0,1,90.0,1,train
2026-08-15 01:00:00+07:00,SKU-001,0.0,0.0,1,62.0,1,90.0,1,train
2026-08-15 02:00:00+07:00,SKU-001,0.0,0.0,1,63.0,1,90.0,1,train
2026-08-15 03:00:00+07:00,SKU-001,0.0,0.0,1,63.0,1,90.0,1,train
2026-08-15 04:00:00+07:00,SKU-001,0.0,0.0,1,65.0,1,90.0,1,train
2026-08-15 05:00:00+07:00,SKU-001,0.0,0.0,1,66.0,1,90.0,1,train
2026-08-15 06:00:00+07:00,SKU-001,0.0,0.0,1,68.0,1,90.0,1,train
2026-08-15 07:00:00+07:00,SKU-001,0.0,0.0,1,69.0,1,90.0,1,train
2026-08-15 08:00:00+07:00,SKU-001,0.0,0.0,1,74.0,1,90.0,1,train
2026-08-15 09:00:00+07:00,SKU-001,0.0,0.0,1,77.0,1,90.0,1,train
2026-08-15 10:00:00+07:00,SKU-001,0.0,0.0,1,80.0,1,90.0,1,train
2026-08-15 11:00:00+07:00,SKU-001,0.0,0.0,1,82.0,1,90.0,1,train
2026-08-15 12:00:00+07:00,SKU-001,0.0,0.0,1,90.0,1,90.0,1,train
2026-08-15 13:00:00+07:00,SKU-001,0.0,0.0,1,90.0,1,90.0,1,train
2026-08-15 14:00:00+07:00,SKU-001,0.0,16.0,1,90.0,1,96.0,1,train
2026-08-15 15:00:00+07:00,SKU-001,0.0,28.0,1,90.0,1,102.0,1,train
2026-08-15 16:00:00+07:00,SKU-001,0.0,37.0,1,90.0,1,105.0,1,train
2026-08-15 17:00:00+07:00,SKU-001,0.0,41.0,1,90.0,1,107.0,1,train
2026-08-15 18:00:00+07:00,SKU-001,0.0,44.0,1,90.0,1,113.0,1,train
2026-08-15 19:00:00+07:00,SKU-001,0.0,46.0,1,90.0,1,116.0,1,train
2026-08-15 20:00:00+07:00,SKU-001,0.0,51.0,1,90.0,1,130.0,1,train
2026-08-15 21:00:00+07:00,SKU-001,0.0,53.0,1,90.0,1,134.0,1,train
2026-08-15 22:00:00+07:00,SKU-001,0.0,55.0,1,90.0,1,135.0,1,train
2026-08-15 23:00:00+07:00,SKU-001,0.0,60.0,1,90.0,1,135.0,1,train
2026-08-16 00:00:00+07:00,SKU-001,0.0,61.0,1,90.0,1,135.0,1,train
2026-08-16 01:00:00+07:00,SKU-001,0.0,62.0,1,90.0,1,136.0,1,train
2026-08-16 02:00:00+07:00,SKU-001,0.0,63.0,1,90.0,1,137.0,1,train
2026-08-16 03:00:00+07:00,SKU-001,0.0,63.0,1,90.0,1,139.0,1,train
2026-08-16 04:00:00+07:00,SKU-001,0.0,65.0,1,90.0,1,140.0,1,train
2026-08-16 05:00:00+07:00,SKU-001,0.0,66.0,1,90.0,1,140.0,1,train
2026-08-16 06:00:00+07:00,SKU-001,0.0,68.0,1,90.0,1,141.0,1,train
2026-08-16 07:00:00+07:00,SKU-001,0.0,69.0,1,90.0,1,146.0,1,train
2026-08-16 08:00:00+07:00,SKU-001,0.0,74.0,1,90.0,1,148.0,1,train
2026-08-16 09:00:00+07:00,SKU-001,0.0,77.0,1,90.0,1,151.0,1,train
2026-08-16 10:00:00+07:00,SKU-001,0.0,80.0,1,90.0,1,151.0,1,train
2026-08-16 11:00:00+07:00,SKU-001,0.0,82.0,1,90.0,1,154.0,1,train
2026-08-16 12:00:00+07:00,SKU-001,0.0,90.0,1,90.0,1,166.0,1,train
2026-08-16 13:00:00+07:00,SKU-001,0.0,90.0,1,90.0,1,173.0,1,train
2026-08-16 14:00:00+07:00,SKU-001,16.0,74.0,1,80.0,1,161.0,1,train
2026-08-16 15:00:00+07:00,SKU-001,12.0,62.0,1,74.0,1,150.0,1,train
2026-08-16 16:00:00+07:00,SKU-001,9.0,53.0,1,68.0,1,143.0,1,train
2026-08-16 17:00:00+07:00,SKU-001,4.0,49.0,1,66.0,1,141.0,1,train
2026-08-16 18:00:00+07:00,SKU-001,3.0,46.0,1,69.0,1,144.0,1,train
2026-08-16 19:00:00+07:00,SKU-001,2.0,44.0,1,70.0,1,142.0,1,train
2026-08-16 20:00:00+07:00,SKU-001,5.0,39.0,1,79.0,1,137.0,1,train
2026-08-16 21:00:00+07:00,SKU-001,2.0,37.0,1,81.0,1,135.0,1,train
2026-08-16 22:00:00+07:00,SKU-001,2.0,35.0,1,80.0,1,133.0,1,train
2026-08-16 23:00:00+07:00,SKU-001,5.0,30.0,1,75.0,1,128.0,1,train
2026-08-17 00:00:00+07:00,SKU-001,1.0,29.0,1,74.0,1,127.0,1,train
2026-08-17 01:00:00+07:00,SKU-001,1.0,28.0,1,74.0,1,126.0,1,train
2026-08-17 02:00:00+07:00,SKU-001,1.0,27.0,1,74.0,1,125.0,1,train
2026-08-17 03:00:00+07:00,SKU-001,0.0,27.0,1,76.0,1,125.0,1,train
2026-08-17 04:00:00+07:00,SKU-001,2.0,25.0,1,75.0,1,123.0,1,train
2026-08-17 05:00:00+07:00,SKU-001,1.0,24.0,1,74.0,1,122.0,1,train
2026-08-17 06:00:00+07:00,SKU-001,2.0,22.0,1,73.0,1,120.0,1,train
2026-08-17 07:00:00+07:00,SKU-001,1.0,21.0,1,77.0,1,119.0,1,train
2026-08-17 08:00:00+07:00,SKU-001,5.0,16.0,1,74.0,1,114.0,1,train
2026-08-17 09:00:00+07:00,SKU-001,3.0,13.0,1,74.0,1,111.0,1,train
2026-08-17 10:00:00+07:00,SKU-001,3.0,10.0,1,71.0,1,108.0,1,train
2026-08-17 11:00:00+07:00,SKU-001,2.0,8.0,1,72.0,1,106.0,1,train
2026-08-17 12:00:00+07:00,SKU-001,8.0,0.0,1,76.0,1,98.0,1,train
2026-08-17 13:00:00+07:00,SKU-001,0.0,0.0,1,83.0,1,98.0,1,train
2026-08-17 14:00:00+07:00,SKU-001,0.0,6.0,1,87.0,1,101.0,1,train
2026-08-17 15:00:00+07:00,SKU-001,0.0,12.0,1,88.0,1,103.0,1,train
2026-08-17 16:00:00+07:00,SKU-001,0.0,15.0,1,90.0,1,109.0,1,train
2026-08-17 17:00:00+07:00,SKU-001,0.0,17.0,1,92.0,1,114.0,1,train
2026-08-17 18:00:00+07:00,SKU-001,0.0,23.0,1,98.0,1,117.0,1,train
2026-08-17 19:00:00+07:00,SKU-001,0.0,26.0,1,98.0,1,119.0,1,train
2026-08-17 20:00:00+07:00,SKU-001,0.0,40.0,1,98.0,1,131.0,1,train
2026-08-17 21:00:00+07:00,SKU-001,0.0,44.0,1,98.0,1,133.0,1,train
2026-08-17 22:00:00+07:00,SKU-001,0.0,45.0,1,98.0,1,134.0,1,train
2026-08-17 23:00:00+07:00,SKU-001,0.0,45.0,1,98.0,1,134.0,1,train
2026-08-18 00:00:00+07:00,SKU-001,0.0,45.0,1,98.0,1,135.0,1,train
2026-08-18 01:00:00+07:00,SKU-001,0.0,46.0,1,98.0,1,135.0,1,train
2026-08-18 02:00:00+07:00,SKU-001,0.0,47.0,1,98.0,1,136.0,1,train
2026-08-18 03:00:00+07:00,SKU-001,0.0,49.0,1,98.0,1,136.0,1,train
2026-08-18 04:00:00+07:00,SKU-001,0.0,50.0,1,98.0,1,136.0,1,train
2026-08-18 05:00:00+07:00,SKU-001,0.0,50.0,1,98.0,1,136.0,1,train
2026-08-18 06:00:00+07:00,SKU-001,0.0,51.0,1,98.0,1,136.0,1,train
2026-08-18 07:00:00+07:00,SKU-001,0.0,56.0,1,98.0,1,137.0,1,train
2026-08-18 08:00:00+07:00,SKU-001,0.0,58.0,1,98.0,1,140.0,1,train
2026-08-18 09:00:00+07:00,SKU-001,0.0,61.0,1,98.0,1,143.0,1,train
2026-08-18 10:00:00+07:00,SKU-001,0.0,61.0,1,98.0,1,146.0,1,train
2026-08-18 11:00:00+07:00,SKU-001,0.0,64.0,1,98.0,1,154.0,1,train
2026-08-18 12:00:00+07:00,SKU-001,0.0,76.0,1,98.0,1,162.0,1,train
2026-08-18 13:00:00+07:00,SKU-001,0.0,83.0,0,98.0,1,166.0,1,train
2026-08-18 14:00:00+07:00,SKU-001,6.0,81.0,0,95.0,1,163.0,1,train
2026-08-18 15:00:00+07:00,SKU-001,6.0,76.0,0,91.0,1,160.0,1,train
2026-08-18 16:00:00+07:00,SKU-001,3.0,75.0,0,94.0,1,159.0,1,train
2026-08-18 17:00:00+07:00,SKU-001,2.0,75.0,0,97.0,1,166.0,1,train
2026-08-18 18:00:00+07:00,SKU-001,6.0,75.0,1,94.0,1,166.0,1,train
2026-08-18 19:00:00+07:00,SKU-001,3.0,72.0,1,93.0,1,166.0,1,train
2026-08-18 20:00:00+07:00,SKU-001,14.0,58.0,1,91.0,1,157.0,1,train
2026-08-18 21:00:00+07:00,SKU-001,4.0,54.0,1,89.0,1,157.0,1,train
2026-08-18 22:00:00+07:00,SKU-001,1.0,53.0,1,89.0,1,156.0,1,train
2026-08-18 23:00:00+07:00,SKU-001,0.0,53.0,1,89.0,1,156.0,1,train
2026-08-19 00:00:00+07:00,SKU-001,0.0,53.0,1,90.0,1,156.0,1,train
2026-08-19 01:00:00+07:00,SKU-001,1.0,52.0,1,89.0,1,155.0,1,train
2026-08-19 02:00:00+07:00,SKU-001,1.0,51.0,1,89.0,1,154.0,1,train
2026-08-19 03:00:00+07:00,SKU-001,2.0,49.0,1,87.0,1,152.0,1,train
2026-08-19 04:00:00+07:00,SKU-001,1.0,48.0,1,86.0,1,151.0,1,train
2026-08-19 05:00:00+07:00,SKU-001,0.0,48.0,1,86.0,1,151.0,1,train
2026-08-19 06:00:00+07:00,SKU-001,1.0,47.0,1,85.0,1,150.0,1,train
2026-08-19 07:00:00+07:00,SKU-001,5.0,42.0,1,81.0,1,145.0,1,train
2026-08-19 08:00:00+07:00,SKU-001,2.0,40.0,1,82.0,1,143.0,1,train
2026-08-19 09:00:00+07:00,SKU-001,3.0,37.0,1,82.0,1,140.0,1,train
2026-08-19 10:00:00+07:00,SKU-001,0.0,37.0,1,85.0,1,140.0,1,train
2026-08-19 11:00:00+07:00,SKU-001,3.0,34.0,1,90.0,1,137.0,1,train
2026-08-19 12:00:00+07:00,SKU-001,12.0,22.0,1,86.0,1,125.0,1,train
2026-08-19 13:00:00+07:00,SKU-001,7.0,15.0,1,83.0,1,118.0,1,train
2026-08-19 14:00:00+07:00,SKU-001,4.0,14.0,1,82.0,1,117.0,1,train
2026-08-19 15:00:00+07:00,SKU-001,1.0,15.0,1,84.0,1,118.0,1,train
2026-08-19 16:00:00+07:00,SKU-001,2.0,19.0,1,84.0,1,123.0,1,train
2026-08-19 17:00:00+07:00,SKU-001,2.0,22.0,1,91.0,1,125.0,1,train
2026-08-19 18:00:00+07:00,SKU-001,6.0,19.0,1,91.0,1,130.0,1,train
2026-08-19 19:00:00+07:00,SKU-001,0.0,21.0,1,94.0,1,131.0,1,train
2026-08-19 20:00:00+07:00,SKU-001,0.0,33.0,1,99.0,1,139.0,1,train
2026-08-19 21:00:00+07:00,SKU-001,0.0,35.0,1,103.0,1,142.0,1,train
2026-08-19 22:00:00+07:00,SKU-001,0.0,36.0,1,103.0,1,149.0,1,train
2026-08-19 23:00:00+07:00,SKU-001,0.0,36.0,1,103.0,1,150.0,1,train
2026-08-20 00:00:00+07:00,SKU-001,0.0,37.0,1,103.0,1,150.0,1,train
2026-08-20 01:00:00+07:00,SKU-001,0.0,37.0,1,103.0,1,150.0,1,train
2026-08-20 02:00:00+07:00,SKU-001,0.0,38.0,1,103.0,1,151.0,1,train
2026-08-20 03:00:00+07:00,SKU-001,0.0,38.0,1,103.0,1,153.0,1,train
2026-08-20 04:00:00+07:00,SKU-001,0.0,38.0,1,103.0,1,154.0,1,train
2026-08-20 05:00:00+07:00,SKU-001,0.0,38.0,1,103.0,1,155.0,1,train
2026-08-20 06:00:00+07:00,SKU-001,0.0,38.0,1,103.0,1,156.0,1,train
2026-08-20 07:00:00+07:00,SKU-001,0.0,39.0,1,103.0,1,157.0,1,train
2026-08-20 08:00:00+07:00,SKU-001,0.0,42.0,1,103.0,1,162.0,1,train
2026-08-20 09:00:00+07:00,SKU-001,0.0,45.0,1,103.0,1,164.0,1,train
2026-08-20 10:00:00+07:00,SKU-001,0.0,48.0,1,103.0,1,166.0,1,train
2026-08-20 11:00:00+07:00,SKU-001,0.0,56.0,1,103.0,1,174.0,1,train
2026-08-20 12:00:00+07:00,SKU-001,0.0,64.0,1,103.0,1,174.0,1,train
2026-08-20 13:00:00+07:00,SKU-001,0.0,68.0,0,103.0,1,183.0,1,train
2026-08-20 14:00:00+07:00,SKU-001,3.0,68.0,0,103.0,1,181.0,1,train
2026-08-20 15:00:00+07:00,SKU-001,2.0,69.0,0,103.0,1,187.0,1,train
2026-08-20 16:00:00+07:00,SKU-001,6.0,65.0,0,104.0,1,184.0,1,train
2026-08-20 17:00:00+07:00,SKU-001,5.0,69.0,0,103.0,1,179.0,1,train
2026-08-20 18:00:00+07:00,SKU-001,3.0,72.0,0,111.0,1,176.0,1,train
2026-08-20 19:00:00+07:00,SKU-001,2.0,73.0,0,110.0,1,174.0,1,train
2026-08-20 20:00:00+07:00,SKU-001,12.0,66.0,0,106.0,1,162.0,1,train
2026-08-20 21:00:00+07:00,SKU-001,2.0,68.0,1,107.0,1,160.0,1,train
2026-08-20 22:00:00+07:00,SKU-001,1.0,67.0,1,113.0,1,159.0,1,train
2026-08-20 23:00:00+07:00,SKU-001,0.0,67.0,1,114.0,1,159.0,1,train
2026-08-21 00:00:00+07:00,SKU-001,1.0,66.0,1,113.0,1,158.0,1,train
2026-08-21 01:00:00+07:00,SKU-001,0.0,66.0,1,113.0,1,158.0,1,train
2026-08-21 02:00:00+07:00,SKU-001,1.0,65.0,1,113.0,1,157.0,1,train
2026-08-21 03:00:00+07:00,SKU-001,0.0,65.0,1,115.0,1,157.0,1,train
2026-08-21 04:00:00+07:00,SKU-001,0.0,65.0,1,116.0,1,157.0,1,train
2026-08-21 05:00:00+07:00,SKU-001,0.0,65.0,1,117.0,1,157.0,1,train
2026-08-21 06:00:00+07:00,SKU-001,0.0,65.0,1,118.0,1,157.0,1,train
2026-08-21 07:00:00+07:00,SKU-001,1.0,64.0,1,118.0,1,156.0,1,train
2026-08-21 08:00:00+07:00,SKU-001,3.0,61.0,1,120.0,1,153.0,1,train
2026-08-21 09:00:00+07:00,SKU-001,3.0,58.0,1,119.0,1,150.0,1,train
2026-08-21 10:00:00+07:00,SKU-001,3.0,55.0,1,118.0,1,147.0,1,train
2026-08-21 11:00:00+07:00,SKU-001,8.0,47.0,1,118.0,1,139.0,1,train
2026-08-21 12:00:00+07:00,SKU-001,8.0,39.0,1,110.0,1,131.0,1,train
2026-08-21 13:00:00+07:00,SKU-001,4.0,35.0,1,115.0,1,127.0,1,train
2026-08-21 14:00:00+07:00,SKU-001,3.0,35.0,1,113.0,1,129.0,1,val
2026-08-21 15:00:00+07:00,SKU-001,3.0,34.0,1,118.0,1,132.0,1,val
2026-08-21 16:00:00+07:00,SKU-001,2.0,39.0,1,119.0,1,131.0,1,val
2026-08-21 17:00:00+07:00,SKU-001,9.0,34.0,1,110.0,1,128.0,1,val
2026-08-21 18:00:00+07:00,SKU-001,6.0,39.0,1,104.0,1,126.0,1,val
2026-08-21 19:00:00+07:00,SKU-001,3.0,37.0,1,101.0,1,126.0,1,val
2026-08-21 20:00:00+07:00,SKU-001,5.0,40.0,1,96.0,1,123.0,1,val
2026-08-21 21:00:00+07:00,SKU-001,4.0,39.0,1,92.0,1,123.0,1,val
2026-08-21 22:00:00+07:00,SKU-001,0.0,46.0,1,92.0,1,127.0,1,val
2026-08-21 23:00:00+07:00,SKU-001,0.0,47.0,1,92.0,1,131.0,1,val
2026-08-22 00:00:00+07:00,SKU-001,0.0,47.0,1,92.0,1,132.0,1,val
2026-08-22 01:00:00+07:00,SKU-001,0.0,47.0,1,92.0,1,133.0,1,val
2026-08-22 02:00:00+07:00,SKU-001,0.0,48.0,1,92.0,1,134.0,1,val
2026-08-22 03:00:00+07:00,SKU-001,0.0,50.0,1,92.0,1,135.0,1,val
2026-08-22 04:00:00+07:00,SKU-001,0.0,51.0,1,92.0,1,135.0,1,val
2026-08-22 05:00:00+07:00,SKU-001,0.0,52.0,1,92.0,1,136.0,1,val
2026-08-22 06:00:00+07:00,SKU-001,0.0,53.0,1,92.0,1,137.0,1,val
2026-08-22 07:00:00+07:00,SKU-001,0.0,54.0,1,92.0,1,137.0,1,val
2026-08-22 08:00:00+07:00,SKU-001,0.0,59.0,1,92.0,1,141.0,1,val
2026-08-22 09:00:00+07:00,SKU-001,0.0,61.0,1,92.0,1,141.0,1,val
2026-08-22 10:00:00+07:00,SKU-001,0.0,63.0,1,92.0,1,150.0,1,val
2026-08-22 11:00:00+07:00,SKU-001,0.0,71.0,1,92.0,1,155.0,1,val
2026-08-22 12:00:00+07:00,SKU-001,0.0,71.0,1,92.0,1,158.0,1,val
2026-08-22 13:00:00+07:00,SKU-001,0.0,80.0,0,92.0,1,159.0,1,val
2026-08-22 14:00:00+07:00,SKU-001,3.0,78.0,0,94.0,1,159.0,1,val
2026-08-22 15:00:00+07:00,SKU-001,2.0,84.0,0,98.0,1,161.0,1,val
2026-08-22 16:00:00+07:00,SKU-001,7.0,80.0,1,92.0,1,159.0,1,val
2026-08-22 17:00:00+07:00,SKU-001,4.0,76.0,1,94.0,1,157.0,1,val
2026-08-22 18:00:00+07:00,SKU-001,11.0,65.0,1,87.0,1,154.0,1,val
2026-08-22 19:00:00+07:00,SKU-001,1.0,64.0,1,89.0,1,157.0,1,val
2026-08-22 20:00:00+07:00,SKU-001,8.0,56.0,1,83.0,1,155.0,1,val
2026-08-22 21:00:00+07:00,SKU-001,3.0,53.0,1,84.0,1,152.0,1,val
2026-08-22 22:00:00+07:00,SKU-001,7.0,46.0,1,81.0,1,145.0,1,val
2026-08-22 23:00:00+07:00,SKU-001,1.0,45.0,1,84.0,1,144.0,1,val
2026-08-23 00:00:00+07:00,SKU-001,0.0,45.0,1,85.0,1,144.0,1,val
2026-08-23 01:00:00+07:00,SKU-001,0.0,45.0,1,86.0,1,144.0,1,val
2026-08-23 02:00:00+07:00,SKU-001,1.0,44.0,1,86.0,1,143.0,1,val
2026-08-23 03:00:00+07:00,SKU-001,2.0,42.0,1,85.0,1,141.0,1,val
2026-08-23 04:00:00+07:00,SKU-001,1.0,41.0,1,84.0,1,140.0,1,val
2026-08-23 05:00:00+07:00,SKU-001,1.0,40.0,1,84.0,1,139.0,1,val
2026-08-23 06:00:00+07:00,SKU-001,1.0,39.0,1,84.0,1,138.0,1,val
2026-08-23 07:00:00+07:00,SKU-001,1.0,38.0,1,83.0,1,137.0,1,val
2026-08-23 08:00:00+07:00,SKU-001,5.0,33.0,1,82.0,1,132.0,1,val
2026-08-23 09:00:00+07:00,SKU-001,2.0,31.0,1,80.0,1,130.0,1,val
2026-08-23 10:00:00+07:00,SKU-001,2.0,29.0,1,87.0,1,128.0,1,val
2026-08-23 11:00:00+07:00,SKU-001,8.0,21.0,1,84.0,1,120.0,1,val
2026-08-23 12:00:00+07:00,SKU-001,0.0,21.0,1,87.0,1,120.0,1,val
2026-08-23 13:00:00+07:00,SKU-001,9.0,12.0,1,79.0,1,111.0,1,val
2026-08-23 14:00:00+07:00,SKU-001,1.0,16.0,1,81.0,1,113.0,1,val
2026-08-23 15:00:00+07:00,SKU-001,8.0,14.0,1,77.0,1,107.0,1,val
2026-08-23 16:00:00+07:00,SKU-001,3.0,12.0,1,79.0,1,108.0,1,val
2026-08-23 17:00:00+07:00,SKU-001,0.0,18.0,1,81.0,1,108.0,1,val
2026-08-23 18:00:00+07:00,SKU-001,0.0,22.0,1,89.0,1,118.0,1,val
2026-08-23 19:00:00+07:00,SKU-001,0.0,25.0,1,93.0,1,120.0,1,val
2026-08-23 20:00:00+07:00,SKU-001,0.0,27.0,1,99.0,1,121.0,1,val
2026-08-23 21:00:00+07:00,SKU-001,0.0,31.0,1,99.0,1,132.0,1,val
2026-08-23 22:00:00+07:00,SKU-001,0.0,35.0,1,99.0,1,136.0,1,val
2026-08-23 23:00:00+07:00,SKU-001,0.0,39.0,1,99.0,1,141.0,1,val
2026-08-24 00:00:00+07:00,SKU-001,0.0,40.0,1,99.0,1,142.0,1,val
2026-08-24 01:00:00+07:00,SKU-001,0.0,41.0,1,99.0,1,142.0,1,val
2026-08-24 02:00:00+07:00,SKU-001,0.0,42.0,1,99.0,1,142.0,1,val
2026-08-24 03:00:00+07:00,SKU-001,0.0,43.0,1,99.0,1,144.0,1,val
2026-08-24 04:00:00+07:00,SKU-001,0.0,43.0,1,99.0,1,144.0,1,val
2026-08-24 05:00:00+07:00,SKU-001,0.0,44.0,1,99.0,1,144.0,1,val
2026-08-24 06:00:00+07:00,SKU-001,0.0,45.0,1,99.0,1,145.0,1,val
2026-08-24 07:00:00+07:00,SKU-001,0.0,45.0,1,99.0,1,146.0,1,val
2026-08-24 08:00:00+07:00,SKU-001,0.0,49.0,1,99.0,1,151.0,1,val
2026-08-24 09:00:00+07:00,SKU-001,0.0,49.0,1,99.0,1,155.0,1,val
2026-08-24 10:00:00+07:00,SKU-001,0.0,58.0,1,99.0,1,158.0,1,val
2026-08-24 11:00:00+07:00,SKU-001,0.0,63.0,1,99.0,1,164.0,1,val
2026-08-24 12:00:00+07:00,SKU-001,0.0,66.0,1,99.0,1,170.0,1,val
2026-08-24 13:00:00+07:00,SKU-001,0.0,67.0,0,99.0,1,178.0,1,val
2026-08-24 14:00:00+07:00,SKU-001,5.0,65.0,0,97.0,1,177.0,1,val
2026-08-24 15:00:00+07:00,SKU-001,6.0,63.0,0,93.0,1,173.0,1,val
2026-08-24 16:00:00+07:00,SKU-001,1.0,67.0,0,96.0,1,172.0,1,val
2026-08-24 17:00:00+07:00,SKU-001,6.0,63.0,0,90.0,1,170.0,1,val
2026-08-24 18:00:00+07:00,SKU-001,4.0,67.0,0,96.0,1,175.0,1,val
2026-08-24 19:00:00+07:00,SKU-001,3.0,68.0,0,95.0,1,180.0,1,val
2026-08-24 20:00:00+07:00,SKU-001,2.0,72.0,1,94.0,1,178.0,1,val
2026-08-24 21:00:00+07:00,SKU-001,4.0,68.0,1,101.0,1,174.0,1,val
2026-08-24 22:00:00+07:00,SKU-001,4.0,64.0,1,101.0,1,170.0,1,val
2026-08-24 23:00:00+07:00,SKU-001,4.0,60.0,1,102.0,1,166.0,1,val
2026-08-25 00:00:00+07:00,SKU-001,1.0,59.0,1,102.0,1,165.0,1,val
2026-08-25 01:00:00+07:00,SKU-001,1.0,58.0,1,101.0,1,164.0,1,val
2026-08-25 02:00:00+07:00,SKU-001,1.0,57.0,1,100.0,1,163.0,1,val
2026-08-25 03:00:00+07:00,SKU-001,1.0,56.0,1,101.0,1,162.0,1,val
2026-08-25 04:00:00+07:00,SKU-001,0.0,56.0,1,101.0,1,162.0,1,val
2026-08-25 05:00:00+07:00,SKU-001,1.0,55.0,1,100.0,1,161.0,1,val
2026-08-25 06:00:00+07:00,SKU-001,1.0,54.0,1,100.0,1,160.0,1,val
2026-08-25 07:00:00+07:00,SKU-001,0.0,54.0,1,101.0,1,160.0,1,val
2026-08-25 08:00:00+07:00,SKU-001,4.0,50.0,1,102.0,1,156.0,1,val
2026-08-25 09:00:00+07:00,SKU-001,0.0,50.0,1,106.0,1,156.0,1,val
2026-08-25 10:00:00+07:00,SKU-001,9.0,41.0,1,100.0,1,147.0,1,val
2026-08-25 11:00:00+07:00,SKU-001,5.0,36.0,1,101.0,1,142.0,1,val
2026-08-25 12:00:00+07:00,SKU-001,3.0,33.0,1,104.0,1,139.0,1,val
2026-08-25 13:00:00+07:00,SKU-001,1.0,32.0,1,111.0,1,138.0,1,val
2026-08-25 14:00:00+07:00,SKU-001,3.0,32.0,1,112.0,1,139.0,1,val
2026-08-25 15:00:00+07:00,SKU-001,4.0,30.0,1,110.0,1,138.0,1,val
2026-08-25 16:00:00+07:00,SKU-001,5.0,29.0,1,105.0,1,135.0,1,val
2026-08-25 17:00:00+07:00,SKU-001,2.0,27.0,1,107.0,1,158.0,1,val
2026-08-25 18:00:00+07:00,SKU-001,8.0,29.0,1,108.0,1,160.0,1,val
2026-08-25 19:00:00+07:00,SKU-001,4.0,27.0,1,112.0,1,165.0,1,val
2026-08-25 20:00:00+07:00,SKU-001,6.0,22.0,1,106.0,1,173.0,1,val
2026-08-25 21:00:00+07:00,SKU-001,0.0,33.0,1,106.0,1,183.0,1,val
2026-08-25 22:00:00+07:00,SKU-001,0.0,37.0,1,106.0,1,187.0,1,val
2026-08-25 23:00:00+07:00,SKU-001,0.0,42.0,1,106.0,1,191.0,1,val
2026-08-26 00:00:00+07:00,SKU-001,0.0,43.0,1,106.0,1,195.0,1,val
2026-08-26 01:00:00+07:00,SKU-001,0.0,43.0,1,106.0,1,197.0,1,val
2026-08-26 02:00:00+07:00,SKU-001,0.0,43.0,1,106.0,1,197.0,1,val
2026-08-26 03:00:00+07:00,SKU-001,0.0,45.0,1,106.0,1,197.0,1,val
2026-08-26 04:00:00+07:00,SKU-001,0.0,45.0,1,106.0,1,201.0,1,val
2026-08-26 05:00:00+07:00,SKU-001,0.0,45.0,1,106.0,1,201.0,1,val
2026-08-26 06:00:00+07:00,SKU-001,0.0,46.0,1,106.0,1,207.0,1,val
2026-08-26 07:00:00+07:00,SKU-001,0.0,47.0,1,106.0,1,211.0,1,val
2026-08-26 08:00:00+07:00,SKU-001,0.0,52.0,1,106.0,1,219.0,1,val
2026-08-26 09:00:00+07:00,SKU-001,0.0,56.0,1,106.0,1,223.0,1,val
2026-08-26 10:00:00+07:00,SKU-001,0.0,59.0,1,106.0,1,228.0,1,val
2026-08-26 11:00:00+07:00,SKU-001,0.0,65.0,1,106.0,1,228.0,1,val
2026-08-26 12:00:00+07:00,SKU-001,0.0,71.0,1,106.0,1,228.0,1,val
2026-08-26 13:00:00+07:00,SKU-001,0.0,79.0,0,106.0,1,228.0,1,val
2026-08-26 14:00:00+07:00,SKU-001,3.0,80.0,0,107.0,1,225.0,1,val
2026-08-26 15:00:00+07:00,SKU-001,2.0,80.0,0,108.0,1,223.0,1,val
2026-08-26 16:00:00+07:00,SKU-001,4.0,76.0,0,106.0,1,219.0,1,val
2026-08-26 17:00:00+07:00,SKU-001,0.0,80.0,0,131.0,1,219.0,1,val
2026-08-26 18:00:00+07:00,SKU-001,10.0,79.0,0,131.0,1,209.0,1,val
2026-08-26 19:00:00+07:00,SKU-001,2.0,85.0,1,138.0,1,207.0,1,val
2026-08-26 20:00:00+07:00,SKU-001,1.0,84.0,1,151.0,1,206.0,1,val
2026-08-26 21:00:00+07:00,SKU-001,11.0,73.0,1,150.0,1,195.0,1,val
2026-08-26 22:00:00+07:00,SKU-001,4.0,69.0,1,150.0,1,191.0,1,val
2026-08-26 23:00:00+07:00,SKU-001,5.0,64.0,1,149.0,1,186.0,1,val
2026-08-27 00:00:00+07:00,SKU-001,1.0,63.0,1,152.0,1,185.0,1,val
2026-08-27 01:00:00+07:00,SKU-001,0.0,63.0,1,154.0,1,185.0,1,val
2026-08-27 02:00:00+07:00,SKU-001,0.0,63.0,1,154.0,1,185.0,1,val
2026-08-27 03:00:00+07:00,SKU-001,2.0,61.0,1,152.0,1,183.0,1,val
2026-08-27 04:00:00+07:00,SKU-001,0.0,61.0,1,156.0,1,183.0,1,val
2026-08-27 05:00:00+07:00,SKU-001,0.0,61.0,1,156.0,1,183.0,1,val
2026-08-27 06:00:00+07:00,SKU-001,1.0,60.0,1,161.0,1,182.0,1,val
2026-08-27 07:00:00+07:00,SKU-001,1.0,59.0,1,164.0,1,181.0,1,val
2026-08-27 08:00:00+07:00,SKU-001,5.0,54.0,1,167.0,1,176.0,1,val
2026-08-27 09:00:00+07:00,SKU-001,4.0,50.0,1,167.0,1,172.0,1,val
2026-08-27 10:00:00+07:00,SKU-001,3.0,47.0,1,169.0,1,169.0,1,val
2026-08-27 11:00:00+07:00,SKU-001,6.0,41.0,1,163.0,1,163.0,1,val
2026-08-27 12:00:00+07:00,SKU-001,6.0,35.0,1,157.0,1,157.0,1,val
2026-08-27 13:00:00+07:00,SKU-001,8.0,27.0,1,149.0,1,149.0,1,val
2026-08-27 14:00:00+07:00,SKU-001,4.0,27.0,1,145.0,1,148.0,1,val
2026-08-27 15:00:00+07:00,SKU-001,2.0,28.0,1,143.0,1,149.0,1,val
2026-08-27 16:00:00+07:00,SKU-001,0.0,30.0,1,143.0,1,153.0,1,val
2026-08-27 17:00:00+07:00,SKU-001,4.0,51.0,1,139.0,1,158.0,1,val
2026-08-27 18:00:00+07:00,SKU-001,9.0,52.0,1,130.0,1,158.0,1,val
2026-08-27 19:00:00+07:00,SKU-001,8.0,53.0,1,122.0,1,164.0,1,val
2026-08-27 20:00:00+07:00,SKU-001,0.0,67.0,1,122.0,1,169.0,1,val
2026-08-27 21:00:00+07:00,SKU-001,0.0,77.0,1,122.0,1,171.0,1,val
2026-08-27 22:00:00+07:00,SKU-001,0.0,81.0,1,122.0,1,180.0,1,val
2026-08-27 23:00:00+07:00,SKU-001,0.0,85.0,1,122.0,1,187.0,1,val
2026-08-28 00:00:00+07:00,SKU-001,0.0,89.0,1,122.0,1,187.0,1,val
2026-08-28 01:00:00+07:00,SKU-001,0.0,91.0,1,122.0,1,188.0,1,val
2026-08-28 02:00:00+07:00,SKU-001,0.0,91.0,1,122.0,1,189.0,1,val
2026-08-28 03:00:00+07:00,SKU-001,0.0,91.0,1,122.0,1,190.0,1,val
2026-08-28 04:00:00+07:00,SKU-001,0.0,95.0,1,122.0,1,190.0,1,val
2026-08-28 05:00:00+07:00,SKU-001,0.0,95.0,1,122.0,1,190.0,1,val
2026-08-28 06:00:00+07:00,SKU-001,0.0,101.0,1,122.0,1,193.0,1,val
2026-08-28 07:00:00+07:00,SKU-001,0.0,105.0,1,122.0,1,196.0,1,val
2026-08-28 08:00:00+07:00,SKU-001,0.0,113.0,1,122.0,1,205.0,1,val
2026-08-28 09:00:00+07:00,SKU-001,0.0,117.0,1,122.0,1,211.0,1,val
2026-08-28 10:00:00+07:00,SKU-001,0.0,122.0,1,122.0,1,217.0,1,val
2026-08-28 11:00:00+07:00,SKU-001,0.0,122.0,1,122.0,1,226.0,1,val
2026-08-28 12:00:00+07:00,SKU-001,0.0,122.0,1,122.0,1,230.0,1,val
2026-08-28 13:00:00+07:00,SKU-001,0.0,122.0,1,122.0,1,238.0,1,val
2026-08-28 14:00:00+07:00,SKU-001,4.0,118.0,1,121.0,1,249.0,1,val
2026-08-28 15:00:00+07:00,SKU-001,3.0,115.0,1,121.0,1,248.0,1,val
2026-08-28 16:00:00+07:00,SKU-001,2.0,113.0,1,123.0,1,250.0,1,val
2026-08-28 17:00:00+07:00,SKU-001,25.0,88.0,1,107.0,1,234.0,1,val
2026-08-28 18:00:00+07:00,SKU-001,10.0,78.0,1,106.0,1,232.0,1,val
2026-08-28 19:00:00+07:00,SKU-001,9.0,69.0,1,111.0,1,227.0,1,val
2026-08-28 20:00:00+07:00,SKU-001,14.0,55.0,1,102.0,1,213.0,1,val
2026-08-28 21:00:00+07:00,SKU-001,10.0,45.0,1,94.0,1,203.0,1,val
2026-08-28 22:00:00+07:00,SKU-001,4.0,41.0,1,99.0,1,199.0,1,val
2026-08-28 23:00:00+07:00,SKU-001,4.0,37.0,1,102.0,1,195.0,1,val
2026-08-29 00:00:00+07:00,SKU-001,4.0,33.0,1,98.0,1,191.0,1,val
2026-08-29 01:00:00+07:00,SKU-001,2.0,31.0,1,97.0,1,189.0,1,val
2026-08-29 02:00:00+07:00,SKU-001,0.0,31.0,1,98.0,1,189.0,1,val
2026-08-29 03:00:00+07:00,SKU-001,0.0,31.0,1,99.0,1,189.0,1,val
2026-08-29 04:00:00+07:00,SKU-001,4.0,27.0,1,95.0,1,185.0,1,val
2026-08-29 05:00:00+07:00,SKU-001,0.0,27.0,1,95.0,1,185.0,1,val
2026-08-29 06:00:00+07:00,SKU-001,6.0,21.0,1,92.0,1,179.0,1,val
2026-08-29 07:00:00+07:00,SKU-001,4.0,17.0,1,91.0,1,175.0,1,val
2026-08-29 08:00:00+07:00,SKU-001,8.0,9.0,1,92.0,1,167.0,1,val
2026-08-29 09:00:00+07:00,SKU-001,4.0,5.0,1,94.0,1,163.0,1,val
2026-08-29 10:00:00+07:00,SKU-001,5.0,0.0,1,95.0,1,158.0,1,val
2026-08-29 11:00:00+07:00,SKU-001,0.0,0.0,1,104.0,1,158.0,1,val
2026-08-29 12:00:00+07:00,SKU-001,0.0,0.0,1,108.0,1,158.0,1,val
2026-08-29 13:00:00+07:00,SKU-001,0.0,0.0,1,116.0,1,158.0,1,val
2026-08-29 14:00:00+07:00,SKU-001,0.0,3.0,1,131.0,1,163.0,1,val
2026-08-29 15:00:00+07:00,SKU-001,0.0,6.0,1,133.0,1,165.0,1,val
2026-08-29 16:00:00+07:00,SKU-001,0.0,10.0,1,137.0,1,167.0,1,val
2026-08-29 17:00:00+07:00,SKU-001,0.0,19.0,1,146.0,1,172.0,1,val
2026-08-29 18:00:00+07:00,SKU-001,0.0,28.0,1,154.0,1,176.0,1,val
2026-08-29 19:00:00+07:00,SKU-001,0.0,42.0,1,158.0,1,184.0,1,val
2026-08-29 20:00:00+07:00,SKU-001,0.0,47.0,1,158.0,1,201.0,1,val
2026-08-29 21:00:00+07:00,SKU-001,0.0,49.0,1,158.0,1,208.0,1,val
2026-08-29 22:00:00+07:00,SKU-001,0.0,58.0,1,158.0,1,212.0,1,val
2026-08-29 23:00:00+07:00,SKU-001,0.0,65.0,1,158.0,1,212.0,1,val
2026-08-30 00:00:00+07:00,SKU-001,0.0,65.0,1,158.0,1,212.0,1,val
2026-08-30 01:00:00+07:00,SKU-001,0.0,66.0,1,158.0,1,212.0,1,val
2026-08-30 02:00:00+07:00,SKU-001,0.0,67.0,1,158.0,1,213.0,1,val
2026-08-30 03:00:00+07:00,SKU-001,0.0,68.0,1,158.0,1,213.0,1,val
2026-08-30 04:00:00+07:00,SKU-001,0.0,68.0,1,158.0,1,213.0,1,val
2026-08-30 05:00:00+07:00,SKU-001,0.0,68.0,1,158.0,1,215.0,1,val
2026-08-30 06:00:00+07:00,SKU-001,0.0,71.0,1,158.0,1,216.0,1,val
2026-08-30 07:00:00+07:00,SKU-001,0.0,74.0,1,158.0,1,221.0,1,val
2026-08-30 08:00:00+07:00,SKU-001,0.0,83.0,1,158.0,1,231.0,1,val
2026-08-30 09:00:00+07:00,SKU-001,0.0,89.0,1,158.0,1,242.0,1,val
2026-08-30 10:00:00+07:00,SKU-001,0.0,95.0,1,158.0,1,248.0,1,val
2026-08-30 11:00:00+07:00,SKU-001,0.0,104.0,1,158.0,1,254.0,1,val
2026-08-30 12:00:00+07:00,SKU-001,0.0,108.0,1,158.0,1,256.0,1,val
2026-08-30 13:00:00+07:00,SKU-001,0.0,116.0,0,158.0,1,264.0,1,val
2026-08-30 14:00:00+07:00,SKU-001,3.0,128.0,0,160.0,1,272.0,1,val
2026-08-30 15:00:00+07:00,SKU-001,3.0,127.0,0,159.0,1,280.0,1,val
2026-08-30 16:00:00+07:00,SKU-001,4.0,127.0,0,157.0,1,282.0,1,val
2026-08-30 17:00:00+07:00,SKU-001,9.0,127.0,0,153.0,1,281.0,1,val
2026-08-30 18:00:00+07:00,SKU-001,9.0,126.0,0,148.0,1,281.0,1,val
2026-08-30 19:00:00+07:00,SKU-001,14.0,116.0,1,142.0,1,281.0,1,val
2026-08-30 20:00:00+07:00,SKU-001,5.0,111.0,1,154.0,1,279.0,1,val
2026-08-30 21:00:00+07:00,SKU-001,2.0,109.0,1,159.0,1,277.0,1,val
2026-08-30 22:00:00+07:00,SKU-001,9.0,100.0,1,154.0,1,268.0,1,val
2026-08-30 23:00:00+07:00,SKU-001,7.0,93.0,1,147.0,1,261.0,1,val
2026-08-31 00:00:00+07:00,SKU-001,0.0,93.0,1,147.0,1,261.0,1,val
2026-08-31 01:00:00+07:00,SKU-001,1.0,92.0,1,146.0,1,260.0,1,val
2026-08-31 02:00:00+07:00,SKU-001,1.0,91.0,1,146.0,1,259.0,1,val
2026-08-31 03:00:00+07:00,SKU-001,1.0,90.0,1,145.0,1,258.0,1,val
2026-08-31 04:00:00+07:00,SKU-001,0.0,90.0,1,145.0,1,258.0,1,val
2026-08-31 05:00:00+07:00,SKU-001,0.0,90.0,1,147.0,1,258.0,1,val
2026-08-31 06:00:00+07:00,SKU-001,3.0,87.0,1,145.0,1,255.0,1,val
2026-08-31 07:00:00+07:00,SKU-001,3.0,84.0,1,147.0,1,252.0,1,val
2026-08-31 08:00:00+07:00,SKU-001,9.0,75.0,1,148.0,1,243.0,1,val
2026-08-31 09:00:00+07:00,SKU-001,6.0,69.0,1,153.0,1,237.0,1,val
2026-08-31 10:00:00+07:00,SKU-001,6.0,63.0,1,153.0,1,231.0,1,val
2026-08-31 11:00:00+07:00,SKU-001,9.0,54.0,1,150.0,1,222.0,1,val
2026-08-31 12:00:00+07:00,SKU-001,4.0,50.0,1,148.0,1,218.0,1,val
2026-08-31 13:00:00+07:00,SKU-001,8.0,42.0,1,148.0,1,210.0,1,val
2026-08-31 14:00:00+07:00,SKU-001,15.0,32.0,1,144.0,1,198.0,1,val
2026-08-31 15:00:00+07:00,SKU-001,2.0,32.0,1,153.0,1,201.0,1,val
2026-08-31 16:00:00+07:00,SKU-001,4.0,30.0,1,155.0,1,212.0,1,val
2026-08-31 17:00:00+07:00,SKU-001,9.0,26.0,1,154.0,1,212.0,1,val
2026-08-31 18:00:00+07:00,SKU-001,8.0,22.0,1,155.0,1,209.0,1,val
2026-08-31 19:00:00+07:00,SKU-001,4.0,26.0,1,165.0,1,219.0,1,val
2026-08-31 20:00:00+07:00,SKU-001,0.0,43.0,1,168.0,1,237.0,1,val
2026-08-31 21:00:00+07:00,SKU-001,0.0,50.0,1,168.0,1,249.0,1,val
2026-08-31 22:00:00+07:00,SKU-001,0.0,54.0,1,168.0,1,253.0,1,val
2026-08-31 23:00:00+07:00,SKU-001,0.0,54.0,1,168.0,1,254.0,1,val
2026-09-01 00:00:00+07:00,SKU-001,0.0,54.0,1,168.0,1,256.0,1,val
2026-09-01 01:00:00+07:00,SKU-001,0.0,54.0,1,168.0,1,257.0,1,val
2026-09-01 02:00:00+07:00,SKU-001,0.0,55.0,1,168.0,1,258.0,1,val
2026-09-01 03:00:00+07:00,SKU-001,0.0,55.0,1,168.0,1,259.0,1,val
2026-09-01 04:00:00+07:00,SKU-001,0.0,55.0,1,168.0,1,259.0,1,val
2026-09-01 05:00:00+07:00,SKU-001,0.0,57.0,1,168.0,1,259.0,1,val
2026-09-01 06:00:00+07:00,SKU-001,0.0,58.0,1,168.0,1,259.0,1,val
2026-09-01 07:00:00+07:00,SKU-001,0.0,63.0,1,168.0,1,261.0,1,val
2026-09-01 08:00:00+07:00,SKU-001,0.0,73.0,1,168.0,1,264.0,1,val
2026-09-01 09:00:00+07:00,SKU-001,0.0,84.0,1,168.0,1,269.0,1,val
2026-09-01 10:00:00+07:00,SKU-001,0.0,90.0,1,168.0,1,278.0,1,val
2026-09-01 11:00:00+07:00,SKU-001,0.0,96.0,1,168.0,1,280.0,1,val
2026-09-01 12:00:00+07:00,SKU-001,0.0,98.0,1,168.0,1,289.0,1,val
2026-09-01 13:00:00+07:00,SKU-001,0.0,106.0,0,168.0,1,294.0,1,val
2026-09-01 14:00:00+07:00,SKU-001,5.0,112.0,0,166.0,1,291.0,1,val
2026-09-01 15:00:00+07:00,SKU-001,2.0,121.0,0,169.0,1,297.0,1,val
2026-09-01 16:00:00+07:00,SKU-001,2.0,125.0,0,182.0,1,298.0,1,val
2026-09-01 17:00:00+07:00,SKU-001,5.0,128.0,0,186.0,1,295.0,1,val
2026-09-01 18:00:00+07:00,SKU-001,4.0,133.0,0,187.0,1,296.0,1,val
2026-09-01 19:00:00+07:00,SKU-001,8.0,139.0,0,193.0,1,298.0,1,val
2026-09-01 20:00:00+07:00,SKU-001,17.0,125.0,1,194.0,1,285.0,1,val
2026-09-01 21:00:00+07:00,SKU-001,7.0,118.0,1,199.0,1,284.0,1,val
2026-09-01 22:00:00+07:00,SKU-001,4.0,114.0,1,199.0,1,280.0,1,val
2026-09-01 23:00:00+07:00,SKU-001,0.0,114.0,1,200.0,1,282.0,1,val
2026-09-02 00:00:00+07:00,SKU-001,0.0,114.0,1,202.0,1,283.0,1,val
2026-09-02 01:00:00+07:00,SKU-001,0.0,114.0,1,203.0,1,284.0,1,val
2026-09-02 02:00:00+07:00,SKU-001,1.0,113.0,1,203.0,1,283.0,1,val
2026-09-02 03:00:00+07:00,SKU-001,0.0,113.0,1,204.0,1,284.0,1,val
2026-09-02 04:00:00+07:00,SKU-001,0.0,113.0,1,204.0,1,284.0,1,val
2026-09-02 05:00:00+07:00,SKU-001,2.0,111.0,1,202.0,1,283.0,1,val
2026-09-02 06:00:00+07:00,SKU-001,1.0,110.0,1,201.0,1,284.0,1,val
2026-09-02 07:00:00+07:00,SKU-001,5.0,105.0,1,198.0,1,284.0,1,val
2026-09-02 08:00:00+07:00,SKU-001,10.0,95.0,1,191.0,1,278.0,1,val
2026-09-02 09:00:00+07:00,SKU-001,11.0,84.0,1,185.0,1,274.0,1,val
2026-09-02 10:00:00+07:00,SKU-001,6.0,78.0,1,188.0,1,269.0,1,val
2026-09-02 11:00:00+07:00,SKU-001,6.0,72.0,1,184.0,1,263.0,1,val
2026-09-02 12:00:00+07:00,SKU-001,2.0,70.0,1,191.0,1,261.0,1,val
2026-09-02 13:00:00+07:00,SKU-001,8.0,62.0,1,188.0,1,253.0,1,val
2026-09-02 14:00:00+07:00,SKU-001,11.0,54.0,1,179.0,1,255.0,1,val
2026-09-02 15:00:00+07:00,SKU-001,11.0,48.0,1,176.0,1,253.0,1,val
2026-09-02 16:00:00+07:00,SKU-001,6.0,57.0,1,173.0,1,252.0,1,val
2026-09-02 17:00:00+07:00,SKU-001,8.0,58.0,1,167.0,1,249.0,1,val
2026-09-02 18:00:00+07:00,SKU-001,9.0,54.0,1,163.0,1,246.0,1,val
2026-09-02 19:00:00+07:00,SKU-001,14.0,54.0,1,159.0,1,243.0,1,val
2026-09-02 20:00:00+07:00,SKU-001,3.0,69.0,1,160.0,1,252.0,1,val
2026-09-02 21:00:00+07:00,SKU-001,0.0,81.0,1,166.0,1,262.0,1,val
2026-09-02 22:00:00+07:00,SKU-001,0.0,85.0,1,166.0,1,269.0,1,val
2026-09-02 23:00:00+07:00,SKU-001,0.0,86.0,1,168.0,1,275.0,1,val
2026-09-03 00:00:00+07:00,SKU-001,0.0,88.0,1,169.0,1,275.0,1,val
2026-09-03 01:00:00+07:00,SKU-001,0.0,89.0,1,170.0,1,276.0,1,val
2026-09-03 02:00:00+07:00,SKU-001,0.0,90.0,1,170.0,1,276.0,1,val
2026-09-03 03:00:00+07:00,SKU-001,0.0,91.0,1,171.0,1,276.0,1,val
2026-09-03 04:00:00+07:00,SKU-001,0.0,91.0,1,171.0,1,277.0,1,val
2026-09-03 05:00:00+07:00,SKU-001,0.0,91.0,1,172.0,1,278.0,1,val
2026-09-03 06:00:00+07:00,SKU-001,0.0,91.0,1,174.0,1,278.0,1,val
2026-09-03 07:00:00+07:00,SKU-001,0.0,93.0,1,179.0,1,279.0,1,val
2026-09-03 08:00:00+07:00,SKU-001,0.0,96.0,1,183.0,1,289.0,1,val
2026-09-03 09:00:00+07:00,SKU-001,0.0,101.0,1,190.0,1,291.0,1,val
2026-09-03 10:00:00+07:00,SKU-001,0.0,110.0,1,191.0,1,293.0,1,val
2026-09-03 11:00:00+07:00,SKU-001,0.0,112.0,1,191.0,1,298.0,1,val
2026-09-03 12:00:00+07:00,SKU-001,0.0,121.0,1,191.0,1,303.0,1,val
2026-09-03 13:00:00+07:00,SKU-001,0.0,126.0,0,191.0,1,305.0,1,val
2026-09-03 14:00:00+07:00,SKU-001,3.0,125.0,0,201.0,1,318.0,1,val
2026-09-03 15:00:00+07:00,SKU-001,5.0,128.0,0,205.0,1,315.0,1,val
2026-09-03 16:00:00+07:00,SKU-001,15.0,116.0,0,195.0,1,304.0,1,val
2026-09-03 17:00:00+07:00,SKU-001,9.0,109.0,0,191.0,1,304.0,1,val
2026-09-03 18:00:00+07:00,SKU-001,5.0,109.0,0,192.0,1,309.0,1,val
2026-09-03 19:00:00+07:00,SKU-001,14.0,105.0,0,189.0,1,303.0,1,val
2026-09-03 20:00:00+07:00,SKU-001,18.0,91.0,0,183.0,1,301.0,1,val
2026-09-03 21:00:00+07:00,SKU-001,12.0,85.0,0,181.0,1,295.0,1,val
2026-09-03 22:00:00+07:00,SKU-001,4.0,81.0,0,184.0,1,298.0,1,val
2026-09-03 23:00:00+07:00,SKU-001,1.0,82.0,0,189.0,1,297.0,1,val
2026-09-04 00:00:00+07:00,SKU-001,2.0,81.0,0,187.0,1,296.0,1,val
2026-09-04 01:00:00+07:00,SKU-001,1.0,81.0,0,187.0,1,296.0,1,val
2026-09-04 02:00:00+07:00,SKU-001,1.0,80.0,0,186.0,1,297.0,1,test
2026-09-04 03:00:00+07:00,SKU-001,1.0,80.0,0,185.0,1,297.0,1,test
2026-09-04 04:00:00+07:00,SKU-001,0.0,80.0,0,186.0,1,299.0,1,test
2026-09-04 05:00:00+07:00,SKU-001,0.0,81.0,0,187.0,1,300.0,1,test
2026-09-04 06:00:00+07:00,SKU-001,0.0,83.0,0,187.0,1,303.0,1,test
2026-09-04 07:00:00+07:00,SKU-001,2.0,86.0,0,186.0,1,304.0,1,test
2026-09-04 08:00:00+07:00,SKU-001,3.0,87.0,0,193.0,1,307.0,1,test
2026-09-04 09:00:00+07:00,SKU-001,5.0,89.0,0,190.0,1,306.0,1,test
2026-09-04 10:00:00+07:00,SKU-001,9.0,81.0,1,183.0,1,303.0,1,test
2026-09-04 11:00:00+07:00,SKU-001,2.0,79.0,1,186.0,1,309.0,1,test
2026-09-04 12:00:00+07:00,SKU-001,9.0,70.0,1,182.0,1,304.0,1,test
2026-09-04 13:00:00+07:00,SKU-001,5.0,65.0,1,179.0,1,304.0,1,test
2026-09-04 14:00:00+07:00,SKU-001,2.0,76.0,1,193.0,1,303.0,1,test
2026-09-04 15:00:00+07:00,SKU-001,8.0,77.0,1,187.0,1,298.0,1,test
2026-09-04 16:00:00+07:00,SKU-001,3.0,79.0,1,188.0,1,303.0,1,test
2026-09-04 17:00:00+07:00,SKU-001,2.0,82.0,1,195.0,1,307.0,1,test
2026-09-04 18:00:00+07:00,SKU-001,5.0,83.0,1,200.0,1,309.0,1,test
2026-09-04 19:00:00+07:00,SKU-001,10.0,84.0,1,198.0,1,303.0,1,test
2026-09-04 20:00:00+07:00,SKU-001,4.0,92.0,1,210.0,1,305.0,1,test
2026-09-04 21:00:00+07:00,SKU-001,6.0,96.0,1,210.0,1,306.0,1,test
2026-09-04 22:00:00+07:00,SKU-001,0.0,103.0,1,217.0,1,308.0,1,test
2026-09-04 23:00:00+07:00,SKU-001,2.0,107.0,1,215.0,1,307.0,1,test
2026-09-05 00:00:00+07:00,SKU-001,1.0,106.0,1,215.0,1,309.0,1,test
2026-09-05 01:00:00+07:00,SKU-001,1.0,106.0,1,215.0,1,310.0,1,test
2026-09-05 02:00:00+07:00,SKU-001,0.0,106.0,1,217.0,1,310.0,1,test
2026-09-05 03:00:00+07:00,SKU-001,1.0,105.0,1,217.0,1,311.0,1,test
2026-09-05 04:00:00+07:00,SKU-001,0.0,106.0,1,219.0,1,311.0,1,test
2026-09-05 05:00:00+07:00,SKU-001,1.0,106.0,1,219.0,1,310.0,1,test
2026-09-05 06:00:00+07:00,SKU-001,2.0,104.0,1,220.0,1,308.0,1,test
2026-09-05 07:00:00+07:00,SKU-001,5.0,100.0,1,218.0,1,304.0,1,test
2026-09-05 08:00:00+07:00,SKU-001,4.0,106.0,1,220.0,1,307.0,1,test
2026-09-05 09:00:00+07:00,SKU-001,7.0,101.0,1,217.0,1,306.0,1,test
2026-09-05 10:00:00+07:00,SKU-001,1.0,102.0,1,222.0,1,311.0,1,test
2026-09-05 11:00:00+07:00,SKU-001,0.0,107.0,1,230.0,1,323.0,1,test
2026-09-05 12:00:00+07:00,SKU-001,0.0,112.0,1,234.0,1,336.0,1,test
2026-09-05 13:00:00+07:00,SKU-001,0.0,114.0,0,239.0,1,337.0,1,test
2026-09-05 14:00:00+07:00,SKU-001,13.0,117.0,0,227.0,1,325.0,1,test
2026-09-05 15:00:00+07:00,SKU-001,9.0,110.0,0,221.0,1,316.0,1,test
2026-09-05 16:00:00+07:00,SKU-001,5.0,109.0,0,224.0,1,314.0,1,test
2026-09-05 17:00:00+07:00,SKU-001,5.0,113.0,0,225.0,1,314.0,1,test
2026-09-05 18:00:00+07:00,SKU-001,6.0,117.0,0,226.0,1,313.0,1,test
2026-09-05 19:00:00+07:00,SKU-001,11.0,114.0,0,219.0,1,306.0,1,test
2026-09-05 20:00:00+07:00,SKU-001,12.0,118.0,0,213.0,1,301.0,1,test
2026-09-05 21:00:00+07:00,SKU-001,10.0,114.0,0,210.0,1,294.0,1,test
2026-09-05 22:00:00+07:00,SKU-001,7.0,114.0,0,205.0,1,292.0,1,test
2026-09-05 23:00:00+07:00,SKU-001,6.0,108.0,0,200.0,1,287.0,1,test
2026-09-06 00:00:00+07:00,SKU-001,0.0,109.0,0,203.0,1,289.0,1,test
2026-09-06 01:00:00+07:00,SKU-001,1.0,109.0,0,204.0,1,288.0,1,test
2026-09-06 02:00:00+07:00,SKU-001,0.0,111.0,0,204.0,1,288.0,1,test
2026-09-06 03:00:00+07:00,SKU-001,0.0,112.0,0,206.0,1,288.0,1,test
2026-09-06 04:00:00+07:00,SKU-001,1.0,113.0,0,205.0,1,287.0,1,test
2026-09-06 05:00:00+07:00,SKU-001,1.0,113.0,0,204.0,1,286.0,1,test
2026-09-06 06:00:00+07:00,SKU-001,0.0,116.0,0,204.0,1,289.0,1,test
2026-09-06 07:00:00+07:00,SKU-001,1.0,118.0,0,204.0,1,289.0,1,test
2026-09-06 08:00:00+07:00,SKU-001,10.0,114.0,0,201.0,1,283.0,1,test
2026-09-06 09:00:00+07:00,SKU-001,2.0,116.0,0,205.0,1,284.0,1,test
2026-09-06 10:00:00+07:00,SKU-001,2.0,120.0,0,209.0,1,290.0,1,test
2026-09-06 11:00:00+07:00,SKU-001,5.0,123.0,0,216.0,1,287.0,1,test
2026-09-06 12:00:00+07:00,SKU-001,5.0,122.0,0,224.0,1,284.0,1,test
2026-09-06 13:00:00+07:00,SKU-001,2.0,125.0,1,223.0,1,287.0,1,test
2026-09-06 14:00:00+07:00,SKU-001,16.0,110.0,1,208.0,1,272.0,1,test
2026-09-06 15:00:00+07:00,SKU-001,2.0,111.0,1,206.0,1,272.0,1,test
2026-09-06 16:00:00+07:00,SKU-001,4.0,115.0,1,205.0,1,272.0,1,test
2026-09-06 17:00:00+07:00,SKU-001,9.0,112.0,1,201.0,1,271.0,1,test
2026-09-06 18:00:00+07:00,SKU-001,10.0,109.0,1,196.0,1,263.0,1,test
2026-09-06 19:00:00+07:00,SKU-001,8.0,105.0,1,192.0,1,261.0,1,test
2026-09-06 20:00:00+07:00,SKU-001,16.0,95.0,1,183.0,1,247.0,1,test
2026-09-06 21:00:00+07:00,SKU-001,6.0,96.0,1,180.0,1,246.0,1,test
2026-09-06 22:00:00+07:00,SKU-001,7.0,91.0,1,178.0,1,242.0,1,test
2026-09-06 23:00:00+07:00,SKU-001,0.0,92.0,1,179.0,1,244.0,1,test
2026-09-07 00:00:00+07:00,SKU-001,1.0,94.0,1,180.0,1,243.0,1,test
2026-09-07 01:00:00+07:00,SKU-001,1.0,95.0,1,179.0,1,242.0,1,test
2026-09-07 02:00:00+07:00,SKU-001,2.0,93.0,1,177.0,1,240.0,1,test
2026-09-07 03:00:00+07:00,SKU-001,1.0,94.0,1,176.0,1,239.0,1,test
2026-09-07 04:00:00+07:00,SKU-001,2.0,92.0,1,174.0,1,237.0,1,test
2026-09-07 05:00:00+07:00,SKU-001,1.0,91.0,1,173.0,1,236.0,1,test
2026-09-07 06:00:00+07:00,SKU-001,3.0,88.0,1,173.0,1,237.0,1,test
2026-09-07 07:00:00+07:00,SKU-001,3.0,86.0,1,171.0,1,236.0,1,test
2026-09-07 08:00:00+07:00,SKU-001,6.0,87.0,1,169.0,1,230.0,1,test
2026-09-07 09:00:00+07:00,SKU-001,4.0,89.0,1,168.0,1,231.0,1,test
2026-09-07 10:00:00+07:00,SKU-001,6.0,89.0,1,170.0,1,226.0,1,test
2026-09-07 11:00:00+07:00,SKU-001,8.0,93.0,1,164.0,1,222.0,1,test
2026-09-07 12:00:00+07:00,SKU-001,4.0,102.0,1,162.0,1,223.0,1,test
2026-09-07 13:00:00+07:00,SKU-001,5.0,98.0,0,162.0,0,222.0,0,test
2026-09-07 14:00:00+07:00,SKU-001,1.0,98.0,0,162.0,0,225.0,0,test
2026-09-07 15:00:00+07:00,SKU-001,3.0,95.0,0,161.0,0,225.0,0,test
2026-09-07 16:00:00+07:00,SKU-001,8.0,90.0,0,157.0,0,222.0,0,test
2026-09-07 17:00:00+07:00,SKU-001,6.0,89.0,0,159.0,0,225.0,0,test
2026-09-07 18:00:00+07:00,SKU-001,7.0,87.0,0,154.0,0,223.0,0,test
2026-09-07 19:00:00+07:00,SKU-001,4.0,87.0,0,156.0,0,229.0,0,test
2026-09-07 20:00:00+07:00,SKU-001,6.0,88.0,0,152.0,0,226.0,0,test
2026-09-07 21:00:00+07:00,SKU-001,7.0,84.0,0,150.0,0,222.0,0,test
2026-09-07 22:00:00+07:00,SKU-001,2.0,87.0,0,151.0,0,230.0,0,test
2026-09-07 23:00:00+07:00,SKU-001,1.0,87.0,0,152.0,0,233.0,0,test
2026-09-08 00:00:00+07:00,SKU-001,3.0,86.0,0,149.0,0,233.0,0,test
2026-09-08 01:00:00+07:00,SKU-001,2.0,84.0,0,147.0,0,232.0,0,test
2026-09-08 02:00:00+07:00,SKU-001,0.0,84.0,0,147.0,0,237.0,0,test
2026-09-08 03:00:00+07:00,SKU-001,2.0,82.0,0,145.0,0,237.0,0,test
2026-09-08 04:00:00+07:00,SKU-001,0.0,82.0,0,145.0,0,237.0,0,test
2026-09-08 05:00:00+07:00,SKU-001,0.0,82.0,0,145.0,0,243.0,0,test
2026-09-08 06:00:00+07:00,SKU-001,0.0,85.0,0,149.0,0,251.0,0,test
2026-09-08 07:00:00+07:00,SKU-001,1.0,85.0,0,150.0,0,261.0,0,test
2026-09-08 08:00:00+07:00,SKU-001,7.0,82.0,0,143.0,0,267.0,0,test
2026-09-08 09:00:00+07:00,SKU-001,6.0,79.0,0,142.0,0,296.0,0,test
2026-09-08 10:00:00+07:00,SKU-001,6.0,81.0,0,137.0,0,310.0,0,test
2026-09-08 11:00:00+07:00,SKU-001,12.0,71.0,0,129.0,0,336.0,0,test
2026-09-08 12:00:00+07:00,SKU-001,13.0,60.0,0,121.0,0,342.0,0,test
2026-09-08 13:00:00+07:00,SKU-001,1.0,64.0,0,124.0,0,362.0,0,test
2026-09-08 14:00:00+07:00,SKU-001,1.0,64.0,0,127.0,0,381.0,0,test
2026-09-08 15:00:00+07:00,SKU-001,0.0,66.0,0,130.0,0,406.0,0,test
2026-09-08 16:00:00+07:00,SKU-001,3.0,67.0,0,132.0,0,429.0,0,test
2026-09-08 17:00:00+07:00,SKU-001,5.0,70.0,0,136.0,0,450.0,0,test
2026-09-08 18:00:00+07:00,SKU-001,5.0,67.0,0,136.0,0,470.0,0,test
2026-09-08 19:00:00+07:00,SKU-001,4.0,69.0,0,142.0,0,532.0,0,test
2026-09-08 20:00:00+07:00,SKU-001,7.0,64.0,0,138.0,0,562.0,0,test
2026-09-08 21:00:00+07:00,SKU-001,3.0,66.0,0,138.0,0,587.0,0,test
2026-09-08 22:00:00+07:00,SKU-001,5.0,64.0,0,143.0,0,594.0,0,test
2026-09-08 23:00:00+07:00,SKU-001,1.0,65.0,0,146.0,0,611.0,0,test
2026-09-09 00:00:00+07:00,SKU-001,2.0,63.0,0,147.0,0,617.0,0,test
2026-09-09 01:00:00+07:00,SKU-001,0.0,63.0,0,148.0,0,621.0,0,test
2026-09-09 02:00:00+07:00,SKU-001,0.0,63.0,0,153.0,0,622.0,0,test
2026-09-09 03:00:00+07:00,SKU-001,0.0,63.0,0,155.0,0,624.0,0,test
2026-09-09 04:00:00+07:00,SKU-001,0.0,63.0,0,155.0,0,628.0,0,test
2026-09-09 05:00:00+07:00,SKU-001,0.0,63.0,0,161.0,0,631.0,0,test
2026-09-09 06:00:00+07:00,SKU-001,3.0,64.0,0,166.0,0,631.0,0,test
2026-09-09 07:00:00+07:00,SKU-001,1.0,65.0,0,176.0,0,646.0,0,test
2026-09-09 08:00:00+07:00,SKU-001,4.0,61.0,0,185.0,0,652.0,0,test
2026-09-09 09:00:00+07:00,SKU-001,3.0,63.0,0,217.0,0,662.0,0,test
2026-09-09 10:00:00+07:00,SKU-001,8.0,56.0,0,229.0,0,674.0,0,test
2026-09-09 11:00:00+07:00,SKU-001,2.0,58.0,0,265.0,0,681.0,1,test
2026-09-09 12:00:00+07:00,SKU-001,2.0,61.0,0,282.0,0,679.0,1,test
2026-09-09 13:00:00+07:00,SKU-001,5.0,60.0,0,298.0,0,674.0,1,test
2026-09-09 14:00:00+07:00,SKU-001,1.0,63.0,0,317.0,0,673.0,1,test
2026-09-09 15:00:00+07:00,SKU-001,2.0,64.0,0,340.0,0,671.0,1,test
2026-09-09 16:00:00+07:00,SKU-001,4.0,65.0,0,362.0,0,667.0,1,test
2026-09-09 17:00:00+07:00,SKU-001,8.0,66.0,0,380.0,0,659.0,1,test
2026-09-09 18:00:00+07:00,SKU-001,2.0,69.0,0,403.0,0,657.0,1,test
2026-09-09 19:00:00+07:00,SKU-001,6.0,73.0,0,463.0,0,651.0,1,test
2026-09-09 20:00:00+07:00,SKU-001,2.0,74.0,0,498.0,0,649.0,1,test
2026-09-09 21:00:00+07:00,SKU-001,5.0,72.0,0,521.0,0,644.0,1,test
2026-09-09 22:00:00+07:00,SKU-001,3.0,79.0,0,530.0,0,641.0,1,test
2026-09-09 23:00:00+07:00,SKU-001,2.0,81.0,0,546.0,0,639.0,1,test
2026-09-10 00:00:00+07:00,SKU-001,0.0,84.0,0,554.0,0,639.0,1,test
2026-09-10 01:00:00+07:00,SKU-001,0.0,85.0,0,558.0,0,639.0,1,test
2026-09-10 02:00:00+07:00,SKU-001,0.0,90.0,0,559.0,0,639.0,1,test
2026-09-10 03:00:00+07:00,SKU-001,0.0,92.0,0,561.0,0,639.0,1,test
2026-09-10 04:00:00+07:00,SKU-001,0.0,92.0,0,565.0,0,639.0,1,test
2026-09-10 05:00:00+07:00,SKU-001,0.0,98.0,0,568.0,0,639.0,1,test
2026-09-10 06:00:00+07:00,SKU-001,4.0,102.0,0,567.0,0,635.0,1,test
2026-09-10 07:00:00+07:00,SKU-001,2.0,111.0,0,581.0,0,633.0,1,test
2026-09-10 08:00:00+07:00,SKU-001,0.0,124.0,0,591.0,0,633.0,1,test
2026-09-10 09:00:00+07:00,SKU-001,5.0,154.0,0,599.0,0,628.0,1,test
2026-09-10 10:00:00+07:00,SKU-001,1.0,173.0,0,618.0,0,627.0,1,test
2026-09-10 11:00:00+07:00,SKU-001,4.0,207.0,0,623.0,1,623.0,1,test
2026-09-10 12:00:00+07:00,SKU-001,5.0,221.0,0,618.0,1,618.0,1,test
2026-09-10 13:00:00+07:00,SKU-001,4.0,238.0,0,614.0,1,614.0,1,test
2026-09-10 14:00:00+07:00,SKU-001,4.0,254.0,0,610.0,1,610.0,1,test
2026-09-10 15:00:00+07:00,SKU-001,3.0,276.0,0,607.0,1,607.0,1,test
2026-09-10 16:00:00+07:00,SKU-001,5.0,297.0,0,602.0,1,602.0,1,test
2026-09-10 17:00:00+07:00,SKU-001,9.0,314.0,0,593.0,1,593.0,1,test
2026-09-10 18:00:00+07:00,SKU-001,5.0,334.0,0,588.0,1,588.0,1,test
2026-09-10 19:00:00+07:00,SKU-001,10.0,390.0,0,578.0,1,578.0,1,test
2026-09-10 20:00:00+07:00,SKU-001,3.0,424.0,0,575.0,1,575.0,1,test
2026-09-10 21:00:00+07:00,SKU-001,3.0,449.0,0,572.0,1,572.0,1,test
2026-09-10 22:00:00+07:00,SKU-001,10.0,451.0,0,562.0,1,572.0,1,test
2026-09-10 23:00:00+07:00,SKU-001,4.0,465.0,0,558.0,1,577.0,1,test
2026-09-11 00:00:00+07:00,SKU-001,3.0,470.0,0,555.0,1,577.0,1,test
2026-09-11 01:00:00+07:00,SKU-001,1.0,473.0,0,554.0,1,577.0,1,test
2026-09-11 02:00:00+07:00,SKU-001,5.0,469.0,0,549.0,1,574.0,1,test
2026-09-11 03:00:00+07:00,SKU-001,2.0,469.0,0,547.0,1,573.0,1,test
2026-09-11 04:00:00+07:00,SKU-001,0.0,473.0,0,547.0,1,573.0,1,test
2026-09-11 05:00:00+07:00,SKU-001,6.0,470.0,0,541.0,1,568.0,1,test
2026-09-11 06:00:00+07:00,SKU-001,8.0,465.0,0,533.0,1,564.0,1,test
2026-09-11 07:00:00+07:00,SKU-001,11.0,470.0,0,522.0,1,574.0,1,test
2026-09-11 08:00:00+07:00,SKU-001,13.0,467.0,0,509.0,1,563.0,1,test
2026-09-11 09:00:00+07:00,SKU-001,35.0,445.0,0,474.0,1,531.0,1,test
2026-09-11 10:00:00+07:00,SKU-001,20.0,445.0,0,454.0,1,527.0,1,test
2026-09-11 11:00:00+07:00,SKU-001,38.0,416.0,1,416.0,1,493.0,1,test
2026-09-11 12:00:00+07:00,SKU-001,19.0,397.0,1,397.0,1,483.0,1,test
2026-09-11 13:00:00+07:00,SKU-001,21.0,376.0,1,376.0,1,493.0,1,test
2026-09-11 14:00:00+07:00,SKU-001,20.0,356.0,1,356.0,1,486.0,1,test
2026-09-11 15:00:00+07:00,SKU-001,25.0,331.0,1,331.0,1,471.0,1,test
2026-09-11 16:00:00+07:00,SKU-001,26.0,305.0,1,305.0,1,449.0,1,test
2026-09-11 17:00:00+07:00,SKU-001,26.0,279.0,1,279.0,1,456.0,1,test
2026-09-11 18:00:00+07:00,SKU-001,25.0,254.0,1,254.0,1,439.0,1,test
2026-09-11 19:00:00+07:00,SKU-001,66.0,188.0,1,188.0,1,408.0,1,test
2026-09-11 20:00:00+07:00,SKU-001,37.0,151.0,1,151.0,1,396.0,1,test
2026-09-11 21:00:00+07:00,SKU-001,28.0,123.0,1,123.0,1,392.0,1,test
2026-09-11 22:00:00+07:00,SKU-001,12.0,111.0,1,121.0,1,386.0,1,test
2026-09-11 23:00:00+07:00,SKU-001,18.0,93.0,1,112.0,1,372.0,1,test
2026-09-12 00:00:00+07:00,SKU-001,8.0,85.0,1,107.0,1,365.0,1,test
2026-09-12 01:00:00+07:00,SKU-001,4.0,81.0,1,104.0,1,362.0,1,test
2026-09-12 02:00:00+07:00,SKU-001,1.0,80.0,1,105.0,1,362.0,1,test
2026-09-12 03:00:00+07:00,SKU-001,2.0,78.0,1,104.0,1,362.0,1,test
2026-09-12 04:00:00+07:00,SKU-001,4.0,74.0,1,100.0,1,359.0,1,test
2026-09-12 05:00:00+07:00,SKU-001,3.0,71.0,1,98.0,1,356.0,1,test
2026-09-12 06:00:00+07:00,SKU-001,3.0,68.0,1,99.0,1,355.0,1,test
2026-09-12 07:00:00+07:00,SKU-001,16.0,52.0,1,104.0,1,345.0,1,test
2026-09-12 08:00:00+07:00,SKU-001,10.0,42.0,1,96.0,1,341.0,1,test
2026-09-12 09:00:00+07:00,SKU-001,13.0,29.0,1,86.0,1,333.0,1,test
2026-09-12 10:00:00+07:00,SKU-001,20.0,9.0,1,82.0,1,317.0,1,test
2026-09-12 11:00:00+07:00,SKU-001,9.0,0.0,1,77.0,1,318.0,1,test
2026-09-12 12:00:00+07:00,SKU-001,0.0,0.0,1,86.0,1,327.0,1,test
2026-09-12 13:00:00+07:00,SKU-001,0.0,0.0,1,117.0,1,331.0,1,test
2026-09-12 14:00:00+07:00,SKU-001,0.0,0.0,1,130.0,1,341.0,1,test
2026-09-12 15:00:00+07:00,SKU-001,0.0,0.0,1,140.0,1,348.0,1,test
2026-09-12 16:00:00+07:00,SKU-001,0.0,0.0,1,144.0,1,352.0,1,test
2026-09-12 17:00:00+07:00,SKU-001,0.0,0.0,1,177.0,1,359.0,1,test
2026-09-12 18:00:00+07:00,SKU-001,0.0,0.0,1,185.0,1,369.0,1,test
2026-09-12 19:00:00+07:00,SKU-001,0.0,0.0,1,220.0,1,378.0,1,test
2026-09-12 20:00:00+07:00,SKU-001,0.0,0.0,1,245.0,1,388.0,1,test
2026-09-12 21:00:00+07:00,SKU-001,0.0,0.0,1,269.0,1,398.0,1,test
2026-09-12 22:00:00+07:00,SKU-001,0.0,10.0,1,275.0,1,407.0,1,test
2026-09-12 23:00:00+07:00,SKU-001,0.0,19.0,1,279.0,1,409.0,1,test
2026-09-13 00:00:00+07:00,SKU-001,0.0,22.0,1,280.0,1,412.0,1,test
2026-09-13 01:00:00+07:00,SKU-001,0.0,23.0,1,281.0,1,412.0,1,test
2026-09-13 02:00:00+07:00,SKU-001,0.0,25.0,1,282.0,1,412.0,1,test
2026-09-13 03:00:00+07:00,SKU-001,0.0,26.0,1,284.0,1,412.0,1,test
2026-09-13 04:00:00+07:00,SKU-001,0.0,26.0,1,285.0,1,412.0,1,test
2026-09-13 05:00:00+07:00,SKU-001,0.0,27.0,1,285.0,1,412.0,1,test
2026-09-13 06:00:00+07:00,SKU-001,0.0,31.0,1,287.0,1,422.0,1,test
2026-09-13 07:00:00+07:00,SKU-001,0.0,52.0,1,293.0,1,423.0,1,test
2026-09-13 08:00:00+07:00,SKU-001,0.0,54.0,1,299.0,1,430.0,1,test
2026-09-13 09:00:00+07:00,SKU-001,0.0,57.0,1,304.0,1,439.0,1,test
2026-09-13 10:00:00+07:00,SKU-001,0.0,73.0,1,308.0,1,448.0,1,test
2026-09-13 11:00:00+07:00,SKU-001,0.0,77.0,1,318.0,1,456.0,1,test
2026-09-13 12:00:00+07:00,SKU-001,0.0,86.0,1,327.0,1,462.0,1,test
2026-09-13 13:00:00+07:00,SKU-001,0.0,117.0,1,331.0,1,472.0,1,test
2026-09-13 14:00:00+07:00,SKU-001,0.0,130.0,1,341.0,1,479.0,1,test
2026-09-13 15:00:00+07:00,SKU-001,0.0,140.0,1,348.0,1,481.0,1,test
2026-09-13 16:00:00+07:00,SKU-001,0.0,144.0,1,352.0,1,481.0,1,test
2026-09-13 17:00:00+07:00,SKU-001,0.0,177.0,1,359.0,1,489.0,1,test
2026-09-13 18:00:00+07:00,SKU-001,0.0,185.0,1,369.0,1,497.0,1,test
2026-09-13 19:00:00+07:00,SKU-001,0.0,220.0,1,378.0,1,502.0,1,test
2026-09-13 20:00:00+07:00,SKU-001,0.0,245.0,1,388.0,1,515.0,1,test
2026-09-13 21:00:00+07:00,SKU-001,0.0,269.0,0,398.0,0,521.0,0,test
2026-09-13 22:00:00+07:00,SKU-001,10.0,265.0,0,397.0,0,520.0,0,test
2026-09-13 23:00:00+07:00,SKU-001,9.0,260.0,0,390.0,0,513.0,0,test
2026-09-14 00:00:00+07:00,SKU-001,3.0,258.0,0,390.0,0,510.0,0,test
2026-09-14 01:00:00+07:00,SKU-001,1.0,258.0,0,389.0,0,511.0,0,test
2026-09-14 02:00:00+07:00,SKU-001,2.0,257.0,0,387.0,0,509.0,0,test
2026-09-14 03:00:00+07:00,SKU-001,1.0,258.0,0,386.0,0,508.0,0,test
2026-09-14 04:00:00+07:00,SKU-001,0.0,259.0,0,386.0,0,510.0,0,test
2026-09-14 05:00:00+07:00,SKU-001,1.0,258.0,0,385.0,0,509.0,0,test
2026-09-14 06:00:00+07:00,SKU-001,4.0,256.0,0,391.0,0,509.0,0,test
2026-09-14 07:00:00+07:00,SKU-001,21.0,241.0,0,371.0,0,493.0,0,test
2026-09-14 08:00:00+07:00,SKU-001,2.0,245.0,0,376.0,0,499.0,0,test
2026-09-14 09:00:00+07:00,SKU-001,3.0,247.0,0,382.0,0,502.0,0,test
2026-09-14 10:00:00+07:00,SKU-001,16.0,235.0,0,375.0,0,492.0,0,test
2026-09-14 11:00:00+07:00,SKU-001,4.0,241.0,0,379.0,0,494.0,0,test
2026-09-14 12:00:00+07:00,SKU-001,9.0,241.0,0,376.0,0,492.0,0,test
2026-09-14 13:00:00+07:00,SKU-001,31.0,214.0,0,355.0,0,483.0,0,test
2026-09-14 14:00:00+07:00,SKU-001,13.0,211.0,0,349.0,0,,,test
2026-09-14 15:00:00+07:00,SKU-001,10.0,208.0,0,341.0,0,,,test
2026-09-14 16:00:00+07:00,SKU-001,4.0,208.0,0,337.0,0,,,test
2026-09-14 17:00:00+07:00,SKU-001,33.0,182.0,0,312.0,0,,,test
2026-09-14 18:00:00+07:00,SKU-001,8.0,184.0,0,312.0,0,,,test
2026-09-14 19:00:00+07:00,SKU-001,35.0,158.0,0,282.0,0,,,test
2026-09-14 20:00:00+07:00,SKU-001,25.0,143.0,0,270.0,0,,,test
2026-09-14 21:00:00+07:00,SKU-001,24.0,129.0,0,252.0,0,,,test
2026-09-14 22:00:00+07:00,SKU-001,6.0,132.0,0,255.0,0,,,test
2026-09-14 23:00:00+07:00,SKU-001,4.0,130.0,0,253.0,0,,,test
2026-09-15 00:00:00+07:00,SKU-001,1.0,132.0,0,252.0,0,,,test
2026-09-15 01:00:00+07:00,SKU-001,1.0,131.0,0,253.0,0,,,test
2026-09-15 02:00:00+07:00,SKU-001,1.0,130.0,0,252.0,0,,,test
2026-09-15 03:00:00+07:00,SKU-001,2.0,128.0,0,250.0,0,,,test
2026-09-15 04:00:00+07:00,SKU-001,1.0,127.0,0,251.0,0,,,test
2026-09-15 05:00:00+07:00,SKU-001,0.0,127.0,0,251.0,0,,,test
2026-09-15 06:00:00+07:00,SKU-001,2.0,135.0,0,253.0,0,,,test
2026-09-15 07:00:00+07:00,SKU-001,6.0,130.0,0,252.0,0,,,test
2026-09-15 08:00:00+07:00,SKU-001,6.0,131.0,0,254.0,0,,,test
2026-09-15 09:00:00+07:00,SKU-001,5.0,135.0,0,255.0,0,,,test
2026-09-15 10:00:00+07:00,SKU-001,4.0,140.0,0,257.0,0,,,test
2026-09-15 11:00:00+07:00,SKU-001,10.0,138.0,0,253.0,0,,,test
2026-09-15 12:00:00+07:00,SKU-001,9.0,135.0,0,251.0,0,,,test
2026-09-15 13:00:00+07:00,SKU-001,4.0,141.0,0,269.0,0,,,test
2026-09-15 14:00:00+07:00,SKU-001,10.0,138.0,0,,,,,test
2026-09-15 15:00:00+07:00,SKU-001,7.0,133.0,0,,,,,test
2026-09-15 16:00:00+07:00,SKU-001,4.0,129.0,0,,,,,test
2026-09-15 17:00:00+07:00,SKU-001,7.0,130.0,0,,,,,test
2026-09-15 18:00:00+07:00,SKU-001,10.0,128.0,0,,,,,test
2026-09-15 19:00:00+07:00,SKU-001,9.0,124.0,0,,,,,test
2026-09-15 20:00:00+07:00,SKU-001,10.0,127.0,0,,,,,test
2026-09-15 21:00:00+07:00,SKU-001,10.0,123.0,0,,,,,test
2026-09-15 22:00:00+07:00,SKU-001,9.0,123.0,0,,,,,test
2026-09-15 23:00:00+07:00,SKU-001,2.0,123.0,0,,,,,test
2026-09-16 00:00:00+07:00,SKU-001,3.0,120.0,0,,,,,test
2026-09-16 01:00:00+07:00,SKU-001,0.0,122.0,0,,,,,test
2026-09-16 02:00:00+07:00,SKU-001,0.0,122.0,0,,,,,test
2026-09-16 03:00:00+07:00,SKU-001,0.0,122.0,0,,,,,test
2026-09-16 04:00:00+07:00,SKU-001,0.0,124.0,0,,,,,test
2026-09-16 05:00:00+07:00,SKU-001,0.0,124.0,0,,,,,test
2026-09-16 06:00:00+07:00,SKU-001,10.0,118.0,0,,,,,test
2026-09-16 07:00:00+07:00,SKU-001,1.0,122.0,0,,,,,test
2026-09-16 08:00:00+07:00,SKU-001,7.0,123.0,0,,,,,test
2026-09-16 09:00:00+07:00,SKU-001,9.0,120.0,0,,,,,test
2026-09-16 10:00:00+07:00,SKU-001,9.0,117.0,0,,,,,test
2026-09-16 11:00:00+07:00,SKU-001,8.0,115.0,0,,,,,test
2026-09-16 12:00:00+07:00,SKU-001,6.0,116.0,0,,,,,test
2026-09-16 13:00:00+07:00,SKU-001,10.0,128.0,0,,,,,test
2026-09-16 14:00:00+07:00,SKU-001,7.0,,,,,,,test
2026-09-16 15:00:00+07:00,SKU-001,2.0,,,,,,,test
2026-09-16 16:00:00+07:00,SKU-001,0.0,,,,,,,test
2026-09-16 17:00:00+07:00,SKU-001,8.0,,,,,,,test
2026-09-16 18:00:00+07:00,SKU-001,8.0,,,,,,,test
2026-09-16 19:00:00+07:00,SKU-001,5.0,,,,,,,test
2026-09-16 20:00:00+07:00,SKU-001,13.0,,,,,,,test
2026-09-16 21:00:00+07:00,SKU-001,6.0,,,,,,,test
2026-09-16 22:00:00+07:00,SKU-001,9.0,,,,,,,test
2026-09-16 23:00:00+07:00,SKU-001,2.0,,,,,,,test
2026-09-17 00:00:00+07:00,SKU-001,0.0,,,,,,,test
2026-09-17 01:00:00+07:00,SKU-001,2.0,,,,,,,test
2026-09-17 02:00:00+07:00,SKU-001,0.0,,,,,,,test
2026-09-17 03:00:00+07:00,SKU-001,0.0,,,,,,,test
2026-09-17 04:00:00+07:00,SKU-001,2.0,,,,,,,test
2026-09-17 05:00:00+07:00,SKU-001,0.0,,,,,,,test
2026-09-17 06:00:00+07:00,SKU-001,4.0,,,,,,,test
2026-09-17 07:00:00+07:00,SKU-001,5.0,,,,,,,test
2026-09-17 08:00:00+07:00,SKU-001,8.0,,,,,,,test
2026-09-17 09:00:00+07:00,SKU-001,6.0,,,,,,,test
2026-09-17 10:00:00+07:00,SKU-001,6.0,,,,,,,test
2026-09-17 11:00:00+07:00,SKU-001,6.0,,,,,,,test
2026-09-17 12:00:00+07:00,SKU-001,7.0,,,,,,,test
2026-09-17 13:00:00+07:00,SKU-001,22.0,,,,,,,test
2026-06-19 14:00:00+07:00,SKU-004,1.0,13.0,0,36.0,0,48.0,0,train
2026-06-19 15:00:00+07:00,SKU-004,0.0,13.0,0,36.0,0,48.0,0,train
2026-06-19 16:00:00+07:00,SKU-004,0.0,17.0,0,36.0,0,49.0,0,train
2026-06-19 17:00:00+07:00,SKU-004,1.0,16.0,0,35.0,0,50.0,0,train
2026-06-19 18:00:00+07:00,SKU-004,0.0,18.0,0,36.0,0,50.0,0,train
2026-06-19 19:00:00+07:00,SKU-004,1.0,19.0,0,39.0,0,52.0,0,train
2026-06-19 20:00:00+07:00,SKU-004,0.0,21.0,0,40.0,0,55.0,0,train
2026-06-19 21:00:00+07:00,SKU-004,0.0,23.0,0,42.0,0,60.0,0,train
2026-06-19 22:00:00+07:00,SKU-004,0.0,23.0,0,43.0,0,63.0,0,train
2026-06-19 23:00:00+07:00,SKU-004,0.0,25.0,0,43.0,0,63.0,0,train
2026-06-20 00:00:00+07:00,SKU-004,0.0,26.0,0,43.0,0,63.0,0,train
2026-06-20 01:00:00+07:00,SKU-004,0.0,26.0,0,43.0,0,63.0,0,train
2026-06-20 02:00:00+07:00,SKU-004,0.0,26.0,0,43.0,0,63.0,0,train
2026-06-20 03:00:00+07:00,SKU-004,0.0,26.0,0,43.0,0,63.0,0,train
2026-06-20 04:00:00+07:00,SKU-004,0.0,27.0,0,44.0,0,63.0,0,train
2026-06-20 05:00:00+07:00,SKU-004,1.0,26.0,0,43.0,0,63.0,0,train
2026-06-20 06:00:00+07:00,SKU-004,0.0,26.0,0,44.0,0,63.0,0,train
2026-06-20 07:00:00+07:00,SKU-004,1.0,25.0,0,43.0,0,64.0,0,train
2026-06-20 08:00:00+07:00,SKU-004,2.0,25.0,0,41.0,0,62.0,0,train
2026-06-20 09:00:00+07:00,SKU-004,2.0,23.0,0,39.0,0,62.0,0,train
2026-06-20 10:00:00+07:00,SKU-004,2.0,22.0,0,37.0,0,60.0,0,train
2026-06-20 11:00:00+07:00,SKU-004,1.0,24.0,0,37.0,0,59.0,0,train
2026-06-20 12:00:00+07:00,SKU-004,0.0,25.0,0,37.0,0,59.0,0,train
2026-06-20 13:00:00+07:00,SKU-004,2.0,23.0,0,35.0,0,58.0,0,train
2026-06-20 14:00:00+07:00,SKU-004,0.0,23.0,0,35.0,0,59.0,0,train
2026-06-20 15:00:00+07:00,SKU-004,0.0,23.0,0,35.0,0,60.0,0,train
2026-06-20 16:00:00+07:00,SKU-004,4.0,19.0,0,32.0,0,57.0,0,train
2026-06-20 17:00:00+07:00,SKU-004,0.0,19.0,0,34.0,0,59.0,0,train
2026-06-20 18:00:00+07:00,SKU-004,2.0,18.0,0,32.0,0,58.0,0,train
2026-06-20 19:00:00+07:00,SKU-004,2.0,20.0,0,33.0,0,57.0,0,train
2026-06-20 20:00:00+07:00,SKU-004,2.0,19.0,0,34.0,0,55.0,0,train
2026-06-20 21:00:00+07:00,SKU-004,2.0,19.0,0,37.0,0,53.0,0,train
2026-06-20 22:00:00+07:00,SKU-004,0.0,20.0,0,40.0,0,53.0,0,train
2026-06-20 23:00:00+07:00,SKU-004,2.0,18.0,0,38.0,0,51.0,0,train
2026-06-21 00:00:00+07:00,SKU-004,1.0,17.0,0,37.0,0,51.0,0,train
2026-06-21 01:00:00+07:00,SKU-004,0.0,17.0,0,37.0,0,51.0,0,train
2026-06-21 02:00:00+07:00,SKU-004,0.0,17.0,0,37.0,0,51.0,0,train
2026-06-21 03:00:00+07:00,SKU-004,0.0,17.0,0,37.0,0,51.0,0,train
2026-06-21 04:00:00+07:00,SKU-004,1.0,17.0,0,36.0,0,50.0,0,train
2026-06-21 05:00:00+07:00,SKU-004,0.0,17.0,0,37.0,0,50.0,0,train
2026-06-21 06:00:00+07:00,SKU-004,0.0,18.0,0,37.0,0,51.0,0,train
2026-06-21 07:00:00+07:00,SKU-004,0.0,18.0,0,39.0,0,52.0,0,train
2026-06-21 08:00:00+07:00,SKU-004,2.0,16.0,0,37.0,0,51.0,0,train
2026-06-21 09:00:00+07:00,SKU-004,0.0,16.0,0,39.0,0,51.0,0,train
2026-06-21 10:00:00+07:00,SKU-004,1.0,15.0,0,38.0,0,52.0,0,train
2026-06-21 11:00:00+07:00,SKU-004,3.0,13.0,0,35.0,0,49.0,0,train
2026-06-21 12:00:00+07:00,SKU-004,1.0,12.0,0,34.0,0,48.0,0,train
2026-06-21 13:00:00+07:00,SKU-004,0.0,12.0,0,35.0,0,51.0,0,train
2026-06-21 14:00:00+07:00,SKU-004,0.0,12.0,0,36.0,0,53.0,0,train
2026-06-21 15:00:00+07:00,SKU-004,0.0,12.0,0,37.0,0,54.0,0,train
2026-06-21 16:00:00+07:00,SKU-004,0.0,13.0,0,38.0,0,54.0,0,train
2026-06-21 17:00:00+07:00,SKU-004,0.0,15.0,0,40.0,0,55.0,0,train
2026-06-21 18:00:00+07:00,SKU-004,1.0,14.0,0,40.0,0,55.0,0,train
2026-06-21 19:00:00+07:00,SKU-004,4.0,13.0,0,37.0,0,51.0,0,train
2026-06-21 20:00:00+07:00,SKU-004,1.0,15.0,0,36.0,0,51.0,0,train
2026-06-21 21:00:00+07:00,SKU-004,2.0,18.0,0,34.0,0,52.0,0,train
2026-06-21 22:00:00+07:00,SKU-004,1.0,20.0,0,33.0,0,52.0,0,train
2026-06-21 23:00:00+07:00,SKU-004,0.0,20.0,0,33.0,0,53.0,0,train
2026-06-22 00:00:00+07:00,SKU-004,0.0,20.0,0,34.0,0,53.0,0,train
2026-06-22 01:00:00+07:00,SKU-004,0.0,20.0,0,34.0,0,53.0,0,train
2026-06-22 02:00:00+07:00,SKU-004,0.0,20.0,0,34.0,0,53.0,0,train
2026-06-22 03:00:00+07:00,SKU-004,0.0,20.0,0,34.0,0,53.0,0,train
2026-06-22 04:00:00+07:00,SKU-004,1.0,19.0,0,33.0,0,52.0,0,train
2026-06-22 05:00:00+07:00,SKU-004,0.0,20.0,0,33.0,0,52.0,0,train
2026-06-22 06:00:00+07:00,SKU-004,1.0,19.0,0,33.0,0,51.0,0,train
2026-06-22 07:00:00+07:00,SKU-004,0.0,21.0,0,34.0,0,51.0,0,train
2026-06-22 08:00:00+07:00,SKU-004,0.0,21.0,0,35.0,0,51.0,0,train
2026-06-22 09:00:00+07:00,SKU-004,0.0,23.0,0,35.0,0,51.0,0,train
2026-06-22 10:00:00+07:00,SKU-004,0.0,23.0,0,37.0,0,53.0,0,train
2026-06-22 11:00:00+07:00,SKU-004,1.0,22.0,0,36.0,0,53.0,0,train
2026-06-22 12:00:00+07:00,SKU-004,0.0,22.0,0,36.0,0,53.0,0,train
2026-06-22 13:00:00+07:00,SKU-004,0.0,23.0,0,39.0,0,53.0,0,train
2026-06-22 14:00:00+07:00,SKU-004,0.0,24.0,0,41.0,0,54.0,0,train
2026-06-22 15:00:00+07:00,SKU-004,0.0,25.0,0,42.0,0,54.0,0,train
2026-06-22 16:00:00+07:00,SKU-004,1.0,25.0,0,41.0,0,53.0,0,train
2026-06-22 17:00:00+07:00,SKU-004,2.0,25.0,0,40.0,0,52.0,0,train
2026-06-22 18:00:00+07:00,SKU-004,0.0,26.0,0,41.0,0,53.0,0,train
2026-06-22 19:00:00+07:00,SKU-004,3.0,24.0,0,38.0,0,53.0,0,train
2026-06-22 20:00:00+07:00,SKU-004,3.0,21.0,0,36.0,0,51.0,0,train
2026-06-22 21:00:00+07:00,SKU-004,5.0,16.0,0,34.0,0,49.0,0,train
2026-06-22 22:00:00+07:00,SKU-004,3.0,13.0,0,32.0,0,49.0,0,train
2026-06-22 23:00:00+07:00,SKU-004,0.0,13.0,0,33.0,0,49.0,0,train
2026-06-23 00:00:00+07:00,SKU-004,0.0,14.0,0,33.0,0,49.0,0,train
2026-06-23 01:00:00+07:00,SKU-004,0.0,14.0,0,33.0,0,49.0,0,train
2026-06-23 02:00:00+07:00,SKU-004,0.0,14.0,0,33.0,0,49.0,0,train
2026-06-23 03:00:00+07:00,SKU-004,0.0,14.0,0,33.0,0,49.0,0,train
2026-06-23 04:00:00+07:00,SKU-004,0.0,14.0,0,33.0,0,49.0,0,train
2026-06-23 05:00:00+07:00,SKU-004,1.0,13.0,0,32.0,0,48.0,0,train
2026-06-23 06:00:00+07:00,SKU-004,0.0,14.0,0,32.0,0,48.0,0,train
2026-06-23 07:00:00+07:00,SKU-004,2.0,13.0,0,30.0,0,48.0,0,train
2026-06-23 08:00:00+07:00,SKU-004,0.0,14.0,0,30.0,0,49.0,0,train
2026-06-23 09:00:00+07:00,SKU-004,2.0,12.0,0,28.0,0,49.0,0,train
2026-06-23 10:00:00+07:00,SKU-004,0.0,14.0,0,30.0,0,49.0,0,train
2026-06-23 11:00:00+07:00,SKU-004,0.0,14.0,0,31.0,0,53.0,0,train
2026-06-23 12:00:00+07:00,SKU-004,0.0,14.0,0,31.0,0,57.0,0,train
2026-06-23 13:00:00+07:00,SKU-004,1.0,16.0,0,30.0,0,56.0,0,train
2026-06-23 14:00:00+07:00,SKU-004,1.0,17.0,0,30.0,0,58.0,0,train
2026-06-23 15:00:00+07:00,SKU-004,1.0,17.0,0,29.0,0,57.0,0,train
2026-06-23 16:00:00+07:00,SKU-004,1.0,16.0,0,28.0,0,57.0,0,train
2026-06-23 17:00:00+07:00,SKU-004,2.0,15.0,0,27.0,0,55.0,0,train
2026-06-23 18:00:00+07:00,SKU-004,1.0,15.0,0,27.0,0,56.0,0,train
2026-06-23 19:00:00+07:00,SKU-004,1.0,14.0,0,29.0,0,57.0,0,train
2026-06-23 20:00:00+07:00,SKU-004,0.0,15.0,0,30.0,0,58.0,0,train
2026-06-23 21:00:00+07:00,SKU-004,0.0,18.0,0,33.0,0,60.0,0,train
2026-06-23 22:00:00+07:00,SKU-004,0.0,19.0,0,36.0,0,60.0,0,train
2026-06-23 23:00:00+07:00,SKU-004,0.0,20.0,0,36.0,0,60.0,0,train
2026-06-24 00:00:00+07:00,SKU-004,1.0,19.0,0,35.0,0,59.0,0,train
2026-06-24 01:00:00+07:00,SKU-004,0.0,19.0,0,35.0,0,59.0,0,train
2026-06-24 02:00:00+07:00,SKU-004,0.0,19.0,0,35.0,0,59.0,0,train
2026-06-24 03:00:00+07:00,SKU-004,0.0,19.0,0,35.0,0,60.0,0,train
2026-06-24 04:00:00+07:00,SKU-004,0.0,19.0,0,35.0,0,60.0,0,train
2026-06-24 05:00:00+07:00,SKU-004,0.0,19.0,0,35.0,0,60.0,0,train
2026-06-24 06:00:00+07:00,SKU-004,1.0,18.0,0,34.0,0,60.0,0,train
2026-06-24 07:00:00+07:00,SKU-004,1.0,17.0,0,35.0,0,59.0,0,train
2026-06-24 08:00:00+07:00,SKU-004,1.0,16.0,0,35.0,0,58.0,0,train
2026-06-24 09:00:00+07:00,SKU-004,0.0,16.0,0,37.0,0,58.0,0,train
2026-06-24 10:00:00+07:00,SKU-004,2.0,16.0,0,35.0,0,59.0,0,train
2026-06-24 11:00:00+07:00,SKU-004,0.0,17.0,0,39.0,0,60.0,0,train
2026-06-24 12:00:00+07:00,SKU-004,0.0,17.0,0,43.0,0,66.0,0,train
2026-06-24 13:00:00+07:00,SKU-004,3.0,14.0,0,40.0,0,64.0,0,train
2026-06-24 14:00:00+07:00,SKU-004,2.0,13.0,0,41.0,0,63.0,0,train
2026-06-24 15:00:00+07:00,SKU-004,1.0,12.0,0,40.0,0,64.0,0,train
2026-06-24 16:00:00+07:00,SKU-004,0.0,12.0,0,41.0,0,64.0,0,train
2026-06-24 17:00:00+07:00,SKU-004,1.0,12.0,0,40.0,0,64.0,0,train
2026-06-24 18:00:00+07:00,SKU-004,1.0,12.0,0,41.0,0,64.0,0,train
2026-06-24 19:00:00+07:00,SKU-004,0.0,15.0,0,43.0,0,67.0,0,train
2026-06-24 20:00:00+07:00,SKU-004,1.0,15.0,0,43.0,0,67.0,0,train
2026-06-24 21:00:00+07:00,SKU-004,3.0,15.0,0,42.0,0,65.0,0,train
2026-06-24 22:00:00+07:00,SKU-004,1.0,17.0,0,41.0,0,66.0,0,train
2026-06-24 23:00:00+07:00,SKU-004,1.0,16.0,0,40.0,0,65.0,0,train
2026-06-25 00:00:00+07:00,SKU-004,0.0,16.0,0,40.0,0,65.0,0,train
2026-06-25 01:00:00+07:00,SKU-004,0.0,16.0,0,40.0,0,65.0,0,train
2026-06-25 02:00:00+07:00,SKU-004,0.0,16.0,0,40.0,0,65.0,0,train
2026-06-25 03:00:00+07:00,SKU-004,0.0,16.0,0,41.0,0,66.0,0,train
2026-06-25 04:00:00+07:00,SKU-004,0.0,16.0,0,41.0,0,66.0,1,train
2026-06-25 05:00:00+07:00,SKU-004,0.0,16.0,0,41.0,0,66.0,1,train
2026-06-25 06:00:00+07:00,SKU-004,0.0,16.0,0,42.0,0,66.0,1,train
2026-06-25 07:00:00+07:00,SKU-004,0.0,18.0,0,42.0,0,66.0,1,train
2026-06-25 08:00:00+07:00,SKU-004,0.0,19.0,0,42.0,0,66.0,1,train
2026-06-25 09:00:00+07:00,SKU-004,0.0,21.0,0,42.0,0,66.0,1,train
2026-06-25 10:00:00+07:00,SKU-004,2.0,19.0,0,43.0,0,64.0,1,train
2026-06-25 11:00:00+07:00,SKU-004,1.0,22.0,0,43.0,0,63.0,1,train
2026-06-25 12:00:00+07:00,SKU-004,0.0,26.0,0,49.0,0,63.0,1,train
2026-06-25 13:00:00+07:00,SKU-004,0.0,26.0,0,50.0,0,63.0,1,train
2026-06-25 14:00:00+07:00,SKU-004,1.0,28.0,0,50.0,0,62.0,1,train
2026-06-25 15:00:00+07:00,SKU-004,0.0,28.0,0,52.0,0,64.0,1,train
2026-06-25 16:00:00+07:00,SKU-004,0.0,29.0,0,52.0,0,64.0,1,train
2026-06-25 17:00:00+07:00,SKU-004,1.0,28.0,0,52.0,0,63.0,1,train
2026-06-25 18:00:00+07:00,SKU-004,1.0,29.0,0,52.0,0,62.0,1,train
2026-06-25 19:00:00+07:00,SKU-004,3.0,28.0,0,52.0,0,60.0,1,train
2026-06-25 20:00:00+07:00,SKU-004,1.0,28.0,0,52.0,0,60.0,1,train
2026-06-25 21:00:00+07:00,SKU-004,3.0,27.0,0,50.0,0,57.0,1,train
2026-06-25 22:00:00+07:00,SKU-004,3.0,24.0,0,49.0,0,54.0,1,train
2026-06-25 23:00:00+07:00,SKU-004,0.0,24.0,0,49.0,0,54.0,1,train
2026-06-26 00:00:00+07:00,SKU-004,0.0,24.0,0,49.0,0,54.0,1,train
2026-06-26 01:00:00+07:00,SKU-004,0.0,24.0,0,49.0,0,55.0,1,train
2026-06-26 02:00:00+07:00,SKU-004,0.0,24.0,0,49.0,0,55.0,1,train
2026-06-26 03:00:00+07:00,SKU-004,0.0,25.0,0,50.0,0,55.0,1,train
2026-06-26 04:00:00+07:00,SKU-004,0.0,25.0,0,50.0,1,55.0,1,train
2026-06-26 05:00:00+07:00,SKU-004,0.0,25.0,0,50.0,1,55.0,1,train
2026-06-26 06:00:00+07:00,SKU-004,0.0,26.0,0,50.0,1,56.0,1,train
2026-06-26 07:00:00+07:00,SKU-004,2.0,24.0,0,48.0,1,54.0,1,train
2026-06-26 08:00:00+07:00,SKU-004,1.0,23.0,0,47.0,1,53.0,1,train
2026-06-26 09:00:00+07:00,SKU-004,2.0,21.0,0,45.0,1,52.0,1,train
2026-06-26 10:00:00+07:00,SKU-004,0.0,24.0,0,45.0,1,56.0,1,train
2026-06-26 11:00:00+07:00,SKU-004,4.0,21.0,0,41.0,1,52.0,1,train
2026-06-26 12:00:00+07:00,SKU-004,4.0,23.0,0,37.0,1,49.0,1,train
2026-06-26 13:00:00+07:00,SKU-004,0.0,24.0,0,37.0,1,49.0,1,train
2026-06-26 14:00:00+07:00,SKU-004,3.0,22.0,0,34.0,1,48.0,1,train
2026-06-26 15:00:00+07:00,SKU-004,0.0,24.0,0,36.0,1,51.0,1,train
2026-06-26 16:00:00+07:00,SKU-004,1.0,23.0,0,35.0,1,50.0,1,train
2026-06-26 17:00:00+07:00,SKU-004,0.0,24.0,0,35.0,1,53.0,1,train
2026-06-26 18:00:00+07:00,SKU-004,2.0,23.0,0,33.0,1,52.0,1,train
2026-06-26 19:00:00+07:00,SKU-004,2.0,24.0,0,32.0,1,56.0,1,train
2026-06-26 20:00:00+07:00,SKU-004,1.0,24.0,0,32.0,1,55.0,1,train
2026-06-26 21:00:00+07:00,SKU-004,2.0,23.0,0,30.0,1,53.0,1,train
2026-06-26 22:00:00+07:00,SKU-004,0.0,25.0,0,30.0,1,53.0,1,train
2026-06-26 23:00:00+07:00,SKU-004,0.0,25.0,0,30.0,1,54.0,1,train
2026-06-27 00:00:00+07:00,SKU-004,0.0,25.0,0,30.0,1,54.0,1,train
2026-06-27 01:00:00+07:00,SKU-004,0.0,25.0,0,31.0,1,54.0,1,train
2026-06-27 02:00:00+07:00,SKU-004,0.0,25.0,0,31.0,1,54.0,1,train
2026-06-27 03:00:00+07:00,SKU-004,1.0,25.0,0,30.0,1,53.0,1,train
2026-06-27 04:00:00+07:00,SKU-004,0.0,25.0,1,30.0,1,53.0,1,train
2026-06-27 05:00:00+07:00,SKU-004,0.0,25.0,1,30.0,1,53.0,1,train
2026-06-27 06:00:00+07:00,SKU-004,1.0,24.0,1,30.0,1,53.0,1,train
2026-06-27 07:00:00+07:00,SKU-004,0.0,24.0,1,30.0,1,53.0,1,train
2026-06-27 08:00:00+07:00,SKU-004,0.0,24.0,1,30.0,1,53.0,1,train
2026-06-27 09:00:00+07:00,SKU-004,0.0,24.0,1,31.0,1,53.0,1,train
2026-06-27 10:00:00+07:00,SKU-004,3.0,21.0,1,32.0,1,51.0,1,train
2026-06-27 11:00:00+07:00,SKU-004,1.0,20.0,1,31.0,1,52.0,1,train
2026-06-27 12:00:00+07:00,SKU-004,6.0,14.0,1,26.0,1,48.0,1,train
2026-06-27 13:00:00+07:00,SKU-004,1.0,13.0,1,25.0,1,47.0,1,train
2026-06-27 14:00:00+07:00,SKU-004,1.0,12.0,1,26.0,1,46.0,1,train
2026-06-27 15:00:00+07:00,SKU-004,2.0,12.0,1,27.0,1,44.0,1,train
2026-06-27 16:00:00+07:00,SKU-004,0.0,12.0,1,27.0,1,45.0,1,train
2026-06-27 17:00:00+07:00,SKU-004,1.0,11.0,1,29.0,1,44.0,1,train
2026-06-27 18:00:00+07:00,SKU-004,1.0,10.0,1,29.0,1,44.0,1,train
2026-06-27 19:00:00+07:00,SKU-004,3.0,8.0,1,32.0,1,41.0,1,train
2026-06-27 20:00:00+07:00,SKU-004,1.0,8.0,1,31.0,1,41.0,1,train
2026-06-27 21:00:00+07:00,SKU-004,1.0,7.0,1,30.0,1,41.0,1,train
2026-06-27 22:00:00+07:00,SKU-004,2.0,5.0,1,28.0,1,40.0,1,train
2026-06-27 23:00:00+07:00,SKU-004,0.0,5.0,1,29.0,1,40.0,1,train
2026-06-28 00:00:00+07:00,SKU-004,0.0,5.0,1,29.0,1,40.0,1,train
2026-06-28 01:00:00+07:00,SKU-004,0.0,6.0,1,29.0,1,40.0,1,train
2026-06-28 02:00:00+07:00,SKU-004,0.0,6.0,1,29.0,1,40.0,1,train
2026-06-28 03:00:00+07:00,SKU-004,1.0,5.0,1,28.0,1,39.0,1,train
2026-06-28 04:00:00+07:00,SKU-004,0.0,5.0,1,28.0,1,40.0,1,train
2026-06-28 05:00:00+07:00,SKU-004,0.0,5.0,1,28.0,1,41.0,1,train
2026-06-28 06:00:00+07:00,SKU-004,0.0,6.0,1,29.0,1,42.0,1,train
2026-06-28 07:00:00+07:00,SKU-004,0.0,6.0,1,29.0,1,43.0,1,train
2026-06-28 08:00:00+07:00,SKU-004,0.0,6.0,1,29.0,1,43.0,1,train
2026-06-28 09:00:00+07:00,SKU-004,0.0,7.0,1,29.0,1,43.0,1,train
2026-06-28 10:00:00+07:00,SKU-004,0.0,11.0,1,30.0,1,44.0,1,train
2026-06-28 11:00:00+07:00,SKU-004,0.0,11.0,1,32.0,1,44.0,1,train
2026-06-28 12:00:00+07:00,SKU-004,0.0,12.0,1,34.0,1,45.0,1,train
2026-06-28 13:00:00+07:00,SKU-004,0.0,12.0,0,34.0,0,47.0,0,train
2026-06-28 14:00:00+07:00,SKU-004,0.0,14.0,0,34.0,0,47.0,0,train
2026-06-28 15:00:00+07:00,SKU-004,2.0,15.0,0,32.0,0,45.0,0,train
2026-06-28 16:00:00+07:00,SKU-004,0.0,15.0,0,33.0,0,45.0,0,train
2026-06-28 17:00:00+07:00,SKU-004,0.0,18.0,0,33.0,0,47.0,0,train
2026-06-28 18:00:00+07:00,SKU-004,0.0,19.0,0,34.0,0,47.0,0,train
2026-06-28 19:00:00+07:00,SKU-004,1.0,24.0,0,33.0,0,49.0,0,train
2026-06-28 20:00:00+07:00,SKU-004,1.0,23.0,0,33.0,0,49.0,0,train
2026-06-28 21:00:00+07:00,SKU-004,0.0,23.0,0,34.0,0,50.0,0,train
2026-06-28 22:00:00+07:00,SKU-004,0.0,23.0,0,35.0,0,50.0,0,train
2026-06-28 23:00:00+07:00,SKU-004,0.0,24.0,0,35.0,0,50.0,0,train
2026-06-29 00:00:00+07:00,SKU-004,0.0,24.0,0,35.0,0,50.0,0,train
2026-06-29 01:00:00+07:00,SKU-004,1.0,23.0,0,34.0,0,49.0,0,train
2026-06-29 02:00:00+07:00,SKU-004,0.0,23.0,0,34.0,0,49.0,0,train
2026-06-29 03:00:00+07:00,SKU-004,0.0,23.0,0,34.0,0,49.0,0,train
2026-06-29 04:00:00+07:00,SKU-004,0.0,23.0,0,35.0,0,49.0,0,train
2026-06-29 05:00:00+07:00,SKU-004,0.0,23.0,0,36.0,0,50.0,0,train
2026-06-29 06:00:00+07:00,SKU-004,1.0,23.0,0,36.0,0,49.0,0,train
2026-06-29 07:00:00+07:00,SKU-004,0.0,23.0,0,37.0,0,50.0,0,train
2026-06-29 08:00:00+07:00,SKU-004,0.0,23.0,0,37.0,0,50.0,0,train
2026-06-29 09:00:00+07:00,SKU-004,1.0,22.0,0,36.0,0,50.0,0,train
2026-06-29 10:00:00+07:00,SKU-004,4.0,19.0,0,33.0,0,46.0,0,train
2026-06-29 11:00:00+07:00,SKU-004,0.0,21.0,0,33.0,0,47.0,0,train
2026-06-29 12:00:00+07:00,SKU-004,1.0,22.0,0,33.0,0,47.0,0,train
2026-06-29 13:00:00+07:00,SKU-004,0.0,22.0,0,35.0,0,47.0,0,train
2026-06-29 14:00:00+07:00,SKU-004,2.0,20.0,0,33.0,0,45.0,0,train
2026-06-29 15:00:00+07:00,SKU-004,3.0,17.0,0,30.0,0,45.0,0,train
2026-06-29 16:00:00+07:00,SKU-004,0.0,18.0,0,30.0,0,46.0,0,train
2026-06-29 17:00:00+07:00,SKU-004,3.0,15.0,0,29.0,0,44.0,0,train
2026-06-29 18:00:00+07:00,SKU-004,1.0,15.0,0,28.0,0,44.0,0,train
2026-06-29 19:00:00+07:00,SKU-004,6.0,9.0,0,25.0,0,39.0,0,train
2026-06-29 20:00:00+07:00,SKU-004,0.0,10.0,0,26.0,0,42.0,0,train
2026-06-29 21:00:00+07:00,SKU-004,0.0,11.0,0,27.0,0,43.0,0,train
2026-06-29 22:00:00+07:00,SKU-004,0.0,12.0,0,27.0,0,43.0,0,train
2026-06-29 23:00:00+07:00,SKU-004,1.0,11.0,0,26.0,0,42.0,0,train
2026-06-30 00:00:00+07:00,SKU-004,0.0,11.0,0,26.0,0,42.0,0,train
2026-06-30 01:00:00+07:00,SKU-004,0.0,11.0,0,26.0,0,44.0,0,train
2026-06-30 02:00:00+07:00,SKU-004,0.0,11.0,0,26.0,0,44.0,0,train
2026-06-30 03:00:00+07:00,SKU-004,0.0,11.0,0,26.0,0,44.0,0,train
2026-06-30 04:00:00+07:00,SKU-004,0.0,12.0,0,26.0,0,44.0,0,train
2026-06-30 05:00:00+07:00,SKU-004,0.0,13.0,0,27.0,0,44.0,0,train
2026-06-30 06:00:00+07:00,SKU-004,1.0,13.0,0,26.0,0,43.0,0,train
2026-06-30 07:00:00+07:00,SKU-004,0.0,14.0,0,27.0,0,43.0,0,train
2026-06-30 08:00:00+07:00,SKU-004,0.0,14.0,0,27.0,0,44.0,0,train
2026-06-30 09:00:00+07:00,SKU-004,0.0,14.0,0,28.0,0,46.0,0,train
2026-06-30 10:00:00+07:00,SKU-004,1.0,14.0,0,27.0,0,47.0,0,train
2026-06-30 11:00:00+07:00,SKU-004,2.0,12.0,0,26.0,0,46.0,0,train
2026-06-30 12:00:00+07:00,SKU-004,2.0,11.0,0,25.0,0,45.0,0,train
2026-06-30 13:00:00+07:00,SKU-004,0.0,13.0,0,25.0,0,48.0,0,train
2026-06-30 14:00:00+07:00,SKU-004,0.0,13.0,0,25.0,0,49.0,0,train
2026-06-30 15:00:00+07:00,SKU-004,0.0,13.0,0,28.0,0,51.0,0,train
2026-06-30 16:00:00+07:00,SKU-004,1.0,12.0,0,28.0,0,51.0,0,train
2026-06-30 17:00:00+07:00,SKU-004,0.0,14.0,0,29.0,0,54.0,0,train
2026-06-30 18:00:00+07:00,SKU-004,1.0,13.0,0,29.0,0,54.0,1,train
2026-06-30 19:00:00+07:00,SKU-004,0.0,16.0,0,30.0,0,54.0,1,train
2026-06-30 20:00:00+07:00,SKU-004,1.0,16.0,0,32.0,0,53.0,1,train
2026-06-30 21:00:00+07:00,SKU-004,1.0,16.0,0,32.0,0,52.0,1,train
2026-06-30 22:00:00+07:00,SKU-004,1.0,15.0,0,31.0,0,51.0,1,train
2026-06-30 23:00:00+07:00,SKU-004,0.0,15.0,0,31.0,0,51.0,1,train
2026-07-01 00:00:00+07:00,SKU-004,0.0,15.0,0,31.0,0,51.0,1,train
2026-07-01 01:00:00+07:00,SKU-004,0.0,15.0,0,33.0,0,51.0,1,train
2026-07-01 02:00:00+07:00,SKU-004,0.0,15.0,0,33.0,0,51.0,1,train
2026-07-01 03:00:00+07:00,SKU-004,0.0,15.0,0,33.0,0,51.0,1,train
2026-07-01 04:00:00+07:00,SKU-004,1.0,14.0,0,32.0,0,50.0,1,train
2026-07-01 05:00:00+07:00,SKU-004,1.0,14.0,0,31.0,0,49.0,1,train
2026-07-01 06:00:00+07:00,SKU-004,1.0,13.0,0,30.0,0,48.0,1,train
2026-07-01 07:00:00+07:00,SKU-004,1.0,13.0,0,29.0,0,47.0,1,train
2026-07-01 08:00:00+07:00,SKU-004,0.0,13.0,0,30.0,0,47.0,1,train
2026-07-01 09:00:00+07:00,SKU-004,0.0,14.0,0,32.0,0,47.0,1,train
2026-07-01 10:00:00+07:00,SKU-004,1.0,13.0,0,33.0,0,46.0,1,train
2026-07-01 11:00:00+07:00,SKU-004,0.0,14.0,0,34.0,0,46.0,1,train
2026-07-01 12:00:00+07:00,SKU-004,1.0,14.0,0,34.0,0,45.0,1,train
2026-07-01 13:00:00+07:00,SKU-004,2.0,12.0,0,35.0,0,43.0,1,train
2026-07-01 14:00:00+07:00,SKU-004,0.0,12.0,0,36.0,0,44.0,1,train
2026-07-01 15:00:00+07:00,SKU-004,0.0,15.0,0,38.0,0,46.0,1,train
2026-07-01 16:00:00+07:00,SKU-004,0.0,16.0,0,39.0,0,48.0,1,train
2026-07-01 17:00:00+07:00,SKU-004,2.0,15.0,0,40.0,0,59.0,1,train
2026-07-01 18:00:00+07:00,SKU-004,0.0,16.0,0,41.0,1,60.0,1,train
2026-07-01 19:00:00+07:00,SKU-004,3.0,14.0,0,38.0,1,60.0,1,train
2026-07-01 20:00:00+07:00,SKU-004,1.0,16.0,0,37.0,1,63.0,1,train
2026-07-01 21:00:00+07:00,SKU-004,1.0,16.0,0,36.0,1,68.0,1,train
2026-07-01 22:00:00+07:00,SKU-004,0.0,16.0,0,36.0,1,69.0,1,train
2026-07-01 23:00:00+07:00,SKU-004,0.0,16.0,0,36.0,1,70.0,1,train
2026-07-02 00:00:00+07:00,SKU-004,0.0,16.0,0,36.0,1,70.0,1,train
2026-07-02 01:00:00+07:00,SKU-004,0.0,18.0,0,36.0,1,70.0,1,train
2026-07-02 02:00:00+07:00,SKU-004,0.0,18.0,0,36.0,1,71.0,1,train
2026-07-02 03:00:00+07:00,SKU-004,0.0,18.0,0,36.0,1,71.0,1,train
2026-07-02 04:00:00+07:00,SKU-004,0.0,18.0,0,36.0,1,71.0,1,train
2026-07-02 05:00:00+07:00,SKU-004,1.0,17.0,0,35.0,1,72.0,1,train
2026-07-02 06:00:00+07:00,SKU-004,0.0,17.0,0,35.0,1,72.0,1,train
2026-07-02 07:00:00+07:00,SKU-004,1.0,16.0,0,34.0,1,74.0,1,train
2026-07-02 08:00:00+07:00,SKU-004,0.0,17.0,0,34.0,1,80.0,1,train
2026-07-02 09:00:00+07:00,SKU-004,1.0,18.0,0,33.0,1,79.0,1,train
2026-07-02 10:00:00+07:00,SKU-004,0.0,20.0,0,33.0,1,79.0,1,train
2026-07-02 11:00:00+07:00,SKU-004,1.0,20.0,0,32.0,1,78.0,1,train
2026-07-02 12:00:00+07:00,SKU-004,1.0,20.0,0,31.0,1,77.0,1,train
2026-07-02 13:00:00+07:00,SKU-004,0.0,23.0,0,31.0,1,77.0,1,train
2026-07-02 14:00:00+07:00,SKU-004,0.0,24.0,0,32.0,1,77.0,1,train
2026-07-02 15:00:00+07:00,SKU-004,3.0,23.0,0,31.0,1,74.0,1,train
2026-07-02 16:00:00+07:00,SKU-004,1.0,23.0,0,32.0,1,73.0,1,train
2026-07-02 17:00:00+07:00,SKU-004,1.0,25.0,0,44.0,1,72.0,1,train
2026-07-02 18:00:00+07:00,SKU-004,1.0,25.0,1,44.0,1,71.0,1,train
2026-07-02 19:00:00+07:00,SKU-004,1.0,24.0,1,46.0,1,70.0,1,train
2026-07-02 20:00:00+07:00,SKU-004,3.0,21.0,1,47.0,1,67.0,1,train
2026-07-02 21:00:00+07:00,SKU-004,1.0,20.0,1,52.0,1,66.0,1,train
2026-07-02 22:00:00+07:00,SKU-004,0.0,20.0,1,53.0,1,66.0,1,train
2026-07-02 23:00:00+07:00,SKU-004,0.0,20.0,1,54.0,1,66.0,1,train
2026-07-03 00:00:00+07:00,SKU-004,0.0,20.0,1,54.0,1,66.0,1,train
2026-07-03 01:00:00+07:00,SKU-004,2.0,18.0,1,52.0,1,64.0,1,train
2026-07-03 02:00:00+07:00,SKU-004,0.0,18.0,1,53.0,1,64.0,1,train
2026-07-03 03:00:00+07:00,SKU-004,0.0,18.0,1,53.0,1,64.0,1,train
2026-07-03 04:00:00+07:00,SKU-004,0.0,18.0,1,53.0,1,64.0,1,train
2026-07-03 05:00:00+07:00,SKU-004,0.0,18.0,1,55.0,1,64.0,1,train
2026-07-03 06:00:00+07:00,SKU-004,0.0,18.0,1,55.0,1,64.0,1,train
2026-07-03 07:00:00+07:00,SKU-004,0.0,18.0,1,58.0,1,64.0,1,train
2026-07-03 08:00:00+07:00,SKU-004,1.0,17.0,1,63.0,1,63.0,1,train
2026-07-03 09:00:00+07:00,SKU-004,2.0,15.0,1,61.0,1,61.0,1,train
2026-07-03 10:00:00+07:00,SKU-004,2.0,13.0,1,59.0,1,59.0,1,train
2026-07-03 11:00:00+07:00,SKU-004,1.0,12.0,1,58.0,1,58.0,1,train
2026-07-03 12:00:00+07:00,SKU-004,1.0,11.0,1,57.0,1,57.0,1,train
2026-07-03 13:00:00+07:00,SKU-004,3.0,8.0,1,54.0,1,54.0,1,train
2026-07-03 14:00:00+07:00,SKU-004,1.0,8.0,1,53.0,1,53.0,1,train
2026-07-03 15:00:00+07:00,SKU-004,2.0,8.0,1,51.0,1,51.0,1,train
2026-07-03 16:00:00+07:00,SKU-004,1.0,9.0,1,50.0,1,50.0,1,train
2026-07-03 17:00:00+07:00,SKU-004,3.0,19.0,1,47.0,1,47.0,1,train
2026-07-03 18:00:00+07:00,SKU-004,1.0,19.0,1,46.0,1,46.0,1,train
2026-07-03 19:00:00+07:00,SKU-004,0.0,22.0,1,46.0,1,46.0,1,train
2026-07-03 20:00:00+07:00,SKU-004,0.0,26.0,1,46.0,1,46.0,1,train
2026-07-03 21:00:00+07:00,SKU-004,0.0,32.0,1,46.0,1,46.0,1,train
2026-07-03 22:00:00+07:00,SKU-004,0.0,33.0,1,46.0,1,46.0,1,train
2026-07-03 23:00:00+07:00,SKU-004,0.0,34.0,1,46.0,1,46.0,1,train
2026-07-04 00:00:00+07:00,SKU-004,0.0,34.0,1,46.0,1,46.0,1,train
2026-07-04 01:00:00+07:00,SKU-004,0.0,34.0,1,46.0,1,46.0,1,train
2026-07-04 02:00:00+07:00,SKU-004,0.0,35.0,1,46.0,1,46.0,1,train
2026-07-04 03:00:00+07:00,SKU-004,0.0,35.0,1,46.0,1,46.0,1,train
2026-07-04 04:00:00+07:00,SKU-004,0.0,35.0,1,46.0,1,46.0,1,train
2026-07-04 05:00:00+07:00,SKU-004,0.0,37.0,1,46.0,1,46.0,1,train
2026-07-04 06:00:00+07:00,SKU-004,0.0,37.0,1,46.0,1,46.0,1,train
2026-07-04 07:00:00+07:00,SKU-004,0.0,40.0,1,46.0,1,46.0,1,train
2026-07-04 08:00:00+07:00,SKU-004,0.0,46.0,1,46.0,1,46.0,1,train
2026-07-04 09:00:00+07:00,SKU-004,0.0,46.0,1,46.0,1,46.0,1,train
2026-07-04 10:00:00+07:00,SKU-004,0.0,46.0,1,46.0,1,46.0,1,train
2026-07-04 11:00:00+07:00,SKU-004,0.0,46.0,1,46.0,1,46.0,1,train
2026-07-04 12:00:00+07:00,SKU-004,0.0,46.0,1,46.0,1,46.0,1,train
2026-07-04 13:00:00+07:00,SKU-004,0.0,46.0,1,46.0,1,46.0,1,train
2026-07-04 14:00:00+07:00,SKU-004,1.0,45.0,1,45.0,1,45.0,1,train
2026-07-04 15:00:00+07:00,SKU-004,2.0,43.0,1,43.0,1,43.0,1,train
2026-07-04 16:00:00+07:00,SKU-004,2.0,41.0,1,41.0,1,41.0,1,train
2026-07-04 17:00:00+07:00,SKU-004,13.0,28.0,1,28.0,1,28.0,1,train
2026-07-04 18:00:00+07:00,SKU-004,1.0,27.0,1,27.0,1,28.0,1,train
2026-07-04 19:00:00+07:00,SKU-004,3.0,24.0,1,24.0,1,25.0,1,train
2026-07-04 20:00:00+07:00,SKU-004,4.0,20.0,1,20.0,1,22.0,1,train
2026-07-04 21:00:00+07:00,SKU-004,6.0,14.0,1,14.0,1,19.0,1,train
2026-07-04 22:00:00+07:00,SKU-004,1.0,13.0,1,13.0,1,18.0,1,train
2026-07-04 23:00:00+07:00,SKU-004,1.0,12.0,1,12.0,1,18.0,1,train
2026-07-05 00:00:00+07:00,SKU-004,0.0,12.0,1,12.0,1,18.0,1,train
2026-07-05 01:00:00+07:00,SKU-004,0.0,12.0,1,12.0,1,18.0,1,train
2026-07-05 02:00:00+07:00,SKU-004,1.0,11.0,1,11.0,1,17.0,1,train
2026-07-05 03:00:00+07:00,SKU-004,0.0,11.0,1,11.0,1,17.0,1,train
2026-07-05 04:00:00+07:00,SKU-004,0.0,11.0,1,11.0,1,17.0,1,train
2026-07-05 05:00:00+07:00,SKU-004,2.0,9.0,1,9.0,1,15.0,1,train
2026-07-05 06:00:00+07:00,SKU-004,0.0,9.0,1,9.0,1,15.0,1,train
2026-07-05 07:00:00+07:00,SKU-004,3.0,6.0,1,6.0,1,12.0,1,train
2026-07-05 08:00:00+07:00,SKU-004,6.0,0.0,1,0.0,1,7.0,1,train
2026-07-05 09:00:00+07:00,SKU-004,0.0,0.0,1,0.0,1,7.0,1,train
2026-07-05 10:00:00+07:00,SKU-004,0.0,0.0,1,0.0,1,8.0,1,train
2026-07-05 11:00:00+07:00,SKU-004,0.0,0.0,1,0.0,1,8.0,1,train
2026-07-05 12:00:00+07:00,SKU-004,0.0,0.0,1,0.0,1,9.0,1,train
2026-07-05 13:00:00+07:00,SKU-004,0.0,0.0,1,0.0,1,9.0,1,train
2026-07-05 14:00:00+07:00,SKU-004,0.0,0.0,1,0.0,1,9.0,1,train
2026-07-05 15:00:00+07:00,SKU-004,0.0,0.0,1,0.0,1,9.0,1,train
2026-07-05 16:00:00+07:00,SKU-004,0.0,0.0,1,0.0,1,9.0,1,train
2026-07-05 17:00:00+07:00,SKU-004,0.0,0.0,1,0.0,1,10.0,1,train
2026-07-05 18:00:00+07:00,SKU-004,0.0,0.0,1,1.0,1,11.0,1,train
2026-07-05 19:00:00+07:00,SKU-004,0.0,0.0,1,1.0,1,16.0,1,train
2026-07-05 20:00:00+07:00,SKU-004,0.0,0.0,1,2.0,1,18.0,1,train
2026-07-05 21:00:00+07:00,SKU-004,0.0,0.0,1,5.0,1,22.0,1,train
2026-07-05 22:00:00+07:00,SKU-004,0.0,0.0,1,5.0,1,23.0,1,train
2026-07-05 23:00:00+07:00,SKU-004,0.0,0.0,1,6.0,1,25.0,1,train
2026-07-06 00:00:00+07:00,SKU-004,0.0,0.0,1,6.0,1,27.0,1,train
2026-07-06 01:00:00+07:00,SKU-004,0.0,0.0,1,6.0,1,33.0,1,train
2026-07-06 02:00:00+07:00,SKU-004,0.0,0.0,1,6.0,1,34.0,1,train
2026-07-06 03:00:00+07:00,SKU-004,0.0,0.0,1,6.0,1,34.0,1,train
2026-07-06 04:00:00+07:00,SKU-004,0.0,0.0,1,6.0,1,34.0,1,train
2026-07-06 05:00:00+07:00,SKU-004,0.0,0.0,1,6.0,1,37.0,1,train
2026-07-06 06:00:00+07:00,SKU-004,0.0,0.0,1,6.0,1,38.0,1,train
2026-07-06 07:00:00+07:00,SKU-004,0.0,0.0,1,6.0,1,38.0,1,train
2026-07-06 08:00:00+07:00,SKU-004,0.0,0.0,1,7.0,1,42.0,1,train
2026-07-06 09:00:00+07:00,SKU-004,0.0,0.0,1,7.0,1,42.0,1,train
2026-07-06 10:00:00+07:00,SKU-004,0.0,0.0,1,8.0,1,42.0,1,train
2026-07-06 11:00:00+07:00,SKU-004,0.0,0.0,1,8.0,1,42.0,1,train
2026-07-06 12:00:00+07:00,SKU-004,0.0,0.0,1,9.0,1,42.0,1,train
2026-07-06 13:00:00+07:00,SKU-004,0.0,0.0,1,9.0,1,42.0,1,train
2026-07-06 14:00:00+07:00,SKU-004,0.0,0.0,1,9.0,1,42.0,1,train
2026-07-06 15:00:00+07:00,SKU-004,0.0,0.0,1,9.0,1,42.0,1,train
2026-07-06 16:00:00+07:00,SKU-004,0.0,0.0,1,9.0,1,42.0,1,train
2026-07-06 17:00:00+07:00,SKU-004,0.0,0.0,1,10.0,1,42.0,1,train
2026-07-06 18:00:00+07:00,SKU-004,0.0,1.0,1,11.0,1,42.0,1,train
2026-07-06 19:00:00+07:00,SKU-004,0.0,1.0,1,16.0,1,42.0,1,train
2026-07-06 20:00:00+07:00,SKU-004,0.0,2.0,1,18.0,1,42.0,1,train
2026-07-06 21:00:00+07:00,SKU-004,0.0,5.0,1,22.0,1,42.0,1,train
2026-07-06 22:00:00+07:00,SKU-004,0.0,5.0,1,23.0,1,42.0,1,train
2026-07-06 23:00:00+07:00,SKU-004,0.0,6.0,1,25.0,1,42.0,1,train
2026-07-07 00:00:00+07:00,SKU-004,0.0,6.0,1,27.0,1,42.0,1,train
2026-07-07 01:00:00+07:00,SKU-004,0.0,6.0,1,33.0,1,42.0,1,train
2026-07-07 02:00:00+07:00,SKU-004,0.0,6.0,1,34.0,1,42.0,1,train
2026-07-07 03:00:00+07:00,SKU-004,0.0,6.0,1,34.0,1,42.0,1,train
2026-07-07 04:00:00+07:00,SKU-004,0.0,6.0,1,34.0,1,42.0,1,train
2026-07-07 05:00:00+07:00,SKU-004,0.0,6.0,1,37.0,1,42.0,1,train
2026-07-07 06:00:00+07:00,SKU-004,0.0,6.0,1,38.0,1,42.0,1,train
2026-07-07 07:00:00+07:00,SKU-004,0.0,6.0,1,38.0,1,42.0,1,train
2026-07-07 08:00:00+07:00,SKU-004,0.0,7.0,1,42.0,1,42.0,1,train
2026-07-07 09:00:00+07:00,SKU-004,0.0,7.0,1,42.0,1,42.0,1,train
2026-07-07 10:00:00+07:00,SKU-004,0.0,8.0,1,42.0,1,42.0,1,train
2026-07-07 11:00:00+07:00,SKU-004,0.0,8.0,1,42.0,1,42.0,1,train
2026-07-07 12:00:00+07:00,SKU-004,0.0,9.0,1,42.0,1,42.0,1,train
2026-07-07 13:00:00+07:00,SKU-004,0.0,9.0,1,42.0,1,42.0,1,train
2026-07-07 14:00:00+07:00,SKU-004,0.0,9.0,1,42.0,1,42.0,1,train
2026-07-07 15:00:00+07:00,SKU-004,0.0,9.0,1,42.0,1,42.0,1,train
2026-07-07 16:00:00+07:00,SKU-004,0.0,9.0,1,42.0,1,42.0,1,train
2026-07-07 17:00:00+07:00,SKU-004,0.0,10.0,0,42.0,1,42.0,1,train
2026-07-07 18:00:00+07:00,SKU-004,1.0,10.0,0,41.0,1,41.0,1,train
2026-07-07 19:00:00+07:00,SKU-004,0.0,15.0,0,41.0,1,41.0,1,train
2026-07-07 20:00:00+07:00,SKU-004,1.0,16.0,0,40.0,1,46.0,1,train
2026-07-07 21:00:00+07:00,SKU-004,3.0,17.0,0,37.0,1,45.0,1,train
2026-07-07 22:00:00+07:00,SKU-004,0.0,18.0,0,37.0,1,46.0,1,train
2026-07-07 23:00:00+07:00,SKU-004,1.0,19.0,0,36.0,1,47.0,1,train
2026-07-08 00:00:00+07:00,SKU-004,0.0,21.0,0,36.0,1,47.0,1,train
2026-07-08 01:00:00+07:00,SKU-004,0.0,27.0,0,36.0,1,47.0,1,train
2026-07-08 02:00:00+07:00,SKU-004,0.0,28.0,0,36.0,1,47.0,1,train
2026-07-08 03:00:00+07:00,SKU-004,0.0,28.0,0,36.0,1,47.0,1,train
2026-07-08 04:00:00+07:00,SKU-004,0.0,28.0,0,36.0,1,47.0,1,train
2026-07-08 05:00:00+07:00,SKU-004,0.0,31.0,0,36.0,1,47.0,1,train
2026-07-08 06:00:00+07:00,SKU-004,0.0,32.0,0,36.0,1,48.0,1,train
2026-07-08 07:00:00+07:00,SKU-004,0.0,32.0,0,36.0,1,48.0,1,train
2026-07-08 08:00:00+07:00,SKU-004,1.0,35.0,1,35.0,1,51.0,1,train
2026-07-08 09:00:00+07:00,SKU-004,0.0,35.0,1,35.0,1,52.0,1,train
2026-07-08 10:00:00+07:00,SKU-004,1.0,34.0,1,34.0,1,52.0,1,train
2026-07-08 11:00:00+07:00,SKU-004,0.0,34.0,1,34.0,1,57.0,1,train
2026-07-08 12:00:00+07:00,SKU-004,1.0,33.0,1,33.0,1,59.0,1,train
2026-07-08 13:00:00+07:00,SKU-004,0.0,33.0,1,33.0,1,64.0,1,train
2026-07-08 14:00:00+07:00,SKU-004,0.0,33.0,1,33.0,1,65.0,1,train
2026-07-08 15:00:00+07:00,SKU-004,0.0,33.0,1,33.0,1,68.0,1,train
2026-07-08 16:00:00+07:00,SKU-004,0.0,33.0,1,33.0,1,69.0,1,train
2026-07-08 17:00:00+07:00,SKU-004,1.0,32.0,1,32.0,1,69.0,1,train
2026-07-08 18:00:00+07:00,SKU-004,1.0,31.0,1,31.0,1,72.0,1,train
2026-07-08 19:00:00+07:00,SKU-004,5.0,26.0,1,26.0,1,68.0,1,train
2026-07-08 20:00:00+07:00,SKU-004,2.0,24.0,1,30.0,1,67.0,1,train
2026-07-08 21:00:00+07:00,SKU-004,4.0,20.0,1,28.0,1,63.0,1,train
2026-07-08 22:00:00+07:00,SKU-004,1.0,19.0,1,28.0,1,62.0,1,train
2026-07-08 23:00:00+07:00,SKU-004,2.0,17.0,1,28.0,1,60.0,1,train
2026-07-09 00:00:00+07:00,SKU-004,2.0,15.0,1,26.0,1,58.0,1,train
2026-07-09 01:00:00+07:00,SKU-004,6.0,9.0,1,20.0,1,52.0,1,train
2026-07-09 02:00:00+07:00,SKU-004,1.0,8.0,1,19.0,1,51.0,1,train
2026-07-09 03:00:00+07:00,SKU-004,0.0,8.0,1,19.0,1,51.0,1,train
2026-07-09 04:00:00+07:00,SKU-004,0.0,8.0,1,19.0,1,51.0,1,train
2026-07-09 05:00:00+07:00,SKU-004,3.0,5.0,1,16.0,1,48.0,1,train
2026-07-09 06:00:00+07:00,SKU-004,1.0,4.0,1,16.0,1,47.0,1,train
2026-07-09 07:00:00+07:00,SKU-004,0.0,4.0,1,16.0,1,47.0,1,train
2026-07-09 08:00:00+07:00,SKU-004,4.0,0.0,1,16.0,1,43.0,1,train
2026-07-09 09:00:00+07:00,SKU-004,0.0,0.0,1,17.0,1,43.0,1,train
2026-07-09 10:00:00+07:00,SKU-004,0.0,0.0,1,18.0,1,43.0,1,train
2026-07-09 11:00:00+07:00,SKU-004,0.0,0.0,1,23.0,1,43.0,1,train
2026-07-09 12:00:00+07:00,SKU-004,0.0,0.0,1,26.0,1,43.0,1,train
2026-07-09 13:00:00+07:00,SKU-004,0.0,0.0,1,31.0,1,43.0,1,train
2026-07-09 14:00:00+07:00,SKU-004,0.0,0.0,1,32.0,1,43.0,1,train
2026-07-09 15:00:00+07:00,SKU-004,0.0,0.0,1,35.0,1,43.0,1,train
2026-07-09 16:00:00+07:00,SKU-004,0.0,0.0,1,36.0,1,43.0,1,train
2026-07-09 17:00:00+07:00,SKU-004,0.0,0.0,1,37.0,1,43.0,1,train
2026-07-09 18:00:00+07:00,SKU-004,0.0,0.0,1,41.0,1,43.0,1,train
2026-07-09 19:00:00+07:00,SKU-004,0.0,0.0,1,42.0,1,43.0,1,train
2026-07-09 20:00:00+07:00,SKU-004,0.0,6.0,1,43.0,1,43.0,1,train
2026-07-09 21:00:00+07:00,SKU-004,0.0,8.0,1,43.0,1,43.0,1,train
2026-07-09 22:00:00+07:00,SKU-004,0.0,9.0,1,43.0,1,43.0,1,train
2026-07-09 23:00:00+07:00,SKU-004,0.0,11.0,1,43.0,1,43.0,1,train
2026-07-10 00:00:00+07:00,SKU-004,0.0,11.0,1,43.0,1,43.0,1,train
2026-07-10 01:00:00+07:00,SKU-004,0.0,11.0,1,43.0,1,43.0,1,train
2026-07-10 02:00:00+07:00,SKU-004,0.0,11.0,1,43.0,1,43.0,1,train
2026-07-10 03:00:00+07:00,SKU-004,0.0,11.0,1,43.0,1,43.0,1,train
2026-07-10 04:00:00+07:00,SKU-004,0.0,11.0,1,43.0,1,43.0,1,train
2026-07-10 05:00:00+07:00,SKU-004,0.0,11.0,1,43.0,1,43.0,1,train
2026-07-10 06:00:00+07:00,SKU-004,0.0,12.0,1,43.0,1,43.0,1,train
2026-07-10 07:00:00+07:00,SKU-004,0.0,12.0,1,43.0,1,43.0,1,train
2026-07-10 08:00:00+07:00,SKU-004,0.0,16.0,1,43.0,1,43.0,1,train
2026-07-10 09:00:00+07:00,SKU-004,0.0,17.0,1,43.0,1,43.0,1,train
2026-07-10 10:00:00+07:00,SKU-004,0.0,18.0,1,43.0,1,43.0,1,train
2026-07-10 11:00:00+07:00,SKU-004,0.0,23.0,1,43.0,1,43.0,1,train
2026-07-10 12:00:00+07:00,SKU-004,0.0,26.0,1,43.0,1,43.0,1,train
2026-07-10 13:00:00+07:00,SKU-004,0.0,31.0,1,43.0,1,43.0,1,train
2026-07-10 14:00:00+07:00,SKU-004,0.0,32.0,1,43.0,1,44.0,1,train
2026-07-10 15:00:00+07:00,SKU-004,0.0,35.0,1,43.0,1,49.0,1,train
2026-07-10 16:00:00+07:00,SKU-004,0.0,36.0,1,43.0,1,49.0,1,train
2026-07-10 17:00:00+07:00,SKU-004,0.0,37.0,1,43.0,1,52.0,1,train
2026-07-10 18:00:00+07:00,SKU-004,0.0,41.0,1,43.0,1,54.0,1,train
2026-07-10 19:00:00+07:00,SKU-004,0.0,42.0,0,43.0,1,56.0,1,train
2026-07-10 20:00:00+07:00,SKU-004,6.0,37.0,1,37.0,1,53.0,1,train
2026-07-10 21:00:00+07:00,SKU-004,2.0,35.0,1,35.0,1,52.0,1,train
2026-07-10 22:00:00+07:00,SKU-004,1.0,34.0,1,34.0,1,54.0,1,train
2026-07-10 23:00:00+07:00,SKU-004,2.0,32.0,1,32.0,1,52.0,1,train
2026-07-11 00:00:00+07:00,SKU-004,0.0,32.0,1,32.0,1,53.0,1,train
2026-07-11 01:00:00+07:00,SKU-004,0.0,32.0,1,32.0,1,53.0,1,train
2026-07-11 02:00:00+07:00,SKU-004,0.0,32.0,1,32.0,1,54.0,1,train
2026-07-11 03:00:00+07:00,SKU-004,0.0,32.0,1,32.0,1,54.0,1,train
2026-07-11 04:00:00+07:00,SKU-004,0.0,32.0,1,32.0,1,54.0,1,train
2026-07-11 05:00:00+07:00,SKU-004,0.0,32.0,1,32.0,1,54.0,1,train
2026-07-11 06:00:00+07:00,SKU-004,1.0,31.0,1,31.0,1,54.0,1,train
2026-07-11 07:00:00+07:00,SKU-004,0.0,31.0,1,31.0,1,59.0,1,train
2026-07-11 08:00:00+07:00,SKU-004,4.0,27.0,1,27.0,1,55.0,1,train
2026-07-11 09:00:00+07:00,SKU-004,1.0,26.0,1,26.0,1,55.0,1,train
2026-07-11 10:00:00+07:00,SKU-004,1.0,25.0,1,25.0,1,54.0,1,train
2026-07-11 11:00:00+07:00,SKU-004,5.0,20.0,1,20.0,1,50.0,1,train
2026-07-11 12:00:00+07:00,SKU-004,3.0,17.0,1,17.0,1,52.0,1,train
2026-07-11 13:00:00+07:00,SKU-004,5.0,12.0,1,12.0,1,47.0,1,train
2026-07-11 14:00:00+07:00,SKU-004,1.0,11.0,1,12.0,1,48.0,1,train
2026-07-11 15:00:00+07:00,SKU-004,3.0,8.0,1,14.0,1,45.0,1,train
2026-07-11 16:00:00+07:00,SKU-004,1.0,7.0,1,13.0,1,44.0,1,train
2026-07-11 17:00:00+07:00,SKU-004,1.0,6.0,1,15.0,1,45.0,1,train
2026-07-11 18:00:00+07:00,SKU-004,4.0,2.0,1,13.0,1,42.0,1,train
2026-07-11 19:00:00+07:00,SKU-004,1.0,1.0,1,14.0,1,47.0,1,train
2026-07-11 20:00:00+07:00,SKU-004,1.0,0.0,1,16.0,1,46.0,1,train
2026-07-11 21:00:00+07:00,SKU-004,0.0,0.0,1,17.0,1,48.0,1,train
2026-07-11 22:00:00+07:00,SKU-004,0.0,0.0,1,20.0,1,50.0,1,train
2026-07-11 23:00:00+07:00,SKU-004,0.0,0.0,1,20.0,1,51.0,1,train
2026-07-12 00:00:00+07:00,SKU-004,0.0,0.0,1,21.0,1,51.0,1,train
2026-07-12 01:00:00+07:00,SKU-004,0.0,0.0,1,21.0,1,51.0,1,train
2026-07-12 02:00:00+07:00,SKU-004,0.0,0.0,1,22.0,1,51.0,1,train
2026-07-12 03:00:00+07:00,SKU-004,0.0,0.0,1,22.0,1,51.0,1,train
2026-07-12 04:00:00+07:00,SKU-004,0.0,0.0,1,22.0,1,51.0,1,train
2026-07-12 05:00:00+07:00,SKU-004,0.0,0.0,1,22.0,1,51.0,1,train
2026-07-12 06:00:00+07:00,SKU-004,0.0,0.0,1,23.0,1,52.0,1,train
2026-07-12 07:00:00+07:00,SKU-004,0.0,0.0,1,28.0,1,52.0,1,train
2026-07-12 08:00:00+07:00,SKU-004,0.0,0.0,1,28.0,1,52.0,1,train
2026-07-12 09:00:00+07:00,SKU-004,0.0,0.0,1,29.0,1,52.0,1,train
2026-07-12 10:00:00+07:00,SKU-004,0.0,0.0,1,29.0,1,52.0,1,train
2026-07-12 11:00:00+07:00,SKU-004,0.0,0.0,1,30.0,1,52.0,1,train
2026-07-12 12:00:00+07:00,SKU-004,0.0,0.0,1,35.0,1,52.0,1,train
2026-07-12 13:00:00+07:00,SKU-004,0.0,0.0,1,35.0,1,52.0,1,train
2026-07-12 14:00:00+07:00,SKU-004,0.0,1.0,1,37.0,1,52.0,1,train
2026-07-12 15:00:00+07:00,SKU-004,0.0,6.0,1,37.0,1,52.0,1,train
2026-07-12 16:00:00+07:00,SKU-004,0.0,6.0,1,37.0,1,52.0,1,train
2026-07-12 17:00:00+07:00,SKU-004,0.0,9.0,1,39.0,1,52.0,1,train
2026-07-12 18:00:00+07:00,SKU-004,0.0,11.0,1,40.0,1,52.0,1,train
2026-07-12 19:00:00+07:00,SKU-004,0.0,13.0,1,46.0,1,52.0,1,train
2026-07-12 20:00:00+07:00,SKU-004,0.0,16.0,1,46.0,1,52.0,1,train
2026-07-12 21:00:00+07:00,SKU-004,0.0,17.0,1,48.0,1,52.0,1,train
2026-07-12 22:00:00+07:00,SKU-004,0.0,20.0,1,50.0,1,52.0,1,train
2026-07-12 23:00:00+07:00,SKU-004,0.0,20.0,1,51.0,1,52.0,1,train
2026-07-13 00:00:00+07:00,SKU-004,0.0,21.0,1,51.0,1,52.0,1,train
2026-07-13 01:00:00+07:00,SKU-004,0.0,21.0,1,51.0,1,52.0,1,train
2026-07-13 02:00:00+07:00,SKU-004,0.0,22.0,1,51.0,1,52.0,1,train
2026-07-13 03:00:00+07:00,SKU-004,0.0,22.0,1,51.0,1,52.0,1,train
2026-07-13 04:00:00+07:00,SKU-004,0.0,22.0,1,51.0,1,52.0,1,train
2026-07-13 05:00:00+07:00,SKU-004,0.0,22.0,1,51.0,1,52.0,1,train
2026-07-13 06:00:00+07:00,SKU-004,0.0,23.0,1,52.0,1,52.0,1,train
2026-07-13 07:00:00+07:00,SKU-004,0.0,28.0,1,52.0,1,52.0,1,train
2026-07-13 08:00:00+07:00,SKU-004,0.0,28.0,1,52.0,1,52.0,1,train
2026-07-13 09:00:00+07:00,SKU-004,0.0,29.0,1,52.0,1,52.0,1,train
2026-07-13 10:00:00+07:00,SKU-004,0.0,29.0,1,52.0,1,52.0,1,train
2026-07-13 11:00:00+07:00,SKU-004,0.0,30.0,1,52.0,1,52.0,1,train
2026-07-13 12:00:00+07:00,SKU-004,0.0,35.0,1,52.0,1,52.0,1,train
2026-07-13 13:00:00+07:00,SKU-004,0.0,35.0,0,52.0,1,52.0,1,train
2026-07-13 14:00:00+07:00,SKU-004,1.0,36.0,0,51.0,1,51.0,1,train
2026-07-13 15:00:00+07:00,SKU-004,5.0,31.0,0,46.0,1,46.0,1,train
2026-07-13 16:00:00+07:00,SKU-004,0.0,31.0,0,46.0,1,46.0,1,train
2026-07-13 17:00:00+07:00,SKU-004,3.0,30.0,0,43.0,1,43.0,1,train
2026-07-13 18:00:00+07:00,SKU-004,2.0,29.0,0,41.0,1,42.0,1,train
2026-07-13 19:00:00+07:00,SKU-004,2.0,33.0,0,39.0,1,40.0,1,train
2026-07-13 20:00:00+07:00,SKU-004,3.0,30.0,0,36.0,1,40.0,1,train
2026-07-13 21:00:00+07:00,SKU-004,1.0,31.0,0,35.0,1,40.0,1,train
2026-07-13 22:00:00+07:00,SKU-004,3.0,30.0,0,32.0,1,37.0,1,train
2026-07-13 23:00:00+07:00,SKU-004,0.0,31.0,0,32.0,1,38.0,1,train
2026-07-14 00:00:00+07:00,SKU-004,1.0,30.0,0,31.0,1,37.0,1,train
2026-07-14 01:00:00+07:00,SKU-004,0.0,30.0,0,31.0,1,37.0,1,train
2026-07-14 02:00:00+07:00,SKU-004,1.0,29.0,0,30.0,1,36.0,1,train
2026-07-14 03:00:00+07:00,SKU-004,0.0,29.0,0,30.0,1,36.0,1,train
2026-07-14 04:00:00+07:00,SKU-004,0.0,29.0,0,30.0,1,36.0,1,train
2026-07-14 05:00:00+07:00,SKU-004,0.0,29.0,0,30.0,1,36.0,1,train
2026-07-14 06:00:00+07:00,SKU-004,1.0,29.0,0,29.0,1,37.0,1,train
2026-07-14 07:00:00+07:00,SKU-004,5.0,24.0,1,24.0,1,32.0,1,train
2026-07-14 08:00:00+07:00,SKU-004,0.0,24.0,1,24.0,1,34.0,1,train
2026-07-14 09:00:00+07:00,SKU-004,1.0,23.0,1,23.0,1,33.0,1,train
2026-07-14 10:00:00+07:00,SKU-004,0.0,23.0,1,23.0,1,33.0,1,train
2026-07-14 11:00:00+07:00,SKU-004,1.0,22.0,1,22.0,1,33.0,1,train
2026-07-14 12:00:00+07:00,SKU-004,5.0,17.0,1,17.0,1,28.0,1,train
2026-07-14 13:00:00+07:00,SKU-004,0.0,17.0,1,17.0,1,29.0,1,train
2026-07-14 14:00:00+07:00,SKU-004,2.0,15.0,1,15.0,1,28.0,1,train
2026-07-14 15:00:00+07:00,SKU-004,0.0,15.0,1,15.0,1,29.0,1,train
2026-07-14 16:00:00+07:00,SKU-004,0.0,15.0,1,15.0,1,30.0,1,train
2026-07-14 17:00:00+07:00,SKU-004,2.0,13.0,1,13.0,1,30.0,1,train
2026-07-14 18:00:00+07:00,SKU-004,1.0,12.0,1,13.0,1,29.0,1,train
2026-07-14 19:00:00+07:00,SKU-004,6.0,6.0,1,7.0,1,24.0,1,train
2026-07-14 20:00:00+07:00,SKU-004,0.0,6.0,1,10.0,1,30.0,1,train
2026-07-14 21:00:00+07:00,SKU-004,2.0,4.0,1,9.0,1,28.0,1,train
2026-07-14 22:00:00+07:00,SKU-004,2.0,2.0,1,7.0,1,26.0,1,train
2026-07-14 23:00:00+07:00,SKU-004,1.0,1.0,1,7.0,1,25.0,1,train
2026-07-15 00:00:00+07:00,SKU-004,0.0,1.0,1,7.0,1,26.0,1,train
2026-07-15 01:00:00+07:00,SKU-004,0.0,1.0,1,7.0,1,26.0,1,train
2026-07-15 02:00:00+07:00,SKU-004,0.0,1.0,1,7.0,1,27.0,1,train
2026-07-15 03:00:00+07:00,SKU-004,0.0,1.0,1,7.0,1,27.0,1,train
2026-07-15 04:00:00+07:00,SKU-004,0.0,1.0,1,7.0,1,27.0,1,train
2026-07-15 05:00:00+07:00,SKU-004,0.0,1.0,1,7.0,1,27.0,1,train
2026-07-15 06:00:00+07:00,SKU-004,1.0,0.0,1,8.0,1,31.0,1,train
2026-07-15 07:00:00+07:00,SKU-004,0.0,0.0,1,8.0,1,33.0,1,train
2026-07-15 08:00:00+07:00,SKU-004,0.0,0.0,1,10.0,1,35.0,1,train
2026-07-15 09:00:00+07:00,SKU-004,0.0,0.0,1,10.0,1,45.0,1,train
2026-07-15 10:00:00+07:00,SKU-004,0.0,0.0,1,10.0,1,51.0,1,train
2026-07-15 11:00:00+07:00,SKU-004,0.0,0.0,1,11.0,1,51.0,1,train
2026-07-15 12:00:00+07:00,SKU-004,0.0,0.0,1,11.0,1,51.0,1,train
2026-07-15 13:00:00+07:00,SKU-004,0.0,0.0,1,12.0,1,51.0,1,train
2026-07-15 14:00:00+07:00,SKU-004,0.0,0.0,1,13.0,1,51.0,1,train
2026-07-15 15:00:00+07:00,SKU-004,0.0,0.0,1,14.0,1,51.0,1,train
2026-07-15 16:00:00+07:00,SKU-004,0.0,0.0,1,15.0,1,51.0,1,train
2026-07-15 17:00:00+07:00,SKU-004,0.0,0.0,1,17.0,1,51.0,1,train
2026-07-15 18:00:00+07:00,SKU-004,0.0,1.0,1,17.0,1,51.0,1,train
2026-07-15 19:00:00+07:00,SKU-004,0.0,1.0,1,18.0,1,51.0,1,train
2026-07-15 20:00:00+07:00,SKU-004,0.0,4.0,1,24.0,1,51.0,1,train
2026-07-15 21:00:00+07:00,SKU-004,0.0,5.0,1,24.0,1,51.0,1,train
2026-07-15 22:00:00+07:00,SKU-004,0.0,5.0,1,24.0,1,51.0,1,train
2026-07-15 23:00:00+07:00,SKU-004,0.0,6.0,1,24.0,1,51.0,1,train
2026-07-16 00:00:00+07:00,SKU-004,0.0,6.0,1,25.0,1,51.0,1,train
2026-07-16 01:00:00+07:00,SKU-004,0.0,6.0,1,25.0,1,51.0,1,train
2026-07-16 02:00:00+07:00,SKU-004,0.0,6.0,1,26.0,1,51.0,1,train
2026-07-16 03:00:00+07:00,SKU-004,0.0,6.0,1,26.0,1,51.0,1,train
2026-07-16 04:00:00+07:00,SKU-004,0.0,6.0,1,26.0,1,51.0,1,train
2026-07-16 05:00:00+07:00,SKU-004,0.0,6.0,1,26.0,1,51.0,1,train
2026-07-16 06:00:00+07:00,SKU-004,0.0,8.0,1,31.0,1,51.0,1,train
2026-07-16 07:00:00+07:00,SKU-004,0.0,8.0,1,33.0,1,51.0,1,train
2026-07-16 08:00:00+07:00,SKU-004,0.0,10.0,1,35.0,1,51.0,1,train
2026-07-16 09:00:00+07:00,SKU-004,0.0,10.0,1,45.0,1,51.0,1,train
2026-07-16 10:00:00+07:00,SKU-004,0.0,10.0,1,51.0,1,51.0,1,train
2026-07-16 11:00:00+07:00,SKU-004,0.0,11.0,1,51.0,1,51.0,1,train
2026-07-16 12:00:00+07:00,SKU-004,0.0,11.0,1,51.0,1,51.0,1,train
2026-07-16 13:00:00+07:00,SKU-004,0.0,12.0,0,51.0,1,51.0,1,train
2026-07-16 14:00:00+07:00,SKU-004,0.0,13.0,0,51.0,1,51.0,1,train
2026-07-16 15:00:00+07:00,SKU-004,0.0,14.0,0,51.0,1,51.0,1,train
2026-07-16 16:00:00+07:00,SKU-004,0.0,15.0,0,51.0,1,51.0,1,train
2026-07-16 17:00:00+07:00,SKU-004,0.0,17.0,0,51.0,1,51.0,1,train
2026-07-16 18:00:00+07:00,SKU-004,1.0,16.0,0,50.0,1,50.0,1,train
2026-07-16 19:00:00+07:00,SKU-004,0.0,17.0,0,50.0,1,50.0,1,train
2026-07-16 20:00:00+07:00,SKU-004,3.0,20.0,0,47.0,1,47.0,1,train
2026-07-16 21:00:00+07:00,SKU-004,1.0,19.0,0,46.0,1,57.0,1,train
2026-07-16 22:00:00+07:00,SKU-004,0.0,19.0,0,46.0,1,60.0,1,train
2026-07-16 23:00:00+07:00,SKU-004,1.0,18.0,0,45.0,1,59.0,1,train
2026-07-17 00:00:00+07:00,SKU-004,0.0,19.0,0,45.0,1,61.0,1,train
2026-07-17 01:00:00+07:00,SKU-004,0.0,19.0,0,45.0,1,61.0,1,train
2026-07-17 02:00:00+07:00,SKU-004,0.0,20.0,0,45.0,1,61.0,1,train
2026-07-17 03:00:00+07:00,SKU-004,0.0,20.0,0,45.0,1,61.0,1,train
2026-07-17 04:00:00+07:00,SKU-004,0.0,20.0,0,45.0,1,64.0,1,train
2026-07-17 05:00:00+07:00,SKU-004,0.0,20.0,0,45.0,1,65.0,1,train
2026-07-17 06:00:00+07:00,SKU-004,2.0,23.0,0,43.0,1,64.0,1,train
2026-07-17 07:00:00+07:00,SKU-004,0.0,25.0,0,43.0,1,64.0,1,train
2026-07-17 08:00:00+07:00,SKU-004,2.0,25.0,0,41.0,1,66.0,1,train
2026-07-17 09:00:00+07:00,SKU-004,0.0,35.0,0,41.0,1,67.0,1,train
2026-07-17 10:00:00+07:00,SKU-004,0.0,41.0,1,41.0,1,71.0,1,train
2026-07-17 11:00:00+07:00,SKU-004,1.0,40.0,1,40.0,1,70.0,1,train
2026-07-17 12:00:00+07:00,SKU-004,0.0,40.0,1,40.0,1,72.0,1,train
2026-07-17 13:00:00+07:00,SKU-004,1.0,39.0,1,39.0,1,75.0,1,train
2026-07-17 14:00:00+07:00,SKU-004,1.0,38.0,1,38.0,1,76.0,1,train
2026-07-17 15:00:00+07:00,SKU-004,1.0,37.0,1,37.0,1,75.0,1,train
2026-07-17 16:00:00+07:00,SKU-004,1.0,36.0,1,36.0,1,74.0,1,train
2026-07-17 17:00:00+07:00,SKU-004,2.0,34.0,1,34.0,1,74.0,1,train
2026-07-17 18:00:00+07:00,SKU-004,0.0,34.0,1,34.0,1,75.0,1,train
2026-07-17 19:00:00+07:00,SKU-004,1.0,33.0,1,33.0,1,80.0,1,train
2026-07-17 20:00:00+07:00,SKU-004,6.0,27.0,1,27.0,1,76.0,1,train
2026-07-17 21:00:00+07:00,SKU-004,0.0,27.0,1,38.0,1,76.0,1,train
2026-07-17 22:00:00+07:00,SKU-004,0.0,27.0,1,41.0,1,77.0,1,train
2026-07-17 23:00:00+07:00,SKU-004,0.0,27.0,1,41.0,1,77.0,1,train
2026-07-18 00:00:00+07:00,SKU-004,1.0,26.0,1,42.0,1,76.0,1,train
2026-07-18 01:00:00+07:00,SKU-004,0.0,26.0,1,42.0,1,76.0,1,train
2026-07-18 02:00:00+07:00,SKU-004,1.0,25.0,1,41.0,1,75.0,1,train
2026-07-18 03:00:00+07:00,SKU-004,0.0,25.0,1,41.0,1,75.0,1,train
2026-07-18 04:00:00+07:00,SKU-004,0.0,25.0,1,44.0,1,75.0,1,train
2026-07-18 05:00:00+07:00,SKU-004,0.0,25.0,1,45.0,1,75.0,1,train
2026-07-18 06:00:00+07:00,SKU-004,5.0,20.0,1,41.0,1,70.0,1,train
2026-07-18 07:00:00+07:00,SKU-004,2.0,18.0,1,39.0,1,68.0,1,train
2026-07-18 08:00:00+07:00,SKU-004,2.0,16.0,1,41.0,1,66.0,1,train
2026-07-18 09:00:00+07:00,SKU-004,10.0,6.0,1,32.0,1,56.0,1,train
2026-07-18 10:00:00+07:00,SKU-004,6.0,0.0,1,30.0,1,50.0,1,train
2026-07-18 11:00:00+07:00,SKU-004,0.0,0.0,1,30.0,1,50.0,1,train
2026-07-18 12:00:00+07:00,SKU-004,0.0,0.0,1,32.0,1,50.0,1,train
2026-07-18 13:00:00+07:00,SKU-004,0.0,0.0,1,36.0,1,50.0,1,train
2026-07-18 14:00:00+07:00,SKU-004,0.0,0.0,1,38.0,1,50.0,1,train
2026-07-18 15:00:00+07:00,SKU-004,0.0,0.0,1,38.0,1,50.0,1,train
2026-07-18 16:00:00+07:00,SKU-004,0.0,0.0,1,38.0,1,50.0,1,train
2026-07-18 17:00:00+07:00,SKU-004,0.0,0.0,1,40.0,1,50.0,1,train
2026-07-18 18:00:00+07:00,SKU-004,0.0,0.0,1,41.0,1,50.0,1,train
2026-07-18 19:00:00+07:00,SKU-004,0.0,0.0,1,47.0,1,50.0,1,train
2026-07-18 20:00:00+07:00,SKU-004,0.0,0.0,1,49.0,1,50.0,1,train
2026-07-18 21:00:00+07:00,SKU-004,0.0,11.0,1,49.0,1,50.0,1,train
2026-07-18 22:00:00+07:00,SKU-004,0.0,14.0,1,50.0,1,50.0,1,train
2026-07-18 23:00:00+07:00,SKU-004,0.0,14.0,1,50.0,1,50.0,1,train
2026-07-19 00:00:00+07:00,SKU-004,0.0,16.0,1,50.0,1,50.0,1,train
2026-07-19 01:00:00+07:00,SKU-004,0.0,16.0,1,50.0,1,50.0,1,train
2026-07-19 02:00:00+07:00,SKU-004,0.0,16.0,1,50.0,1,50.0,1,train
2026-07-19 03:00:00+07:00,SKU-004,0.0,16.0,1,50.0,1,50.0,1,train
2026-07-19 04:00:00+07:00,SKU-004,0.0,19.0,1,50.0,1,50.0,1,train
2026-07-19 05:00:00+07:00,SKU-004,0.0,20.0,1,50.0,1,50.0,1,train
2026-07-19 06:00:00+07:00,SKU-004,0.0,21.0,1,50.0,1,50.0,1,train
2026-07-19 07:00:00+07:00,SKU-004,0.0,21.0,1,50.0,1,50.0,1,train
2026-07-19 08:00:00+07:00,SKU-004,0.0,25.0,1,50.0,1,50.0,1,train
2026-07-19 09:00:00+07:00,SKU-004,0.0,26.0,1,50.0,1,50.0,1,train
2026-07-19 10:00:00+07:00,SKU-004,0.0,30.0,1,50.0,1,50.0,1,train
2026-07-19 11:00:00+07:00,SKU-004,0.0,30.0,1,50.0,1,50.0,1,train
2026-07-19 12:00:00+07:00,SKU-004,0.0,32.0,1,50.0,1,50.0,1,train
2026-07-19 13:00:00+07:00,SKU-004,0.0,36.0,1,50.0,1,50.0,1,train
2026-07-19 14:00:00+07:00,SKU-004,0.0,38.0,1,50.0,1,50.0,1,train
2026-07-19 15:00:00+07:00,SKU-004,0.0,38.0,1,50.0,1,51.0,1,train
2026-07-19 16:00:00+07:00,SKU-004,0.0,38.0,1,50.0,1,54.0,1,train
2026-07-19 17:00:00+07:00,SKU-004,0.0,40.0,1,50.0,1,55.0,1,train
2026-07-19 18:00:00+07:00,SKU-004,0.0,41.0,1,50.0,1,60.0,1,train
2026-07-19 19:00:00+07:00,SKU-004,0.0,47.0,1,50.0,1,61.0,1,train
2026-07-19 20:00:00+07:00,SKU-004,0.0,49.0,0,50.0,1,68.0,1,train
2026-07-19 21:00:00+07:00,SKU-004,11.0,38.0,0,39.0,1,57.0,1,train
2026-07-19 22:00:00+07:00,SKU-004,3.0,36.0,1,36.0,1,55.0,1,train
2026-07-19 23:00:00+07:00,SKU-004,0.0,36.0,1,36.0,1,56.0,1,train
2026-07-20 00:00:00+07:00,SKU-004,2.0,34.0,1,34.0,1,56.0,1,train
2026-07-20 01:00:00+07:00,SKU-004,0.0,34.0,1,34.0,1,56.0,1,train
2026-07-20 02:00:00+07:00,SKU-004,0.0,34.0,1,34.0,1,57.0,1,train
2026-07-20 03:00:00+07:00,SKU-004,0.0,34.0,1,34.0,1,57.0,1,train
2026-07-20 04:00:00+07:00,SKU-004,3.0,31.0,1,31.0,1,55.0,1,train
2026-07-20 05:00:00+07:00,SKU-004,1.0,30.0,1,30.0,1,55.0,1,train
2026-07-20 06:00:00+07:00,SKU-004,1.0,29.0,1,29.0,1,54.0,1,train
2026-07-20 07:00:00+07:00,SKU-004,0.0,29.0,1,29.0,1,57.0,1,train
2026-07-20 08:00:00+07:00,SKU-004,4.0,25.0,1,25.0,1,54.0,1,train
2026-07-20 09:00:00+07:00,SKU-004,1.0,24.0,1,24.0,1,53.0,1,train
2026-07-20 10:00:00+07:00,SKU-004,4.0,20.0,1,20.0,1,51.0,1,train
2026-07-20 11:00:00+07:00,SKU-004,0.0,20.0,1,20.0,1,60.0,1,train
2026-07-20 12:00:00+07:00,SKU-004,2.0,18.0,1,18.0,1,60.0,1,train
2026-07-20 13:00:00+07:00,SKU-004,4.0,14.0,1,14.0,1,58.0,1,train
2026-07-20 14:00:00+07:00,SKU-004,2.0,12.0,1,12.0,1,58.0,1,train
2026-07-20 15:00:00+07:00,SKU-004,0.0,12.0,1,13.0,1,59.0,1,train
2026-07-20 16:00:00+07:00,SKU-004,0.0,12.0,1,16.0,1,61.0,1,train
2026-07-20 17:00:00+07:00,SKU-004,2.0,10.0,1,15.0,1,59.0,1,train
2026-07-20 18:00:00+07:00,SKU-004,1.0,9.0,1,19.0,1,60.0,1,train
2026-07-20 19:00:00+07:00,SKU-004,6.0,3.0,1,14.0,1,57.0,1,train
2026-07-20 20:00:00+07:00,SKU-004,2.0,1.0,1,19.0,1,57.0,1,train
2026-07-20 21:00:00+07:00,SKU-004,0.0,1.0,1,19.0,1,58.0,1,train
2026-07-20 22:00:00+07:00,SKU-004,1.0,0.0,1,19.0,1,58.0,1,train
2026-07-20 23:00:00+07:00,SKU-004,0.0,0.0,1,20.0,1,58.0,1,train
2026-07-21 00:00:00+07:00,SKU-004,0.0,0.0,1,22.0,1,58.0,1,train
2026-07-21 01:00:00+07:00,SKU-004,0.0,0.0,1,22.0,1,58.0,1,train
2026-07-21 02:00:00+07:00,SKU-004,0.0,0.0,1,23.0,1,58.0,1,train
2026-07-21 03:00:00+07:00,SKU-004,0.0,0.0,1,23.0,1,58.0,1,train
2026-07-21 04:00:00+07:00,SKU-004,0.0,0.0,1,24.0,1,58.0,1,train
2026-07-21 05:00:00+07:00,SKU-004,0.0,0.0,1,25.0,1,58.0,1,train
2026-07-21 06:00:00+07:00,SKU-004,0.0,0.0,1,25.0,1,58.0,1,train
2026-07-21 07:00:00+07:00,SKU-004,0.0,0.0,1,28.0,1,58.0,1,train
2026-07-21 08:00:00+07:00,SKU-004,0.0,0.0,1,29.0,1,58.0,1,train
2026-07-21 09:00:00+07:00,SKU-004,0.0,0.0,1,29.0,1,58.0,1,train
2026-07-21 10:00:00+07:00,SKU-004,0.0,0.0,1,31.0,1,58.0,1,train
2026-07-21 11:00:00+07:00,SKU-004,0.0,0.0,1,40.0,1,58.0,1,train
2026-07-21 12:00:00+07:00,SKU-004,0.0,0.0,1,42.0,1,58.0,1,train
2026-07-21 13:00:00+07:00,SKU-004,0.0,0.0,1,44.0,1,58.0,1,train
2026-07-21 14:00:00+07:00,SKU-004,0.0,0.0,1,46.0,1,58.0,1,train
2026-07-21 15:00:00+07:00,SKU-004,0.0,1.0,1,47.0,1,58.0,1,train
2026-07-21 16:00:00+07:00,SKU-004,0.0,4.0,1,49.0,1,58.0,1,train
2026-07-21 17:00:00+07:00,SKU-004,0.0,5.0,1,49.0,1,58.0,1,train
2026-07-21 18:00:00+07:00,SKU-004,0.0,10.0,1,51.0,1,58.0,1,train
2026-07-21 19:00:00+07:00,SKU-004,0.0,11.0,1,54.0,1,58.0,1,train
2026-07-21 20:00:00+07:00,SKU-004,0.0,18.0,1,56.0,1,58.0,1,train
2026-07-21 21:00:00+07:00,SKU-004,0.0,18.0,1,57.0,1,58.0,1,train
2026-07-21 22:00:00+07:00,SKU-004,0.0,19.0,1,58.0,1,58.0,1,train
2026-07-21 23:00:00+07:00,SKU-004,0.0,20.0,1,58.0,1,58.0,1,train
2026-07-22 00:00:00+07:00,SKU-004,0.0,22.0,1,58.0,1,58.0,1,train
2026-07-22 01:00:00+07:00,SKU-004,0.0,22.0,1,58.0,1,58.0,1,train
2026-07-22 02:00:00+07:00,SKU-004,0.0,23.0,1,58.0,1,58.0,1,train
2026-07-22 03:00:00+07:00,SKU-004,0.0,23.0,1,58.0,1,58.0,1,train
2026-07-22 04:00:00+07:00,SKU-004,0.0,24.0,1,58.0,1,58.0,1,train
2026-07-22 05:00:00+07:00,SKU-004,0.0,25.0,1,58.0,1,58.0,1,train
2026-07-22 06:00:00+07:00,SKU-004,0.0,25.0,1,58.0,1,58.0,1,train
2026-07-22 07:00:00+07:00,SKU-004,0.0,28.0,1,58.0,1,58.0,1,train
2026-07-22 08:00:00+07:00,SKU-004,0.0,29.0,1,58.0,1,58.0,1,train
2026-07-22 09:00:00+07:00,SKU-004,0.0,29.0,1,58.0,1,58.0,1,train
2026-07-22 10:00:00+07:00,SKU-004,0.0,31.0,1,58.0,1,58.0,1,train
2026-07-22 11:00:00+07:00,SKU-004,0.0,40.0,1,58.0,1,58.0,1,train
2026-07-22 12:00:00+07:00,SKU-004,0.0,42.0,1,58.0,1,58.0,1,train
2026-07-22 13:00:00+07:00,SKU-004,0.0,44.0,0,58.0,1,58.0,1,train
2026-07-22 14:00:00+07:00,SKU-004,0.0,46.0,0,58.0,1,58.0,1,train
2026-07-22 15:00:00+07:00,SKU-004,1.0,46.0,0,57.0,1,60.0,1,train
2026-07-22 16:00:00+07:00,SKU-004,3.0,45.0,0,54.0,1,59.0,1,train
2026-07-22 17:00:00+07:00,SKU-004,1.0,44.0,0,53.0,1,62.0,1,train
2026-07-22 18:00:00+07:00,SKU-004,5.0,41.0,0,48.0,1,59.0,1,train
2026-07-22 19:00:00+07:00,SKU-004,1.0,43.0,0,47.0,1,58.0,1,train
2026-07-22 20:00:00+07:00,SKU-004,7.0,38.0,0,40.0,1,55.0,1,train
2026-07-22 21:00:00+07:00,SKU-004,0.0,39.0,0,40.0,1,63.0,1,train
2026-07-22 22:00:00+07:00,SKU-004,1.0,39.0,1,39.0,1,63.0,1,train
2026-07-22 23:00:00+07:00,SKU-004,1.0,38.0,1,38.0,1,62.0,1,train
2026-07-23 00:00:00+07:00,SKU-004,2.0,36.0,1,36.0,1,60.0,1,train
2026-07-23 01:00:00+07:00,SKU-004,0.0,36.0,1,36.0,1,62.0,1,train
2026-07-23 02:00:00+07:00,SKU-004,1.0,35.0,1,35.0,1,62.0,1,train
2026-07-23 03:00:00+07:00,SKU-004,0.0,35.0,1,35.0,1,62.0,1,train
2026-07-23 04:00:00+07:00,SKU-004,1.0,34.0,1,34.0,1,61.0,1,train
2026-07-23 05:00:00+07:00,SKU-004,1.0,33.0,1,33.0,1,60.0,1,train
2026-07-23 06:00:00+07:00,SKU-004,0.0,33.0,1,33.0,1,60.0,1,train
2026-07-23 07:00:00+07:00,SKU-004,3.0,30.0,1,30.0,1,58.0,1,train
2026-07-23 08:00:00+07:00,SKU-004,1.0,29.0,1,29.0,1,58.0,1,train
2026-07-23 09:00:00+07:00,SKU-004,0.0,29.0,1,29.0,1,65.0,1,train
2026-07-23 10:00:00+07:00,SKU-004,2.0,27.0,1,27.0,1,63.0,1,train
2026-07-23 11:00:00+07:00,SKU-004,9.0,18.0,1,18.0,1,55.0,1,train
2026-07-23 12:00:00+07:00,SKU-004,2.0,16.0,1,16.0,1,54.0,1,train
2026-07-23 13:00:00+07:00,SKU-004,2.0,14.0,1,14.0,1,55.0,1,train
2026-07-23 14:00:00+07:00,SKU-004,2.0,12.0,1,12.0,1,53.0,1,train
2026-07-23 15:00:00+07:00,SKU-004,1.0,11.0,1,14.0,1,55.0,1,train
2026-07-23 16:00:00+07:00,SKU-004,2.0,9.0,1,14.0,1,56.0,1,train
2026-07-23 17:00:00+07:00,SKU-004,0.0,9.0,1,18.0,1,60.0,1,train
2026-07-23 18:00:00+07:00,SKU-004,2.0,7.0,1,18.0,1,59.0,1,train
2026-07-23 19:00:00+07:00,SKU-004,3.0,4.0,1,15.0,1,59.0,1,train
2026-07-23 20:00:00+07:00,SKU-004,2.0,2.0,1,17.0,1,57.0,1,train
2026-07-23 21:00:00+07:00,SKU-004,1.0,1.0,1,24.0,1,59.0,1,train
2026-07-23 22:00:00+07:00,SKU-004,1.0,0.0,1,24.0,1,58.0,1,train
2026-07-23 23:00:00+07:00,SKU-004,0.0,0.0,1,24.0,1,60.0,1,train
2026-07-24 00:00:00+07:00,SKU-004,0.0,0.0,1,24.0,1,60.0,1,train
2026-07-24 01:00:00+07:00,SKU-004,0.0,0.0,1,26.0,1,60.0,1,train
2026-07-24 02:00:00+07:00,SKU-004,0.0,0.0,1,27.0,1,60.0,1,train
2026-07-24 03:00:00+07:00,SKU-004,0.0,0.0,1,27.0,1,61.0,1,train
2026-07-24 04:00:00+07:00,SKU-004,0.0,0.0,1,27.0,1,61.0,1,train
2026-07-24 05:00:00+07:00,SKU-004,0.0,0.0,1,27.0,1,61.0,1,train
2026-07-24 06:00:00+07:00,SKU-004,0.0,0.0,1,27.0,1,62.0,1,train
2026-07-24 07:00:00+07:00,SKU-004,0.0,0.0,1,28.0,1,64.0,1,train
2026-07-24 08:00:00+07:00,SKU-004,0.0,0.0,1,29.0,1,64.0,1,train
2026-07-24 09:00:00+07:00,SKU-004,0.0,0.0,1,36.0,1,64.0,1,train
2026-07-24 10:00:00+07:00,SKU-004,0.0,0.0,1,36.0,1,64.0,1,train
2026-07-24 11:00:00+07:00,SKU-004,0.0,0.0,1,37.0,1,64.0,1,train
2026-07-24 12:00:00+07:00,SKU-004,0.0,0.0,1,38.0,1,64.0,1,train
2026-07-24 13:00:00+07:00,SKU-004,0.0,0.0,1,41.0,1,64.0,1,train
2026-07-24 14:00:00+07:00,SKU-004,0.0,0.0,1,41.0,1,64.0,1,train
2026-07-24 15:00:00+07:00,SKU-004,0.0,3.0,1,44.0,1,64.0,1,train
2026-07-24 16:00:00+07:00,SKU-004,0.0,5.0,1,47.0,1,64.0,1,train
2026-07-24 17:00:00+07:00,SKU-004,0.0,9.0,1,51.0,1,64.0,1,train
2026-07-24 18:00:00+07:00,SKU-004,0.0,11.0,1,52.0,1,64.0,1,train
2026-07-24 19:00:00+07:00,SKU-004,0.0,11.0,1,55.0,1,64.0,1,train
2026-07-24 20:00:00+07:00,SKU-004,0.0,15.0,1,55.0,1,64.0,1,train
2026-07-24 21:00:00+07:00,SKU-004,0.0,23.0,1,58.0,1,64.0,1,train
2026-07-24 22:00:00+07:00,SKU-004,0.0,24.0,1,58.0,1,64.0,1,train
2026-07-24 23:00:00+07:00,SKU-004,0.0,24.0,1,60.0,1,64.0,1,train
2026-07-25 00:00:00+07:00,SKU-004,0.0,24.0,1,60.0,1,64.0,1,train
2026-07-25 01:00:00+07:00,SKU-004,0.0,26.0,1,60.0,1,64.0,1,train
2026-07-25 02:00:00+07:00,SKU-004,0.0,27.0,1,60.0,1,64.0,1,train
2026-07-25 03:00:00+07:00,SKU-004,0.0,27.0,1,61.0,1,64.0,1,train
2026-07-25 04:00:00+07:00,SKU-004,0.0,27.0,1,61.0,1,64.0,1,train
2026-07-25 05:00:00+07:00,SKU-004,0.0,27.0,1,61.0,1,64.0,1,train
2026-07-25 06:00:00+07:00,SKU-004,0.0,27.0,1,62.0,1,64.0,1,train
2026-07-25 07:00:00+07:00,SKU-004,0.0,28.0,1,64.0,1,64.0,1,train
2026-07-25 08:00:00+07:00,SKU-004,0.0,29.0,1,64.0,1,64.0,1,train
2026-07-25 09:00:00+07:00,SKU-004,0.0,36.0,1,64.0,1,64.0,1,train
2026-07-25 10:00:00+07:00,SKU-004,0.0,36.0,1,64.0,1,64.0,1,train
2026-07-25 11:00:00+07:00,SKU-004,0.0,37.0,1,64.0,1,64.0,1,train
2026-07-25 12:00:00+07:00,SKU-004,0.0,38.0,1,64.0,1,64.0,1,train
2026-07-25 13:00:00+07:00,SKU-004,0.0,41.0,0,64.0,1,64.0,1,train
2026-07-25 14:00:00+07:00,SKU-004,0.0,41.0,0,64.0,1,65.0,1,train
2026-07-25 15:00:00+07:00,SKU-004,3.0,41.0,0,61.0,1,63.0,1,train
2026-07-25 16:00:00+07:00,SKU-004,2.0,42.0,0,59.0,1,63.0,1,train
2026-07-25 17:00:00+07:00,SKU-004,4.0,42.0,0,55.0,1,59.0,1,train
2026-07-25 18:00:00+07:00,SKU-004,2.0,41.0,0,53.0,1,59.0,1,train
2026-07-25 19:00:00+07:00,SKU-004,0.0,44.0,0,53.0,1,59.0,1,train
2026-07-25 20:00:00+07:00,SKU-004,4.0,40.0,0,49.0,1,57.0,1,train
2026-07-25 21:00:00+07:00,SKU-004,8.0,35.0,0,41.0,1,53.0,1,train
2026-07-25 22:00:00+07:00,SKU-004,1.0,34.0,0,40.0,1,52.0,1,train
2026-07-25 23:00:00+07:00,SKU-004,0.0,36.0,0,40.0,1,54.0,1,train
2026-07-26 00:00:00+07:00,SKU-004,0.0,36.0,0,40.0,1,54.0,1,train
2026-07-26 01:00:00+07:00,SKU-004,2.0,34.0,0,38.0,1,52.0,1,train
2026-07-26 02:00:00+07:00,SKU-004,1.0,33.0,0,37.0,1,51.0,1,train
2026-07-26 03:00:00+07:00,SKU-004,0.0,34.0,0,37.0,1,51.0,1,train
2026-07-26 04:00:00+07:00,SKU-004,0.0,34.0,0,37.0,1,51.0,1,train
2026-07-26 05:00:00+07:00,SKU-004,0.0,34.0,0,37.0,1,52.0,1,train
2026-07-26 06:00:00+07:00,SKU-004,0.0,35.0,0,37.0,1,53.0,1,train
2026-07-26 07:00:00+07:00,SKU-004,1.0,36.0,0,36.0,1,52.0,1,train
2026-07-26 08:00:00+07:00,SKU-004,1.0,35.0,1,35.0,1,54.0,1,train
2026-07-26 09:00:00+07:00,SKU-004,7.0,28.0,1,28.0,1,47.0,1,train
2026-07-26 10:00:00+07:00,SKU-004,0.0,28.0,1,28.0,1,47.0,1,train
2026-07-26 11:00:00+07:00,SKU-004,1.0,27.0,1,27.0,1,50.0,1,train
2026-07-26 12:00:00+07:00,SKU-004,1.0,26.0,1,26.0,1,50.0,1,train
2026-07-26 13:00:00+07:00,SKU-004,3.0,23.0,1,23.0,1,48.0,1,train
2026-07-26 14:00:00+07:00,SKU-004,0.0,23.0,1,24.0,1,49.0,1,train
2026-07-26 15:00:00+07:00,SKU-004,3.0,20.0,1,22.0,1,47.0,1,train
2026-07-26 16:00:00+07:00,SKU-004,3.0,17.0,1,21.0,1,45.0,1,train
2026-07-26 17:00:00+07:00,SKU-004,4.0,13.0,1,17.0,1,46.0,1,train
2026-07-26 18:00:00+07:00,SKU-004,1.0,12.0,1,18.0,1,48.0,1,train
2026-07-26 19:00:00+07:00,SKU-004,3.0,9.0,1,15.0,1,45.0,1,train
2026-07-26 20:00:00+07:00,SKU-004,0.0,9.0,1,17.0,1,45.0,1,train
2026-07-26 21:00:00+07:00,SKU-004,3.0,6.0,1,18.0,1,45.0,1,train
2026-07-26 22:00:00+07:00,SKU-004,0.0,6.0,1,18.0,1,46.0,1,train
2026-07-26 23:00:00+07:00,SKU-004,2.0,4.0,1,18.0,1,44.0,1,train
2026-07-27 00:00:00+07:00,SKU-004,0.0,4.0,1,18.0,1,44.0,1,train
2026-07-27 01:00:00+07:00,SKU-004,0.0,4.0,1,18.0,1,44.0,1,train
2026-07-27 02:00:00+07:00,SKU-004,0.0,4.0,1,18.0,1,44.0,1,train
2026-07-27 03:00:00+07:00,SKU-004,1.0,3.0,1,17.0,1,43.0,1,train
2026-07-27 04:00:00+07:00,SKU-004,0.0,3.0,1,17.0,1,43.0,1,train
2026-07-27 05:00:00+07:00,SKU-004,0.0,3.0,1,18.0,1,43.0,1,train
2026-07-27 06:00:00+07:00,SKU-004,1.0,2.0,1,18.0,1,42.0,1,train
2026-07-27 07:00:00+07:00,SKU-004,2.0,0.0,1,16.0,1,40.0,1,train
2026-07-27 08:00:00+07:00,SKU-004,0.0,0.0,1,19.0,1,43.0,1,train
2026-07-27 09:00:00+07:00,SKU-004,0.0,0.0,1,19.0,1,45.0,1,train
2026-07-27 10:00:00+07:00,SKU-004,0.0,0.0,1,19.0,1,45.0,1,train
2026-07-27 11:00:00+07:00,SKU-004,0.0,0.0,1,23.0,1,46.0,1,train
2026-07-27 12:00:00+07:00,SKU-004,0.0,0.0,1,24.0,1,47.0,1,train
2026-07-27 13:00:00+07:00,SKU-004,0.0,0.0,1,25.0,1,47.0,1,train
2026-07-27 14:00:00+07:00,SKU-004,0.0,1.0,1,26.0,1,48.0,1,train
2026-07-27 15:00:00+07:00,SKU-004,0.0,2.0,1,27.0,1,49.0,1,train
2026-07-27 16:00:00+07:00,SKU-004,0.0,4.0,1,28.0,1,49.0,1,train
2026-07-27 17:00:00+07:00,SKU-004,0.0,4.0,1,33.0,1,49.0,1,train
2026-07-27 18:00:00+07:00,SKU-004,0.0,6.0,1,36.0,1,49.0,1,train
2026-07-27 19:00:00+07:00,SKU-004,0.0,6.0,1,36.0,1,49.0,1,train
2026-07-27 20:00:00+07:00,SKU-004,0.0,8.0,1,36.0,1,49.0,1,train
2026-07-27 21:00:00+07:00,SKU-004,0.0,12.0,1,39.0,1,49.0,1,train
2026-07-27 22:00:00+07:00,SKU-004,0.0,12.0,1,40.0,1,49.0,1,train
2026-07-27 23:00:00+07:00,SKU-004,0.0,14.0,1,40.0,1,49.0,1,train
2026-07-28 00:00:00+07:00,SKU-004,0.0,14.0,1,40.0,1,49.0,1,train
2026-07-28 01:00:00+07:00,SKU-004,0.0,14.0,1,40.0,1,49.0,1,train
2026-07-28 02:00:00+07:00,SKU-004,0.0,14.0,1,40.0,1,49.0,1,train
2026-07-28 03:00:00+07:00,SKU-004,0.0,14.0,1,40.0,1,49.0,1,train
2026-07-28 04:00:00+07:00,SKU-004,0.0,14.0,1,40.0,1,49.0,1,train
2026-07-28 05:00:00+07:00,SKU-004,0.0,15.0,1,40.0,1,49.0,1,train
2026-07-28 06:00:00+07:00,SKU-004,0.0,16.0,1,40.0,1,49.0,1,train
2026-07-28 07:00:00+07:00,SKU-004,0.0,16.0,1,40.0,1,49.0,1,train
2026-07-28 08:00:00+07:00,SKU-004,0.0,19.0,1,43.0,1,49.0,1,train
2026-07-28 09:00:00+07:00,SKU-004,0.0,19.0,1,45.0,1,49.0,1,train
2026-07-28 10:00:00+07:00,SKU-004,0.0,19.0,1,45.0,1,49.0,1,train
2026-07-28 11:00:00+07:00,SKU-004,0.0,23.0,1,46.0,1,49.0,1,train
2026-07-28 12:00:00+07:00,SKU-004,0.0,24.0,1,47.0,1,49.0,1,train
2026-07-28 13:00:00+07:00,SKU-004,0.0,25.0,0,47.0,0,49.0,1,train
2026-07-28 14:00:00+07:00,SKU-004,1.0,25.0,0,47.0,0,49.0,1,train
2026-07-28 15:00:00+07:00,SKU-004,1.0,25.0,0,47.0,0,50.0,1,train
2026-07-28 16:00:00+07:00,SKU-004,2.0,24.0,0,45.0,1,48.0,1,train
2026-07-28 17:00:00+07:00,SKU-004,0.0,29.0,0,45.0,1,50.0,1,train
2026-07-28 18:00:00+07:00,SKU-004,2.0,30.0,0,43.0,1,48.0,1,train
2026-07-28 19:00:00+07:00,SKU-004,0.0,30.0,0,43.0,1,49.0,1,train
2026-07-28 20:00:00+07:00,SKU-004,2.0,28.0,0,41.0,1,47.0,1,train
2026-07-28 21:00:00+07:00,SKU-004,4.0,27.0,0,37.0,1,44.0,1,train
2026-07-28 22:00:00+07:00,SKU-004,0.0,28.0,0,37.0,1,46.0,1,train
2026-07-28 23:00:00+07:00,SKU-004,2.0,26.0,0,35.0,1,44.0,1,train
2026-07-29 00:00:00+07:00,SKU-004,0.0,26.0,0,35.0,1,44.0,1,train
2026-07-29 01:00:00+07:00,SKU-004,0.0,26.0,0,35.0,1,44.0,1,train
2026-07-29 02:00:00+07:00,SKU-004,0.0,26.0,0,35.0,1,44.0,1,train
2026-07-29 03:00:00+07:00,SKU-004,0.0,26.0,0,35.0,1,45.0,1,train
2026-07-29 04:00:00+07:00,SKU-004,0.0,26.0,0,35.0,1,45.0,1,train
2026-07-29 05:00:00+07:00,SKU-004,1.0,25.0,0,34.0,1,44.0,1,train
2026-07-29 06:00:00+07:00,SKU-004,1.0,24.0,0,33.0,1,43.0,1,train
2026-07-29 07:00:00+07:00,SKU-004,0.0,24.0,0,33.0,1,46.0,1,train
2026-07-29 08:00:00+07:00,SKU-004,3.0,24.0,0,30.0,1,44.0,1,train
2026-07-29 09:00:00+07:00,SKU-004,0.0,26.0,0,30.0,1,50.0,1,train
2026-07-29 10:00:00+07:00,SKU-004,0.0,26.0,0,30.0,1,52.0,1,train
2026-07-29 11:00:00+07:00,SKU-004,4.0,23.0,0,26.0,1,51.0,1,train
2026-07-29 12:00:00+07:00,SKU-004,1.0,23.0,0,25.0,1,50.0,1,train
2026-07-29 13:00:00+07:00,SKU-004,1.0,22.0,0,24.0,1,55.0,1,train
2026-07-29 14:00:00+07:00,SKU-004,1.0,22.0,0,24.0,1,55.0,1,train
2026-07-29 15:00:00+07:00,SKU-004,1.0,22.0,0,25.0,1,55.0,1,train
2026-07-29 16:00:00+07:00,SKU-004,1.0,21.0,1,24.0,1,56.0,1,train
2026-07-29 17:00:00+07:00,SKU-004,5.0,16.0,1,21.0,1,54.0,1,train
2026-07-29 18:00:00+07:00,SKU-004,3.0,13.0,1,18.0,1,51.0,1,train
2026-07-29 19:00:00+07:00,SKU-004,0.0,13.0,1,19.0,1,53.0,1,train
2026-07-29 20:00:00+07:00,SKU-004,0.0,13.0,1,19.0,1,56.0,1,train
2026-07-29 21:00:00+07:00,SKU-004,3.0,10.0,1,17.0,1,57.0,1,train
2026-07-29 22:00:00+07:00,SKU-004,1.0,9.0,1,18.0,1,59.0,1,train
2026-07-29 23:00:00+07:00,SKU-004,0.0,9.0,1,18.0,1,59.0,1,train
2026-07-30 00:00:00+07:00,SKU-004,0.0,9.0,1,18.0,1,59.0,1,train
2026-07-30 01:00:00+07:00,SKU-004,0.0,9.0,1,18.0,1,59.0,1,train
2026-07-30 02:00:00+07:00,SKU-004,0.0,9.0,1,18.0,1,59.0,1,train
2026-07-30 03:00:00+07:00,SKU-004,0.0,9.0,1,19.0,1,59.0,1,train
2026-07-30 04:00:00+07:00,SKU-004,0.0,9.0,1,19.0,1,59.0,1,train
2026-07-30 05:00:00+07:00,SKU-004,0.0,9.0,1,19.0,1,59.0,1,train
2026-07-30 06:00:00+07:00,SKU-004,0.0,9.0,1,19.0,1,61.0,1,train
2026-07-30 07:00:00+07:00,SKU-004,0.0,9.0,1,22.0,1,61.0,1,train
2026-07-30 08:00:00+07:00,SKU-004,3.0,6.0,1,20.0,1,59.0,1,train
2026-07-30 09:00:00+07:00,SKU-004,2.0,4.0,1,24.0,1,57.0,1,train
2026-07-30 10:00:00+07:00,SKU-004,0.0,4.0,1,26.0,1,57.0,1,train
2026-07-30 11:00:00+07:00,SKU-004,1.0,3.0,1,28.0,1,56.0,1,train
2026-07-30 12:00:00+07:00,SKU-004,1.0,2.0,1,27.0,1,55.0,1,train
2026-07-30 13:00:00+07:00,SKU-004,0.0,2.0,1,33.0,1,55.0,1,train
2026-07-30 14:00:00+07:00,SKU-004,1.0,2.0,1,33.0,1,54.0,1,train
2026-07-30 15:00:00+07:00,SKU-004,1.0,3.0,1,33.0,1,53.0,1,train
2026-07-30 16:00:00+07:00,SKU-004,0.0,3.0,1,35.0,1,53.0,1,train
2026-07-30 17:00:00+07:00,SKU-004,0.0,5.0,1,38.0,1,53.0,1,train
2026-07-30 18:00:00+07:00,SKU-004,0.0,5.0,1,38.0,1,53.0,1,train
2026-07-30 19:00:00+07:00,SKU-004,0.0,6.0,1,40.0,1,53.0,1,train
2026-07-30 20:00:00+07:00,SKU-004,0.0,6.0,1,43.0,1,53.0,1,train
2026-07-30 21:00:00+07:00,SKU-004,0.0,7.0,1,47.0,1,53.0,1,train
2026-07-30 22:00:00+07:00,SKU-004,0.0,9.0,1,50.0,1,53.0,1,train
2026-07-30 23:00:00+07:00,SKU-004,0.0,9.0,1,50.0,1,53.0,1,train
2026-07-31 00:00:00+07:00,SKU-004,0.0,9.0,1,50.0,1,53.0,1,train
2026-07-31 01:00:00+07:00,SKU-004,0.0,9.0,1,50.0,1,53.0,1,train
2026-07-31 02:00:00+07:00,SKU-004,0.0,9.0,1,50.0,1,53.0,1,train
2026-07-31 03:00:00+07:00,SKU-004,0.0,10.0,1,50.0,1,53.0,1,train
2026-07-31 04:00:00+07:00,SKU-004,0.0,10.0,1,50.0,1,53.0,1,train
2026-07-31 05:00:00+07:00,SKU-004,0.0,10.0,1,50.0,1,53.0,1,train
2026-07-31 06:00:00+07:00,SKU-004,0.0,10.0,1,52.0,1,53.0,1,train
2026-07-31 07:00:00+07:00,SKU-004,0.0,13.0,1,52.0,1,53.0,1,train
2026-07-31 08:00:00+07:00,SKU-004,0.0,14.0,1,53.0,1,53.0,1,train
2026-07-31 09:00:00+07:00,SKU-004,0.0,20.0,1,53.0,1,53.0,1,train
2026-07-31 10:00:00+07:00,SKU-004,0.0,22.0,1,53.0,1,53.0,1,train
2026-07-31 11:00:00+07:00,SKU-004,0.0,25.0,1,53.0,1,53.0,1,train
2026-07-31 12:00:00+07:00,SKU-004,0.0,25.0,1,53.0,1,53.0,1,train
2026-07-31 13:00:00+07:00,SKU-004,0.0,31.0,0,53.0,1,53.0,1,train
2026-07-31 14:00:00+07:00,SKU-004,1.0,31.0,0,52.0,1,55.0,1,train
2026-07-31 15:00:00+07:00,SKU-004,2.0,30.0,0,50.0,1,56.0,1,train
2026-07-31 16:00:00+07:00,SKU-004,0.0,32.0,0,50.0,1,61.0,1,train
2026-07-31 17:00:00+07:00,SKU-004,2.0,33.0,0,48.0,1,65.0,1,train
2026-07-31 18:00:00+07:00,SKU-004,0.0,33.0,0,48.0,1,66.0,1,train
2026-07-31 19:00:00+07:00,SKU-004,1.0,34.0,0,47.0,1,70.0,1,train
2026-07-31 20:00:00+07:00,SKU-004,0.0,37.0,0,47.0,1,71.0,1,train
2026-07-31 21:00:00+07:00,SKU-004,1.0,40.0,0,46.0,1,79.0,1,train
2026-07-31 22:00:00+07:00,SKU-004,2.0,41.0,0,44.0,1,81.0,1,train
2026-07-31 23:00:00+07:00,SKU-004,0.0,41.0,0,44.0,1,82.0,1,train
2026-08-01 00:00:00+07:00,SKU-004,0.0,41.0,0,44.0,1,82.0,1,train
2026-08-01 01:00:00+07:00,SKU-004,0.0,41.0,0,44.0,1,82.0,1,train
2026-08-01 02:00:00+07:00,SKU-004,0.0,41.0,0,44.0,1,82.0,1,train
2026-08-01 03:00:00+07:00,SKU-004,1.0,40.0,0,43.0,1,81.0,1,train
2026-08-01 04:00:00+07:00,SKU-004,0.0,40.0,0,43.0,1,81.0,1,train
2026-08-01 05:00:00+07:00,SKU-004,0.0,40.0,0,43.0,1,83.0,1,train
2026-08-01 06:00:00+07:00,SKU-004,0.0,42.0,0,43.0,1,84.0,1,train
2026-08-01 07:00:00+07:00,SKU-004,3.0,39.0,0,40.0,1,81.0,1,train
2026-08-01 08:00:00+07:00,SKU-004,1.0,39.0,0,39.0,1,81.0,1,train
2026-08-01 09:00:00+07:00,SKU-004,6.0,33.0,0,33.0,1,75.0,1,train
2026-08-01 10:00:00+07:00,SKU-004,2.0,31.0,1,31.0,1,75.0,1,train
2026-08-01 11:00:00+07:00,SKU-004,3.0,28.0,1,28.0,1,72.0,1,train
2026-08-01 12:00:00+07:00,SKU-004,0.0,28.0,1,28.0,1,72.0,1,train
2026-08-01 13:00:00+07:00,SKU-004,6.0,22.0,1,22.0,1,71.0,1,train
2026-08-01 14:00:00+07:00,SKU-004,1.0,21.0,1,24.0,1,73.0,1,train
2026-08-01 15:00:00+07:00,SKU-004,1.0,20.0,1,26.0,1,73.0,1,train
2026-08-01 16:00:00+07:00,SKU-004,2.0,18.0,1,29.0,1,71.0,1,train
2026-08-01 17:00:00+07:00,SKU-004,3.0,15.0,1,32.0,1,68.0,1,train
2026-08-01 18:00:00+07:00,SKU-004,0.0,15.0,1,33.0,1,68.0,1,train
2026-08-01 19:00:00+07:00,SKU-004,2.0,13.0,1,36.0,1,66.0,1,train
2026-08-01 20:00:00+07:00,SKU-004,3.0,10.0,1,34.0,1,63.0,1,train
2026-08-01 21:00:00+07:00,SKU-004,4.0,6.0,1,39.0,1,59.0,1,train
2026-08-01 22:00:00+07:00,SKU-004,3.0,3.0,1,40.0,1,56.0,1,train
2026-08-01 23:00:00+07:00,SKU-004,0.0,3.0,1,41.0,1,56.0,1,train
2026-08-02 00:00:00+07:00,SKU-004,0.0,3.0,1,41.0,1,56.0,1,train
2026-08-02 01:00:00+07:00,SKU-004,0.0,3.0,1,41.0,1,56.0,1,train
2026-08-02 02:00:00+07:00,SKU-004,0.0,3.0,1,41.0,1,56.0,1,train
2026-08-02 03:00:00+07:00,SKU-004,0.0,3.0,1,41.0,1,56.0,1,train
2026-08-02 04:00:00+07:00,SKU-004,0.0,3.0,1,41.0,1,56.0,1,train
2026-08-02 05:00:00+07:00,SKU-004,0.0,3.0,1,43.0,1,56.0,1,train
2026-08-02 06:00:00+07:00,SKU-004,2.0,1.0,1,42.0,1,54.0,1,train
2026-08-02 07:00:00+07:00,SKU-004,0.0,1.0,1,42.0,1,54.0,1,train
2026-08-02 08:00:00+07:00,SKU-004,1.0,0.0,1,42.0,1,53.0,1,train
2026-08-02 09:00:00+07:00,SKU-004,0.0,0.0,1,42.0,1,53.0,1,train
2026-08-02 10:00:00+07:00,SKU-004,0.0,0.0,1,44.0,1,53.0,1,train
2026-08-02 11:00:00+07:00,SKU-004,0.0,0.0,1,44.0,1,53.0,1,train
2026-08-02 12:00:00+07:00,SKU-004,0.0,0.0,1,44.0,1,53.0,1,train
2026-08-02 13:00:00+07:00,SKU-004,0.0,0.0,1,49.0,1,53.0,1,train
2026-08-02 14:00:00+07:00,SKU-004,0.0,3.0,1,52.0,1,53.0,1,train
2026-08-02 15:00:00+07:00,SKU-004,0.0,6.0,1,53.0,1,53.0,1,train
2026-08-02 16:00:00+07:00,SKU-004,0.0,11.0,1,53.0,1,53.0,1,train
2026-08-02 17:00:00+07:00,SKU-004,0.0,17.0,1,53.0,1,53.0,1,train
2026-08-02 18:00:00+07:00,SKU-004,0.0,18.0,1,53.0,1,53.0,1,train
2026-08-02 19:00:00+07:00,SKU-004,0.0,23.0,1,53.0,1,53.0,1,train
2026-08-02 20:00:00+07:00,SKU-004,0.0,24.0,1,53.0,1,53.0,1,train
2026-08-02 21:00:00+07:00,SKU-004,0.0,33.0,1,53.0,1,53.0,1,train
2026-08-02 22:00:00+07:00,SKU-004,0.0,37.0,1,53.0,1,53.0,1,train
2026-08-02 23:00:00+07:00,SKU-004,0.0,38.0,1,53.0,1,53.0,1,train
2026-08-03 00:00:00+07:00,SKU-004,0.0,38.0,1,53.0,1,53.0,1,train
2026-08-03 01:00:00+07:00,SKU-004,0.0,38.0,1,53.0,1,53.0,1,train
2026-08-03 02:00:00+07:00,SKU-004,0.0,38.0,1,53.0,1,53.0,1,train
2026-08-03 03:00:00+07:00,SKU-004,0.0,38.0,1,53.0,1,53.0,1,train
2026-08-03 04:00:00+07:00,SKU-004,0.0,38.0,1,53.0,1,53.0,1,train
2026-08-03 05:00:00+07:00,SKU-004,0.0,40.0,1,53.0,1,53.0,1,train
2026-08-03 06:00:00+07:00,SKU-004,0.0,41.0,1,53.0,1,53.0,1,train
2026-08-03 07:00:00+07:00,SKU-004,0.0,41.0,1,53.0,1,53.0,1,train
2026-08-03 08:00:00+07:00,SKU-004,0.0,42.0,1,53.0,1,53.0,1,train
2026-08-03 09:00:00+07:00,SKU-004,0.0,42.0,1,53.0,1,53.0,1,train
2026-08-03 10:00:00+07:00,SKU-004,0.0,44.0,1,53.0,1,53.0,1,train
2026-08-03 11:00:00+07:00,SKU-004,0.0,44.0,1,53.0,1,53.0,1,train
2026-08-03 12:00:00+07:00,SKU-004,0.0,44.0,1,53.0,1,53.0,1,train
2026-08-03 13:00:00+07:00,SKU-004,0.0,49.0,0,53.0,1,53.0,1,train
2026-08-03 14:00:00+07:00,SKU-004,3.0,49.0,0,50.0,1,51.0,1,train
2026-08-03 15:00:00+07:00,SKU-004,3.0,47.0,0,47.0,1,49.0,1,train
2026-08-03 16:00:00+07:00,SKU-004,5.0,42.0,1,42.0,1,45.0,1,train
2026-08-03 17:00:00+07:00,SKU-004,6.0,36.0,1,36.0,1,41.0,1,train
2026-08-03 18:00:00+07:00,SKU-004,1.0,35.0,1,35.0,1,44.0,1,train
2026-08-03 19:00:00+07:00,SKU-004,5.0,30.0,1,30.0,1,42.0,1,train
2026-08-03 20:00:00+07:00,SKU-004,1.0,29.0,1,29.0,1,46.0,1,train
2026-08-03 21:00:00+07:00,SKU-004,9.0,20.0,1,20.0,1,37.0,1,train
2026-08-03 22:00:00+07:00,SKU-004,4.0,16.0,1,16.0,1,35.0,1,train
2026-08-03 23:00:00+07:00,SKU-004,1.0,15.0,1,15.0,1,35.0,1,train
2026-08-04 00:00:00+07:00,SKU-004,0.0,15.0,1,15.0,1,35.0,1,train
2026-08-04 01:00:00+07:00,SKU-004,0.0,15.0,1,15.0,1,35.0,1,train
2026-08-04 02:00:00+07:00,SKU-004,0.0,15.0,1,15.0,1,35.0,1,train
2026-08-04 03:00:00+07:00,SKU-004,0.0,15.0,1,15.0,1,35.0,1,train
2026-08-04 04:00:00+07:00,SKU-004,0.0,15.0,1,15.0,1,35.0,1,train
2026-08-04 05:00:00+07:00,SKU-004,2.0,13.0,1,13.0,1,33.0,1,train
2026-08-04 06:00:00+07:00,SKU-004,1.0,12.0,1,12.0,1,33.0,1,train
2026-08-04 07:00:00+07:00,SKU-004,0.0,12.0,1,12.0,1,36.0,1,train
2026-08-04 08:00:00+07:00,SKU-004,1.0,11.0,1,11.0,1,35.0,1,train
2026-08-04 09:00:00+07:00,SKU-004,0.0,11.0,1,11.0,1,35.0,1,train
2026-08-04 10:00:00+07:00,SKU-004,2.0,9.0,1,9.0,1,38.0,1,train
2026-08-04 11:00:00+07:00,SKU-004,0.0,9.0,1,9.0,1,40.0,1,train
2026-08-04 12:00:00+07:00,SKU-004,0.0,9.0,1,9.0,1,43.0,1,train
2026-08-04 13:00:00+07:00,SKU-004,5.0,4.0,1,4.0,1,41.0,1,train
2026-08-04 14:00:00+07:00,SKU-004,3.0,1.0,1,2.0,1,38.0,1,train
2026-08-04 15:00:00+07:00,SKU-004,1.0,0.0,1,2.0,1,41.0,1,train
2026-08-04 16:00:00+07:00,SKU-004,0.0,0.0,1,3.0,1,45.0,1,train
2026-08-04 17:00:00+07:00,SKU-004,0.0,0.0,1,5.0,1,51.0,1,train
2026-08-04 18:00:00+07:00,SKU-004,0.0,0.0,1,9.0,1,53.0,1,train
2026-08-04 19:00:00+07:00,SKU-004,0.0,0.0,1,12.0,1,53.0,1,train
2026-08-04 20:00:00+07:00,SKU-004,0.0,0.0,1,17.0,1,53.0,1,train
2026-08-04 21:00:00+07:00,SKU-004,0.0,0.0,1,17.0,1,53.0,1,train
2026-08-04 22:00:00+07:00,SKU-004,0.0,0.0,1,19.0,1,53.0,1,train
2026-08-04 23:00:00+07:00,SKU-004,0.0,0.0,1,20.0,1,53.0,1,train
2026-08-05 00:00:00+07:00,SKU-004,0.0,0.0,1,20.0,1,53.0,1,train
2026-08-05 01:00:00+07:00,SKU-004,0.0,0.0,1,20.0,1,53.0,1,train
2026-08-05 02:00:00+07:00,SKU-004,0.0,0.0,1,20.0,1,53.0,1,train
2026-08-05 03:00:00+07:00,SKU-004,0.0,0.0,1,20.0,1,53.0,1,train
2026-08-05 04:00:00+07:00,SKU-004,0.0,0.0,1,20.0,1,53.0,1,train
2026-08-05 05:00:00+07:00,SKU-004,0.0,0.0,1,20.0,1,53.0,1,train
2026-08-05 06:00:00+07:00,SKU-004,0.0,0.0,1,21.0,1,53.0,1,train
2026-08-05 07:00:00+07:00,SKU-004,0.0,0.0,1,24.0,1,53.0,1,train
2026-08-05 08:00:00+07:00,SKU-004,0.0,0.0,1,24.0,1,53.0,1,train
2026-08-05 09:00:00+07:00,SKU-004,0.0,0.0,1,24.0,1,53.0,1,train
2026-08-05 10:00:00+07:00,SKU-004,0.0,0.0,1,29.0,1,53.0,1,train
2026-08-05 11:00:00+07:00,SKU-004,0.0,0.0,1,31.0,1,53.0,1,train
2026-08-05 12:00:00+07:00,SKU-004,0.0,0.0,1,34.0,1,53.0,1,train
2026-08-05 13:00:00+07:00,SKU-004,0.0,0.0,1,37.0,1,53.0,1,train
2026-08-05 14:00:00+07:00,SKU-004,0.0,1.0,1,37.0,1,53.0,1,train
2026-08-05 15:00:00+07:00,SKU-004,0.0,2.0,1,41.0,1,53.0,1,train
2026-08-05 16:00:00+07:00,SKU-004,0.0,3.0,1,45.0,1,53.0,1,train
2026-08-05 17:00:00+07:00,SKU-004,0.0,5.0,1,51.0,1,53.0,1,train
2026-08-05 18:00:00+07:00,SKU-004,0.0,9.0,1,53.0,1,53.0,1,train
2026-08-05 19:00:00+07:00,SKU-004,0.0,12.0,1,53.0,1,53.0,1,train
2026-08-05 20:00:00+07:00,SKU-004,0.0,17.0,1,53.0,1,53.0,1,train
2026-08-05 21:00:00+07:00,SKU-004,0.0,17.0,1,53.0,1,53.0,1,train
2026-08-05 22:00:00+07:00,SKU-004,0.0,19.0,1,53.0,1,53.0,1,train
2026-08-05 23:00:00+07:00,SKU-004,0.0,20.0,1,53.0,1,53.0,1,train
2026-08-06 00:00:00+07:00,SKU-004,0.0,20.0,1,53.0,1,53.0,1,train
2026-08-06 01:00:00+07:00,SKU-004,0.0,20.0,1,53.0,1,53.0,1,train
2026-08-06 02:00:00+07:00,SKU-004,0.0,20.0,1,53.0,1,53.0,1,train
2026-08-06 03:00:00+07:00,SKU-004,0.0,20.0,1,53.0,1,53.0,1,train
2026-08-06 04:00:00+07:00,SKU-004,0.0,20.0,1,53.0,1,53.0,1,train
2026-08-06 05:00:00+07:00,SKU-004,0.0,20.0,1,53.0,1,53.0,1,train
2026-08-06 06:00:00+07:00,SKU-004,0.0,21.0,1,53.0,1,53.0,1,train
2026-08-06 07:00:00+07:00,SKU-004,0.0,24.0,1,53.0,1,53.0,1,train
2026-08-06 08:00:00+07:00,SKU-004,0.0,24.0,1,53.0,1,53.0,1,train
2026-08-06 09:00:00+07:00,SKU-004,0.0,24.0,1,53.0,1,53.0,1,train
2026-08-06 10:00:00+07:00,SKU-004,0.0,29.0,1,53.0,1,53.0,1,train
2026-08-06 11:00:00+07:00,SKU-004,0.0,31.0,1,53.0,1,53.0,1,train
2026-08-06 12:00:00+07:00,SKU-004,0.0,34.0,1,53.0,1,53.0,1,train
2026-08-06 13:00:00+07:00,SKU-004,0.0,37.0,0,53.0,1,53.0,1,train
2026-08-06 14:00:00+07:00,SKU-004,1.0,36.0,0,52.0,1,53.0,1,train
2026-08-06 15:00:00+07:00,SKU-004,1.0,39.0,0,51.0,1,52.0,1,train
2026-08-06 16:00:00+07:00,SKU-004,1.0,42.0,0,50.0,1,55.0,1,train
2026-08-06 17:00:00+07:00,SKU-004,2.0,46.0,0,48.0,1,53.0,1,train
2026-08-06 18:00:00+07:00,SKU-004,4.0,44.0,1,44.0,1,50.0,1,train
2026-08-06 19:00:00+07:00,SKU-004,3.0,41.0,1,41.0,1,48.0,1,train
2026-08-06 20:00:00+07:00,SKU-004,5.0,36.0,1,36.0,1,43.0,1,train
2026-08-06 21:00:00+07:00,SKU-004,0.0,36.0,1,36.0,1,47.0,1,train
2026-08-06 22:00:00+07:00,SKU-004,2.0,34.0,1,34.0,1,45.0,1,train
2026-08-06 23:00:00+07:00,SKU-004,1.0,33.0,1,33.0,1,44.0,1,train
2026-08-07 00:00:00+07:00,SKU-004,0.0,33.0,1,33.0,1,44.0,1,train
2026-08-07 01:00:00+07:00,SKU-004,0.0,33.0,1,33.0,1,44.0,1,train
2026-08-07 02:00:00+07:00,SKU-004,0.0,33.0,1,33.0,1,44.0,1,train
2026-08-07 03:00:00+07:00,SKU-004,0.0,33.0,1,33.0,1,44.0,1,train
2026-08-07 04:00:00+07:00,SKU-004,0.0,33.0,1,33.0,1,44.0,1,train
2026-08-07 05:00:00+07:00,SKU-004,0.0,33.0,1,33.0,1,45.0,1,train
2026-08-07 06:00:00+07:00,SKU-004,1.0,32.0,1,32.0,1,44.0,1,train
2026-08-07 07:00:00+07:00,SKU-004,3.0,29.0,1,29.0,1,41.0,1,train
2026-08-07 08:00:00+07:00,SKU-004,0.0,29.0,1,29.0,1,42.0,1,train
2026-08-07 09:00:00+07:00,SKU-004,0.0,29.0,1,29.0,1,42.0,1,train
2026-08-07 10:00:00+07:00,SKU-004,5.0,24.0,1,24.0,1,39.0,1,train
2026-08-07 11:00:00+07:00,SKU-004,2.0,22.0,1,22.0,1,38.0,1,train
2026-08-07 12:00:00+07:00,SKU-004,3.0,19.0,1,19.0,1,36.0,1,train
2026-08-07 13:00:00+07:00,SKU-004,3.0,16.0,1,16.0,1,33.0,1,train
2026-08-07 14:00:00+07:00,SKU-004,0.0,16.0,1,17.0,1,34.0,1,train
2026-08-07 15:00:00+07:00,SKU-004,4.0,12.0,1,13.0,1,34.0,1,train
2026-08-07 16:00:00+07:00,SKU-004,4.0,8.0,1,13.0,1,30.0,1,train
2026-08-07 17:00:00+07:00,SKU-004,6.0,2.0,1,7.0,1,24.0,1,train
2026-08-07 18:00:00+07:00,SKU-004,2.0,0.0,1,6.0,1,24.0,1,train
2026-08-07 19:00:00+07:00,SKU-004,0.0,0.0,1,7.0,1,29.0,1,train
2026-08-07 20:00:00+07:00,SKU-004,0.0,0.0,1,7.0,1,30.0,1,train
2026-08-07 21:00:00+07:00,SKU-004,0.0,0.0,1,11.0,1,31.0,1,train
2026-08-07 22:00:00+07:00,SKU-004,0.0,0.0,1,11.0,1,34.0,1,train
2026-08-07 23:00:00+07:00,SKU-004,0.0,0.0,1,11.0,1,34.0,1,train
2026-08-08 00:00:00+07:00,SKU-004,0.0,0.0,1,11.0,1,34.0,1,train
2026-08-08 01:00:00+07:00,SKU-004,0.0,0.0,1,11.0,1,34.0,1,train
2026-08-08 02:00:00+07:00,SKU-004,0.0,0.0,1,11.0,1,34.0,1,train
2026-08-08 03:00:00+07:00,SKU-004,0.0,0.0,1,11.0,1,34.0,1,train
2026-08-08 04:00:00+07:00,SKU-004,0.0,0.0,1,11.0,1,34.0,1,train
2026-08-08 05:00:00+07:00,SKU-004,0.0,0.0,1,12.0,1,34.0,1,train
2026-08-08 06:00:00+07:00,SKU-004,0.0,0.0,1,12.0,1,34.0,1,train
2026-08-08 07:00:00+07:00,SKU-004,0.0,0.0,1,12.0,1,34.0,1,train
2026-08-08 08:00:00+07:00,SKU-004,0.0,0.0,1,13.0,1,34.0,1,train
2026-08-08 09:00:00+07:00,SKU-004,0.0,0.0,1,13.0,1,36.0,1,train
2026-08-08 10:00:00+07:00,SKU-004,0.0,0.0,1,15.0,1,36.0,1,train
2026-08-08 11:00:00+07:00,SKU-004,0.0,0.0,1,16.0,1,38.0,1,train
2026-08-08 12:00:00+07:00,SKU-004,0.0,0.0,1,17.0,1,38.0,1,train
2026-08-08 13:00:00+07:00,SKU-004,0.0,0.0,1,17.0,1,39.0,1,train
2026-08-08 14:00:00+07:00,SKU-004,0.0,1.0,1,18.0,1,40.0,1,train
2026-08-08 15:00:00+07:00,SKU-004,0.0,1.0,1,22.0,1,42.0,1,train
2026-08-08 16:00:00+07:00,SKU-004,0.0,5.0,1,22.0,1,45.0,1,train
2026-08-08 17:00:00+07:00,SKU-004,0.0,5.0,1,22.0,1,48.0,1,train
2026-08-08 18:00:00+07:00,SKU-004,0.0,6.0,1,24.0,1,48.0,1,train
2026-08-08 19:00:00+07:00,SKU-004,0.0,7.0,1,29.0,1,48.0,1,train
2026-08-08 20:00:00+07:00,SKU-004,0.0,7.0,1,30.0,1,48.0,1,train
2026-08-08 21:00:00+07:00,SKU-004,0.0,11.0,1,31.0,1,48.0,1,train
2026-08-08 22:00:00+07:00,SKU-004,0.0,11.0,1,34.0,1,48.0,1,train
2026-08-08 23:00:00+07:00,SKU-004,0.0,11.0,1,34.0,1,48.0,1,train
2026-08-09 00:00:00+07:00,SKU-004,0.0,11.0,1,34.0,1,48.0,1,train
2026-08-09 01:00:00+07:00,SKU-004,0.0,11.0,1,34.0,1,48.0,1,train
2026-08-09 02:00:00+07:00,SKU-004,0.0,11.0,1,34.0,1,48.0,1,train
2026-08-09 03:00:00+07:00,SKU-004,0.0,11.0,1,34.0,1,48.0,1,train
2026-08-09 04:00:00+07:00,SKU-004,0.0,11.0,1,34.0,1,48.0,1,train
2026-08-09 05:00:00+07:00,SKU-004,0.0,12.0,1,34.0,1,48.0,1,train
2026-08-09 06:00:00+07:00,SKU-004,0.0,12.0,1,34.0,1,48.0,1,train
2026-08-09 07:00:00+07:00,SKU-004,0.0,12.0,1,34.0,1,48.0,1,train
2026-08-09 08:00:00+07:00,SKU-004,0.0,13.0,1,34.0,1,48.0,1,train
2026-08-09 09:00:00+07:00,SKU-004,0.0,13.0,1,36.0,1,48.0,1,train
2026-08-09 10:00:00+07:00,SKU-004,0.0,15.0,1,36.0,1,48.0,1,train
2026-08-09 11:00:00+07:00,SKU-004,0.0,16.0,1,38.0,1,48.0,1,train
2026-08-09 12:00:00+07:00,SKU-004,0.0,17.0,1,38.0,1,48.0,1,train
2026-08-09 13:00:00+07:00,SKU-004,0.0,17.0,0,39.0,0,48.0,1,train
2026-08-09 14:00:00+07:00,SKU-004,1.0,17.0,0,39.0,0,50.0,1,train
2026-08-09 15:00:00+07:00,SKU-004,0.0,21.0,0,41.0,0,50.0,1,train
2026-08-09 16:00:00+07:00,SKU-004,4.0,17.0,0,40.0,0,49.0,1,train
2026-08-09 17:00:00+07:00,SKU-004,0.0,17.0,0,43.0,1,52.0,1,train
2026-08-09 18:00:00+07:00,SKU-004,1.0,18.0,0,42.0,1,52.0,1,train
2026-08-09 19:00:00+07:00,SKU-004,1.0,22.0,0,41.0,1,52.0,1,train
2026-08-09 20:00:00+07:00,SKU-004,0.0,23.0,0,41.0,1,53.0,1,train
2026-08-09 21:00:00+07:00,SKU-004,4.0,20.0,0,37.0,1,49.0,1,train
2026-08-09 22:00:00+07:00,SKU-004,0.0,23.0,0,37.0,1,49.0,1,train
2026-08-09 23:00:00+07:00,SKU-004,0.0,23.0,0,37.0,1,49.0,1,train
2026-08-10 00:00:00+07:00,SKU-004,0.0,23.0,0,37.0,1,50.0,1,train
2026-08-10 01:00:00+07:00,SKU-004,0.0,23.0,0,37.0,1,50.0,1,train
2026-08-10 02:00:00+07:00,SKU-004,0.0,23.0,0,37.0,1,50.0,1,train
2026-08-10 03:00:00+07:00,SKU-004,0.0,23.0,0,37.0,1,50.0,1,train
2026-08-10 04:00:00+07:00,SKU-004,0.0,23.0,0,37.0,1,50.0,1,train
2026-08-10 05:00:00+07:00,SKU-004,1.0,22.0,0,36.0,1,49.0,1,train
2026-08-10 06:00:00+07:00,SKU-004,0.0,22.0,0,36.0,1,50.0,1,train
2026-08-10 07:00:00+07:00,SKU-004,0.0,22.0,0,36.0,1,51.0,1,train
2026-08-10 08:00:00+07:00,SKU-004,1.0,21.0,0,35.0,1,52.0,1,train
2026-08-10 09:00:00+07:00,SKU-004,0.0,23.0,0,35.0,1,55.0,1,train
2026-08-10 10:00:00+07:00,SKU-004,2.0,21.0,0,33.0,1,55.0,1,train
2026-08-10 11:00:00+07:00,SKU-004,1.0,22.0,0,32.0,1,55.0,1,train
2026-08-10 12:00:00+07:00,SKU-004,1.0,21.0,0,31.0,1,54.0,1,train
2026-08-10 13:00:00+07:00,SKU-004,0.0,22.0,0,31.0,1,57.0,1,train
2026-08-10 14:00:00+07:00,SKU-004,1.0,22.0,0,33.0,1,56.0,1,train
2026-08-10 15:00:00+07:00,SKU-004,4.0,20.0,0,29.0,1,52.0,1,train
2026-08-10 16:00:00+07:00,SKU-004,0.0,23.0,0,32.0,1,53.0,1,train
2026-08-10 17:00:00+07:00,SKU-004,0.0,26.0,1,35.0,1,53.0,1,train
2026-08-10 18:00:00+07:00,SKU-004,2.0,24.0,1,34.0,1,56.0,1,train
2026-08-10 19:00:00+07:00,SKU-004,5.0,19.0,1,30.0,1,56.0,1,train
2026-08-10 20:00:00+07:00,SKU-004,1.0,18.0,1,30.0,1,56.0,1,train
2026-08-10 21:00:00+07:00,SKU-004,1.0,17.0,1,29.0,1,57.0,1,train
2026-08-10 22:00:00+07:00,SKU-004,3.0,14.0,1,26.0,1,57.0,1,train
2026-08-10 23:00:00+07:00,SKU-004,0.0,14.0,1,26.0,1,58.0,1,train
2026-08-11 00:00:00+07:00,SKU-004,0.0,14.0,1,27.0,1,58.0,1,train
2026-08-11 01:00:00+07:00,SKU-004,0.0,14.0,1,27.0,1,58.0,1,train
2026-08-11 02:00:00+07:00,SKU-004,0.0,14.0,1,27.0,1,58.0,1,train
2026-08-11 03:00:00+07:00,SKU-004,0.0,14.0,1,27.0,1,58.0,1,train
2026-08-11 04:00:00+07:00,SKU-004,0.0,14.0,1,27.0,1,58.0,1,train
2026-08-11 05:00:00+07:00,SKU-004,0.0,14.0,1,27.0,1,58.0,1,train
2026-08-11 06:00:00+07:00,SKU-004,0.0,14.0,1,28.0,1,58.0,1,train
2026-08-11 07:00:00+07:00,SKU-004,0.0,14.0,1,29.0,1,58.0,1,train
2026-08-11 08:00:00+07:00,SKU-004,0.0,14.0,1,31.0,1,58.0,1,train
2026-08-11 09:00:00+07:00,SKU-004,2.0,12.0,1,32.0,1,58.0,1,train
2026-08-11 10:00:00+07:00,SKU-004,0.0,12.0,1,34.0,1,58.0,1,train
2026-08-11 11:00:00+07:00,SKU-004,2.0,10.0,1,33.0,1,56.0,1,train
2026-08-11 12:00:00+07:00,SKU-004,0.0,10.0,1,33.0,1,58.0,1,train
2026-08-11 13:00:00+07:00,SKU-004,1.0,9.0,1,35.0,1,58.0,1,train
2026-08-11 14:00:00+07:00,SKU-004,1.0,11.0,1,34.0,1,58.0,1,train
2026-08-11 15:00:00+07:00,SKU-004,2.0,9.0,1,32.0,1,56.0,1,train
2026-08-11 16:00:00+07:00,SKU-004,3.0,9.0,1,30.0,1,53.0,1,train
2026-08-11 17:00:00+07:00,SKU-004,3.0,9.0,1,27.0,1,50.0,1,train
2026-08-11 18:00:00+07:00,SKU-004,0.0,10.0,1,32.0,1,50.0,1,train
2026-08-11 19:00:00+07:00,SKU-004,0.0,11.0,1,37.0,1,50.0,1,train
2026-08-11 20:00:00+07:00,SKU-004,0.0,12.0,1,38.0,1,50.0,1,train
2026-08-11 21:00:00+07:00,SKU-004,0.0,12.0,1,40.0,1,50.0,1,train
2026-08-11 22:00:00+07:00,SKU-004,0.0,12.0,1,43.0,1,50.0,1,train
2026-08-11 23:00:00+07:00,SKU-004,0.0,12.0,1,44.0,1,50.0,1,train
2026-08-12 00:00:00+07:00,SKU-004,0.0,13.0,1,44.0,1,50.0,1,train
2026-08-12 01:00:00+07:00,SKU-004,0.0,13.0,1,44.0,1,50.0,1,train
2026-08-12 02:00:00+07:00,SKU-004,0.0,13.0,1,44.0,1,50.0,1,train
2026-08-12 03:00:00+07:00,SKU-004,0.0,13.0,1,44.0,1,50.0,1,train
2026-08-12 04:00:00+07:00,SKU-004,0.0,13.0,1,44.0,1,50.0,1,train
2026-08-12 05:00:00+07:00,SKU-004,0.0,13.0,1,44.0,1,50.0,1,train
2026-08-12 06:00:00+07:00,SKU-004,0.0,14.0,1,44.0,1,50.0,1,train
2026-08-12 07:00:00+07:00,SKU-004,0.0,15.0,1,44.0,1,50.0,1,train
2026-08-12 08:00:00+07:00,SKU-004,0.0,17.0,1,44.0,1,50.0,1,train
2026-08-12 09:00:00+07:00,SKU-004,0.0,20.0,1,46.0,1,50.0,1,train
2026-08-12 10:00:00+07:00,SKU-004,0.0,22.0,1,46.0,1,50.0,1,train
2026-08-12 11:00:00+07:00,SKU-004,0.0,23.0,1,46.0,1,50.0,1,train
2026-08-12 12:00:00+07:00,SKU-004,0.0,23.0,1,48.0,1,50.0,1,train
2026-08-12 13:00:00+07:00,SKU-004,0.0,26.0,0,49.0,0,50.0,1,train
2026-08-12 14:00:00+07:00,SKU-004,3.0,23.0,0,47.0,1,51.0,1,train
2026-08-12 15:00:00+07:00,SKU-004,0.0,23.0,0,47.0,1,51.0,1,train
2026-08-12 16:00:00+07:00,SKU-004,3.0,21.0,0,44.0,1,52.0,1,train
2026-08-12 17:00:00+07:00,SKU-004,3.0,18.0,0,41.0,1,54.0,1,train
2026-08-12 18:00:00+07:00,SKU-004,1.0,22.0,0,40.0,1,60.0,1,train
2026-08-12 19:00:00+07:00,SKU-004,1.0,26.0,0,39.0,1,64.0,1,train
2026-08-12 20:00:00+07:00,SKU-004,1.0,26.0,0,38.0,1,69.0,1,train
2026-08-12 21:00:00+07:00,SKU-004,0.0,28.0,0,38.0,1,70.0,1,train
2026-08-12 22:00:00+07:00,SKU-004,0.0,31.0,0,38.0,1,70.0,1,train
2026-08-12 23:00:00+07:00,SKU-004,0.0,32.0,0,38.0,1,71.0,1,train
2026-08-13 00:00:00+07:00,SKU-004,1.0,31.0,0,37.0,1,71.0,1,train
2026-08-13 01:00:00+07:00,SKU-004,0.0,31.0,0,37.0,1,71.0,1,train
2026-08-13 02:00:00+07:00,SKU-004,0.0,31.0,0,37.0,1,71.0,1,train
2026-08-13 03:00:00+07:00,SKU-004,0.0,31.0,0,37.0,1,71.0,1,train
2026-08-13 04:00:00+07:00,SKU-004,0.0,31.0,0,37.0,1,72.0,1,train
2026-08-13 05:00:00+07:00,SKU-004,0.0,31.0,0,37.0,1,74.0,1,train
2026-08-13 06:00:00+07:00,SKU-004,1.0,30.0,0,36.0,1,74.0,1,train
2026-08-13 07:00:00+07:00,SKU-004,1.0,29.0,0,35.0,1,75.0,1,train
2026-08-13 08:00:00+07:00,SKU-004,2.0,27.0,0,33.0,1,74.0,1,train
2026-08-13 09:00:00+07:00,SKU-004,3.0,26.0,0,30.0,1,71.0,1,train
2026-08-13 10:00:00+07:00,SKU-004,2.0,24.0,0,28.0,1,70.0,1,train
2026-08-13 11:00:00+07:00,SKU-004,1.0,23.0,0,27.0,1,69.0,1,train
2026-08-13 12:00:00+07:00,SKU-004,0.0,25.0,0,27.0,1,69.0,1,train
2026-08-13 13:00:00+07:00,SKU-004,3.0,23.0,0,24.0,1,66.0,1,train
2026-08-13 14:00:00+07:00,SKU-004,0.0,24.0,1,28.0,1,66.0,1,train
2026-08-13 15:00:00+07:00,SKU-004,0.0,24.0,1,28.0,1,66.0,1,train
2026-08-13 16:00:00+07:00,SKU-004,1.0,23.0,1,31.0,1,65.0,1,train
2026-08-13 17:00:00+07:00,SKU-004,0.0,23.0,1,36.0,1,65.0,1,train
2026-08-13 18:00:00+07:00,SKU-004,5.0,18.0,1,38.0,1,60.0,1,train
2026-08-13 19:00:00+07:00,SKU-004,5.0,13.0,1,38.0,1,55.0,1,train
2026-08-13 20:00:00+07:00,SKU-004,1.0,12.0,1,43.0,1,54.0,1,train
2026-08-13 21:00:00+07:00,SKU-004,2.0,10.0,1,42.0,1,52.0,1,train
2026-08-13 22:00:00+07:00,SKU-004,3.0,7.0,1,39.0,1,49.0,1,train
2026-08-13 23:00:00+07:00,SKU-004,1.0,6.0,1,39.0,1,48.0,1,train
2026-08-14 00:00:00+07:00,SKU-004,0.0,6.0,1,40.0,1,48.0,1,train
2026-08-14 01:00:00+07:00,SKU-004,0.0,6.0,1,40.0,1,48.0,1,train
2026-08-14 02:00:00+07:00,SKU-004,0.0,6.0,1,40.0,1,48.0,1,train
2026-08-14 03:00:00+07:00,SKU-004,0.0,6.0,1,40.0,1,48.0,1,train
2026-08-14 04:00:00+07:00,SKU-004,0.0,6.0,1,41.0,1,48.0,1,train
2026-08-14 05:00:00+07:00,SKU-004,0.0,6.0,1,43.0,1,48.0,1,train
2026-08-14 06:00:00+07:00,SKU-004,0.0,6.0,1,44.0,1,48.0,1,train
2026-08-14 07:00:00+07:00,SKU-004,0.0,6.0,1,46.0,1,48.0,1,train
2026-08-14 08:00:00+07:00,SKU-004,0.0,6.0,1,47.0,1,48.0,1,train
2026-08-14 09:00:00+07:00,SKU-004,2.0,4.0,1,45.0,1,46.0,1,train
2026-08-14 10:00:00+07:00,SKU-004,0.0,4.0,1,46.0,1,46.0,1,train
2026-08-14 11:00:00+07:00,SKU-004,0.0,4.0,1,46.0,1,46.0,1,train
2026-08-14 12:00:00+07:00,SKU-004,2.0,2.0,1,44.0,1,44.0,1,train
2026-08-14 13:00:00+07:00,SKU-004,1.0,1.0,1,43.0,1,43.0,1,train
2026-08-14 14:00:00+07:00,SKU-004,1.0,4.0,1,42.0,1,42.0,1,train
2026-08-14 15:00:00+07:00,SKU-004,0.0,4.0,1,42.0,1,42.0,1,train
2026-08-14 16:00:00+07:00,SKU-004,0.0,8.0,1,42.0,1,42.0,1,train
2026-08-14 17:00:00+07:00,SKU-004,0.0,13.0,1,42.0,1,42.0,1,train
2026-08-14 18:00:00+07:00,SKU-004,0.0,20.0,1,42.0,1,42.0,1,train
2026-08-14 19:00:00+07:00,SKU-004,0.0,25.0,1,42.0,1,42.0,1,train
2026-08-14 20:00:00+07:00,SKU-004,0.0,31.0,1,42.0,1,42.0,1,train
2026-08-14 21:00:00+07:00,SKU-004,0.0,32.0,1,42.0,1,42.0,1,train
2026-08-14 22:00:00+07:00,SKU-004,0.0,32.0,1,42.0,1,42.0,1,train
2026-08-14 23:00:00+07:00,SKU-004,0.0,33.0,1,42.0,1,42.0,1,train
2026-08-15 00:00:00+07:00,SKU-004,0.0,34.0,1,42.0,1,42.0,1,train
2026-08-15 01:00:00+07:00,SKU-004,0.0,34.0,1,42.0,1,42.0,1,train
2026-08-15 02:00:00+07:00,SKU-004,0.0,34.0,1,42.0,1,42.0,1,train
2026-08-15 03:00:00+07:00,SKU-004,0.0,34.0,1,42.0,1,42.0,1,train
2026-08-15 04:00:00+07:00,SKU-004,0.0,35.0,1,42.0,1,42.0,1,train
2026-08-15 05:00:00+07:00,SKU-004,0.0,37.0,1,42.0,1,42.0,1,train
2026-08-15 06:00:00+07:00,SKU-004,0.0,38.0,1,42.0,1,42.0,1,train
2026-08-15 07:00:00+07:00,SKU-004,0.0,40.0,1,42.0,1,42.0,1,train
2026-08-15 08:00:00+07:00,SKU-004,0.0,41.0,1,42.0,1,42.0,1,train
2026-08-15 09:00:00+07:00,SKU-004,0.0,41.0,1,42.0,1,42.0,1,train
2026-08-15 10:00:00+07:00,SKU-004,0.0,42.0,1,42.0,1,42.0,1,train
2026-08-15 11:00:00+07:00,SKU-004,0.0,42.0,1,42.0,1,42.0,1,train
2026-08-15 12:00:00+07:00,SKU-004,0.0,42.0,1,42.0,1,42.0,1,train
2026-08-15 13:00:00+07:00,SKU-004,0.0,42.0,1,42.0,1,42.0,1,train
2026-08-15 14:00:00+07:00,SKU-004,4.0,38.0,1,38.0,1,38.0,1,train
2026-08-15 15:00:00+07:00,SKU-004,0.0,38.0,1,38.0,1,38.0,1,train
2026-08-15 16:00:00+07:00,SKU-004,4.0,34.0,1,34.0,1,34.0,1,train
2026-08-15 17:00:00+07:00,SKU-004,5.0,29.0,1,29.0,1,33.0,1,train
2026-08-15 18:00:00+07:00,SKU-004,7.0,22.0,1,22.0,1,27.0,1,train
2026-08-15 19:00:00+07:00,SKU-004,5.0,17.0,1,17.0,1,22.0,1,train
2026-08-15 20:00:00+07:00,SKU-004,6.0,11.0,1,11.0,1,16.0,1,train
2026-08-15 21:00:00+07:00,SKU-004,1.0,10.0,1,10.0,1,17.0,1,train
2026-08-15 22:00:00+07:00,SKU-004,0.0,10.0,1,10.0,1,18.0,1,train
2026-08-15 23:00:00+07:00,SKU-004,1.0,9.0,1,9.0,1,17.0,1,train
2026-08-16 00:00:00+07:00,SKU-004,1.0,8.0,1,8.0,1,16.0,1,train
2026-08-16 01:00:00+07:00,SKU-004,0.0,8.0,1,8.0,1,18.0,1,train
2026-08-16 02:00:00+07:00,SKU-004,0.0,8.0,1,8.0,1,18.0,1,train
2026-08-16 03:00:00+07:00,SKU-004,0.0,8.0,1,8.0,1,18.0,1,train
2026-08-16 04:00:00+07:00,SKU-004,1.0,7.0,1,7.0,1,17.0,1,train
2026-08-16 05:00:00+07:00,SKU-004,2.0,5.0,1,5.0,1,15.0,1,train
2026-08-16 06:00:00+07:00,SKU-004,1.0,4.0,1,4.0,1,14.0,1,train
2026-08-16 07:00:00+07:00,SKU-004,2.0,2.0,1,2.0,1,12.0,1,train
2026-08-16 08:00:00+07:00,SKU-004,1.0,1.0,1,1.0,1,11.0,1,train
2026-08-16 09:00:00+07:00,SKU-004,0.0,1.0,1,1.0,1,13.0,1,train
2026-08-16 10:00:00+07:00,SKU-004,1.0,0.0,1,0.0,1,12.0,1,train
2026-08-16 11:00:00+07:00,SKU-004,0.0,0.0,1,0.0,1,14.0,1,train
2026-08-16 12:00:00+07:00,SKU-004,0.0,0.0,1,0.0,1,14.0,1,train
2026-08-16 13:00:00+07:00,SKU-004,0.0,0.0,1,0.0,1,15.0,1,train
2026-08-16 14:00:00+07:00,SKU-004,0.0,0.0,1,0.0,1,15.0,1,train
2026-08-16 15:00:00+07:00,SKU-004,0.0,0.0,1,0.0,1,18.0,1,train
2026-08-16 16:00:00+07:00,SKU-004,0.0,0.0,1,0.0,1,18.0,1,train
2026-08-16 17:00:00+07:00,SKU-004,0.0,0.0,1,4.0,1,18.0,1,train
2026-08-16 18:00:00+07:00,SKU-004,0.0,0.0,1,5.0,1,19.0,1,train
2026-08-16 19:00:00+07:00,SKU-004,0.0,0.0,1,5.0,1,22.0,1,train
2026-08-16 20:00:00+07:00,SKU-004,0.0,0.0,1,5.0,1,23.0,1,train
2026-08-16 21:00:00+07:00,SKU-004,0.0,0.0,1,7.0,1,23.0,1,train
2026-08-16 22:00:00+07:00,SKU-004,0.0,0.0,1,8.0,1,23.0,1,train
2026-08-16 23:00:00+07:00,SKU-004,0.0,0.0,1,8.0,1,23.0,1,train
2026-08-17 00:00:00+07:00,SKU-004,0.0,0.0,1,8.0,1,23.0,1,train
2026-08-17 01:00:00+07:00,SKU-004,0.0,0.0,1,10.0,1,23.0,1,train
2026-08-17 02:00:00+07:00,SKU-004,0.0,0.0,1,10.0,1,23.0,1,train
2026-08-17 03:00:00+07:00,SKU-004,0.0,0.0,1,10.0,1,23.0,1,train
2026-08-17 04:00:00+07:00,SKU-004,0.0,0.0,1,10.0,1,23.0,1,train
2026-08-17 05:00:00+07:00,SKU-004,0.0,0.0,1,10.0,1,23.0,1,train
2026-08-17 06:00:00+07:00,SKU-004,0.0,0.0,1,10.0,1,24.0,1,train
2026-08-17 07:00:00+07:00,SKU-004,0.0,0.0,1,10.0,1,24.0,1,train
2026-08-17 08:00:00+07:00,SKU-004,0.0,0.0,1,10.0,1,24.0,1,train
2026-08-17 09:00:00+07:00,SKU-004,0.0,0.0,1,12.0,1,25.0,1,train
2026-08-17 10:00:00+07:00,SKU-004,0.0,0.0,1,12.0,1,28.0,1,train
2026-08-17 11:00:00+07:00,SKU-004,0.0,0.0,1,14.0,1,30.0,1,train
2026-08-17 12:00:00+07:00,SKU-004,0.0,0.0,1,14.0,1,31.0,1,train
2026-08-17 13:00:00+07:00,SKU-004,0.0,0.0,1,15.0,1,33.0,1,train
2026-08-17 14:00:00+07:00,SKU-004,0.0,0.0,1,15.0,1,37.0,1,train
2026-08-17 15:00:00+07:00,SKU-004,0.0,0.0,1,18.0,1,38.0,1,train
2026-08-17 16:00:00+07:00,SKU-004,0.0,0.0,1,18.0,1,38.0,1,train
2026-08-17 17:00:00+07:00,SKU-004,0.0,4.0,1,18.0,1,38.0,1,train
2026-08-17 18:00:00+07:00,SKU-004,0.0,5.0,1,19.0,1,39.0,1,train
2026-08-17 19:00:00+07:00,SKU-004,0.0,5.0,1,22.0,1,39.0,1,train
2026-08-17 20:00:00+07:00,SKU-004,0.0,5.0,1,23.0,1,39.0,1,train
2026-08-17 21:00:00+07:00,SKU-004,0.0,7.0,1,23.0,1,39.0,1,train
2026-08-17 22:00:00+07:00,SKU-004,0.0,8.0,1,23.0,1,39.0,1,train
2026-08-17 23:00:00+07:00,SKU-004,0.0,8.0,1,23.0,1,39.0,1,train
2026-08-18 00:00:00+07:00,SKU-004,0.0,8.0,1,23.0,1,39.0,1,train
2026-08-18 01:00:00+07:00,SKU-004,0.0,10.0,1,23.0,1,39.0,1,train
2026-08-18 02:00:00+07:00,SKU-004,0.0,10.0,1,23.0,1,39.0,1,train
2026-08-18 03:00:00+07:00,SKU-004,0.0,10.0,1,23.0,1,39.0,1,train
2026-08-18 04:00:00+07:00,SKU-004,0.0,10.0,1,23.0,1,39.0,1,train
2026-08-18 05:00:00+07:00,SKU-004,0.0,10.0,1,23.0,1,39.0,1,train
2026-08-18 06:00:00+07:00,SKU-004,0.0,10.0,1,24.0,1,39.0,1,train
2026-08-18 07:00:00+07:00,SKU-004,0.0,10.0,1,24.0,1,39.0,1,train
2026-08-18 08:00:00+07:00,SKU-004,0.0,10.0,1,24.0,1,39.0,1,train
2026-08-18 09:00:00+07:00,SKU-004,0.0,12.0,1,25.0,1,39.0,1,train
2026-08-18 10:00:00+07:00,SKU-004,0.0,12.0,1,28.0,1,39.0,1,train
2026-08-18 11:00:00+07:00,SKU-004,0.0,14.0,1,30.0,1,39.0,1,train
2026-08-18 12:00:00+07:00,SKU-004,0.0,14.0,1,31.0,1,39.0,1,train
2026-08-18 13:00:00+07:00,SKU-004,0.0,15.0,0,33.0,0,39.0,1,train
2026-08-18 14:00:00+07:00,SKU-004,0.0,15.0,0,37.0,0,40.0,1,train
2026-08-18 15:00:00+07:00,SKU-004,0.0,18.0,0,38.0,0,45.0,1,train
2026-08-18 16:00:00+07:00,SKU-004,0.0,18.0,0,38.0,0,48.0,1,train
2026-08-18 17:00:00+07:00,SKU-004,4.0,14.0,0,34.0,0,49.0,1,train
2026-08-18 18:00:00+07:00,SKU-004,1.0,14.0,0,34.0,1,49.0,1,train
2026-08-18 19:00:00+07:00,SKU-004,0.0,17.0,0,34.0,1,55.0,1,train
2026-08-18 20:00:00+07:00,SKU-004,0.0,18.0,0,34.0,1,61.0,1,train
2026-08-18 21:00:00+07:00,SKU-004,2.0,16.0,0,32.0,1,59.0,1,train
2026-08-18 22:00:00+07:00,SKU-004,1.0,15.0,0,31.0,1,61.0,1,train
2026-08-18 23:00:00+07:00,SKU-004,0.0,15.0,0,31.0,1,62.0,1,train
2026-08-19 00:00:00+07:00,SKU-004,0.0,15.0,0,31.0,1,65.0,1,train
2026-08-19 01:00:00+07:00,SKU-004,2.0,13.0,0,29.0,1,63.0,1,train
2026-08-19 02:00:00+07:00,SKU-004,0.0,13.0,0,29.0,1,63.0,1,train
2026-08-19 03:00:00+07:00,SKU-004,0.0,13.0,0,29.0,1,63.0,1,train
2026-08-19 04:00:00+07:00,SKU-004,0.0,13.0,0,29.0,1,63.0,1,train
2026-08-19 05:00:00+07:00,SKU-004,0.0,13.0,0,29.0,1,63.0,1,train
2026-08-19 06:00:00+07:00,SKU-004,0.0,14.0,0,29.0,1,63.0,1,train
2026-08-19 07:00:00+07:00,SKU-004,0.0,14.0,0,29.0,1,64.0,1,train
2026-08-19 08:00:00+07:00,SKU-004,0.0,14.0,0,29.0,1,67.0,1,train
2026-08-19 09:00:00+07:00,SKU-004,2.0,13.0,0,27.0,1,71.0,1,train
2026-08-19 10:00:00+07:00,SKU-004,0.0,16.0,0,27.0,1,72.0,1,train
2026-08-19 11:00:00+07:00,SKU-004,2.0,16.0,0,25.0,1,70.0,1,train
2026-08-19 12:00:00+07:00,SKU-004,0.0,17.0,0,25.0,1,70.0,1,train
2026-08-19 13:00:00+07:00,SKU-004,1.0,18.0,0,24.0,1,69.0,1,train
2026-08-19 14:00:00+07:00,SKU-004,0.0,22.0,0,25.0,1,69.0,1,train
2026-08-19 15:00:00+07:00,SKU-004,3.0,20.0,0,27.0,1,66.0,1,train
2026-08-19 16:00:00+07:00,SKU-004,0.0,20.0,0,30.0,1,66.0,1,train
2026-08-19 17:00:00+07:00,SKU-004,0.0,20.0,0,35.0,1,66.0,1,train
2026-08-19 18:00:00+07:00,SKU-004,1.0,20.0,1,35.0,1,65.0,1,train
2026-08-19 19:00:00+07:00,SKU-004,3.0,17.0,1,38.0,1,62.0,1,train
2026-08-19 20:00:00+07:00,SKU-004,1.0,16.0,1,43.0,1,61.0,1,train
2026-08-19 21:00:00+07:00,SKU-004,0.0,16.0,1,43.0,1,61.0,1,train
2026-08-19 22:00:00+07:00,SKU-004,0.0,16.0,1,46.0,1,61.0,1,train
2026-08-19 23:00:00+07:00,SKU-004,0.0,16.0,1,47.0,1,61.0,1,train
2026-08-20 00:00:00+07:00,SKU-004,0.0,16.0,1,50.0,1,61.0,1,train
2026-08-20 01:00:00+07:00,SKU-004,0.0,16.0,1,50.0,1,61.0,1,train
2026-08-20 02:00:00+07:00,SKU-004,0.0,16.0,1,50.0,1,61.0,1,train
2026-08-20 03:00:00+07:00,SKU-004,0.0,16.0,1,50.0,1,61.0,1,train
2026-08-20 04:00:00+07:00,SKU-004,0.0,16.0,1,50.0,1,61.0,1,train
2026-08-20 05:00:00+07:00,SKU-004,0.0,16.0,1,50.0,1,61.0,1,train
2026-08-20 06:00:00+07:00,SKU-004,1.0,15.0,1,49.0,1,60.0,1,train
2026-08-20 07:00:00+07:00,SKU-004,0.0,15.0,1,50.0,1,60.0,1,train
2026-08-20 08:00:00+07:00,SKU-004,0.0,15.0,1,53.0,1,60.0,1,train
2026-08-20 09:00:00+07:00,SKU-004,1.0,14.0,1,58.0,1,59.0,1,train
2026-08-20 10:00:00+07:00,SKU-004,3.0,11.0,1,56.0,1,56.0,1,train
2026-08-20 11:00:00+07:00,SKU-004,2.0,9.0,1,54.0,1,54.0,1,train
2026-08-20 12:00:00+07:00,SKU-004,1.0,8.0,1,53.0,1,53.0,1,train
2026-08-20 13:00:00+07:00,SKU-004,2.0,6.0,1,51.0,1,51.0,1,train
2026-08-20 14:00:00+07:00,SKU-004,4.0,3.0,1,47.0,1,47.0,1,train
2026-08-20 15:00:00+07:00,SKU-004,1.0,7.0,1,46.0,1,46.0,1,train
2026-08-20 16:00:00+07:00,SKU-004,0.0,10.0,1,46.0,1,46.0,1,train
2026-08-20 17:00:00+07:00,SKU-004,0.0,15.0,1,46.0,1,46.0,1,train
2026-08-20 18:00:00+07:00,SKU-004,1.0,15.0,1,45.0,1,45.0,1,train
2026-08-20 19:00:00+07:00,SKU-004,0.0,21.0,1,45.0,1,45.0,1,train
2026-08-20 20:00:00+07:00,SKU-004,0.0,27.0,1,45.0,1,45.0,1,train
2026-08-20 21:00:00+07:00,SKU-004,0.0,27.0,1,45.0,1,45.0,1,train
2026-08-20 22:00:00+07:00,SKU-004,0.0,30.0,1,45.0,1,45.0,1,train
2026-08-20 23:00:00+07:00,SKU-004,0.0,31.0,1,45.0,1,45.0,1,train
2026-08-21 00:00:00+07:00,SKU-004,0.0,34.0,1,45.0,1,45.0,1,train
2026-08-21 01:00:00+07:00,SKU-004,0.0,34.0,1,45.0,1,45.0,1,train
2026-08-21 02:00:00+07:00,SKU-004,0.0,34.0,1,45.0,1,45.0,1,train
2026-08-21 03:00:00+07:00,SKU-004,0.0,34.0,1,45.0,1,45.0,1,train
2026-08-21 04:00:00+07:00,SKU-004,0.0,34.0,1,45.0,1,45.0,1,train
2026-08-21 05:00:00+07:00,SKU-004,0.0,34.0,1,45.0,1,45.0,1,train
2026-08-21 06:00:00+07:00,SKU-004,0.0,34.0,1,45.0,1,45.0,1,train
2026-08-21 07:00:00+07:00,SKU-004,0.0,35.0,1,45.0,1,45.0,1,train
2026-08-21 08:00:00+07:00,SKU-004,0.0,38.0,1,45.0,1,45.0,1,train
2026-08-21 09:00:00+07:00,SKU-004,0.0,44.0,1,45.0,1,45.0,1,train
2026-08-21 10:00:00+07:00,SKU-004,0.0,45.0,1,45.0,1,45.0,1,train
2026-08-21 11:00:00+07:00,SKU-004,0.0,45.0,1,45.0,1,45.0,1,train
2026-08-21 12:00:00+07:00,SKU-004,0.0,45.0,1,45.0,1,45.0,1,train
2026-08-21 13:00:00+07:00,SKU-004,0.0,45.0,1,45.0,1,45.0,1,train
2026-08-21 14:00:00+07:00,SKU-004,1.0,44.0,1,44.0,1,47.0,1,val
2026-08-21 15:00:00+07:00,SKU-004,5.0,39.0,1,39.0,1,43.0,1,val
2026-08-21 16:00:00+07:00,SKU-004,3.0,36.0,1,36.0,1,42.0,1,val
2026-08-21 17:00:00+07:00,SKU-004,5.0,31.0,1,31.0,1,38.0,1,val
2026-08-21 18:00:00+07:00,SKU-004,1.0,30.0,1,30.0,1,37.0,1,val
2026-08-21 19:00:00+07:00,SKU-004,6.0,24.0,1,24.0,1,36.0,1,val
2026-08-21 20:00:00+07:00,SKU-004,6.0,18.0,1,18.0,1,30.0,1,val
2026-08-21 21:00:00+07:00,SKU-004,0.0,18.0,1,18.0,1,30.0,1,val
2026-08-21 22:00:00+07:00,SKU-004,3.0,15.0,1,15.0,1,29.0,1,val
2026-08-21 23:00:00+07:00,SKU-004,1.0,14.0,1,14.0,1,29.0,1,val
2026-08-22 00:00:00+07:00,SKU-004,3.0,11.0,1,11.0,1,26.0,1,val
2026-08-22 01:00:00+07:00,SKU-004,0.0,11.0,1,11.0,1,26.0,1,val
2026-08-22 02:00:00+07:00,SKU-004,0.0,11.0,1,11.0,1,26.0,1,val
2026-08-22 03:00:00+07:00,SKU-004,0.0,11.0,1,11.0,1,26.0,1,val
2026-08-22 04:00:00+07:00,SKU-004,0.0,11.0,1,11.0,1,26.0,1,val
2026-08-22 05:00:00+07:00,SKU-004,0.0,11.0,1,11.0,1,26.0,1,val
2026-08-22 06:00:00+07:00,SKU-004,0.0,11.0,1,11.0,1,27.0,1,val
2026-08-22 07:00:00+07:00,SKU-004,1.0,10.0,1,10.0,1,28.0,1,val
2026-08-22 08:00:00+07:00,SKU-004,3.0,7.0,1,7.0,1,25.0,1,val
2026-08-22 09:00:00+07:00,SKU-004,6.0,1.0,1,1.0,1,19.0,1,val
2026-08-22 10:00:00+07:00,SKU-004,1.0,0.0,1,0.0,1,18.0,1,val
2026-08-22 11:00:00+07:00,SKU-004,0.0,0.0,1,0.0,1,18.0,1,val
2026-08-22 12:00:00+07:00,SKU-004,0.0,0.0,1,0.0,1,20.0,1,val
2026-08-22 13:00:00+07:00,SKU-004,0.0,0.0,1,0.0,1,25.0,1,val
2026-08-22 14:00:00+07:00,SKU-004,0.0,0.0,1,3.0,1,26.0,1,val
2026-08-22 15:00:00+07:00,SKU-004,0.0,0.0,1,4.0,1,26.0,1,val
2026-08-22 16:00:00+07:00,SKU-004,0.0,0.0,1,6.0,1,28.0,1,val
2026-08-22 17:00:00+07:00,SKU-004,0.0,0.0,1,7.0,1,29.0,1,val
2026-08-22 18:00:00+07:00,SKU-004,0.0,0.0,1,7.0,1,32.0,1,val
2026-08-22 19:00:00+07:00,SKU-004,0.0,0.0,1,12.0,1,33.0,1,val
2026-08-22 20:00:00+07:00,SKU-004,0.0,0.0,1,12.0,1,33.0,1,val
2026-08-22 21:00:00+07:00,SKU-004,0.0,0.0,1,12.0,1,34.0,1,val
2026-08-22 22:00:00+07:00,SKU-004,0.0,0.0,1,14.0,1,34.0,1,val
2026-08-22 23:00:00+07:00,SKU-004,0.0,0.0,1,15.0,1,34.0,1,val
2026-08-23 00:00:00+07:00,SKU-004,0.0,0.0,1,15.0,1,34.0,1,val
2026-08-23 01:00:00+07:00,SKU-004,0.0,0.0,1,15.0,1,34.0,1,val
2026-08-23 02:00:00+07:00,SKU-004,0.0,0.0,1,15.0,1,34.0,1,val
2026-08-23 03:00:00+07:00,SKU-004,0.0,0.0,1,15.0,1,34.0,1,val
2026-08-23 04:00:00+07:00,SKU-004,0.0,0.0,1,15.0,1,34.0,1,val
2026-08-23 05:00:00+07:00,SKU-004,0.0,0.0,1,15.0,1,34.0,1,val
2026-08-23 06:00:00+07:00,SKU-004,0.0,0.0,1,16.0,1,34.0,1,val
2026-08-23 07:00:00+07:00,SKU-004,0.0,0.0,1,18.0,1,34.0,1,val
2026-08-23 08:00:00+07:00,SKU-004,0.0,0.0,1,18.0,1,34.0,1,val
2026-08-23 09:00:00+07:00,SKU-004,0.0,0.0,1,18.0,1,36.0,1,val
2026-08-23 10:00:00+07:00,SKU-004,0.0,0.0,1,18.0,1,39.0,1,val
2026-08-23 11:00:00+07:00,SKU-004,0.0,0.0,1,18.0,1,40.0,1,val
2026-08-23 12:00:00+07:00,SKU-004,0.0,0.0,1,20.0,1,44.0,1,val
2026-08-23 13:00:00+07:00,SKU-004,0.0,0.0,1,25.0,1,46.0,1,val
2026-08-23 14:00:00+07:00,SKU-004,0.0,3.0,1,26.0,1,49.0,1,val
2026-08-23 15:00:00+07:00,SKU-004,0.0,4.0,1,26.0,1,49.0,1,val
2026-08-23 16:00:00+07:00,SKU-004,0.0,6.0,1,28.0,1,50.0,1,val
2026-08-23 17:00:00+07:00,SKU-004,0.0,7.0,1,29.0,1,50.0,1,val
2026-08-23 18:00:00+07:00,SKU-004,0.0,7.0,1,32.0,1,50.0,1,val
2026-08-23 19:00:00+07:00,SKU-004,0.0,12.0,1,33.0,1,50.0,1,val
2026-08-23 20:00:00+07:00,SKU-004,0.0,12.0,1,33.0,1,50.0,1,val
2026-08-23 21:00:00+07:00,SKU-004,0.0,12.0,1,34.0,1,50.0,1,val
2026-08-23 22:00:00+07:00,SKU-004,0.0,14.0,1,34.0,1,50.0,1,val
2026-08-23 23:00:00+07:00,SKU-004,0.0,15.0,1,34.0,1,50.0,1,val
2026-08-24 00:00:00+07:00,SKU-004,0.0,15.0,1,34.0,1,50.0,1,val
2026-08-24 01:00:00+07:00,SKU-004,0.0,15.0,1,34.0,1,50.0,1,val
2026-08-24 02:00:00+07:00,SKU-004,0.0,15.0,1,34.0,1,50.0,1,val
2026-08-24 03:00:00+07:00,SKU-004,0.0,15.0,1,34.0,1,50.0,1,val
2026-08-24 04:00:00+07:00,SKU-004,0.0,15.0,1,34.0,1,50.0,1,val
2026-08-24 05:00:00+07:00,SKU-004,0.0,15.0,1,34.0,1,50.0,1,val
2026-08-24 06:00:00+07:00,SKU-004,0.0,16.0,1,34.0,1,50.0,1,val
2026-08-24 07:00:00+07:00,SKU-004,0.0,18.0,1,34.0,1,50.0,1,val
2026-08-24 08:00:00+07:00,SKU-004,0.0,18.0,1,34.0,1,50.0,1,val
2026-08-24 09:00:00+07:00,SKU-004,0.0,18.0,1,36.0,1,50.0,1,val
2026-08-24 10:00:00+07:00,SKU-004,0.0,18.0,1,39.0,1,50.0,1,val
2026-08-24 11:00:00+07:00,SKU-004,0.0,18.0,1,40.0,1,50.0,1,val
2026-08-24 12:00:00+07:00,SKU-004,0.0,20.0,1,44.0,1,50.0,1,val
2026-08-24 13:00:00+07:00,SKU-004,0.0,25.0,0,46.0,0,50.0,1,val
2026-08-24 14:00:00+07:00,SKU-004,3.0,23.0,0,46.0,0,47.0,1,val
2026-08-24 15:00:00+07:00,SKU-004,1.0,22.0,0,45.0,0,46.0,1,val
2026-08-24 16:00:00+07:00,SKU-004,2.0,22.0,0,44.0,1,44.0,1,val
2026-08-24 17:00:00+07:00,SKU-004,1.0,22.0,0,43.0,1,43.0,1,val
2026-08-24 18:00:00+07:00,SKU-004,0.0,25.0,0,43.0,1,43.0,1,val
2026-08-24 19:00:00+07:00,SKU-004,5.0,21.0,0,38.0,1,45.0,1,val
2026-08-24 20:00:00+07:00,SKU-004,0.0,21.0,0,38.0,1,47.0,1,val
2026-08-24 21:00:00+07:00,SKU-004,0.0,22.0,0,38.0,1,49.0,1,val
2026-08-24 22:00:00+07:00,SKU-004,2.0,20.0,0,36.0,1,49.0,1,val
2026-08-24 23:00:00+07:00,SKU-004,1.0,19.0,0,35.0,1,49.0,1,val
2026-08-25 00:00:00+07:00,SKU-004,0.0,19.0,0,35.0,1,49.0,1,val
2026-08-25 01:00:00+07:00,SKU-004,0.0,19.0,0,35.0,1,49.0,1,val
2026-08-25 02:00:00+07:00,SKU-004,0.0,19.0,0,35.0,1,50.0,1,val
2026-08-25 03:00:00+07:00,SKU-004,0.0,19.0,0,35.0,1,50.0,1,val
2026-08-25 04:00:00+07:00,SKU-004,0.0,19.0,0,35.0,1,51.0,1,val
2026-08-25 05:00:00+07:00,SKU-004,0.0,19.0,0,35.0,1,52.0,1,val
2026-08-25 06:00:00+07:00,SKU-004,1.0,18.0,0,34.0,1,51.0,1,val
2026-08-25 07:00:00+07:00,SKU-004,2.0,16.0,0,32.0,1,49.0,1,val
2026-08-25 08:00:00+07:00,SKU-004,0.0,16.0,0,32.0,1,49.0,1,val
2026-08-25 09:00:00+07:00,SKU-004,0.0,18.0,0,32.0,1,50.0,1,val
2026-08-25 10:00:00+07:00,SKU-004,0.0,21.0,0,32.0,1,55.0,1,val
2026-08-25 11:00:00+07:00,SKU-004,0.0,22.0,0,32.0,1,56.0,1,val
2026-08-25 12:00:00+07:00,SKU-004,2.0,24.0,0,30.0,1,56.0,1,val
2026-08-25 13:00:00+07:00,SKU-004,5.0,21.0,0,25.0,1,54.0,1,val
2026-08-25 14:00:00+07:00,SKU-004,1.0,23.0,0,24.0,1,54.0,1,val
2026-08-25 15:00:00+07:00,SKU-004,0.0,23.0,0,24.0,1,54.0,1,val
2026-08-25 16:00:00+07:00,SKU-004,2.0,22.0,1,22.0,1,53.0,1,val
2026-08-25 17:00:00+07:00,SKU-004,1.0,21.0,1,21.0,1,52.0,1,val
2026-08-25 18:00:00+07:00,SKU-004,3.0,18.0,1,18.0,1,49.0,1,val
2026-08-25 19:00:00+07:00,SKU-004,1.0,17.0,1,24.0,1,49.0,1,val
2026-08-25 20:00:00+07:00,SKU-004,0.0,17.0,1,26.0,1,57.0,1,val
2026-08-25 21:00:00+07:00,SKU-004,1.0,16.0,1,27.0,1,57.0,1,val
2026-08-25 22:00:00+07:00,SKU-004,0.0,16.0,1,29.0,1,60.0,1,val
2026-08-25 23:00:00+07:00,SKU-004,0.0,16.0,1,30.0,1,60.0,1,val
2026-08-26 00:00:00+07:00,SKU-004,0.0,16.0,1,30.0,1,60.0,1,val
2026-08-26 01:00:00+07:00,SKU-004,0.0,16.0,1,30.0,1,60.0,1,val
2026-08-26 02:00:00+07:00,SKU-004,0.0,16.0,1,31.0,1,60.0,1,val
2026-08-26 03:00:00+07:00,SKU-004,0.0,16.0,1,31.0,1,60.0,1,val
2026-08-26 04:00:00+07:00,SKU-004,0.0,16.0,1,32.0,1,60.0,1,val
2026-08-26 05:00:00+07:00,SKU-004,0.0,16.0,1,33.0,1,60.0,1,val
2026-08-26 06:00:00+07:00,SKU-004,0.0,16.0,1,33.0,1,60.0,1,val
2026-08-26 07:00:00+07:00,SKU-004,0.0,16.0,1,33.0,1,60.0,1,val
2026-08-26 08:00:00+07:00,SKU-004,0.0,16.0,1,33.0,1,60.0,1,val
2026-08-26 09:00:00+07:00,SKU-004,2.0,14.0,1,32.0,1,58.0,1,val
2026-08-26 10:00:00+07:00,SKU-004,3.0,11.0,1,34.0,1,55.0,1,val
2026-08-26 11:00:00+07:00,SKU-004,1.0,10.0,1,34.0,1,54.0,1,val
2026-08-26 12:00:00+07:00,SKU-004,4.0,6.0,1,32.0,1,50.0,1,val
2026-08-26 13:00:00+07:00,SKU-004,2.0,4.0,1,33.0,1,48.0,1,val
2026-08-26 14:00:00+07:00,SKU-004,3.0,1.0,1,31.0,1,45.0,1,val
2026-08-26 15:00:00+07:00,SKU-004,0.0,1.0,1,31.0,1,45.0,1,val
2026-08-26 16:00:00+07:00,SKU-004,1.0,0.0,1,31.0,1,44.0,1,val
2026-08-26 17:00:00+07:00,SKU-004,0.0,0.0,1,31.0,1,44.0,1,val
2026-08-26 18:00:00+07:00,SKU-004,0.0,0.0,1,31.0,1,44.0,1,val
2026-08-26 19:00:00+07:00,SKU-004,0.0,7.0,1,32.0,1,44.0,1,val
2026-08-26 20:00:00+07:00,SKU-004,0.0,9.0,1,40.0,1,44.0,1,val
2026-08-26 21:00:00+07:00,SKU-004,0.0,11.0,1,41.0,1,44.0,1,val
2026-08-26 22:00:00+07:00,SKU-004,0.0,13.0,1,44.0,1,44.0,1,val
2026-08-26 23:00:00+07:00,SKU-004,0.0,14.0,1,44.0,1,44.0,1,val
2026-08-27 00:00:00+07:00,SKU-004,0.0,14.0,1,44.0,1,44.0,1,val
2026-08-27 01:00:00+07:00,SKU-004,0.0,14.0,1,44.0,1,44.0,1,val
2026-08-27 02:00:00+07:00,SKU-004,0.0,15.0,1,44.0,1,44.0,1,val
2026-08-27 03:00:00+07:00,SKU-004,0.0,15.0,1,44.0,1,44.0,1,val
2026-08-27 04:00:00+07:00,SKU-004,0.0,16.0,1,44.0,1,44.0,1,val
2026-08-27 05:00:00+07:00,SKU-004,0.0,17.0,1,44.0,1,44.0,1,val
2026-08-27 06:00:00+07:00,SKU-004,0.0,17.0,1,44.0,1,44.0,1,val
2026-08-27 07:00:00+07:00,SKU-004,0.0,17.0,1,44.0,1,44.0,1,val
2026-08-27 08:00:00+07:00,SKU-004,0.0,17.0,1,44.0,1,44.0,1,val
2026-08-27 09:00:00+07:00,SKU-004,0.0,18.0,1,44.0,1,44.0,1,val
2026-08-27 10:00:00+07:00,SKU-004,0.0,23.0,1,44.0,1,44.0,1,val
2026-08-27 11:00:00+07:00,SKU-004,0.0,24.0,1,44.0,1,44.0,1,val
2026-08-27 12:00:00+07:00,SKU-004,0.0,26.0,1,44.0,1,44.0,1,val
2026-08-27 13:00:00+07:00,SKU-004,0.0,29.0,1,44.0,1,44.0,1,val
2026-08-27 14:00:00+07:00,SKU-004,0.0,30.0,1,44.0,1,44.0,1,val
2026-08-27 15:00:00+07:00,SKU-004,0.0,30.0,1,44.0,1,47.0,1,val
2026-08-27 16:00:00+07:00,SKU-004,0.0,31.0,1,44.0,1,47.0,1,val
2026-08-27 17:00:00+07:00,SKU-004,0.0,31.0,1,44.0,1,49.0,1,val
2026-08-27 18:00:00+07:00,SKU-004,0.0,31.0,0,44.0,1,49.0,1,val
2026-08-27 19:00:00+07:00,SKU-004,7.0,25.0,0,37.0,1,44.0,1,val
2026-08-27 20:00:00+07:00,SKU-004,2.0,31.0,0,35.0,1,43.0,1,val
2026-08-27 21:00:00+07:00,SKU-004,2.0,30.0,0,33.0,1,43.0,1,val
2026-08-27 22:00:00+07:00,SKU-004,2.0,31.0,0,31.0,1,44.0,1,val
2026-08-27 23:00:00+07:00,SKU-004,1.0,30.0,0,30.0,1,43.0,1,val
2026-08-28 00:00:00+07:00,SKU-004,0.0,30.0,1,30.0,1,43.0,1,val
2026-08-28 01:00:00+07:00,SKU-004,0.0,30.0,1,30.0,1,44.0,1,val
2026-08-28 02:00:00+07:00,SKU-004,1.0,29.0,1,29.0,1,43.0,1,val
2026-08-28 03:00:00+07:00,SKU-004,0.0,29.0,1,29.0,1,43.0,1,val
2026-08-28 04:00:00+07:00,SKU-004,1.0,28.0,1,28.0,1,42.0,1,val
2026-08-28 05:00:00+07:00,SKU-004,1.0,27.0,1,27.0,1,42.0,1,val
2026-08-28 06:00:00+07:00,SKU-004,0.0,27.0,1,27.0,1,43.0,1,val
2026-08-28 07:00:00+07:00,SKU-004,0.0,27.0,1,27.0,1,43.0,1,val
2026-08-28 08:00:00+07:00,SKU-004,0.0,27.0,1,27.0,1,44.0,1,val
2026-08-28 09:00:00+07:00,SKU-004,1.0,26.0,1,26.0,1,43.0,1,val
2026-08-28 10:00:00+07:00,SKU-004,5.0,21.0,1,21.0,1,38.0,1,val
2026-08-28 11:00:00+07:00,SKU-004,1.0,20.0,1,20.0,1,37.0,1,val
2026-08-28 12:00:00+07:00,SKU-004,2.0,18.0,1,18.0,1,36.0,1,val
2026-08-28 13:00:00+07:00,SKU-004,3.0,15.0,1,15.0,1,33.0,1,val
2026-08-28 14:00:00+07:00,SKU-004,1.0,14.0,1,14.0,1,32.0,1,val
2026-08-28 15:00:00+07:00,SKU-004,0.0,14.0,1,17.0,1,35.0,1,val
2026-08-28 16:00:00+07:00,SKU-004,1.0,13.0,1,16.0,1,36.0,1,val
2026-08-28 17:00:00+07:00,SKU-004,0.0,13.0,1,18.0,1,38.0,1,val
2026-08-28 18:00:00+07:00,SKU-004,0.0,13.0,1,18.0,1,43.0,1,val
2026-08-28 19:00:00+07:00,SKU-004,1.0,12.0,1,19.0,1,46.0,1,val
2026-08-28 20:00:00+07:00,SKU-004,8.0,4.0,1,12.0,1,40.0,1,val
2026-08-28 21:00:00+07:00,SKU-004,1.0,3.0,1,13.0,1,40.0,1,val
2026-08-28 22:00:00+07:00,SKU-004,3.0,0.0,1,13.0,1,38.0,1,val
2026-08-28 23:00:00+07:00,SKU-004,0.0,0.0,1,13.0,1,38.0,1,val
2026-08-29 00:00:00+07:00,SKU-004,0.0,0.0,1,13.0,1,38.0,1,val
2026-08-29 01:00:00+07:00,SKU-004,0.0,0.0,1,14.0,1,38.0,1,val
2026-08-29 02:00:00+07:00,SKU-004,0.0,0.0,1,14.0,1,38.0,1,val
2026-08-29 03:00:00+07:00,SKU-004,0.0,0.0,1,14.0,1,38.0,1,val
2026-08-29 04:00:00+07:00,SKU-004,0.0,0.0,1,14.0,1,38.0,1,val
2026-08-29 05:00:00+07:00,SKU-004,0.0,0.0,1,15.0,1,38.0,1,val
2026-08-29 06:00:00+07:00,SKU-004,0.0,0.0,1,16.0,1,39.0,1,val
2026-08-29 07:00:00+07:00,SKU-004,0.0,0.0,1,16.0,1,40.0,1,val
2026-08-29 08:00:00+07:00,SKU-004,0.0,0.0,1,17.0,1,40.0,1,val
2026-08-29 09:00:00+07:00,SKU-004,0.0,0.0,1,17.0,1,41.0,1,val
2026-08-29 10:00:00+07:00,SKU-004,0.0,0.0,1,17.0,1,41.0,1,val
2026-08-29 11:00:00+07:00,SKU-004,0.0,0.0,1,17.0,1,41.0,1,val
2026-08-29 12:00:00+07:00,SKU-004,0.0,0.0,1,18.0,1,41.0,1,val
2026-08-29 13:00:00+07:00,SKU-004,0.0,0.0,1,18.0,1,43.0,1,val
2026-08-29 14:00:00+07:00,SKU-004,0.0,0.0,1,18.0,1,43.0,1,val
2026-08-29 15:00:00+07:00,SKU-004,0.0,3.0,1,21.0,1,44.0,1,val
2026-08-29 16:00:00+07:00,SKU-004,0.0,3.0,1,23.0,1,44.0,1,val
2026-08-29 17:00:00+07:00,SKU-004,0.0,5.0,1,25.0,1,46.0,1,val
2026-08-29 18:00:00+07:00,SKU-004,0.0,5.0,1,30.0,1,47.0,1,val
2026-08-29 19:00:00+07:00,SKU-004,0.0,7.0,1,34.0,1,50.0,1,val
2026-08-29 20:00:00+07:00,SKU-004,0.0,8.0,1,36.0,1,51.0,1,val
2026-08-29 21:00:00+07:00,SKU-004,0.0,10.0,1,37.0,1,51.0,1,val
2026-08-29 22:00:00+07:00,SKU-004,0.0,13.0,1,38.0,1,51.0,1,val
2026-08-29 23:00:00+07:00,SKU-004,0.0,13.0,1,38.0,1,51.0,1,val
2026-08-30 00:00:00+07:00,SKU-004,0.0,13.0,1,38.0,1,51.0,1,val
2026-08-30 01:00:00+07:00,SKU-004,0.0,14.0,1,38.0,1,51.0,1,val
2026-08-30 02:00:00+07:00,SKU-004,0.0,14.0,1,38.0,1,51.0,1,val
2026-08-30 03:00:00+07:00,SKU-004,0.0,14.0,1,38.0,1,51.0,1,val
2026-08-30 04:00:00+07:00,SKU-004,0.0,14.0,1,38.0,1,51.0,1,val
2026-08-30 05:00:00+07:00,SKU-004,0.0,15.0,1,38.0,1,51.0,1,val
2026-08-30 06:00:00+07:00,SKU-004,0.0,16.0,1,39.0,1,51.0,1,val
2026-08-30 07:00:00+07:00,SKU-004,0.0,16.0,1,40.0,1,51.0,1,val
2026-08-30 08:00:00+07:00,SKU-004,0.0,17.0,1,40.0,1,51.0,1,val
2026-08-30 09:00:00+07:00,SKU-004,0.0,17.0,1,41.0,1,51.0,1,val
2026-08-30 10:00:00+07:00,SKU-004,0.0,17.0,1,41.0,1,51.0,1,val
2026-08-30 11:00:00+07:00,SKU-004,0.0,17.0,1,41.0,1,51.0,1,val
2026-08-30 12:00:00+07:00,SKU-004,0.0,18.0,1,41.0,1,51.0,1,val
2026-08-30 13:00:00+07:00,SKU-004,0.0,18.0,0,43.0,0,51.0,1,val
2026-08-30 14:00:00+07:00,SKU-004,0.0,18.0,0,43.0,0,51.0,1,val
2026-08-30 15:00:00+07:00,SKU-004,3.0,18.0,0,41.0,0,50.0,1,val
2026-08-30 16:00:00+07:00,SKU-004,0.0,20.0,0,41.0,0,53.0,1,val
2026-08-30 17:00:00+07:00,SKU-004,2.0,20.0,0,41.0,0,57.0,1,val
2026-08-30 18:00:00+07:00,SKU-004,0.0,25.0,0,42.0,0,58.0,1,val
2026-08-30 19:00:00+07:00,SKU-004,2.0,27.0,0,43.0,0,61.0,1,val
2026-08-30 20:00:00+07:00,SKU-004,1.0,28.0,0,43.0,1,66.0,1,val
2026-08-30 21:00:00+07:00,SKU-004,2.0,27.0,0,41.0,1,66.0,1,val
2026-08-30 22:00:00+07:00,SKU-004,3.0,25.0,0,38.0,1,64.0,1,val
2026-08-30 23:00:00+07:00,SKU-004,0.0,25.0,0,38.0,1,65.0,1,val
2026-08-31 00:00:00+07:00,SKU-004,0.0,25.0,0,38.0,1,65.0,1,val
2026-08-31 01:00:00+07:00,SKU-004,1.0,24.0,0,37.0,1,64.0,1,val
2026-08-31 02:00:00+07:00,SKU-004,0.0,24.0,0,37.0,1,64.0,1,val
2026-08-31 03:00:00+07:00,SKU-004,0.0,24.0,0,37.0,1,65.0,1,val
2026-08-31 04:00:00+07:00,SKU-004,0.0,24.0,0,37.0,1,65.0,1,val
2026-08-31 05:00:00+07:00,SKU-004,1.0,23.0,0,36.0,1,65.0,1,val
2026-08-31 06:00:00+07:00,SKU-004,1.0,23.0,0,35.0,1,64.0,1,val
2026-08-31 07:00:00+07:00,SKU-004,0.0,24.0,0,35.0,1,65.0,1,val
2026-08-31 08:00:00+07:00,SKU-004,1.0,23.0,0,34.0,1,67.0,1,val
2026-08-31 09:00:00+07:00,SKU-004,0.0,24.0,0,34.0,1,72.0,1,val
2026-08-31 10:00:00+07:00,SKU-004,0.0,24.0,0,34.0,1,73.0,1,val
2026-08-31 11:00:00+07:00,SKU-004,0.0,24.0,0,34.0,1,75.0,1,val
2026-08-31 12:00:00+07:00,SKU-004,1.0,23.0,0,33.0,1,74.0,1,val
2026-08-31 13:00:00+07:00,SKU-004,0.0,25.0,0,33.0,1,76.0,1,val
2026-08-31 14:00:00+07:00,SKU-004,0.0,25.0,0,33.0,1,76.0,1,val
2026-08-31 15:00:00+07:00,SKU-004,3.0,23.0,0,32.0,1,76.0,1,val
2026-08-31 16:00:00+07:00,SKU-004,2.0,21.0,0,33.0,1,75.0,1,val
2026-08-31 17:00:00+07:00,SKU-004,2.0,21.0,0,37.0,1,74.0,1,val
2026-08-31 18:00:00+07:00,SKU-004,5.0,17.0,0,33.0,1,69.0,1,val
2026-08-31 19:00:00+07:00,SKU-004,4.0,16.0,0,34.0,1,66.0,1,val
2026-08-31 20:00:00+07:00,SKU-004,2.0,15.0,1,38.0,1,67.0,1,val
2026-08-31 21:00:00+07:00,SKU-004,1.0,14.0,1,39.0,1,70.0,1,val
2026-08-31 22:00:00+07:00,SKU-004,1.0,13.0,1,39.0,1,69.0,1,val
2026-08-31 23:00:00+07:00,SKU-004,0.0,13.0,1,40.0,1,69.0,1,val
2026-09-01 00:00:00+07:00,SKU-004,0.0,13.0,1,40.0,1,69.0,1,val
2026-09-01 01:00:00+07:00,SKU-004,0.0,13.0,1,40.0,1,69.0,1,val
2026-09-01 02:00:00+07:00,SKU-004,0.0,13.0,1,40.0,1,69.0,1,val
2026-09-01 03:00:00+07:00,SKU-004,0.0,13.0,1,41.0,1,69.0,1,val
2026-09-01 04:00:00+07:00,SKU-004,0.0,13.0,1,41.0,1,69.0,1,val
2026-09-01 05:00:00+07:00,SKU-004,0.0,13.0,1,42.0,1,69.0,1,val
2026-09-01 06:00:00+07:00,SKU-004,1.0,12.0,1,41.0,1,68.0,1,val
2026-09-01 07:00:00+07:00,SKU-004,1.0,11.0,1,41.0,1,67.0,1,val
2026-09-01 08:00:00+07:00,SKU-004,0.0,11.0,1,44.0,1,67.0,1,val
2026-09-01 09:00:00+07:00,SKU-004,1.0,10.0,1,48.0,1,66.0,1,val
2026-09-01 10:00:00+07:00,SKU-004,0.0,10.0,1,49.0,1,66.0,1,val
2026-09-01 11:00:00+07:00,SKU-004,0.0,10.0,1,51.0,1,66.0,1,val
2026-09-01 12:00:00+07:00,SKU-004,0.0,10.0,1,51.0,1,66.0,1,val
2026-09-01 13:00:00+07:00,SKU-004,2.0,8.0,1,51.0,1,64.0,1,val
2026-09-01 14:00:00+07:00,SKU-004,0.0,8.0,1,51.0,1,64.0,1,val
2026-09-01 15:00:00+07:00,SKU-004,1.0,9.0,1,53.0,1,63.0,1,val
2026-09-01 16:00:00+07:00,SKU-004,0.0,12.0,1,54.0,1,63.0,1,val
2026-09-01 17:00:00+07:00,SKU-004,2.0,16.0,1,53.0,1,61.0,1,val
2026-09-01 18:00:00+07:00,SKU-004,1.0,16.0,1,52.0,1,60.0,1,val
2026-09-01 19:00:00+07:00,SKU-004,3.0,18.0,1,50.0,1,57.0,1,val
2026-09-01 20:00:00+07:00,SKU-004,1.0,23.0,1,52.0,1,56.0,1,val
2026-09-01 21:00:00+07:00,SKU-004,0.0,25.0,1,56.0,1,56.0,1,val
2026-09-01 22:00:00+07:00,SKU-004,0.0,26.0,1,56.0,1,56.0,1,val
2026-09-01 23:00:00+07:00,SKU-004,0.0,27.0,1,56.0,1,56.0,1,val
2026-09-02 00:00:00+07:00,SKU-004,0.0,27.0,1,56.0,1,56.0,1,val
2026-09-02 01:00:00+07:00,SKU-004,0.0,27.0,1,56.0,1,56.0,1,val
2026-09-02 02:00:00+07:00,SKU-004,0.0,27.0,1,56.0,1,56.0,1,val
2026-09-02 03:00:00+07:00,SKU-004,0.0,28.0,1,56.0,1,56.0,1,val
2026-09-02 04:00:00+07:00,SKU-004,0.0,28.0,1,56.0,1,56.0,1,val
2026-09-02 05:00:00+07:00,SKU-004,0.0,29.0,1,56.0,1,56.0,1,val
2026-09-02 06:00:00+07:00,SKU-004,0.0,29.0,1,56.0,1,56.0,1,val
2026-09-02 07:00:00+07:00,SKU-004,0.0,30.0,1,56.0,1,56.0,1,val
2026-09-02 08:00:00+07:00,SKU-004,0.0,33.0,1,56.0,1,56.0,1,val
2026-09-02 09:00:00+07:00,SKU-004,0.0,38.0,1,56.0,1,56.0,1,val
2026-09-02 10:00:00+07:00,SKU-004,0.0,39.0,1,56.0,1,56.0,1,val
2026-09-02 11:00:00+07:00,SKU-004,0.0,41.0,1,56.0,1,56.0,1,val
2026-09-02 12:00:00+07:00,SKU-004,0.0,41.0,1,56.0,1,56.0,1,val
2026-09-02 13:00:00+07:00,SKU-004,0.0,43.0,0,56.0,1,56.0,1,val
2026-09-02 14:00:00+07:00,SKU-004,0.0,43.0,0,56.0,1,59.0,1,val
2026-09-02 15:00:00+07:00,SKU-004,2.0,44.0,0,54.0,1,60.0,1,val
2026-09-02 16:00:00+07:00,SKU-004,3.0,42.0,0,51.0,1,59.0,1,val
2026-09-02 17:00:00+07:00,SKU-004,6.0,37.0,0,45.0,1,56.0,1,val
2026-09-02 18:00:00+07:00,SKU-004,1.0,36.0,0,44.0,1,56.0,1,val
2026-09-02 19:00:00+07:00,SKU-004,5.0,32.0,0,39.0,1,52.0,1,val
2026-09-02 20:00:00+07:00,SKU-004,6.0,29.0,0,33.0,1,50.0,1,val
2026-09-02 21:00:00+07:00,SKU-004,2.0,31.0,1,31.0,1,49.0,1,val
2026-09-02 22:00:00+07:00,SKU-004,1.0,30.0,1,30.0,1,50.0,1,val
2026-09-02 23:00:00+07:00,SKU-004,1.0,29.0,1,29.0,1,49.0,1,val
2026-09-03 00:00:00+07:00,SKU-004,0.0,29.0,1,29.0,1,49.0,1,val
2026-09-03 01:00:00+07:00,SKU-004,0.0,29.0,1,29.0,1,49.0,1,val
2026-09-03 02:00:00+07:00,SKU-004,0.0,29.0,1,29.0,1,49.0,1,val
2026-09-03 03:00:00+07:00,SKU-004,1.0,28.0,1,28.0,1,48.0,1,val
2026-09-03 04:00:00+07:00,SKU-004,0.0,28.0,1,28.0,1,48.0,1,val
2026-09-03 05:00:00+07:00,SKU-004,1.0,27.0,1,27.0,1,47.0,1,val
2026-09-03 06:00:00+07:00,SKU-004,0.0,27.0,1,27.0,1,47.0,1,val
2026-09-03 07:00:00+07:00,SKU-004,1.0,26.0,1,26.0,1,46.0,1,val
2026-09-03 08:00:00+07:00,SKU-004,3.0,23.0,1,23.0,1,45.0,1,val
2026-09-03 09:00:00+07:00,SKU-004,5.0,18.0,1,18.0,1,44.0,1,val
2026-09-03 10:00:00+07:00,SKU-004,1.0,17.0,1,17.0,1,44.0,1,val
2026-09-03 11:00:00+07:00,SKU-004,2.0,15.0,1,15.0,1,44.0,1,val
2026-09-03 12:00:00+07:00,SKU-004,0.0,15.0,1,15.0,1,46.0,1,val
2026-09-03 13:00:00+07:00,SKU-004,2.0,13.0,1,13.0,1,44.0,1,val
2026-09-03 14:00:00+07:00,SKU-004,0.0,13.0,1,16.0,1,44.0,1,val
2026-09-03 15:00:00+07:00,SKU-004,3.0,10.0,1,16.0,1,43.0,1,val
2026-09-03 16:00:00+07:00,SKU-004,1.0,9.0,1,17.0,1,45.0,1,val
2026-09-03 17:00:00+07:00,SKU-004,1.0,8.0,1,19.0,1,47.0,1,val
2026-09-03 18:00:00+07:00,SKU-004,0.0,8.0,1,20.0,1,49.0,1,val
2026-09-03 19:00:00+07:00,SKU-004,1.0,7.0,1,20.0,1,48.0,1,val
2026-09-03 20:00:00+07:00,SKU-004,3.0,4.0,1,21.0,1,48.0,1,val
2026-09-03 21:00:00+07:00,SKU-004,4.0,0.0,1,18.0,1,45.0,1,val
2026-09-03 22:00:00+07:00,SKU-004,0.0,0.0,1,20.0,1,46.0,1,val
2026-09-03 23:00:00+07:00,SKU-004,0.0,0.0,1,20.0,1,47.0,1,val
2026-09-04 00:00:00+07:00,SKU-004,0.0,0.0,1,20.0,1,47.0,1,val
2026-09-04 01:00:00+07:00,SKU-004,0.0,0.0,1,20.0,1,47.0,1,val
2026-09-04 02:00:00+07:00,SKU-004,0.0,0.0,1,20.0,1,47.0,1,test
2026-09-04 03:00:00+07:00,SKU-004,0.0,0.0,1,20.0,1,48.0,1,test
2026-09-04 04:00:00+07:00,SKU-004,0.0,0.0,1,20.0,1,48.0,1,test
2026-09-04 05:00:00+07:00,SKU-004,0.0,0.0,1,20.0,1,49.0,1,test
2026-09-04 06:00:00+07:00,SKU-004,0.0,0.0,1,20.0,1,49.0,1,test
2026-09-04 07:00:00+07:00,SKU-004,0.0,0.0,1,20.0,1,53.0,1,test
2026-09-04 08:00:00+07:00,SKU-004,0.0,0.0,1,22.0,1,59.0,1,test
2026-09-04 09:00:00+07:00,SKU-004,0.0,0.0,1,26.0,1,61.0,1,test
2026-09-04 10:00:00+07:00,SKU-004,0.0,0.0,1,27.0,1,65.0,1,test
2026-09-04 11:00:00+07:00,SKU-004,0.0,0.0,1,29.0,1,66.0,1,test
2026-09-04 12:00:00+07:00,SKU-004,0.0,0.0,1,31.0,1,66.0,1,test
2026-09-04 13:00:00+07:00,SKU-004,0.0,0.0,1,31.0,1,66.0,1,test
2026-09-04 14:00:00+07:00,SKU-004,0.0,3.0,1,31.0,1,66.0,1,test
2026-09-04 15:00:00+07:00,SKU-004,0.0,6.0,1,33.0,1,66.0,1,test
2026-09-04 16:00:00+07:00,SKU-004,0.0,8.0,1,36.0,1,66.0,1,test
2026-09-04 17:00:00+07:00,SKU-004,0.0,11.0,1,39.0,1,66.0,1,test
2026-09-04 18:00:00+07:00,SKU-004,0.0,12.0,1,41.0,1,66.0,1,test
2026-09-04 19:00:00+07:00,SKU-004,0.0,13.0,1,41.0,1,66.0,1,test
2026-09-04 20:00:00+07:00,SKU-004,0.0,17.0,1,44.0,1,66.0,1,test
2026-09-04 21:00:00+07:00,SKU-004,0.0,18.0,1,45.0,1,66.0,1,test
2026-09-04 22:00:00+07:00,SKU-004,0.0,20.0,1,46.0,1,66.0,1,test
2026-09-04 23:00:00+07:00,SKU-004,0.0,20.0,1,47.0,1,66.0,1,test
2026-09-05 00:00:00+07:00,SKU-004,0.0,20.0,1,47.0,1,66.0,1,test
2026-09-05 01:00:00+07:00,SKU-004,0.0,20.0,1,47.0,1,66.0,1,test
2026-09-05 02:00:00+07:00,SKU-004,0.0,20.0,1,47.0,1,66.0,1,test
2026-09-05 03:00:00+07:00,SKU-004,0.0,20.0,1,48.0,1,66.0,1,test
2026-09-05 04:00:00+07:00,SKU-004,0.0,20.0,1,48.0,1,66.0,1,test
2026-09-05 05:00:00+07:00,SKU-004,0.0,20.0,1,49.0,1,66.0,1,test
2026-09-05 06:00:00+07:00,SKU-004,0.0,20.0,1,49.0,1,66.0,1,test
2026-09-05 07:00:00+07:00,SKU-004,0.0,20.0,1,53.0,1,66.0,1,test
2026-09-05 08:00:00+07:00,SKU-004,0.0,22.0,1,59.0,1,66.0,1,test
2026-09-05 09:00:00+07:00,SKU-004,0.0,26.0,1,61.0,1,66.0,1,test
2026-09-05 10:00:00+07:00,SKU-004,0.0,27.0,1,65.0,1,66.0,1,test
2026-09-05 11:00:00+07:00,SKU-004,0.0,29.0,1,66.0,1,66.0,1,test
2026-09-05 12:00:00+07:00,SKU-004,0.0,31.0,1,66.0,1,66.0,1,test
2026-09-05 13:00:00+07:00,SKU-004,0.0,31.0,0,66.0,1,66.0,1,test
2026-09-05 14:00:00+07:00,SKU-004,3.0,28.0,0,63.0,1,64.0,1,test
2026-09-05 15:00:00+07:00,SKU-004,3.0,27.0,0,60.0,1,65.0,1,test
2026-09-05 16:00:00+07:00,SKU-004,2.0,28.0,0,58.0,1,65.0,1,test
2026-09-05 17:00:00+07:00,SKU-004,3.0,28.0,0,55.0,1,64.0,1,test
2026-09-05 18:00:00+07:00,SKU-004,1.0,29.0,0,54.0,1,65.0,1,test
2026-09-05 19:00:00+07:00,SKU-004,1.0,28.0,0,53.0,1,66.0,1,test
2026-09-05 20:00:00+07:00,SKU-004,4.0,27.0,0,49.0,1,63.0,1,test
2026-09-05 21:00:00+07:00,SKU-004,1.0,27.0,0,48.0,1,62.0,1,test
2026-09-05 22:00:00+07:00,SKU-004,2.0,26.0,0,46.0,1,63.0,1,test
2026-09-05 23:00:00+07:00,SKU-004,0.0,27.0,0,46.0,1,63.0,1,test
2026-09-06 00:00:00+07:00,SKU-004,0.0,27.0,0,46.0,1,63.0,1,test
2026-09-06 01:00:00+07:00,SKU-004,0.0,27.0,0,46.0,1,63.0,1,test
2026-09-06 02:00:00+07:00,SKU-004,0.0,27.0,0,46.0,1,63.0,1,test
2026-09-06 03:00:00+07:00,SKU-004,0.0,28.0,0,46.0,1,63.0,1,test
2026-09-06 04:00:00+07:00,SKU-004,0.0,28.0,0,46.0,1,63.0,1,test
2026-09-06 05:00:00+07:00,SKU-004,0.0,29.0,0,46.0,1,63.0,1,test
2026-09-06 06:00:00+07:00,SKU-004,0.0,29.0,0,46.0,1,63.0,1,test
2026-09-06 07:00:00+07:00,SKU-004,0.0,33.0,0,46.0,1,64.0,1,test
2026-09-06 08:00:00+07:00,SKU-004,2.0,37.0,0,44.0,1,62.0,1,test
2026-09-06 09:00:00+07:00,SKU-004,4.0,35.0,0,40.0,1,59.0,1,test
2026-09-06 10:00:00+07:00,SKU-004,1.0,38.0,0,39.0,1,60.0,1,test
2026-09-06 11:00:00+07:00,SKU-004,2.0,37.0,1,37.0,1,63.0,1,test
2026-09-06 12:00:00+07:00,SKU-004,2.0,35.0,1,35.0,1,62.0,1,test
2026-09-06 13:00:00+07:00,SKU-004,0.0,35.0,1,35.0,1,64.0,1,test
2026-09-06 14:00:00+07:00,SKU-004,0.0,35.0,1,36.0,1,68.0,1,test
2026-09-06 15:00:00+07:00,SKU-004,2.0,33.0,1,38.0,1,68.0,1,test
2026-09-06 16:00:00+07:00,SKU-004,3.0,30.0,1,37.0,1,67.0,1,test
2026-09-06 17:00:00+07:00,SKU-004,3.0,27.0,1,36.0,1,66.0,1,test
2026-09-06 18:00:00+07:00,SKU-004,2.0,25.0,1,36.0,1,66.0,1,test
2026-09-06 19:00:00+07:00,SKU-004,0.0,25.0,1,38.0,1,69.0,1,test
2026-09-06 20:00:00+07:00,SKU-004,3.0,22.0,1,36.0,1,71.0,1,test
2026-09-06 21:00:00+07:00,SKU-004,1.0,21.0,1,35.0,1,71.0,1,test
2026-09-06 22:00:00+07:00,SKU-004,1.0,20.0,1,37.0,1,71.0,1,test
2026-09-06 23:00:00+07:00,SKU-004,1.0,19.0,1,36.0,1,70.0,1,test
2026-09-07 00:00:00+07:00,SKU-004,0.0,19.0,1,36.0,1,70.0,1,test
2026-09-07 01:00:00+07:00,SKU-004,0.0,19.0,1,36.0,1,70.0,1,test
2026-09-07 02:00:00+07:00,SKU-004,0.0,19.0,1,36.0,1,70.0,1,test
2026-09-07 03:00:00+07:00,SKU-004,1.0,18.0,1,35.0,1,69.0,1,test
2026-09-07 04:00:00+07:00,SKU-004,0.0,18.0,1,35.0,1,69.0,1,test
2026-09-07 05:00:00+07:00,SKU-004,1.0,17.0,1,34.0,1,68.0,1,test
2026-09-07 06:00:00+07:00,SKU-004,0.0,17.0,1,34.0,1,68.0,1,test
2026-09-07 07:00:00+07:00,SKU-004,4.0,13.0,1,31.0,1,64.0,1,test
2026-09-07 08:00:00+07:00,SKU-004,6.0,7.0,1,25.0,1,58.0,1,test
2026-09-07 09:00:00+07:00,SKU-004,2.0,5.0,1,24.0,1,59.0,1,test
2026-09-07 10:00:00+07:00,SKU-004,4.0,1.0,1,22.0,1,56.0,1,test
2026-09-07 11:00:00+07:00,SKU-004,1.0,0.0,1,26.0,1,59.0,1,test
2026-09-07 12:00:00+07:00,SKU-004,0.0,0.0,1,27.0,1,60.0,1,test
2026-09-07 13:00:00+07:00,SKU-004,0.0,0.0,1,29.0,1,61.0,1,test
2026-09-07 14:00:00+07:00,SKU-004,0.0,1.0,1,33.0,1,63.0,1,test
2026-09-07 15:00:00+07:00,SKU-004,0.0,5.0,1,35.0,1,64.0,1,test
2026-09-07 16:00:00+07:00,SKU-004,0.0,7.0,1,37.0,1,67.0,1,test
2026-09-07 17:00:00+07:00,SKU-004,0.0,9.0,1,39.0,1,70.0,1,test
2026-09-07 18:00:00+07:00,SKU-004,0.0,11.0,1,41.0,1,71.0,1,test
2026-09-07 19:00:00+07:00,SKU-004,0.0,13.0,1,44.0,1,76.0,1,test
2026-09-07 20:00:00+07:00,SKU-004,0.0,14.0,1,49.0,1,76.0,1,test
2026-09-07 21:00:00+07:00,SKU-004,0.0,14.0,1,50.0,1,76.0,1,test
2026-09-07 22:00:00+07:00,SKU-004,0.0,17.0,1,51.0,1,76.0,1,test
2026-09-07 23:00:00+07:00,SKU-004,0.0,17.0,1,51.0,1,76.0,1,test
2026-09-08 00:00:00+07:00,SKU-004,0.0,17.0,1,51.0,1,76.0,1,test
2026-09-08 01:00:00+07:00,SKU-004,0.0,17.0,1,51.0,1,76.0,1,test
2026-09-08 02:00:00+07:00,SKU-004,0.0,17.0,1,51.0,1,76.0,1,test
2026-09-08 03:00:00+07:00,SKU-004,0.0,17.0,1,51.0,1,76.0,1,test
2026-09-08 04:00:00+07:00,SKU-004,0.0,17.0,1,51.0,1,76.0,1,test
2026-09-08 05:00:00+07:00,SKU-004,0.0,17.0,1,51.0,1,76.0,1,test
2026-09-08 06:00:00+07:00,SKU-004,0.0,17.0,1,51.0,1,76.0,1,test
2026-09-08 07:00:00+07:00,SKU-004,0.0,18.0,1,51.0,1,76.0,1,test
2026-09-08 08:00:00+07:00,SKU-004,0.0,18.0,1,51.0,1,76.0,1,test
2026-09-08 09:00:00+07:00,SKU-004,0.0,19.0,1,54.0,1,76.0,1,test
2026-09-08 10:00:00+07:00,SKU-004,0.0,21.0,1,55.0,1,76.0,1,test
2026-09-08 11:00:00+07:00,SKU-004,0.0,26.0,1,59.0,1,76.0,1,test
2026-09-08 12:00:00+07:00,SKU-004,0.0,27.0,1,60.0,1,76.0,1,test
2026-09-08 13:00:00+07:00,SKU-004,0.0,29.0,0,61.0,0,76.0,1,test
2026-09-08 14:00:00+07:00,SKU-004,1.0,32.0,0,62.0,0,75.0,1,test
2026-09-08 15:00:00+07:00,SKU-004,4.0,30.0,0,59.0,0,75.0,1,test
2026-09-08 16:00:00+07:00,SKU-004,2.0,30.0,0,60.0,0,77.0,1,test
2026-09-08 17:00:00+07:00,SKU-004,2.0,30.0,0,61.0,0,75.0,1,test
2026-09-08 18:00:00+07:00,SKU-004,2.0,30.0,0,60.0,0,73.0,1,test
2026-09-08 19:00:00+07:00,SKU-004,2.0,31.0,0,63.0,0,72.0,1,test
2026-09-08 20:00:00+07:00,SKU-004,1.0,35.0,0,62.0,1,76.0,1,test
2026-09-08 21:00:00+07:00,SKU-004,0.0,36.0,0,62.0,1,78.0,1,test
2026-09-08 22:00:00+07:00,SKU-004,3.0,34.0,0,59.0,1,78.0,1,test
2026-09-08 23:00:00+07:00,SKU-004,0.0,34.0,0,59.0,1,79.0,1,test
2026-09-09 00:00:00+07:00,SKU-004,0.0,34.0,0,59.0,1,79.0,1,test
2026-09-09 01:00:00+07:00,SKU-004,0.0,34.0,0,59.0,1,79.0,1,test
2026-09-09 02:00:00+07:00,SKU-004,0.0,34.0,0,59.0,1,79.0,1,test
2026-09-09 03:00:00+07:00,SKU-004,0.0,34.0,0,59.0,1,79.0,1,test
2026-09-09 04:00:00+07:00,SKU-004,0.0,34.0,0,59.0,1,80.0,1,test
2026-09-09 05:00:00+07:00,SKU-004,0.0,34.0,0,59.0,1,80.0,1,test
2026-09-09 06:00:00+07:00,SKU-004,0.0,34.0,0,59.0,1,81.0,1,test
2026-09-09 07:00:00+07:00,SKU-004,1.0,33.0,0,58.0,1,80.0,1,test
2026-09-09 08:00:00+07:00,SKU-004,0.0,33.0,0,58.0,1,80.0,1,test
2026-09-09 09:00:00+07:00,SKU-004,1.0,35.0,0,57.0,1,81.0,1,test
2026-09-09 10:00:00+07:00,SKU-004,2.0,34.0,0,55.0,1,79.0,1,test
2026-09-09 11:00:00+07:00,SKU-004,5.0,33.0,0,50.0,1,77.0,1,test
2026-09-09 12:00:00+07:00,SKU-004,1.0,33.0,0,49.0,1,76.0,1,test
2026-09-09 13:00:00+07:00,SKU-004,2.0,32.0,0,47.0,1,74.0,1,test
2026-09-09 14:00:00+07:00,SKU-004,4.0,30.0,0,43.0,1,70.0,1,test
2026-09-09 15:00:00+07:00,SKU-004,2.0,29.0,0,45.0,1,70.0,1,test
2026-09-09 16:00:00+07:00,SKU-004,2.0,30.0,0,47.0,1,72.0,1,test
2026-09-09 17:00:00+07:00,SKU-004,2.0,31.0,0,45.0,1,73.0,1,test
2026-09-09 18:00:00+07:00,SKU-004,2.0,30.0,0,43.0,1,76.0,1,test
2026-09-09 19:00:00+07:00,SKU-004,3.0,32.0,0,41.0,1,75.0,1,test
2026-09-09 20:00:00+07:00,SKU-004,5.0,27.0,1,41.0,1,71.0,1,test
2026-09-09 21:00:00+07:00,SKU-004,1.0,26.0,1,42.0,1,70.0,1,test
2026-09-09 22:00:00+07:00,SKU-004,1.0,25.0,1,44.0,1,69.0,1,test
2026-09-09 23:00:00+07:00,SKU-004,0.0,25.0,1,45.0,1,70.0,1,test
2026-09-10 00:00:00+07:00,SKU-004,0.0,25.0,1,45.0,1,70.0,1,test
2026-09-10 01:00:00+07:00,SKU-004,0.0,25.0,1,45.0,1,70.0,1,test
2026-09-10 02:00:00+07:00,SKU-004,0.0,25.0,1,45.0,1,70.0,1,test
2026-09-10 03:00:00+07:00,SKU-004,0.0,25.0,1,45.0,1,70.0,1,test
2026-09-10 04:00:00+07:00,SKU-004,0.0,25.0,1,46.0,1,70.0,1,test
2026-09-10 05:00:00+07:00,SKU-004,0.0,25.0,1,46.0,1,70.0,1,test
2026-09-10 06:00:00+07:00,SKU-004,0.0,25.0,1,47.0,1,70.0,1,test
2026-09-10 07:00:00+07:00,SKU-004,0.0,25.0,1,47.0,1,76.0,1,test
2026-09-10 08:00:00+07:00,SKU-004,0.0,25.0,1,47.0,1,83.0,1,test
2026-09-10 09:00:00+07:00,SKU-004,3.0,22.0,1,46.0,1,83.0,1,test
2026-09-10 10:00:00+07:00,SKU-004,1.0,21.0,1,45.0,1,82.0,1,test
2026-09-10 11:00:00+07:00,SKU-004,4.0,17.0,1,44.0,1,79.0,1,test
2026-09-10 12:00:00+07:00,SKU-004,1.0,16.0,1,43.0,1,78.0,1,test
2026-09-10 13:00:00+07:00,SKU-004,1.0,15.0,1,42.0,1,80.0,1,test
2026-09-10 14:00:00+07:00,SKU-004,2.0,13.0,1,40.0,1,79.0,1,test
2026-09-10 15:00:00+07:00,SKU-004,1.0,16.0,1,41.0,1,80.0,1,test
2026-09-10 16:00:00+07:00,SKU-004,3.0,17.0,1,42.0,1,78.0,1,test
2026-09-10 17:00:00+07:00,SKU-004,3.0,14.0,1,42.0,1,78.0,1,test
2026-09-10 18:00:00+07:00,SKU-004,1.0,13.0,1,46.0,1,77.0,1,test
2026-09-10 19:00:00+07:00,SKU-004,5.0,9.0,1,43.0,1,72.0,1,test
2026-09-10 20:00:00+07:00,SKU-004,0.0,14.0,1,44.0,1,72.0,1,test
2026-09-10 21:00:00+07:00,SKU-004,0.0,16.0,1,44.0,1,72.0,1,test
2026-09-10 22:00:00+07:00,SKU-004,0.0,19.0,1,44.0,1,72.0,1,test
2026-09-10 23:00:00+07:00,SKU-004,0.0,20.0,1,45.0,1,72.0,1,test
2026-09-11 00:00:00+07:00,SKU-004,0.0,20.0,1,45.0,1,72.0,1,test
2026-09-11 01:00:00+07:00,SKU-004,0.0,20.0,1,45.0,1,72.0,1,test
2026-09-11 02:00:00+07:00,SKU-004,0.0,20.0,1,45.0,1,72.0,1,test
2026-09-11 03:00:00+07:00,SKU-004,0.0,20.0,1,45.0,1,72.0,1,test
2026-09-11 04:00:00+07:00,SKU-004,0.0,21.0,1,45.0,1,72.0,1,test
2026-09-11 05:00:00+07:00,SKU-004,0.0,21.0,1,45.0,1,72.0,1,test
2026-09-11 06:00:00+07:00,SKU-004,0.0,22.0,1,45.0,1,72.0,1,test
2026-09-11 07:00:00+07:00,SKU-004,0.0,22.0,1,51.0,1,72.0,1,test
2026-09-11 08:00:00+07:00,SKU-004,0.0,22.0,1,58.0,1,72.0,1,test
2026-09-11 09:00:00+07:00,SKU-004,0.0,24.0,1,61.0,1,72.0,1,test
2026-09-11 10:00:00+07:00,SKU-004,0.0,24.0,1,61.0,1,72.0,1,test
2026-09-11 11:00:00+07:00,SKU-004,0.0,27.0,1,62.0,1,72.0,1,test
2026-09-11 12:00:00+07:00,SKU-004,0.0,27.0,1,62.0,1,72.0,1,test
2026-09-11 13:00:00+07:00,SKU-004,0.0,27.0,0,65.0,0,72.0,1,test
2026-09-11 14:00:00+07:00,SKU-004,0.0,27.0,0,66.0,0,77.0,1,test
2026-09-11 15:00:00+07:00,SKU-004,4.0,25.0,0,64.0,0,73.0,1,test
2026-09-11 16:00:00+07:00,SKU-004,4.0,25.0,0,61.0,0,70.0,1,test
2026-09-11 17:00:00+07:00,SKU-004,0.0,28.0,0,64.0,0,71.0,1,test
2026-09-11 18:00:00+07:00,SKU-004,0.0,33.0,0,64.0,1,72.0,1,test
2026-09-11 19:00:00+07:00,SKU-004,1.0,34.0,0,63.0,1,77.0,1,test
2026-09-11 20:00:00+07:00,SKU-004,5.0,30.0,0,58.0,1,75.0,1,test
2026-09-11 21:00:00+07:00,SKU-004,2.0,28.0,0,56.0,1,74.0,1,test
2026-09-11 22:00:00+07:00,SKU-004,3.0,25.0,0,53.0,1,75.0,1,test
2026-09-11 23:00:00+07:00,SKU-004,1.0,25.0,0,52.0,1,75.0,1,test
2026-09-12 00:00:00+07:00,SKU-004,0.0,25.0,0,52.0,1,77.0,1,test
2026-09-12 01:00:00+07:00,SKU-004,0.0,25.0,0,52.0,1,77.0,1,test
2026-09-12 02:00:00+07:00,SKU-004,0.0,25.0,0,52.0,1,77.0,1,test
2026-09-12 03:00:00+07:00,SKU-004,0.0,25.0,0,52.0,1,77.0,1,test
2026-09-12 04:00:00+07:00,SKU-004,1.0,24.0,0,51.0,1,76.0,1,test
2026-09-12 05:00:00+07:00,SKU-004,0.0,24.0,0,51.0,1,76.0,1,test
2026-09-12 06:00:00+07:00,SKU-004,1.0,23.0,0,50.0,1,75.0,1,test
2026-09-12 07:00:00+07:00,SKU-004,0.0,29.0,0,50.0,1,77.0,1,test
2026-09-12 08:00:00+07:00,SKU-004,0.0,36.0,0,50.0,1,80.0,1,test
2026-09-12 09:00:00+07:00,SKU-004,2.0,37.0,0,48.0,1,81.0,1,test
2026-09-12 10:00:00+07:00,SKU-004,0.0,37.0,0,48.0,1,81.0,1,test
2026-09-12 11:00:00+07:00,SKU-004,3.0,35.0,0,45.0,1,78.0,1,test
2026-09-12 12:00:00+07:00,SKU-004,0.0,35.0,0,45.0,1,81.0,1,test
2026-09-12 13:00:00+07:00,SKU-004,0.0,38.0,0,45.0,1,81.0,1,test
2026-09-12 14:00:00+07:00,SKU-004,0.0,39.0,0,50.0,1,81.0,1,test
2026-09-12 15:00:00+07:00,SKU-004,2.0,39.0,0,48.0,1,80.0,1,test
2026-09-12 16:00:00+07:00,SKU-004,4.0,36.0,0,45.0,1,82.0,1,test
2026-09-12 17:00:00+07:00,SKU-004,3.0,36.0,0,43.0,1,79.0,1,test
2026-09-12 18:00:00+07:00,SKU-004,5.0,31.0,1,39.0,1,79.0,1,test
2026-09-12 19:00:00+07:00,SKU-004,2.0,29.0,1,43.0,1,83.0,1,test
2026-09-12 20:00:00+07:00,SKU-004,1.0,28.0,1,45.0,1,84.0,1,test
2026-09-12 21:00:00+07:00,SKU-004,0.0,28.0,1,46.0,1,85.0,1,test
2026-09-12 22:00:00+07:00,SKU-004,0.0,28.0,1,50.0,1,85.0,1,test
2026-09-12 23:00:00+07:00,SKU-004,1.0,27.0,1,50.0,1,85.0,1,test
2026-09-13 00:00:00+07:00,SKU-004,0.0,27.0,1,52.0,1,86.0,1,test
2026-09-13 01:00:00+07:00,SKU-004,0.0,27.0,1,52.0,1,86.0,1,test
2026-09-13 02:00:00+07:00,SKU-004,0.0,27.0,1,52.0,1,86.0,1,test
2026-09-13 03:00:00+07:00,SKU-004,0.0,27.0,1,52.0,1,86.0,1,test
2026-09-13 04:00:00+07:00,SKU-004,0.0,27.0,1,52.0,1,86.0,1,test
2026-09-13 05:00:00+07:00,SKU-004,0.0,27.0,1,52.0,1,86.0,1,test
2026-09-13 06:00:00+07:00,SKU-004,0.0,27.0,1,52.0,1,87.0,1,test
2026-09-13 07:00:00+07:00,SKU-004,6.0,21.0,1,48.0,1,82.0,1,test
2026-09-13 08:00:00+07:00,SKU-004,7.0,14.0,1,44.0,1,76.0,1,test
2026-09-13 09:00:00+07:00,SKU-004,3.0,11.0,1,44.0,1,73.0,1,test
2026-09-13 10:00:00+07:00,SKU-004,0.0,11.0,1,44.0,1,75.0,1,test
2026-09-13 11:00:00+07:00,SKU-004,1.0,10.0,1,43.0,1,75.0,1,test
2026-09-13 12:00:00+07:00,SKU-004,0.0,10.0,1,46.0,1,77.0,1,test
2026-09-13 13:00:00+07:00,SKU-004,3.0,7.0,1,43.0,1,74.0,1,test
2026-09-13 14:00:00+07:00,SKU-004,1.0,11.0,1,42.0,1,74.0,1,test
2026-09-13 15:00:00+07:00,SKU-004,2.0,9.0,1,41.0,1,74.0,1,test
2026-09-13 16:00:00+07:00,SKU-004,1.0,9.0,1,46.0,1,73.0,1,test
2026-09-13 17:00:00+07:00,SKU-004,3.0,7.0,1,43.0,1,70.0,1,test
2026-09-13 18:00:00+07:00,SKU-004,0.0,8.0,1,48.0,1,72.0,1,test
2026-09-13 19:00:00+07:00,SKU-004,0.0,14.0,1,54.0,1,73.0,1,test
2026-09-13 20:00:00+07:00,SKU-004,0.0,17.0,1,56.0,1,75.0,1,test
2026-09-13 21:00:00+07:00,SKU-004,0.0,18.0,1,57.0,1,78.0,1,test
2026-09-13 22:00:00+07:00,SKU-004,0.0,22.0,1,57.0,1,81.0,1,test
2026-09-13 23:00:00+07:00,SKU-004,0.0,23.0,1,58.0,1,81.0,1,test
2026-09-14 00:00:00+07:00,SKU-004,0.0,25.0,1,59.0,1,82.0,1,test
2026-09-14 01:00:00+07:00,SKU-004,0.0,25.0,1,59.0,1,82.0,1,test
2026-09-14 02:00:00+07:00,SKU-004,0.0,25.0,1,59.0,1,83.0,1,test
2026-09-14 03:00:00+07:00,SKU-004,0.0,25.0,1,59.0,1,84.0,1,test
2026-09-14 04:00:00+07:00,SKU-004,0.0,25.0,1,59.0,1,84.0,1,test
2026-09-14 05:00:00+07:00,SKU-004,0.0,25.0,1,59.0,1,85.0,1,test
2026-09-14 06:00:00+07:00,SKU-004,0.0,25.0,1,60.0,1,85.0,1,test
2026-09-14 07:00:00+07:00,SKU-004,0.0,27.0,1,61.0,1,85.0,1,test
2026-09-14 08:00:00+07:00,SKU-004,0.0,30.0,1,62.0,1,88.0,1,test
2026-09-14 09:00:00+07:00,SKU-004,0.0,33.0,1,62.0,1,90.0,1,test
2026-09-14 10:00:00+07:00,SKU-004,0.0,33.0,1,64.0,1,91.0,1,test
2026-09-14 11:00:00+07:00,SKU-004,0.0,33.0,1,65.0,1,91.0,1,test
2026-09-14 12:00:00+07:00,SKU-004,0.0,36.0,1,67.0,1,91.0,1,test
2026-09-14 13:00:00+07:00,SKU-004,0.0,36.0,0,67.0,0,91.0,1,test
2026-09-14 14:00:00+07:00,SKU-004,5.0,31.0,0,63.0,0,,,test
2026-09-14 15:00:00+07:00,SKU-004,0.0,32.0,0,65.0,0,,,test
2026-09-14 16:00:00+07:00,SKU-004,1.0,37.0,0,64.0,0,,,test
2026-09-14 17:00:00+07:00,SKU-004,1.0,36.0,0,63.0,0,,,test
2026-09-14 18:00:00+07:00,SKU-004,1.0,40.0,0,64.0,0,,,test
2026-09-14 19:00:00+07:00,SKU-004,6.0,40.0,0,59.0,0,,,test
2026-09-14 20:00:00+07:00,SKU-004,3.0,39.0,0,58.0,0,,,test
2026-09-14 21:00:00+07:00,SKU-004,1.0,39.0,0,60.0,0,,,test
2026-09-14 22:00:00+07:00,SKU-004,4.0,35.0,0,59.0,0,,,test
2026-09-14 23:00:00+07:00,SKU-004,1.0,35.0,0,58.0,0,,,test
2026-09-15 00:00:00+07:00,SKU-004,2.0,34.0,0,57.0,0,,,test
2026-09-15 01:00:00+07:00,SKU-004,0.0,34.0,0,57.0,0,,,test
2026-09-15 02:00:00+07:00,SKU-004,0.0,34.0,0,58.0,0,,,test
2026-09-15 03:00:00+07:00,SKU-004,0.0,34.0,0,59.0,0,,,test
2026-09-15 04:00:00+07:00,SKU-004,0.0,34.0,0,59.0,0,,,test
2026-09-15 05:00:00+07:00,SKU-004,0.0,34.0,0,60.0,0,,,test
2026-09-15 06:00:00+07:00,SKU-004,0.0,35.0,0,60.0,0,,,test
2026-09-15 07:00:00+07:00,SKU-004,2.0,34.0,0,58.0,0,,,test
2026-09-15 08:00:00+07:00,SKU-004,3.0,32.0,0,58.0,0,,,test
2026-09-15 09:00:00+07:00,SKU-004,3.0,29.0,0,57.0,0,,,test
2026-09-15 10:00:00+07:00,SKU-004,0.0,31.0,0,58.0,0,,,test
2026-09-15 11:00:00+07:00,SKU-004,0.0,32.0,0,58.0,1,,,test
2026-09-15 12:00:00+07:00,SKU-004,3.0,31.0,0,55.0,1,,,test
2026-09-15 13:00:00+07:00,SKU-004,0.0,31.0,0,55.0,1,,,test
2026-09-15 14:00:00+07:00,SKU-004,0.0,32.0,0,,,,,test
2026-09-15 15:00:00+07:00,SKU-004,1.0,33.0,0,,,,,test
2026-09-15 16:00:00+07:00,SKU-004,6.0,27.0,0,,,,,test
2026-09-15 17:00:00+07:00,SKU-004,0.0,27.0,0,,,,,test
2026-09-15 18:00:00+07:00,SKU-004,5.0,24.0,0,,,,,test
2026-09-15 19:00:00+07:00,SKU-004,6.0,19.0,0,,,,,test
2026-09-15 20:00:00+07:00,SKU-004,2.0,19.0,0,,,,,test
2026-09-15 21:00:00+07:00,SKU-004,1.0,21.0,0,,,,,test
2026-09-15 22:00:00+07:00,SKU-004,0.0,24.0,0,,,,,test
2026-09-15 23:00:00+07:00,SKU-004,1.0,23.0,0,,,,,test
2026-09-16 00:00:00+07:00,SKU-004,1.0,23.0,0,,,,,test
2026-09-16 01:00:00+07:00,SKU-004,0.0,23.0,0,,,,,test
2026-09-16 02:00:00+07:00,SKU-004,0.0,24.0,0,,,,,test
2026-09-16 03:00:00+07:00,SKU-004,0.0,25.0,0,,,,,test
2026-09-16 04:00:00+07:00,SKU-004,0.0,25.0,0,,,,,test
2026-09-16 05:00:00+07:00,SKU-004,0.0,26.0,0,,,,,test
2026-09-16 06:00:00+07:00,SKU-004,1.0,25.0,0,,,,,test
2026-09-16 07:00:00+07:00,SKU-004,1.0,24.0,0,,,,,test
2026-09-16 08:00:00+07:00,SKU-004,1.0,26.0,0,,,,,test
2026-09-16 09:00:00+07:00,SKU-004,0.0,28.0,0,,,,,test
2026-09-16 10:00:00+07:00,SKU-004,2.0,27.0,0,,,,,test
2026-09-16 11:00:00+07:00,SKU-004,1.0,26.0,1,,,,,test
2026-09-16 12:00:00+07:00,SKU-004,2.0,24.0,1,,,,,test
2026-09-16 13:00:00+07:00,SKU-004,0.0,24.0,1,,,,,test
2026-09-16 14:00:00+07:00,SKU-004,1.0,,,,,,,test
2026-09-16 15:00:00+07:00,SKU-004,2.0,,,,,,,test
2026-09-16 16:00:00+07:00,SKU-004,0.0,,,,,,,test
2026-09-16 17:00:00+07:00,SKU-004,0.0,,,,,,,test
2026-09-16 18:00:00+07:00,SKU-004,2.0,,,,,,,test
2026-09-16 19:00:00+07:00,SKU-004,1.0,,,,,,,test
2026-09-16 20:00:00+07:00,SKU-004,2.0,,,,,,,test
2026-09-16 21:00:00+07:00,SKU-004,3.0,,,,,,,test
2026-09-16 22:00:00+07:00,SKU-004,3.0,,,,,,,test
2026-09-16 23:00:00+07:00,SKU-004,0.0,,,,,,,test
2026-09-17 00:00:00+07:00,SKU-004,1.0,,,,,,,test
2026-09-17 01:00:00+07:00,SKU-004,0.0,,,,,,,test
2026-09-17 02:00:00+07:00,SKU-004,1.0,,,,,,,test
2026-09-17 03:00:00+07:00,SKU-004,1.0,,,,,,,test
2026-09-17 04:00:00+07:00,SKU-004,0.0,,,,,,,test
2026-09-17 05:00:00+07:00,SKU-004,1.0,,,,,,,test
2026-09-17 06:00:00+07:00,SKU-004,0.0,,,,,,,test
2026-09-17 07:00:00+07:00,SKU-004,0.0,,,,,,,test
2026-09-17 08:00:00+07:00,SKU-004,3.0,,,,,,,test
2026-09-17 09:00:00+07:00,SKU-004,2.0,,,,,,,test
2026-09-17 10:00:00+07:00,SKU-004,1.0,,,,,,,test
2026-09-17 11:00:00+07:00,SKU-004,0.0,,,,,,,test
2026-09-17 12:00:00+07:00,SKU-004,0.0,,,,,,,test
2026-09-17 13:00:00+07:00,SKU-004,0.0,,,,,,,test
2026-06-19 14:00:00+07:00,SKU-003,11.0,123.0,0,305.0,0,462.0,0,train
2026-06-19 15:00:00+07:00,SKU-003,5.0,137.0,0,305.0,0,459.0,0,train
2026-06-19 16:00:00+07:00,SKU-003,6.0,141.0,0,309.0,0,462.0,0,train
2026-06-19 17:00:00+07:00,SKU-003,9.0,138.0,0,307.0,0,466.0,0,train
2026-06-19 18:00:00+07:00,SKU-003,8.0,147.0,0,306.0,0,481.0,0,train
2026-06-19 19:00:00+07:00,SKU-003,16.0,142.0,0,299.0,0,480.0,0,train
2026-06-19 20:00:00+07:00,SKU-003,6.0,170.0,0,320.0,0,502.0,0,train
2026-06-19 21:00:00+07:00,SKU-003,8.0,174.0,0,335.0,0,506.0,0,train
2026-06-19 22:00:00+07:00,SKU-003,3.0,178.0,0,335.0,0,508.0,0,train
2026-06-19 23:00:00+07:00,SKU-003,2.0,185.0,0,335.0,0,513.0,0,train
2026-06-20 00:00:00+07:00,SKU-003,4.0,182.0,0,332.0,0,512.0,0,train
2026-06-20 01:00:00+07:00,SKU-003,1.0,181.0,0,333.0,0,511.0,0,train
2026-06-20 02:00:00+07:00,SKU-003,0.0,181.0,0,333.0,0,512.0,0,train
2026-06-20 03:00:00+07:00,SKU-003,2.0,181.0,0,331.0,0,512.0,0,train
2026-06-20 04:00:00+07:00,SKU-003,3.0,179.0,0,328.0,0,510.0,0,train
2026-06-20 05:00:00+07:00,SKU-003,1.0,178.0,0,327.0,0,509.0,0,train
2026-06-20 06:00:00+07:00,SKU-003,0.0,180.0,0,328.0,0,513.0,0,train
2026-06-20 07:00:00+07:00,SKU-003,1.0,180.0,0,333.0,0,514.0,0,train
2026-06-20 08:00:00+07:00,SKU-003,4.0,183.0,0,338.0,0,512.0,0,train
2026-06-20 09:00:00+07:00,SKU-003,6.0,178.0,0,336.0,0,513.0,0,train
2026-06-20 10:00:00+07:00,SKU-003,5.0,184.0,0,339.0,0,516.0,0,train
2026-06-20 11:00:00+07:00,SKU-003,11.0,181.0,0,336.0,0,517.0,0,train
2026-06-20 12:00:00+07:00,SKU-003,6.0,184.0,0,336.0,0,520.0,0,train
2026-06-20 13:00:00+07:00,SKU-003,8.0,182.0,0,335.0,0,526.0,0,train
2026-06-20 14:00:00+07:00,SKU-003,8.0,182.0,0,339.0,0,528.0,0,train
2026-06-20 15:00:00+07:00,SKU-003,19.0,168.0,0,322.0,0,521.0,0,train
2026-06-20 16:00:00+07:00,SKU-003,10.0,168.0,0,321.0,0,526.0,0,train
2026-06-20 17:00:00+07:00,SKU-003,6.0,169.0,0,328.0,0,531.0,0,train
2026-06-20 18:00:00+07:00,SKU-003,17.0,159.0,0,334.0,0,519.0,0,train
2026-06-20 19:00:00+07:00,SKU-003,11.0,157.0,0,338.0,0,532.0,0,train
2026-06-20 20:00:00+07:00,SKU-003,34.0,150.0,0,332.0,0,513.0,0,train
2026-06-20 21:00:00+07:00,SKU-003,12.0,161.0,0,332.0,0,515.0,0,train
2026-06-20 22:00:00+07:00,SKU-003,7.0,157.0,0,330.0,0,516.0,0,train
2026-06-20 23:00:00+07:00,SKU-003,9.0,150.0,0,328.0,0,511.0,0,train
2026-06-21 00:00:00+07:00,SKU-003,1.0,150.0,0,330.0,0,512.0,0,train
2026-06-21 01:00:00+07:00,SKU-003,0.0,152.0,0,330.0,0,517.0,0,train
2026-06-21 02:00:00+07:00,SKU-003,0.0,152.0,0,331.0,0,520.0,0,train
2026-06-21 03:00:00+07:00,SKU-003,2.0,150.0,0,331.0,0,518.0,0,train
2026-06-21 04:00:00+07:00,SKU-003,1.0,149.0,0,331.0,0,518.0,0,train
2026-06-21 05:00:00+07:00,SKU-003,0.0,149.0,0,331.0,0,518.0,0,train
2026-06-21 06:00:00+07:00,SKU-003,2.0,148.0,0,333.0,0,521.0,0,train
2026-06-21 07:00:00+07:00,SKU-003,1.0,153.0,0,334.0,0,523.0,0,train
2026-06-21 08:00:00+07:00,SKU-003,7.0,155.0,0,329.0,0,522.0,0,train
2026-06-21 09:00:00+07:00,SKU-003,1.0,158.0,0,335.0,0,532.0,0,train
2026-06-21 10:00:00+07:00,SKU-003,11.0,155.0,0,332.0,0,522.0,0,train
2026-06-21 11:00:00+07:00,SKU-003,8.0,155.0,0,336.0,0,527.0,0,train
2026-06-21 12:00:00+07:00,SKU-003,9.0,152.0,0,336.0,0,526.0,0,train
2026-06-21 13:00:00+07:00,SKU-003,6.0,153.0,0,344.0,0,521.0,0,train
2026-06-21 14:00:00+07:00,SKU-003,8.0,157.0,0,346.0,0,519.0,0,train
2026-06-21 15:00:00+07:00,SKU-003,5.0,154.0,0,353.0,0,524.0,0,train
2026-06-21 16:00:00+07:00,SKU-003,10.0,153.0,0,358.0,0,521.0,0,train
2026-06-21 17:00:00+07:00,SKU-003,7.0,159.0,0,362.0,0,520.0,0,train
2026-06-21 18:00:00+07:00,SKU-003,7.0,175.0,0,360.0,0,539.0,0,train
2026-06-21 19:00:00+07:00,SKU-003,9.0,181.0,0,375.0,0,548.0,0,train
2026-06-21 20:00:00+07:00,SKU-003,27.0,182.0,0,363.0,0,545.0,0,train
2026-06-21 21:00:00+07:00,SKU-003,23.0,171.0,0,354.0,0,533.0,0,train
2026-06-21 22:00:00+07:00,SKU-003,3.0,173.0,0,359.0,0,536.0,0,train
2026-06-21 23:00:00+07:00,SKU-003,2.0,178.0,0,361.0,0,537.0,0,train
2026-06-22 00:00:00+07:00,SKU-003,1.0,180.0,0,362.0,0,539.0,0,train
2026-06-22 01:00:00+07:00,SKU-003,2.0,178.0,0,365.0,0,539.0,0,train
2026-06-22 02:00:00+07:00,SKU-003,0.0,179.0,0,368.0,0,539.0,0,train
2026-06-22 03:00:00+07:00,SKU-003,0.0,181.0,0,368.0,0,540.0,0,train
2026-06-22 04:00:00+07:00,SKU-003,0.0,182.0,0,369.0,0,540.0,0,train
2026-06-22 05:00:00+07:00,SKU-003,0.0,182.0,0,369.0,0,541.0,0,train
2026-06-22 06:00:00+07:00,SKU-003,1.0,185.0,0,373.0,0,544.0,0,train
2026-06-22 07:00:00+07:00,SKU-003,6.0,181.0,0,370.0,0,539.0,0,train
2026-06-22 08:00:00+07:00,SKU-003,9.0,174.0,0,367.0,0,537.0,0,train
2026-06-22 09:00:00+07:00,SKU-003,4.0,177.0,0,374.0,0,535.0,0,train
2026-06-22 10:00:00+07:00,SKU-003,8.0,177.0,0,367.0,0,533.0,0,train
2026-06-22 11:00:00+07:00,SKU-003,8.0,181.0,0,372.0,0,534.0,0,train
2026-06-22 12:00:00+07:00,SKU-003,6.0,184.0,0,374.0,0,532.0,0,train
2026-06-22 13:00:00+07:00,SKU-003,7.0,191.0,0,368.0,0,527.0,0,train
2026-06-22 14:00:00+07:00,SKU-003,12.0,189.0,0,362.0,0,517.0,0,train
2026-06-22 15:00:00+07:00,SKU-003,2.0,199.0,0,370.0,0,522.0,0,train
2026-06-22 16:00:00+07:00,SKU-003,9.0,205.0,0,368.0,0,515.0,0,train
2026-06-22 17:00:00+07:00,SKU-003,13.0,203.0,0,361.0,0,504.0,0,train
2026-06-22 18:00:00+07:00,SKU-003,23.0,185.0,0,364.0,0,490.0,0,train
2026-06-22 19:00:00+07:00,SKU-003,15.0,194.0,0,367.0,0,482.0,0,train
2026-06-22 20:00:00+07:00,SKU-003,28.0,181.0,0,363.0,0,461.0,0,train
2026-06-22 21:00:00+07:00,SKU-003,12.0,183.0,0,362.0,0,460.0,0,train
2026-06-22 22:00:00+07:00,SKU-003,5.0,186.0,0,363.0,0,460.0,0,train
2026-06-22 23:00:00+07:00,SKU-003,7.0,183.0,0,359.0,0,457.0,0,train
2026-06-23 00:00:00+07:00,SKU-003,3.0,182.0,0,359.0,0,456.0,0,train
2026-06-23 01:00:00+07:00,SKU-003,0.0,187.0,0,361.0,0,456.0,0,train
2026-06-23 02:00:00+07:00,SKU-003,1.0,189.0,0,360.0,0,456.0,0,train
2026-06-23 03:00:00+07:00,SKU-003,2.0,187.0,0,359.0,0,454.0,0,train
2026-06-23 04:00:00+07:00,SKU-003,1.0,187.0,0,358.0,0,453.0,0,train
2026-06-23 05:00:00+07:00,SKU-003,0.0,187.0,0,359.0,0,454.0,0,train
2026-06-23 06:00:00+07:00,SKU-003,4.0,188.0,0,359.0,0,451.0,0,train
2026-06-23 07:00:00+07:00,SKU-003,2.0,189.0,0,358.0,0,452.0,0,train
2026-06-23 08:00:00+07:00,SKU-003,2.0,193.0,0,363.0,0,451.0,0,train
2026-06-23 09:00:00+07:00,SKU-003,7.0,197.0,0,358.0,0,454.0,0,train
2026-06-23 10:00:00+07:00,SKU-003,8.0,190.0,0,356.0,0,451.0,0,train
2026-06-23 11:00:00+07:00,SKU-003,12.0,191.0,0,353.0,0,442.0,0,train
2026-06-23 12:00:00+07:00,SKU-003,9.0,190.0,0,348.0,0,439.0,0,train
2026-06-23 13:00:00+07:00,SKU-003,14.0,177.0,0,336.0,0,434.0,0,train
2026-06-23 14:00:00+07:00,SKU-003,10.0,173.0,0,328.0,0,430.0,0,train
2026-06-23 15:00:00+07:00,SKU-003,12.0,171.0,0,323.0,0,424.0,0,train
2026-06-23 16:00:00+07:00,SKU-003,15.0,163.0,0,310.0,0,416.0,0,train
2026-06-23 17:00:00+07:00,SKU-003,11.0,158.0,0,301.0,0,409.0,0,train
2026-06-23 18:00:00+07:00,SKU-003,5.0,179.0,0,305.0,0,406.0,0,train
2026-06-23 19:00:00+07:00,SKU-003,24.0,173.0,0,288.0,0,388.0,0,train
2026-06-23 20:00:00+07:00,SKU-003,15.0,182.0,0,280.0,0,384.0,0,train
2026-06-23 21:00:00+07:00,SKU-003,14.0,179.0,0,277.0,0,379.0,0,train
2026-06-23 22:00:00+07:00,SKU-003,8.0,177.0,0,274.0,0,378.0,0,train
2026-06-23 23:00:00+07:00,SKU-003,4.0,176.0,0,274.0,0,376.0,0,train
2026-06-24 00:00:00+07:00,SKU-003,2.0,177.0,0,274.0,0,376.0,0,train
2026-06-24 01:00:00+07:00,SKU-003,5.0,174.0,0,269.0,0,372.0,0,train
2026-06-24 02:00:00+07:00,SKU-003,3.0,171.0,0,267.0,0,371.0,0,train
2026-06-24 03:00:00+07:00,SKU-003,0.0,172.0,0,267.0,0,371.0,0,train
2026-06-24 04:00:00+07:00,SKU-003,1.0,171.0,0,266.0,0,370.0,0,train
2026-06-24 05:00:00+07:00,SKU-003,0.0,172.0,0,267.0,0,371.0,0,train
2026-06-24 06:00:00+07:00,SKU-003,5.0,171.0,0,263.0,0,368.0,0,train
2026-06-24 07:00:00+07:00,SKU-003,3.0,169.0,0,263.0,0,368.0,0,train
2026-06-24 08:00:00+07:00,SKU-003,6.0,170.0,0,258.0,0,370.0,0,train
2026-06-24 09:00:00+07:00,SKU-003,11.0,161.0,0,257.0,0,363.0,0,train
2026-06-24 10:00:00+07:00,SKU-003,1.0,166.0,0,261.0,0,372.0,0,train
2026-06-24 11:00:00+07:00,SKU-003,13.0,162.0,0,251.0,0,373.0,0,train
2026-06-24 12:00:00+07:00,SKU-003,8.0,158.0,0,249.0,0,378.0,0,train
2026-06-24 13:00:00+07:00,SKU-003,1.0,159.0,0,257.0,0,388.0,0,train
2026-06-24 14:00:00+07:00,SKU-003,6.0,155.0,0,257.0,0,385.0,0,train
2026-06-24 15:00:00+07:00,SKU-003,10.0,152.0,0,253.0,0,386.0,0,train
2026-06-24 16:00:00+07:00,SKU-003,7.0,147.0,0,253.0,0,399.0,0,train
2026-06-24 17:00:00+07:00,SKU-003,6.0,143.0,0,251.0,0,417.0,0,train
2026-06-24 18:00:00+07:00,SKU-003,26.0,126.0,0,227.0,0,407.0,0,train
2026-06-24 19:00:00+07:00,SKU-003,18.0,115.0,0,215.0,0,417.0,0,train
2026-06-24 20:00:00+07:00,SKU-003,24.0,98.0,0,202.0,0,422.0,0,train
2026-06-24 21:00:00+07:00,SKU-003,11.0,98.0,0,200.0,0,428.0,0,train
2026-06-24 22:00:00+07:00,SKU-003,6.0,97.0,0,201.0,0,435.0,0,train
2026-06-24 23:00:00+07:00,SKU-003,3.0,98.0,0,200.0,0,439.0,0,train
2026-06-25 00:00:00+07:00,SKU-003,3.0,97.0,0,199.0,0,439.0,0,train
2026-06-25 01:00:00+07:00,SKU-003,2.0,95.0,0,198.0,0,438.0,0,train
2026-06-25 02:00:00+07:00,SKU-003,0.0,96.0,0,200.0,0,439.0,0,train
2026-06-25 03:00:00+07:00,SKU-003,1.0,95.0,0,199.0,0,438.0,0,train
2026-06-25 04:00:00+07:00,SKU-003,0.0,95.0,0,199.0,0,441.0,0,train
2026-06-25 05:00:00+07:00,SKU-003,1.0,95.0,0,199.0,0,443.0,0,train
2026-06-25 06:00:00+07:00,SKU-003,4.0,92.0,0,197.0,0,439.0,0,train
2026-06-25 07:00:00+07:00,SKU-003,1.0,94.0,0,199.0,0,449.0,0,train
2026-06-25 08:00:00+07:00,SKU-003,7.0,88.0,0,200.0,0,451.0,0,train
2026-06-25 09:00:00+07:00,SKU-003,2.0,96.0,0,202.0,0,456.0,0,train
2026-06-25 10:00:00+07:00,SKU-003,6.0,95.0,0,206.0,0,466.0,0,train
2026-06-25 11:00:00+07:00,SKU-003,9.0,89.0,0,211.0,0,470.0,0,train
2026-06-25 12:00:00+07:00,SKU-003,4.0,91.0,0,220.0,0,472.0,0,train
2026-06-25 13:00:00+07:00,SKU-003,2.0,98.0,0,229.0,0,483.0,0,train
2026-06-25 14:00:00+07:00,SKU-003,2.0,102.0,0,230.0,0,495.0,0,train
2026-06-25 15:00:00+07:00,SKU-003,7.0,101.0,0,234.0,0,501.0,0,train
2026-06-25 16:00:00+07:00,SKU-003,2.0,106.0,0,252.0,0,504.0,0,train
2026-06-25 17:00:00+07:00,SKU-003,2.0,108.0,0,274.0,0,514.0,0,train
2026-06-25 18:00:00+07:00,SKU-003,9.0,101.0,0,281.0,0,522.0,0,train
2026-06-25 19:00:00+07:00,SKU-003,7.0,100.0,0,302.0,0,529.0,0,train
2026-06-25 20:00:00+07:00,SKU-003,7.0,104.0,0,324.0,0,547.0,0,train
2026-06-25 21:00:00+07:00,SKU-003,11.0,102.0,0,330.0,0,554.0,0,train
2026-06-25 22:00:00+07:00,SKU-003,5.0,104.0,0,338.0,0,555.0,0,train
2026-06-25 23:00:00+07:00,SKU-003,4.0,102.0,0,341.0,0,557.0,0,train
2026-06-26 00:00:00+07:00,SKU-003,2.0,102.0,0,342.0,0,556.0,0,train
2026-06-26 01:00:00+07:00,SKU-003,0.0,103.0,0,343.0,0,557.0,0,train
2026-06-26 02:00:00+07:00,SKU-003,1.0,104.0,0,343.0,0,558.0,0,train
2026-06-26 03:00:00+07:00,SKU-003,0.0,104.0,0,343.0,0,559.0,0,train
2026-06-26 04:00:00+07:00,SKU-003,0.0,104.0,0,346.0,0,559.0,0,train
2026-06-26 05:00:00+07:00,SKU-003,1.0,104.0,0,348.0,0,560.0,0,train
2026-06-26 06:00:00+07:00,SKU-003,1.0,105.0,0,347.0,0,562.0,0,train
2026-06-26 07:00:00+07:00,SKU-003,3.0,105.0,0,355.0,0,563.0,0,train
2026-06-26 08:00:00+07:00,SKU-003,1.0,112.0,0,363.0,0,566.0,0,train
2026-06-26 09:00:00+07:00,SKU-003,10.0,106.0,0,360.0,0,576.0,0,train
2026-06-26 10:00:00+07:00,SKU-003,5.0,111.0,0,371.0,0,586.0,0,train
2026-06-26 11:00:00+07:00,SKU-003,3.0,122.0,0,381.0,0,594.0,0,train
2026-06-26 12:00:00+07:00,SKU-003,6.0,129.0,0,381.0,0,598.0,0,train
2026-06-26 13:00:00+07:00,SKU-003,9.0,131.0,0,385.0,0,592.0,0,train
2026-06-26 14:00:00+07:00,SKU-003,6.0,128.0,0,393.0,0,604.0,0,train
2026-06-26 15:00:00+07:00,SKU-003,6.0,133.0,0,400.0,0,608.0,0,train
2026-06-26 16:00:00+07:00,SKU-003,7.0,146.0,0,398.0,0,606.0,0,train
2026-06-26 17:00:00+07:00,SKU-003,4.0,166.0,0,406.0,0,614.0,0,train
2026-06-26 18:00:00+07:00,SKU-003,2.0,180.0,0,421.0,0,623.0,0,train
2026-06-26 19:00:00+07:00,SKU-003,6.0,202.0,0,429.0,0,635.0,0,train
2026-06-26 20:00:00+07:00,SKU-003,11.0,220.0,0,443.0,0,647.0,0,train
2026-06-26 21:00:00+07:00,SKU-003,9.0,228.0,0,452.0,0,660.0,0,train
2026-06-26 22:00:00+07:00,SKU-003,7.0,234.0,0,451.0,0,660.0,0,train
2026-06-26 23:00:00+07:00,SKU-003,2.0,239.0,0,455.0,0,665.0,0,train
2026-06-27 00:00:00+07:00,SKU-003,2.0,240.0,0,454.0,0,665.0,0,train
2026-06-27 01:00:00+07:00,SKU-003,1.0,240.0,0,454.0,0,665.0,0,train
2026-06-27 02:00:00+07:00,SKU-003,2.0,239.0,0,454.0,0,664.0,0,train
2026-06-27 03:00:00+07:00,SKU-003,0.0,239.0,0,455.0,0,666.0,0,train
2026-06-27 04:00:00+07:00,SKU-003,0.0,242.0,0,455.0,0,666.0,0,train
2026-06-27 05:00:00+07:00,SKU-003,1.0,244.0,0,456.0,0,665.0,0,train
2026-06-27 06:00:00+07:00,SKU-003,2.0,242.0,0,457.0,0,669.0,0,train
2026-06-27 07:00:00+07:00,SKU-003,3.0,250.0,0,458.0,0,672.0,0,train
2026-06-27 08:00:00+07:00,SKU-003,8.0,251.0,0,454.0,0,672.0,0,train
2026-06-27 09:00:00+07:00,SKU-003,4.0,254.0,0,470.0,0,678.0,0,train
2026-06-27 10:00:00+07:00,SKU-003,10.0,260.0,0,475.0,0,672.0,0,train
2026-06-27 11:00:00+07:00,SKU-003,14.0,259.0,0,472.0,0,661.0,0,train
2026-06-27 12:00:00+07:00,SKU-003,13.0,252.0,0,469.0,0,667.0,0,train
2026-06-27 13:00:00+07:00,SKU-003,11.0,254.0,0,461.0,0,668.0,0,train
2026-06-27 14:00:00+07:00,SKU-003,3.0,265.0,0,476.0,0,677.0,0,train
2026-06-27 15:00:00+07:00,SKU-003,11.0,267.0,0,475.0,0,683.0,0,train
2026-06-27 16:00:00+07:00,SKU-003,20.0,252.0,0,460.0,0,670.0,0,train
2026-06-27 17:00:00+07:00,SKU-003,24.0,240.0,0,448.0,0,648.0,0,train
2026-06-27 18:00:00+07:00,SKU-003,16.0,241.0,0,443.0,0,641.0,0,train
2026-06-27 19:00:00+07:00,SKU-003,28.0,227.0,0,433.0,0,625.0,0,train
2026-06-27 20:00:00+07:00,SKU-003,29.0,223.0,0,427.0,0,601.0,0,train
2026-06-27 21:00:00+07:00,SKU-003,17.0,224.0,0,432.0,0,589.0,0,train
2026-06-27 22:00:00+07:00,SKU-003,13.0,217.0,0,426.0,0,582.0,0,train
2026-06-27 23:00:00+07:00,SKU-003,7.0,216.0,0,426.0,0,578.0,0,train
2026-06-28 00:00:00+07:00,SKU-003,3.0,214.0,0,425.0,0,575.0,0,train
2026-06-28 01:00:00+07:00,SKU-003,1.0,214.0,0,425.0,0,577.0,0,train
2026-06-28 02:00:00+07:00,SKU-003,1.0,215.0,0,425.0,0,578.0,0,train
2026-06-28 03:00:00+07:00,SKU-003,0.0,216.0,0,427.0,0,578.0,0,train
2026-06-28 04:00:00+07:00,SKU-003,3.0,213.0,0,424.0,0,576.0,0,train
2026-06-28 05:00:00+07:00,SKU-003,3.0,212.0,0,421.0,0,576.0,0,train
2026-06-28 06:00:00+07:00,SKU-003,0.0,215.0,0,427.0,0,581.0,0,train
2026-06-28 07:00:00+07:00,SKU-003,11.0,208.0,0,422.0,0,571.0,0,train
2026-06-28 08:00:00+07:00,SKU-003,9.0,203.0,0,421.0,0,574.0,0,train
2026-06-28 09:00:00+07:00,SKU-003,7.0,216.0,0,424.0,0,573.0,0,train
2026-06-28 10:00:00+07:00,SKU-003,16.0,215.0,0,412.0,0,560.0,0,train
2026-06-28 11:00:00+07:00,SKU-003,13.0,213.0,0,402.0,0,549.0,0,train
2026-06-28 12:00:00+07:00,SKU-003,6.0,217.0,0,415.0,0,551.0,0,train
2026-06-28 13:00:00+07:00,SKU-003,13.0,207.0,0,414.0,0,545.0,0,train
2026-06-28 14:00:00+07:00,SKU-003,14.0,211.0,0,412.0,0,538.0,0,train
2026-06-28 15:00:00+07:00,SKU-003,13.0,208.0,0,416.0,0,533.0,0,train
2026-06-28 16:00:00+07:00,SKU-003,5.0,208.0,0,418.0,0,532.0,0,train
2026-06-28 17:00:00+07:00,SKU-003,12.0,208.0,0,408.0,0,527.0,0,train
2026-06-28 18:00:00+07:00,SKU-003,17.0,202.0,0,400.0,0,517.0,0,train
2026-06-28 19:00:00+07:00,SKU-003,14.0,206.0,0,398.0,0,521.0,0,train
2026-06-28 20:00:00+07:00,SKU-003,25.0,204.0,0,378.0,0,503.0,0,train
2026-06-28 21:00:00+07:00,SKU-003,18.0,208.0,0,365.0,0,490.0,0,train
2026-06-28 22:00:00+07:00,SKU-003,6.0,209.0,0,365.0,0,487.0,0,train
2026-06-28 23:00:00+07:00,SKU-003,6.0,210.0,0,362.0,0,481.0,0,train
2026-06-29 00:00:00+07:00,SKU-003,1.0,211.0,0,361.0,0,480.0,0,train
2026-06-29 01:00:00+07:00,SKU-003,1.0,211.0,0,363.0,0,479.0,0,train
2026-06-29 02:00:00+07:00,SKU-003,2.0,210.0,0,363.0,0,477.0,0,train
2026-06-29 03:00:00+07:00,SKU-003,1.0,211.0,0,362.0,0,476.0,0,train
2026-06-29 04:00:00+07:00,SKU-003,0.0,211.0,0,363.0,0,477.0,0,train
2026-06-29 05:00:00+07:00,SKU-003,2.0,209.0,0,364.0,0,476.0,0,train
2026-06-29 06:00:00+07:00,SKU-003,3.0,212.0,0,366.0,0,475.0,0,train
2026-06-29 07:00:00+07:00,SKU-003,4.0,214.0,0,363.0,0,473.0,0,train
2026-06-29 08:00:00+07:00,SKU-003,4.0,218.0,0,371.0,0,473.0,0,train
2026-06-29 09:00:00+07:00,SKU-003,20.0,208.0,0,357.0,0,456.0,0,train
2026-06-29 10:00:00+07:00,SKU-003,15.0,197.0,0,345.0,0,452.0,0,train
2026-06-29 11:00:00+07:00,SKU-003,11.0,189.0,0,336.0,0,448.0,0,train
2026-06-29 12:00:00+07:00,SKU-003,10.0,198.0,0,334.0,0,441.0,0,train
2026-06-29 13:00:00+07:00,SKU-003,3.0,207.0,0,338.0,0,447.0,0,train
2026-06-29 14:00:00+07:00,SKU-003,18.0,201.0,0,327.0,0,438.0,0,train
2026-06-29 15:00:00+07:00,SKU-003,10.0,208.0,0,325.0,0,434.0,0,train
2026-06-29 16:00:00+07:00,SKU-003,5.0,210.0,0,324.0,0,435.0,0,train
2026-06-29 17:00:00+07:00,SKU-003,12.0,200.0,0,319.0,0,426.0,0,train
2026-06-29 18:00:00+07:00,SKU-003,11.0,198.0,0,315.0,0,424.0,0,train
2026-06-29 19:00:00+07:00,SKU-003,18.0,192.0,0,315.0,0,426.0,0,train
2026-06-29 20:00:00+07:00,SKU-003,23.0,174.0,0,299.0,0,416.0,0,train
2026-06-29 21:00:00+07:00,SKU-003,22.0,157.0,0,282.0,0,409.0,0,train
2026-06-29 22:00:00+07:00,SKU-003,7.0,156.0,0,278.0,0,409.0,0,train
2026-06-29 23:00:00+07:00,SKU-003,7.0,152.0,0,271.0,0,404.0,0,train
2026-06-30 00:00:00+07:00,SKU-003,2.0,150.0,0,269.0,0,404.0,0,train
2026-06-30 01:00:00+07:00,SKU-003,1.0,152.0,0,268.0,0,404.0,0,train
2026-06-30 02:00:00+07:00,SKU-003,1.0,153.0,0,267.0,0,403.0,0,train
2026-06-30 03:00:00+07:00,SKU-003,2.0,151.0,0,265.0,0,401.0,0,train
2026-06-30 04:00:00+07:00,SKU-003,0.0,152.0,0,266.0,0,402.0,0,train
2026-06-30 05:00:00+07:00,SKU-003,0.0,155.0,0,267.0,0,402.0,0,train
2026-06-30 06:00:00+07:00,SKU-003,6.0,154.0,0,263.0,0,398.0,0,train
2026-06-30 07:00:00+07:00,SKU-003,6.0,149.0,0,259.0,0,396.0,0,train
2026-06-30 08:00:00+07:00,SKU-003,8.0,153.0,0,255.0,0,393.0,0,train
2026-06-30 09:00:00+07:00,SKU-003,10.0,149.0,0,248.0,0,390.0,0,train
2026-06-30 10:00:00+07:00,SKU-003,4.0,148.0,0,255.0,0,389.0,0,train
2026-06-30 11:00:00+07:00,SKU-003,3.0,147.0,0,259.0,0,388.0,0,train
2026-06-30 12:00:00+07:00,SKU-003,19.0,136.0,0,243.0,0,381.0,0,train
2026-06-30 13:00:00+07:00,SKU-003,12.0,131.0,0,240.0,0,377.0,0,train
2026-06-30 14:00:00+07:00,SKU-003,12.0,126.0,0,237.0,0,370.0,0,train
2026-06-30 15:00:00+07:00,SKU-003,17.0,117.0,0,226.0,0,362.0,0,train
2026-06-30 16:00:00+07:00,SKU-003,7.0,114.0,0,225.0,0,360.0,0,train
2026-06-30 17:00:00+07:00,SKU-003,2.0,119.0,0,226.0,0,362.0,0,train
2026-06-30 18:00:00+07:00,SKU-003,9.0,117.0,0,226.0,0,367.0,0,train
2026-06-30 19:00:00+07:00,SKU-003,12.0,123.0,0,234.0,0,366.0,0,train
2026-06-30 20:00:00+07:00,SKU-003,5.0,125.0,0,242.0,0,370.0,0,train
2026-06-30 21:00:00+07:00,SKU-003,5.0,125.0,0,252.0,0,375.0,0,train
2026-06-30 22:00:00+07:00,SKU-003,6.0,122.0,0,253.0,0,372.0,0,train
2026-06-30 23:00:00+07:00,SKU-003,3.0,119.0,0,252.0,0,372.0,0,train
2026-07-01 00:00:00+07:00,SKU-003,0.0,119.0,0,254.0,0,373.0,0,train
2026-07-01 01:00:00+07:00,SKU-003,3.0,116.0,0,252.0,0,372.0,0,train
2026-07-01 02:00:00+07:00,SKU-003,2.0,114.0,0,250.0,0,372.0,0,train
2026-07-01 03:00:00+07:00,SKU-003,0.0,114.0,0,250.0,0,372.0,0,train
2026-07-01 04:00:00+07:00,SKU-003,1.0,114.0,0,250.0,0,373.0,0,train
2026-07-01 05:00:00+07:00,SKU-003,3.0,112.0,0,247.0,0,370.0,0,train
2026-07-01 06:00:00+07:00,SKU-003,5.0,109.0,0,244.0,0,367.0,0,train
2026-07-01 07:00:00+07:00,SKU-003,1.0,110.0,0,247.0,0,372.0,0,train
2026-07-01 08:00:00+07:00,SKU-003,12.0,102.0,0,240.0,0,368.0,0,train
2026-07-01 09:00:00+07:00,SKU-003,6.0,99.0,0,241.0,0,369.0,0,train
2026-07-01 10:00:00+07:00,SKU-003,3.0,107.0,0,241.0,0,373.0,0,train
2026-07-01 11:00:00+07:00,SKU-003,2.0,112.0,0,241.0,0,382.0,0,train
2026-07-01 12:00:00+07:00,SKU-003,8.0,107.0,0,245.0,0,393.0,0,train
2026-07-01 13:00:00+07:00,SKU-003,7.0,109.0,0,246.0,0,396.0,0,train
2026-07-01 14:00:00+07:00,SKU-003,7.0,111.0,0,244.0,0,404.0,0,train
2026-07-01 15:00:00+07:00,SKU-003,8.0,109.0,0,245.0,0,412.0,0,train
2026-07-01 16:00:00+07:00,SKU-003,4.0,111.0,0,246.0,0,416.0,0,train
2026-07-01 17:00:00+07:00,SKU-003,7.0,107.0,0,243.0,0,423.0,0,train
2026-07-01 18:00:00+07:00,SKU-003,7.0,109.0,0,250.0,0,424.0,0,train
2026-07-01 19:00:00+07:00,SKU-003,18.0,111.0,0,243.0,0,413.0,0,train
2026-07-01 20:00:00+07:00,SKU-003,7.0,117.0,0,245.0,0,418.0,0,train
2026-07-01 21:00:00+07:00,SKU-003,5.0,127.0,0,250.0,0,427.0,0,train
2026-07-01 22:00:00+07:00,SKU-003,3.0,131.0,0,250.0,0,430.0,0,train
2026-07-01 23:00:00+07:00,SKU-003,0.0,133.0,0,253.0,0,436.0,0,train
2026-07-02 00:00:00+07:00,SKU-003,0.0,135.0,0,254.0,0,438.0,0,train
2026-07-02 01:00:00+07:00,SKU-003,0.0,136.0,0,256.0,0,438.0,0,train
2026-07-02 02:00:00+07:00,SKU-003,0.0,136.0,0,258.0,0,438.0,0,train
2026-07-02 03:00:00+07:00,SKU-003,0.0,136.0,0,258.0,0,438.0,0,train
2026-07-02 04:00:00+07:00,SKU-003,1.0,136.0,0,259.0,0,437.0,0,train
2026-07-02 05:00:00+07:00,SKU-003,1.0,135.0,0,258.0,0,437.0,0,train
2026-07-02 06:00:00+07:00,SKU-003,2.0,135.0,0,258.0,0,443.0,0,train
2026-07-02 07:00:00+07:00,SKU-003,2.0,137.0,0,262.0,0,444.0,0,train
2026-07-02 08:00:00+07:00,SKU-003,4.0,138.0,0,266.0,0,442.0,0,train
2026-07-02 09:00:00+07:00,SKU-003,3.0,142.0,0,270.0,0,453.0,0,train
2026-07-02 10:00:00+07:00,SKU-003,11.0,134.0,0,266.0,0,447.0,0,train
2026-07-02 11:00:00+07:00,SKU-003,7.0,129.0,0,270.0,0,447.0,0,train
2026-07-02 12:00:00+07:00,SKU-003,3.0,138.0,0,286.0,0,457.0,0,train
2026-07-02 13:00:00+07:00,SKU-003,9.0,137.0,0,287.0,0,469.0,0,train
2026-07-02 14:00:00+07:00,SKU-003,9.0,133.0,0,293.0,0,469.0,0,train
2026-07-02 15:00:00+07:00,SKU-003,6.0,136.0,0,303.0,0,474.0,0,train
2026-07-02 16:00:00+07:00,SKU-003,6.0,135.0,0,305.0,0,475.0,0,train
2026-07-02 17:00:00+07:00,SKU-003,3.0,136.0,0,316.0,0,478.0,0,train
2026-07-02 18:00:00+07:00,SKU-003,9.0,141.0,0,315.0,0,497.0,0,train
2026-07-02 19:00:00+07:00,SKU-003,20.0,132.0,0,302.0,0,487.0,0,train
2026-07-02 20:00:00+07:00,SKU-003,13.0,128.0,0,301.0,0,482.0,0,train
2026-07-02 21:00:00+07:00,SKU-003,15.0,123.0,0,300.0,0,478.0,0,train
2026-07-02 22:00:00+07:00,SKU-003,7.0,119.0,0,299.0,0,480.0,0,train
2026-07-02 23:00:00+07:00,SKU-003,2.0,120.0,0,303.0,0,484.0,0,train
2026-07-03 00:00:00+07:00,SKU-003,2.0,119.0,0,303.0,0,483.0,0,train
2026-07-03 01:00:00+07:00,SKU-003,1.0,120.0,0,302.0,0,482.0,0,train
2026-07-03 02:00:00+07:00,SKU-003,0.0,122.0,0,302.0,0,482.0,0,train
2026-07-03 03:00:00+07:00,SKU-003,0.0,122.0,0,302.0,0,482.0,0,train
2026-07-03 04:00:00+07:00,SKU-003,1.0,123.0,0,301.0,0,481.0,0,train
2026-07-03 05:00:00+07:00,SKU-003,0.0,123.0,0,302.0,0,482.0,0,train
2026-07-03 06:00:00+07:00,SKU-003,2.0,123.0,0,308.0,0,485.0,0,train
2026-07-03 07:00:00+07:00,SKU-003,4.0,125.0,0,307.0,0,484.0,0,train
2026-07-03 08:00:00+07:00,SKU-003,5.0,128.0,0,304.0,0,482.0,0,train
2026-07-03 09:00:00+07:00,SKU-003,7.0,128.0,0,311.0,0,483.0,0,train
2026-07-03 10:00:00+07:00,SKU-003,3.0,132.0,0,313.0,0,488.0,0,train
2026-07-03 11:00:00+07:00,SKU-003,2.0,141.0,0,318.0,0,495.0,0,train
2026-07-03 12:00:00+07:00,SKU-003,12.0,148.0,0,319.0,0,499.0,0,train
2026-07-03 13:00:00+07:00,SKU-003,8.0,150.0,0,332.0,0,494.0,0,train
2026-07-03 14:00:00+07:00,SKU-003,5.0,160.0,0,336.0,0,499.0,0,train
2026-07-03 15:00:00+07:00,SKU-003,9.0,167.0,0,338.0,0,495.0,0,train
2026-07-03 16:00:00+07:00,SKU-003,5.0,170.0,0,340.0,0,493.0,0,train
2026-07-03 17:00:00+07:00,SKU-003,4.0,180.0,0,342.0,0,502.0,0,train
2026-07-03 18:00:00+07:00,SKU-003,14.0,174.0,0,356.0,0,503.0,0,train
2026-07-03 19:00:00+07:00,SKU-003,11.0,170.0,0,355.0,0,501.0,0,train
2026-07-03 20:00:00+07:00,SKU-003,9.0,173.0,0,354.0,0,494.0,0,train
2026-07-03 21:00:00+07:00,SKU-003,10.0,177.0,0,355.0,0,492.0,0,train
2026-07-03 22:00:00+07:00,SKU-003,3.0,180.0,0,361.0,0,500.0,0,train
2026-07-03 23:00:00+07:00,SKU-003,3.0,183.0,0,364.0,0,501.0,0,train
2026-07-04 00:00:00+07:00,SKU-003,1.0,184.0,0,364.0,0,501.0,0,train
2026-07-04 01:00:00+07:00,SKU-003,2.0,182.0,0,362.0,0,499.0,0,train
2026-07-04 02:00:00+07:00,SKU-003,2.0,180.0,0,360.0,0,500.0,0,train
2026-07-04 03:00:00+07:00,SKU-003,0.0,180.0,0,360.0,0,501.0,0,train
2026-07-04 04:00:00+07:00,SKU-003,2.0,178.0,0,358.0,0,502.0,0,train
2026-07-04 05:00:00+07:00,SKU-003,0.0,179.0,0,359.0,0,502.0,0,train
2026-07-04 06:00:00+07:00,SKU-003,2.0,185.0,0,362.0,0,500.0,0,train
2026-07-04 07:00:00+07:00,SKU-003,6.0,182.0,0,359.0,0,494.0,0,train
2026-07-04 08:00:00+07:00,SKU-003,8.0,176.0,0,354.0,0,488.0,0,train
2026-07-04 09:00:00+07:00,SKU-003,7.0,183.0,0,355.0,0,486.0,0,train
2026-07-04 10:00:00+07:00,SKU-003,7.0,181.0,0,356.0,0,488.0,0,train
2026-07-04 11:00:00+07:00,SKU-003,11.0,177.0,0,354.0,0,485.0,0,train
2026-07-04 12:00:00+07:00,SKU-003,19.0,171.0,0,351.0,0,471.0,0,train
2026-07-04 13:00:00+07:00,SKU-003,10.0,182.0,0,344.0,0,472.0,0,train
2026-07-04 14:00:00+07:00,SKU-003,15.0,176.0,0,339.0,0,469.0,0,train
2026-07-04 15:00:00+07:00,SKU-003,16.0,171.0,0,328.0,0,455.0,0,train
2026-07-04 16:00:00+07:00,SKU-003,8.0,170.0,0,323.0,0,454.0,0,train
2026-07-04 17:00:00+07:00,SKU-003,14.0,162.0,0,322.0,0,447.0,0,train
2026-07-04 18:00:00+07:00,SKU-003,8.0,182.0,0,329.0,0,449.0,0,train
2026-07-04 19:00:00+07:00,SKU-003,7.0,185.0,0,331.0,0,456.0,0,train
2026-07-04 20:00:00+07:00,SKU-003,12.0,181.0,0,321.0,0,452.0,0,train
2026-07-04 21:00:00+07:00,SKU-003,14.0,178.0,0,315.0,0,445.0,0,train
2026-07-04 22:00:00+07:00,SKU-003,6.0,181.0,0,320.0,0,452.0,0,train
2026-07-04 23:00:00+07:00,SKU-003,6.0,181.0,0,318.0,0,449.0,0,train
2026-07-05 00:00:00+07:00,SKU-003,2.0,180.0,0,317.0,0,450.0,0,train
2026-07-05 01:00:00+07:00,SKU-003,0.0,180.0,0,317.0,0,451.0,0,train
2026-07-05 02:00:00+07:00,SKU-003,0.0,180.0,0,320.0,0,451.0,0,train
2026-07-05 03:00:00+07:00,SKU-003,0.0,180.0,0,321.0,0,452.0,0,train
2026-07-05 04:00:00+07:00,SKU-003,0.0,180.0,0,324.0,0,452.0,0,train
2026-07-05 05:00:00+07:00,SKU-003,1.0,180.0,0,323.0,0,455.0,0,train
2026-07-05 06:00:00+07:00,SKU-003,8.0,177.0,0,315.0,0,449.0,0,train
2026-07-05 07:00:00+07:00,SKU-003,3.0,177.0,0,312.0,0,451.0,0,train
2026-07-05 08:00:00+07:00,SKU-003,2.0,178.0,0,312.0,0,462.0,0,train
2026-07-05 09:00:00+07:00,SKU-003,14.0,172.0,0,303.0,0,452.0,0,train
2026-07-05 10:00:00+07:00,SKU-003,5.0,175.0,0,307.0,0,454.0,0,train
2026-07-05 11:00:00+07:00,SKU-003,7.0,177.0,0,308.0,0,452.0,0,train
2026-07-05 12:00:00+07:00,SKU-003,13.0,180.0,0,300.0,0,453.0,0,train
2026-07-05 13:00:00+07:00,SKU-003,21.0,162.0,0,290.0,0,438.0,0,train
2026-07-05 14:00:00+07:00,SKU-003,9.0,163.0,0,293.0,0,432.0,0,train
2026-07-05 15:00:00+07:00,SKU-003,11.0,157.0,0,284.0,0,422.0,0,train
2026-07-05 16:00:00+07:00,SKU-003,7.0,153.0,0,284.0,0,424.0,0,train
2026-07-05 17:00:00+07:00,SKU-003,6.0,160.0,0,285.0,0,427.0,0,train
2026-07-05 18:00:00+07:00,SKU-003,28.0,147.0,0,267.0,0,407.0,0,train
2026-07-05 19:00:00+07:00,SKU-003,10.0,146.0,0,271.0,0,402.0,0,train
2026-07-05 20:00:00+07:00,SKU-003,8.0,140.0,0,271.0,0,409.0,0,train
2026-07-05 21:00:00+07:00,SKU-003,11.0,137.0,0,267.0,0,405.0,0,train
2026-07-05 22:00:00+07:00,SKU-003,9.0,139.0,0,271.0,0,403.0,0,train
2026-07-05 23:00:00+07:00,SKU-003,6.0,137.0,0,268.0,0,398.0,0,train
2026-07-06 00:00:00+07:00,SKU-003,1.0,137.0,0,270.0,0,398.0,0,train
2026-07-06 01:00:00+07:00,SKU-003,0.0,137.0,0,271.0,0,399.0,0,train
2026-07-06 02:00:00+07:00,SKU-003,0.0,140.0,0,271.0,0,399.0,0,train
2026-07-06 03:00:00+07:00,SKU-003,0.0,141.0,0,272.0,0,399.0,0,train
2026-07-06 04:00:00+07:00,SKU-003,0.0,144.0,0,272.0,0,399.0,0,train
2026-07-06 05:00:00+07:00,SKU-003,1.0,143.0,0,275.0,0,399.0,0,train
2026-07-06 06:00:00+07:00,SKU-003,5.0,138.0,0,272.0,0,398.0,0,train
2026-07-06 07:00:00+07:00,SKU-003,3.0,135.0,0,274.0,0,403.0,0,train
2026-07-06 08:00:00+07:00,SKU-003,3.0,134.0,0,284.0,0,407.0,0,train
2026-07-06 09:00:00+07:00,SKU-003,8.0,131.0,0,280.0,0,403.0,0,train
2026-07-06 10:00:00+07:00,SKU-003,8.0,132.0,0,279.0,0,404.0,0,train
2026-07-06 11:00:00+07:00,SKU-003,9.0,131.0,0,275.0,0,403.0,0,train
2026-07-06 12:00:00+07:00,SKU-003,16.0,120.0,0,273.0,0,396.0,0,train
2026-07-06 13:00:00+07:00,SKU-003,3.0,128.0,0,276.0,0,406.0,0,train
2026-07-06 14:00:00+07:00,SKU-003,10.0,130.0,0,269.0,0,399.0,0,train
2026-07-06 15:00:00+07:00,SKU-003,5.0,127.0,0,265.0,0,404.0,0,train
2026-07-06 16:00:00+07:00,SKU-003,3.0,131.0,0,271.0,0,410.0,0,train
2026-07-06 17:00:00+07:00,SKU-003,13.0,125.0,0,267.0,0,408.0,0,train
2026-07-06 18:00:00+07:00,SKU-003,15.0,120.0,0,260.0,0,405.0,0,train
2026-07-06 19:00:00+07:00,SKU-003,9.0,125.0,0,256.0,0,407.0,0,train
2026-07-06 20:00:00+07:00,SKU-003,2.0,131.0,0,269.0,0,416.0,0,train
2026-07-06 21:00:00+07:00,SKU-003,8.0,130.0,0,268.0,0,429.0,0,train
2026-07-06 22:00:00+07:00,SKU-003,11.0,132.0,0,264.0,0,426.0,0,train
2026-07-06 23:00:00+07:00,SKU-003,4.0,131.0,0,261.0,0,433.0,0,train
2026-07-07 00:00:00+07:00,SKU-003,1.0,133.0,0,261.0,0,437.0,0,train
2026-07-07 01:00:00+07:00,SKU-003,0.0,134.0,0,262.0,0,438.0,0,train
2026-07-07 02:00:00+07:00,SKU-003,3.0,131.0,0,259.0,0,436.0,0,train
2026-07-07 03:00:00+07:00,SKU-003,1.0,131.0,0,258.0,0,435.0,0,train
2026-07-07 04:00:00+07:00,SKU-003,3.0,128.0,0,255.0,0,432.0,0,train
2026-07-07 05:00:00+07:00,SKU-003,0.0,132.0,0,256.0,0,433.0,0,train
2026-07-07 06:00:00+07:00,SKU-003,0.0,134.0,0,260.0,0,433.0,0,train
2026-07-07 07:00:00+07:00,SKU-003,0.0,139.0,0,268.0,0,434.0,0,train
2026-07-07 08:00:00+07:00,SKU-003,2.0,150.0,0,273.0,0,440.0,0,train
2026-07-07 09:00:00+07:00,SKU-003,5.0,149.0,0,272.0,0,445.0,0,train
2026-07-07 10:00:00+07:00,SKU-003,9.0,147.0,0,272.0,0,448.0,0,train
2026-07-07 11:00:00+07:00,SKU-003,8.0,144.0,0,272.0,0,456.0,0,train
2026-07-07 12:00:00+07:00,SKU-003,5.0,153.0,0,276.0,0,458.0,0,train
2026-07-07 13:00:00+07:00,SKU-003,11.0,148.0,0,278.0,0,456.0,0,train
2026-07-07 14:00:00+07:00,SKU-003,12.0,139.0,0,269.0,0,447.0,0,train
2026-07-07 15:00:00+07:00,SKU-003,2.0,138.0,0,277.0,0,462.0,0,train
2026-07-07 16:00:00+07:00,SKU-003,7.0,140.0,0,279.0,0,475.0,0,train
2026-07-07 17:00:00+07:00,SKU-003,7.0,142.0,0,283.0,0,488.0,0,train
2026-07-07 18:00:00+07:00,SKU-003,10.0,140.0,0,285.0,0,487.0,0,train
2026-07-07 19:00:00+07:00,SKU-003,14.0,131.0,0,282.0,0,487.0,0,train
2026-07-07 20:00:00+07:00,SKU-003,8.0,138.0,0,285.0,0,508.0,0,train
2026-07-07 21:00:00+07:00,SKU-003,7.0,138.0,0,299.0,0,512.0,0,train
2026-07-07 22:00:00+07:00,SKU-003,13.0,132.0,0,294.0,0,507.0,0,train
2026-07-07 23:00:00+07:00,SKU-003,3.0,130.0,0,302.0,0,513.0,0,train
2026-07-08 00:00:00+07:00,SKU-003,3.0,128.0,0,304.0,0,512.0,0,train
2026-07-08 01:00:00+07:00,SKU-003,1.0,128.0,0,304.0,0,514.0,0,train
2026-07-08 02:00:00+07:00,SKU-003,0.0,128.0,0,305.0,0,518.0,0,train
2026-07-08 03:00:00+07:00,SKU-003,1.0,127.0,0,304.0,0,517.0,0,train
2026-07-08 04:00:00+07:00,SKU-003,0.0,127.0,0,304.0,0,518.0,0,train
2026-07-08 05:00:00+07:00,SKU-003,4.0,124.0,0,301.0,0,517.0,0,train
2026-07-08 06:00:00+07:00,SKU-003,2.0,126.0,0,299.0,0,517.0,0,train
2026-07-08 07:00:00+07:00,SKU-003,5.0,129.0,0,295.0,0,514.0,0,train
2026-07-08 08:00:00+07:00,SKU-003,13.0,123.0,0,290.0,0,506.0,0,train
2026-07-08 09:00:00+07:00,SKU-003,4.0,123.0,0,296.0,0,516.0,0,train
2026-07-08 10:00:00+07:00,SKU-003,7.0,125.0,0,301.0,0,518.0,0,train
2026-07-08 11:00:00+07:00,SKU-003,5.0,128.0,0,312.0,0,521.0,0,train
2026-07-08 12:00:00+07:00,SKU-003,14.0,123.0,0,305.0,0,519.0,0,train
2026-07-08 13:00:00+07:00,SKU-003,6.0,130.0,0,308.0,0,520.0,0,train
2026-07-08 14:00:00+07:00,SKU-003,3.0,130.0,0,308.0,0,522.0,0,train
2026-07-08 15:00:00+07:00,SKU-003,1.0,139.0,0,324.0,0,532.0,0,train
2026-07-08 16:00:00+07:00,SKU-003,9.0,139.0,0,335.0,0,535.0,0,train
2026-07-08 17:00:00+07:00,SKU-003,9.0,141.0,0,346.0,0,533.0,0,train
2026-07-08 18:00:00+07:00,SKU-003,8.0,145.0,0,347.0,0,533.0,0,train
2026-07-08 19:00:00+07:00,SKU-003,5.0,151.0,0,356.0,0,540.0,0,train
2026-07-08 20:00:00+07:00,SKU-003,15.0,147.0,0,370.0,0,541.0,0,train
2026-07-08 21:00:00+07:00,SKU-003,7.0,161.0,0,374.0,0,548.0,0,train
2026-07-08 22:00:00+07:00,SKU-003,7.0,162.0,0,375.0,0,545.0,0,train
2026-07-08 23:00:00+07:00,SKU-003,1.0,172.0,0,383.0,0,556.0,0,train
2026-07-09 00:00:00+07:00,SKU-003,1.0,176.0,0,384.0,0,557.0,0,train
2026-07-09 01:00:00+07:00,SKU-003,1.0,176.0,0,386.0,0,557.0,0,train
2026-07-09 02:00:00+07:00,SKU-003,0.0,177.0,0,390.0,0,557.0,0,train
2026-07-09 03:00:00+07:00,SKU-003,0.0,177.0,0,390.0,0,559.0,0,train
2026-07-09 04:00:00+07:00,SKU-003,0.0,177.0,0,391.0,0,559.0,0,train
2026-07-09 05:00:00+07:00,SKU-003,1.0,177.0,0,393.0,0,559.0,0,train
2026-07-09 06:00:00+07:00,SKU-003,4.0,173.0,0,391.0,0,557.0,0,train
2026-07-09 07:00:00+07:00,SKU-003,8.0,166.0,0,385.0,0,557.0,0,train
2026-07-09 08:00:00+07:00,SKU-003,7.0,167.0,0,383.0,0,560.0,0,train
2026-07-09 09:00:00+07:00,SKU-003,4.0,173.0,0,393.0,0,565.0,0,train
2026-07-09 10:00:00+07:00,SKU-003,9.0,176.0,0,393.0,0,570.0,0,train
2026-07-09 11:00:00+07:00,SKU-003,8.0,184.0,0,393.0,0,571.0,0,train
2026-07-09 12:00:00+07:00,SKU-003,9.0,182.0,0,396.0,0,579.0,0,train
2026-07-09 13:00:00+07:00,SKU-003,13.0,178.0,0,390.0,0,572.0,0,train
2026-07-09 14:00:00+07:00,SKU-003,3.0,178.0,0,392.0,0,581.0,0,train
2026-07-09 15:00:00+07:00,SKU-003,10.0,185.0,0,393.0,0,581.0,0,train
2026-07-09 16:00:00+07:00,SKU-003,9.0,196.0,0,396.0,0,581.0,0,train
2026-07-09 17:00:00+07:00,SKU-003,11.0,205.0,0,392.0,0,589.0,0,train
2026-07-09 18:00:00+07:00,SKU-003,12.0,202.0,0,388.0,0,584.0,0,train
2026-07-09 19:00:00+07:00,SKU-003,11.0,205.0,0,389.0,0,603.0,0,train
2026-07-09 20:00:00+07:00,SKU-003,11.0,223.0,0,394.0,0,612.0,0,train
2026-07-09 21:00:00+07:00,SKU-003,21.0,213.0,0,387.0,0,596.0,0,train
2026-07-09 22:00:00+07:00,SKU-003,8.0,213.0,0,383.0,0,601.0,0,train
2026-07-09 23:00:00+07:00,SKU-003,11.0,211.0,0,384.0,0,594.0,0,train
2026-07-10 00:00:00+07:00,SKU-003,5.0,208.0,0,381.0,0,590.0,0,train
2026-07-10 01:00:00+07:00,SKU-003,1.0,210.0,0,381.0,0,589.0,0,train
2026-07-10 02:00:00+07:00,SKU-003,1.0,213.0,0,380.0,0,588.0,0,train
2026-07-10 03:00:00+07:00,SKU-003,0.0,213.0,0,382.0,0,588.0,0,train
2026-07-10 04:00:00+07:00,SKU-003,0.0,214.0,0,382.0,0,588.0,0,train
2026-07-10 05:00:00+07:00,SKU-003,1.0,216.0,0,382.0,0,587.0,0,train
2026-07-10 06:00:00+07:00,SKU-003,0.0,218.0,0,384.0,0,589.0,0,train
2026-07-10 07:00:00+07:00,SKU-003,1.0,219.0,0,391.0,0,592.0,0,train
2026-07-10 08:00:00+07:00,SKU-003,8.0,216.0,0,393.0,0,588.0,0,train
2026-07-10 09:00:00+07:00,SKU-003,10.0,220.0,0,392.0,0,583.0,0,train
2026-07-10 10:00:00+07:00,SKU-003,12.0,217.0,0,394.0,0,578.0,0,train
2026-07-10 11:00:00+07:00,SKU-003,16.0,209.0,0,387.0,0,564.0,0,train
2026-07-10 12:00:00+07:00,SKU-003,7.0,214.0,0,397.0,0,561.0,0,train
2026-07-10 13:00:00+07:00,SKU-003,9.0,212.0,0,394.0,0,566.0,0,train
2026-07-10 14:00:00+07:00,SKU-003,3.0,214.0,0,403.0,0,568.0,0,train
2026-07-10 15:00:00+07:00,SKU-003,17.0,208.0,0,396.0,0,559.0,0,train
2026-07-10 16:00:00+07:00,SKU-003,20.0,200.0,0,385.0,0,550.0,0,train
2026-07-10 17:00:00+07:00,SKU-003,20.0,187.0,0,384.0,0,546.0,0,train
2026-07-10 18:00:00+07:00,SKU-003,9.0,186.0,0,382.0,0,549.0,0,train
2026-07-10 19:00:00+07:00,SKU-003,14.0,184.0,0,398.0,0,544.0,0,train
2026-07-10 20:00:00+07:00,SKU-003,29.0,171.0,0,389.0,0,519.0,0,train
2026-07-10 21:00:00+07:00,SKU-003,11.0,174.0,0,383.0,0,516.0,0,train
2026-07-10 22:00:00+07:00,SKU-003,8.0,170.0,0,388.0,0,515.0,0,train
2026-07-10 23:00:00+07:00,SKU-003,9.0,173.0,0,383.0,0,511.0,0,train
2026-07-11 00:00:00+07:00,SKU-003,2.0,173.0,0,382.0,0,509.0,0,train
2026-07-11 01:00:00+07:00,SKU-003,3.0,171.0,0,379.0,0,506.0,0,train
2026-07-11 02:00:00+07:00,SKU-003,4.0,167.0,0,375.0,0,502.0,0,train
2026-07-11 03:00:00+07:00,SKU-003,0.0,169.0,0,375.0,0,502.0,0,train
2026-07-11 04:00:00+07:00,SKU-003,1.0,168.0,0,374.0,0,502.0,0,train
2026-07-11 05:00:00+07:00,SKU-003,3.0,166.0,0,371.0,0,503.0,0,train
2026-07-11 06:00:00+07:00,SKU-003,2.0,166.0,0,371.0,0,502.0,0,train
2026-07-11 07:00:00+07:00,SKU-003,2.0,172.0,0,373.0,0,506.0,0,train
2026-07-11 08:00:00+07:00,SKU-003,5.0,177.0,0,372.0,0,510.0,0,train
2026-07-11 09:00:00+07:00,SKU-003,14.0,172.0,0,363.0,0,500.0,0,train
2026-07-11 10:00:00+07:00,SKU-003,9.0,177.0,0,361.0,0,497.0,0,train
2026-07-11 11:00:00+07:00,SKU-003,8.0,178.0,0,355.0,0,498.0,0,train
2026-07-11 12:00:00+07:00,SKU-003,12.0,183.0,0,347.0,0,494.0,0,train
2026-07-11 13:00:00+07:00,SKU-003,7.0,182.0,0,354.0,0,491.0,0,train
2026-07-11 14:00:00+07:00,SKU-003,5.0,189.0,0,354.0,0,487.0,0,train
2026-07-11 15:00:00+07:00,SKU-003,11.0,188.0,0,351.0,0,489.0,0,train
2026-07-11 16:00:00+07:00,SKU-003,12.0,185.0,0,350.0,0,480.0,0,train
2026-07-11 17:00:00+07:00,SKU-003,7.0,197.0,0,359.0,0,483.0,0,train
2026-07-11 18:00:00+07:00,SKU-003,8.0,196.0,0,363.0,0,484.0,0,train
2026-07-11 19:00:00+07:00,SKU-003,12.0,214.0,0,360.0,0,482.0,0,train
2026-07-11 20:00:00+07:00,SKU-003,16.0,218.0,0,348.0,0,471.0,0,train
2026-07-11 21:00:00+07:00,SKU-003,14.0,209.0,0,342.0,0,465.0,0,train
2026-07-11 22:00:00+07:00,SKU-003,4.0,218.0,0,345.0,0,467.0,0,train
2026-07-11 23:00:00+07:00,SKU-003,12.0,210.0,0,338.0,0,460.0,0,train
2026-07-12 00:00:00+07:00,SKU-003,2.0,209.0,0,336.0,0,460.0,0,train
2026-07-12 01:00:00+07:00,SKU-003,1.0,208.0,0,335.0,0,460.0,0,train
2026-07-12 02:00:00+07:00,SKU-003,0.0,208.0,0,335.0,0,462.0,0,train
2026-07-12 03:00:00+07:00,SKU-003,2.0,206.0,0,333.0,0,460.0,0,train
2026-07-12 04:00:00+07:00,SKU-003,0.0,206.0,0,334.0,0,460.0,0,train
2026-07-12 05:00:00+07:00,SKU-003,1.0,205.0,0,337.0,0,460.0,0,train
2026-07-12 06:00:00+07:00,SKU-003,2.0,205.0,0,336.0,0,465.0,0,train
2026-07-12 07:00:00+07:00,SKU-003,8.0,201.0,0,334.0,0,465.0,0,train
2026-07-12 08:00:00+07:00,SKU-003,10.0,195.0,0,333.0,0,467.0,0,train
2026-07-12 09:00:00+07:00,SKU-003,9.0,191.0,0,328.0,0,468.0,0,train
2026-07-12 10:00:00+07:00,SKU-003,14.0,184.0,0,320.0,0,462.0,0,train
2026-07-12 11:00:00+07:00,SKU-003,9.0,177.0,0,320.0,0,464.0,0,train
2026-07-12 12:00:00+07:00,SKU-003,17.0,164.0,0,311.0,0,456.0,0,train
2026-07-12 13:00:00+07:00,SKU-003,6.0,172.0,0,309.0,0,458.0,0,train
2026-07-12 14:00:00+07:00,SKU-003,12.0,165.0,0,298.0,0,458.0,0,train
2026-07-12 15:00:00+07:00,SKU-003,10.0,163.0,0,301.0,0,459.0,0,train
2026-07-12 16:00:00+07:00,SKU-003,9.0,165.0,0,295.0,0,457.0,0,train
2026-07-12 17:00:00+07:00,SKU-003,19.0,162.0,0,286.0,0,450.0,0,train
2026-07-12 18:00:00+07:00,SKU-003,7.0,167.0,0,288.0,0,454.0,0,train
2026-07-12 19:00:00+07:00,SKU-003,30.0,146.0,0,268.0,0,433.0,0,train
2026-07-12 20:00:00+07:00,SKU-003,20.0,130.0,0,253.0,0,428.0,0,train
2026-07-12 21:00:00+07:00,SKU-003,5.0,133.0,0,256.0,0,424.0,0,train
2026-07-12 22:00:00+07:00,SKU-003,13.0,127.0,0,249.0,0,417.0,0,train
2026-07-12 23:00:00+07:00,SKU-003,4.0,128.0,0,250.0,0,415.0,0,train
2026-07-13 00:00:00+07:00,SKU-003,1.0,127.0,0,251.0,0,415.0,0,train
2026-07-13 01:00:00+07:00,SKU-003,0.0,127.0,0,252.0,0,417.0,0,train
2026-07-13 02:00:00+07:00,SKU-003,0.0,127.0,0,254.0,0,417.0,0,train
2026-07-13 03:00:00+07:00,SKU-003,0.0,127.0,0,254.0,0,417.0,0,train
2026-07-13 04:00:00+07:00,SKU-003,0.0,128.0,0,254.0,0,418.0,0,train
2026-07-13 05:00:00+07:00,SKU-003,0.0,132.0,0,255.0,0,418.0,0,train
2026-07-13 06:00:00+07:00,SKU-003,2.0,131.0,0,260.0,0,419.0,0,train
2026-07-13 07:00:00+07:00,SKU-003,4.0,133.0,0,264.0,0,422.0,0,train
2026-07-13 08:00:00+07:00,SKU-003,4.0,138.0,0,272.0,0,421.0,0,train
2026-07-13 09:00:00+07:00,SKU-003,5.0,137.0,0,277.0,0,436.0,0,train
2026-07-13 10:00:00+07:00,SKU-003,7.0,136.0,0,278.0,0,438.0,0,train
2026-07-13 11:00:00+07:00,SKU-003,2.0,143.0,0,287.0,0,444.0,0,train
2026-07-13 12:00:00+07:00,SKU-003,4.0,147.0,0,292.0,0,455.0,0,train
2026-07-13 13:00:00+07:00,SKU-003,14.0,137.0,0,286.0,0,446.0,0,train
2026-07-13 14:00:00+07:00,SKU-003,5.0,133.0,0,293.0,0,443.0,0,train
2026-07-13 15:00:00+07:00,SKU-003,8.0,138.0,0,296.0,0,444.0,0,train
2026-07-13 16:00:00+07:00,SKU-003,11.0,130.0,0,292.0,0,447.0,0,train
2026-07-13 17:00:00+07:00,SKU-003,16.0,124.0,0,288.0,0,433.0,0,train
2026-07-13 18:00:00+07:00,SKU-003,12.0,121.0,0,287.0,0,422.0,0,train
2026-07-13 19:00:00+07:00,SKU-003,9.0,122.0,0,287.0,0,434.0,0,train
2026-07-13 20:00:00+07:00,SKU-003,4.0,123.0,0,298.0,0,435.0,0,train
2026-07-13 21:00:00+07:00,SKU-003,8.0,123.0,0,291.0,0,439.0,0,train
2026-07-13 22:00:00+07:00,SKU-003,7.0,122.0,0,290.0,0,437.0,0,train
2026-07-13 23:00:00+07:00,SKU-003,5.0,122.0,0,287.0,0,436.0,0,train
2026-07-14 00:00:00+07:00,SKU-003,0.0,124.0,0,288.0,0,439.0,0,train
2026-07-14 01:00:00+07:00,SKU-003,0.0,125.0,0,290.0,0,442.0,0,train
2026-07-14 02:00:00+07:00,SKU-003,0.0,127.0,0,290.0,0,444.0,0,train
2026-07-14 03:00:00+07:00,SKU-003,0.0,127.0,0,290.0,0,447.0,0,train
2026-07-14 04:00:00+07:00,SKU-003,1.0,126.0,0,290.0,0,446.0,0,train
2026-07-14 05:00:00+07:00,SKU-003,4.0,123.0,0,286.0,0,443.0,0,train
2026-07-14 06:00:00+07:00,SKU-003,1.0,129.0,0,288.0,0,447.0,0,train
2026-07-14 07:00:00+07:00,SKU-003,6.0,131.0,0,289.0,0,448.0,0,train
2026-07-14 08:00:00+07:00,SKU-003,9.0,134.0,0,283.0,0,449.0,0,train
2026-07-14 09:00:00+07:00,SKU-003,4.0,140.0,0,299.0,0,445.0,0,train
2026-07-14 10:00:00+07:00,SKU-003,6.0,142.0,0,302.0,0,457.0,0,train
2026-07-14 11:00:00+07:00,SKU-003,9.0,144.0,0,301.0,0,469.0,0,train
2026-07-14 12:00:00+07:00,SKU-003,8.0,145.0,0,308.0,0,470.0,0,train
2026-07-14 13:00:00+07:00,SKU-003,4.0,149.0,0,309.0,0,471.0,0,train
2026-07-14 14:00:00+07:00,SKU-003,1.0,160.0,0,310.0,0,481.0,0,train
2026-07-14 15:00:00+07:00,SKU-003,13.0,158.0,0,306.0,0,473.0,0,train
2026-07-14 16:00:00+07:00,SKU-003,3.0,162.0,0,317.0,0,478.0,0,train
2026-07-14 17:00:00+07:00,SKU-003,10.0,164.0,0,309.0,0,471.0,0,train
2026-07-14 18:00:00+07:00,SKU-003,9.0,166.0,0,301.0,0,467.0,0,train
2026-07-14 19:00:00+07:00,SKU-003,10.0,165.0,0,312.0,0,474.0,0,train
2026-07-14 20:00:00+07:00,SKU-003,5.0,175.0,0,312.0,0,492.0,0,train
2026-07-14 21:00:00+07:00,SKU-003,8.0,168.0,0,316.0,0,492.0,0,train
2026-07-14 22:00:00+07:00,SKU-003,6.0,168.0,0,315.0,0,499.0,0,train
2026-07-14 23:00:00+07:00,SKU-003,5.0,165.0,0,314.0,0,498.0,0,train
2026-07-15 00:00:00+07:00,SKU-003,2.0,164.0,0,315.0,0,498.0,0,train
2026-07-15 01:00:00+07:00,SKU-003,1.0,165.0,0,317.0,0,497.0,0,train
2026-07-15 02:00:00+07:00,SKU-003,2.0,163.0,0,317.0,0,495.0,0,train
2026-07-15 03:00:00+07:00,SKU-003,0.0,163.0,0,320.0,0,495.0,0,train
2026-07-15 04:00:00+07:00,SKU-003,0.0,164.0,0,320.0,0,496.0,0,train
2026-07-15 05:00:00+07:00,SKU-003,1.0,163.0,0,320.0,0,496.0,0,train
2026-07-15 06:00:00+07:00,SKU-003,7.0,159.0,0,318.0,0,494.0,0,train
2026-07-15 07:00:00+07:00,SKU-003,8.0,158.0,0,317.0,0,491.0,0,train
2026-07-15 08:00:00+07:00,SKU-003,12.0,149.0,0,315.0,0,491.0,0,train
2026-07-15 09:00:00+07:00,SKU-003,10.0,159.0,0,305.0,0,492.0,0,train
2026-07-15 10:00:00+07:00,SKU-003,8.0,160.0,0,315.0,0,489.0,0,train
2026-07-15 11:00:00+07:00,SKU-003,11.0,157.0,0,325.0,0,497.0,0,train
2026-07-15 12:00:00+07:00,SKU-003,9.0,163.0,0,325.0,0,495.0,0,train
2026-07-15 13:00:00+07:00,SKU-003,8.0,160.0,0,322.0,0,492.0,0,train
2026-07-15 14:00:00+07:00,SKU-003,12.0,150.0,0,321.0,0,489.0,0,train
2026-07-15 15:00:00+07:00,SKU-003,11.0,148.0,0,315.0,0,484.0,0,train
2026-07-15 16:00:00+07:00,SKU-003,7.0,155.0,0,316.0,0,478.0,0,train
2026-07-15 17:00:00+07:00,SKU-003,12.0,145.0,0,307.0,0,474.0,0,train
2026-07-15 18:00:00+07:00,SKU-003,11.0,135.0,0,301.0,0,475.0,0,train
2026-07-15 19:00:00+07:00,SKU-003,9.0,147.0,0,309.0,0,492.0,0,train
2026-07-15 20:00:00+07:00,SKU-003,15.0,137.0,0,317.0,0,484.0,0,train
2026-07-15 21:00:00+07:00,SKU-003,1.0,148.0,0,324.0,0,492.0,0,train
2026-07-15 22:00:00+07:00,SKU-003,6.0,147.0,0,331.0,0,491.0,0,train
2026-07-15 23:00:00+07:00,SKU-003,2.0,149.0,0,333.0,0,495.0,0,train
2026-07-16 00:00:00+07:00,SKU-003,1.0,151.0,0,334.0,0,494.0,0,train
2026-07-16 01:00:00+07:00,SKU-003,2.0,152.0,0,332.0,0,493.0,0,train
2026-07-16 02:00:00+07:00,SKU-003,0.0,154.0,0,332.0,0,493.0,0,train
2026-07-16 03:00:00+07:00,SKU-003,0.0,157.0,0,332.0,0,493.0,0,train
2026-07-16 04:00:00+07:00,SKU-003,1.0,156.0,0,332.0,0,493.0,0,train
2026-07-16 05:00:00+07:00,SKU-003,0.0,157.0,0,333.0,0,495.0,0,train
2026-07-16 06:00:00+07:00,SKU-003,3.0,159.0,0,335.0,0,495.0,0,train
2026-07-16 07:00:00+07:00,SKU-003,7.0,159.0,0,333.0,0,499.0,0,train
2026-07-16 08:00:00+07:00,SKU-003,3.0,166.0,0,342.0,0,499.0,0,train
2026-07-16 09:00:00+07:00,SKU-003,20.0,146.0,0,333.0,0,498.0,0,train
2026-07-16 10:00:00+07:00,SKU-003,9.0,155.0,0,329.0,0,500.0,0,train
2026-07-16 11:00:00+07:00,SKU-003,8.0,168.0,0,340.0,0,505.0,0,train
2026-07-16 12:00:00+07:00,SKU-003,15.0,162.0,0,332.0,0,495.0,0,train
2026-07-16 13:00:00+07:00,SKU-003,5.0,162.0,0,332.0,0,504.0,0,train
2026-07-16 14:00:00+07:00,SKU-003,2.0,171.0,0,339.0,0,507.0,0,train
2026-07-16 15:00:00+07:00,SKU-003,9.0,167.0,0,336.0,0,510.0,0,train
2026-07-16 16:00:00+07:00,SKU-003,14.0,161.0,0,323.0,0,516.0,0,train
2026-07-16 17:00:00+07:00,SKU-003,2.0,162.0,0,329.0,0,521.0,0,train
2026-07-16 18:00:00+07:00,SKU-003,1.0,166.0,0,340.0,0,534.0,0,train
2026-07-16 19:00:00+07:00,SKU-003,21.0,162.0,0,345.0,0,524.0,0,train
2026-07-16 20:00:00+07:00,SKU-003,5.0,180.0,0,347.0,0,538.0,0,train
2026-07-16 21:00:00+07:00,SKU-003,12.0,176.0,0,344.0,0,542.0,0,train
2026-07-16 22:00:00+07:00,SKU-003,5.0,184.0,0,344.0,0,557.0,0,train
2026-07-16 23:00:00+07:00,SKU-003,4.0,184.0,0,346.0,0,559.0,0,train
2026-07-17 00:00:00+07:00,SKU-003,3.0,183.0,0,343.0,0,556.0,0,train
2026-07-17 01:00:00+07:00,SKU-003,3.0,180.0,0,341.0,0,554.0,0,train
2026-07-17 02:00:00+07:00,SKU-003,2.0,178.0,0,339.0,0,553.0,0,train
2026-07-17 03:00:00+07:00,SKU-003,3.0,175.0,0,336.0,0,553.0,0,train
2026-07-17 04:00:00+07:00,SKU-003,0.0,176.0,0,337.0,0,553.0,0,train
2026-07-17 05:00:00+07:00,SKU-003,1.0,176.0,0,338.0,0,555.0,0,train
2026-07-17 06:00:00+07:00,SKU-003,5.0,176.0,0,336.0,0,552.0,0,train
2026-07-17 07:00:00+07:00,SKU-003,7.0,174.0,0,340.0,0,550.0,0,train
2026-07-17 08:00:00+07:00,SKU-003,10.0,176.0,0,333.0,0,548.0,0,train
2026-07-17 09:00:00+07:00,SKU-003,0.0,187.0,0,352.0,0,562.0,0,train
2026-07-17 10:00:00+07:00,SKU-003,18.0,174.0,0,345.0,0,555.0,0,train
2026-07-17 11:00:00+07:00,SKU-003,21.0,172.0,0,337.0,0,539.0,0,train
2026-07-17 12:00:00+07:00,SKU-003,9.0,170.0,0,333.0,0,570.0,0,train
2026-07-17 13:00:00+07:00,SKU-003,5.0,170.0,0,342.0,0,578.0,0,train
2026-07-17 14:00:00+07:00,SKU-003,11.0,168.0,0,336.0,0,574.0,0,train
2026-07-17 15:00:00+07:00,SKU-003,5.0,169.0,0,343.0,0,576.0,0,train
2026-07-17 16:00:00+07:00,SKU-003,8.0,162.0,0,355.0,0,577.0,0,train
2026-07-17 17:00:00+07:00,SKU-003,3.0,167.0,0,359.0,0,589.0,0,train
2026-07-17 18:00:00+07:00,SKU-003,5.0,174.0,0,368.0,0,585.0,0,train
2026-07-17 19:00:00+07:00,SKU-003,17.0,183.0,0,362.0,0,579.0,0,train
2026-07-17 20:00:00+07:00,SKU-003,23.0,167.0,0,358.0,0,579.0,0,train
2026-07-17 21:00:00+07:00,SKU-003,8.0,168.0,0,366.0,0,583.0,0,train
2026-07-17 22:00:00+07:00,SKU-003,13.0,160.0,0,373.0,0,579.0,0,train
2026-07-17 23:00:00+07:00,SKU-003,4.0,162.0,0,375.0,0,580.0,0,train
2026-07-18 00:00:00+07:00,SKU-003,2.0,160.0,0,373.0,0,580.0,0,train
2026-07-18 01:00:00+07:00,SKU-003,0.0,161.0,0,374.0,0,582.0,0,train
2026-07-18 02:00:00+07:00,SKU-003,0.0,161.0,0,375.0,0,582.0,0,train
2026-07-18 03:00:00+07:00,SKU-003,0.0,161.0,0,378.0,0,584.0,0,train
2026-07-18 04:00:00+07:00,SKU-003,1.0,161.0,0,377.0,0,584.0,0,train
2026-07-18 05:00:00+07:00,SKU-003,1.0,162.0,0,379.0,0,584.0,0,train
2026-07-18 06:00:00+07:00,SKU-003,5.0,160.0,0,376.0,0,584.0,0,train
2026-07-18 07:00:00+07:00,SKU-003,5.0,166.0,0,376.0,0,581.0,0,train
2026-07-18 08:00:00+07:00,SKU-003,12.0,157.0,0,372.0,0,574.0,0,train
2026-07-18 09:00:00+07:00,SKU-003,11.0,165.0,0,375.0,0,566.0,0,train
2026-07-18 10:00:00+07:00,SKU-003,5.0,171.0,0,381.0,0,564.0,0,train
2026-07-18 11:00:00+07:00,SKU-003,19.0,165.0,0,367.0,0,547.0,0,train
2026-07-18 12:00:00+07:00,SKU-003,7.0,163.0,0,400.0,0,553.0,0,train
2026-07-18 13:00:00+07:00,SKU-003,5.0,172.0,0,408.0,0,552.0,0,train
2026-07-18 14:00:00+07:00,SKU-003,9.0,168.0,0,406.0,0,547.0,0,train
2026-07-18 15:00:00+07:00,SKU-003,6.0,174.0,0,407.0,0,545.0,0,train
2026-07-18 16:00:00+07:00,SKU-003,1.0,193.0,0,415.0,0,555.0,0,train
2026-07-18 17:00:00+07:00,SKU-003,8.0,192.0,0,422.0,0,556.0,0,train
2026-07-18 18:00:00+07:00,SKU-003,12.0,194.0,0,411.0,0,550.0,0,train
2026-07-18 19:00:00+07:00,SKU-003,26.0,179.0,0,396.0,0,534.0,0,train
2026-07-18 20:00:00+07:00,SKU-003,7.0,191.0,0,412.0,0,544.0,0,train
2026-07-18 21:00:00+07:00,SKU-003,9.0,198.0,0,415.0,0,541.0,0,train
2026-07-18 22:00:00+07:00,SKU-003,5.0,213.0,0,419.0,0,541.0,0,train
2026-07-18 23:00:00+07:00,SKU-003,6.0,213.0,0,418.0,0,541.0,0,train
2026-07-19 00:00:00+07:00,SKU-003,0.0,213.0,0,420.0,0,547.0,0,train
2026-07-19 01:00:00+07:00,SKU-003,1.0,213.0,0,421.0,0,547.0,0,train
2026-07-19 02:00:00+07:00,SKU-003,0.0,214.0,0,421.0,0,548.0,0,train
2026-07-19 03:00:00+07:00,SKU-003,0.0,217.0,0,423.0,0,553.0,0,train
2026-07-19 04:00:00+07:00,SKU-003,1.0,216.0,0,423.0,0,553.0,0,train
2026-07-19 05:00:00+07:00,SKU-003,2.0,217.0,0,422.0,0,557.0,0,train
2026-07-19 06:00:00+07:00,SKU-003,3.0,216.0,0,424.0,0,563.0,0,train
2026-07-19 07:00:00+07:00,SKU-003,11.0,210.0,0,415.0,0,555.0,0,train
2026-07-19 08:00:00+07:00,SKU-003,3.0,215.0,0,417.0,0,572.0,0,train
2026-07-19 09:00:00+07:00,SKU-003,19.0,210.0,0,401.0,0,562.0,0,train
2026-07-19 10:00:00+07:00,SKU-003,11.0,210.0,0,393.0,0,565.0,0,train
2026-07-19 11:00:00+07:00,SKU-003,13.0,202.0,0,382.0,0,572.0,0,train
2026-07-19 12:00:00+07:00,SKU-003,5.0,237.0,0,390.0,0,588.0,0,train
2026-07-19 13:00:00+07:00,SKU-003,14.0,236.0,0,380.0,0,608.0,0,train
2026-07-19 14:00:00+07:00,SKU-003,5.0,238.0,0,379.0,0,632.0,0,train
2026-07-19 15:00:00+07:00,SKU-003,12.0,233.0,0,371.0,0,632.0,0,train
2026-07-19 16:00:00+07:00,SKU-003,20.0,222.0,0,362.0,0,624.0,0,train
2026-07-19 17:00:00+07:00,SKU-003,7.0,230.0,0,364.0,0,639.0,0,train
2026-07-19 18:00:00+07:00,SKU-003,14.0,217.0,0,356.0,0,648.0,0,train
2026-07-19 19:00:00+07:00,SKU-003,11.0,217.0,0,355.0,0,652.0,0,train
2026-07-19 20:00:00+07:00,SKU-003,19.0,221.0,0,353.0,0,665.0,0,train
2026-07-19 21:00:00+07:00,SKU-003,16.0,217.0,0,343.0,0,718.0,0,train
2026-07-19 22:00:00+07:00,SKU-003,20.0,206.0,0,328.0,0,710.0,0,train
2026-07-19 23:00:00+07:00,SKU-003,6.0,205.0,0,328.0,0,714.0,0,train
2026-07-20 00:00:00+07:00,SKU-003,0.0,207.0,0,334.0,0,718.0,0,train
2026-07-20 01:00:00+07:00,SKU-003,1.0,208.0,0,334.0,0,718.0,0,train
2026-07-20 02:00:00+07:00,SKU-003,1.0,207.0,0,334.0,0,718.0,0,train
2026-07-20 03:00:00+07:00,SKU-003,3.0,206.0,0,336.0,0,716.0,0,train
2026-07-20 04:00:00+07:00,SKU-003,0.0,207.0,0,337.0,0,716.0,0,train
2026-07-20 05:00:00+07:00,SKU-003,3.0,205.0,0,340.0,0,713.0,0,train
2026-07-20 06:00:00+07:00,SKU-003,2.0,208.0,0,347.0,0,722.0,0,train
2026-07-20 07:00:00+07:00,SKU-003,5.0,205.0,0,345.0,0,723.0,0,train
2026-07-20 08:00:00+07:00,SKU-003,8.0,202.0,0,357.0,0,721.0,0,train
2026-07-20 09:00:00+07:00,SKU-003,14.0,191.0,0,352.0,0,717.0,0,train
2026-07-20 10:00:00+07:00,SKU-003,11.0,183.0,0,355.0,0,710.0,0,train
2026-07-20 11:00:00+07:00,SKU-003,5.0,180.0,0,370.0,0,714.0,0,train
2026-07-20 12:00:00+07:00,SKU-003,40.0,153.0,0,351.0,0,694.0,0,train
2026-07-20 13:00:00+07:00,SKU-003,13.0,144.0,0,372.0,0,705.0,0,train
2026-07-20 14:00:00+07:00,SKU-003,7.0,141.0,0,394.0,0,709.0,0,train
2026-07-20 15:00:00+07:00,SKU-003,7.0,138.0,0,399.0,0,712.0,0,train
2026-07-20 16:00:00+07:00,SKU-003,9.0,140.0,0,402.0,0,720.0,0,train
2026-07-20 17:00:00+07:00,SKU-003,15.0,134.0,0,409.0,0,709.0,0,train
2026-07-20 18:00:00+07:00,SKU-003,1.0,139.0,0,431.0,0,725.0,0,train
2026-07-20 19:00:00+07:00,SKU-003,11.0,138.0,0,435.0,0,726.0,0,train
2026-07-20 20:00:00+07:00,SKU-003,23.0,132.0,0,444.0,0,715.0,0,train
2026-07-20 21:00:00+07:00,SKU-003,12.0,126.0,0,501.0,0,725.0,0,train
2026-07-20 22:00:00+07:00,SKU-003,9.0,122.0,0,504.0,0,725.0,0,train
2026-07-20 23:00:00+07:00,SKU-003,5.0,123.0,0,509.0,0,729.0,0,train
2026-07-21 00:00:00+07:00,SKU-003,2.0,127.0,0,511.0,0,733.0,0,train
2026-07-21 01:00:00+07:00,SKU-003,2.0,126.0,0,510.0,0,732.0,0,train
2026-07-21 02:00:00+07:00,SKU-003,0.0,127.0,0,511.0,0,736.0,0,train
2026-07-21 03:00:00+07:00,SKU-003,2.0,130.0,0,510.0,0,735.0,0,train
2026-07-21 04:00:00+07:00,SKU-003,1.0,130.0,0,509.0,0,736.0,0,train
2026-07-21 05:00:00+07:00,SKU-003,1.0,135.0,0,508.0,0,739.0,0,train
2026-07-21 06:00:00+07:00,SKU-003,5.0,139.0,0,514.0,0,740.0,0,train
2026-07-21 07:00:00+07:00,SKU-003,2.0,140.0,0,518.0,0,739.0,0,train
2026-07-21 08:00:00+07:00,SKU-003,5.0,155.0,0,519.0,0,743.0,0,train
2026-07-21 09:00:00+07:00,SKU-003,3.0,161.0,0,526.0,0,758.0,0,train
2026-07-21 10:00:00+07:00,SKU-003,3.0,172.0,0,527.0,0,772.0,0,train
2026-07-21 11:00:00+07:00,SKU-003,2.0,190.0,0,534.0,0,788.0,0,train
2026-07-21 12:00:00+07:00,SKU-003,13.0,198.0,0,541.0,0,796.0,0,train
2026-07-21 13:00:00+07:00,SKU-003,4.0,228.0,0,561.0,0,797.0,0,train
2026-07-21 14:00:00+07:00,SKU-003,4.0,253.0,0,568.0,0,805.0,0,train
2026-07-21 15:00:00+07:00,SKU-003,4.0,261.0,0,574.0,0,813.0,0,train
2026-07-21 16:00:00+07:00,SKU-003,11.0,262.0,0,580.0,0,810.0,0,train
2026-07-21 17:00:00+07:00,SKU-003,9.0,275.0,0,575.0,0,819.0,0,train
2026-07-21 18:00:00+07:00,SKU-003,6.0,292.0,0,586.0,0,816.0,0,train
2026-07-21 19:00:00+07:00,SKU-003,10.0,297.0,0,588.0,0,845.0,0,train
2026-07-21 20:00:00+07:00,SKU-003,17.0,312.0,0,583.0,0,854.0,0,train
2026-07-21 21:00:00+07:00,SKU-003,6.0,375.0,0,599.0,0,869.0,0,train
2026-07-21 22:00:00+07:00,SKU-003,5.0,382.0,0,603.0,0,876.0,0,train
2026-07-21 23:00:00+07:00,SKU-003,6.0,386.0,0,606.0,0,878.0,0,train
2026-07-22 00:00:00+07:00,SKU-003,6.0,384.0,0,606.0,0,879.0,0,train
2026-07-22 01:00:00+07:00,SKU-003,1.0,384.0,0,606.0,0,882.0,0,train
2026-07-22 02:00:00+07:00,SKU-003,1.0,384.0,0,609.0,0,882.0,0,train
2026-07-22 03:00:00+07:00,SKU-003,5.0,380.0,0,605.0,0,878.0,0,train
2026-07-22 04:00:00+07:00,SKU-003,1.0,379.0,0,606.0,0,878.0,0,train
2026-07-22 05:00:00+07:00,SKU-003,6.0,373.0,0,604.0,0,878.0,0,train
2026-07-22 06:00:00+07:00,SKU-003,9.0,375.0,0,601.0,0,872.0,0,train
2026-07-22 07:00:00+07:00,SKU-003,3.0,378.0,0,599.0,0,877.0,0,train
2026-07-22 08:00:00+07:00,SKU-003,20.0,364.0,0,588.0,0,866.0,0,train
2026-07-22 09:00:00+07:00,SKU-003,9.0,365.0,0,597.0,0,868.0,0,train
2026-07-22 10:00:00+07:00,SKU-003,14.0,355.0,0,600.0,0,868.0,0,train
2026-07-22 11:00:00+07:00,SKU-003,20.0,344.0,0,598.0,0,856.0,0,train
2026-07-22 12:00:00+07:00,SKU-003,21.0,343.0,0,598.0,0,852.0,0,train
2026-07-22 13:00:00+07:00,SKU-003,34.0,333.0,0,569.0,0,843.0,0,train
2026-07-22 14:00:00+07:00,SKU-003,29.0,315.0,0,552.0,0,828.0,0,train
2026-07-22 15:00:00+07:00,SKU-003,12.0,313.0,0,552.0,0,831.0,0,train
2026-07-22 16:00:00+07:00,SKU-003,12.0,318.0,0,548.0,0,838.0,0,train
2026-07-22 17:00:00+07:00,SKU-003,22.0,300.0,0,544.0,0,830.0,0,train
2026-07-22 18:00:00+07:00,SKU-003,23.0,294.0,0,524.0,0,841.0,0,train
2026-07-22 19:00:00+07:00,SKU-003,15.0,291.0,0,548.0,0,844.0,0,train
2026-07-22 20:00:00+07:00,SKU-003,32.0,271.0,0,542.0,0,840.0,0,train
2026-07-22 21:00:00+07:00,SKU-003,69.0,224.0,0,494.0,0,792.0,0,train
2026-07-22 22:00:00+07:00,SKU-003,12.0,221.0,0,494.0,0,790.0,0,train
2026-07-22 23:00:00+07:00,SKU-003,10.0,220.0,0,492.0,0,787.0,0,train
2026-07-23 00:00:00+07:00,SKU-003,4.0,222.0,0,495.0,0,785.0,0,train
2026-07-23 01:00:00+07:00,SKU-003,1.0,222.0,0,498.0,0,787.0,0,train
2026-07-23 02:00:00+07:00,SKU-003,1.0,225.0,0,498.0,0,786.0,0,train
2026-07-23 03:00:00+07:00,SKU-003,1.0,225.0,0,498.0,0,786.0,0,train
2026-07-23 04:00:00+07:00,SKU-003,0.0,227.0,0,499.0,0,789.0,0,train
2026-07-23 05:00:00+07:00,SKU-003,0.0,231.0,0,505.0,0,791.0,0,train
2026-07-23 06:00:00+07:00,SKU-003,11.0,226.0,0,497.0,0,791.0,0,train
2026-07-23 07:00:00+07:00,SKU-003,6.0,221.0,0,499.0,0,794.0,0,train
2026-07-23 08:00:00+07:00,SKU-003,6.0,224.0,0,502.0,0,796.0,0,train
2026-07-23 09:00:00+07:00,SKU-003,10.0,232.0,0,503.0,0,804.0,0,train
2026-07-23 10:00:00+07:00,SKU-003,4.0,245.0,0,513.0,0,811.0,0,train
2026-07-23 11:00:00+07:00,SKU-003,9.0,254.0,0,512.0,0,820.0,0,train
2026-07-23 12:00:00+07:00,SKU-003,20.0,255.0,0,509.0,0,808.0,0,train
2026-07-23 13:00:00+07:00,SKU-003,24.0,236.0,0,510.0,0,792.0,0,train
2026-07-23 14:00:00+07:00,SKU-003,11.0,237.0,0,513.0,0,794.0,0,train
2026-07-23 15:00:00+07:00,SKU-003,10.0,239.0,0,518.0,0,798.0,0,train
2026-07-23 16:00:00+07:00,SKU-003,17.0,230.0,0,520.0,0,795.0,0,train
2026-07-23 17:00:00+07:00,SKU-003,4.0,244.0,0,530.0,0,810.0,0,train
2026-07-23 18:00:00+07:00,SKU-003,17.0,230.0,0,547.0,0,815.0,0,train
2026-07-23 19:00:00+07:00,SKU-003,12.0,257.0,0,553.0,0,823.0,0,train
2026-07-23 20:00:00+07:00,SKU-003,12.0,271.0,0,569.0,0,828.0,0,train
2026-07-23 21:00:00+07:00,SKU-003,22.0,270.0,0,568.0,0,813.0,0,train
2026-07-23 22:00:00+07:00,SKU-003,9.0,273.0,0,569.0,0,818.0,0,train
2026-07-23 23:00:00+07:00,SKU-003,9.0,272.0,0,567.0,0,819.0,0,train
2026-07-24 00:00:00+07:00,SKU-003,6.0,273.0,0,563.0,0,813.0,0,train
2026-07-24 01:00:00+07:00,SKU-003,1.0,276.0,0,565.0,0,813.0,0,train
2026-07-24 02:00:00+07:00,SKU-003,4.0,273.0,0,561.0,0,810.0,0,train
2026-07-24 03:00:00+07:00,SKU-003,1.0,273.0,0,561.0,0,810.0,0,train
2026-07-24 04:00:00+07:00,SKU-003,2.0,272.0,0,562.0,0,808.0,0,train
2026-07-24 05:00:00+07:00,SKU-003,4.0,274.0,0,560.0,0,804.0,0,train
2026-07-24 06:00:00+07:00,SKU-003,6.0,271.0,0,565.0,0,802.0,0,train
2026-07-24 07:00:00+07:00,SKU-003,1.0,278.0,0,573.0,0,807.0,0,train
2026-07-24 08:00:00+07:00,SKU-003,9.0,278.0,0,572.0,0,803.0,0,train
2026-07-24 09:00:00+07:00,SKU-003,18.0,271.0,0,572.0,0,790.0,0,train
2026-07-24 10:00:00+07:00,SKU-003,17.0,268.0,0,566.0,0,775.0,0,train
2026-07-24 11:00:00+07:00,SKU-003,18.0,258.0,0,566.0,0,762.0,0,train
2026-07-24 12:00:00+07:00,SKU-003,21.0,254.0,0,553.0,0,756.0,0,train
2026-07-24 13:00:00+07:00,SKU-003,5.0,274.0,0,556.0,0,763.0,0,train
2026-07-24 14:00:00+07:00,SKU-003,12.0,276.0,0,557.0,0,757.0,0,train
2026-07-24 15:00:00+07:00,SKU-003,12.0,279.0,0,559.0,0,752.0,0,train
2026-07-24 16:00:00+07:00,SKU-003,8.0,290.0,0,565.0,0,753.0,0,train
2026-07-24 17:00:00+07:00,SKU-003,18.0,286.0,0,566.0,0,751.0,0,train
2026-07-24 18:00:00+07:00,SKU-003,3.0,317.0,0,585.0,0,758.0,0,train
2026-07-24 19:00:00+07:00,SKU-003,39.0,296.0,0,566.0,0,738.0,0,train
2026-07-24 20:00:00+07:00,SKU-003,26.0,298.0,0,557.0,0,737.0,0,train
2026-07-24 21:00:00+07:00,SKU-003,21.0,298.0,0,543.0,0,742.0,0,train
2026-07-24 22:00:00+07:00,SKU-003,12.0,296.0,0,545.0,0,757.0,0,train
2026-07-24 23:00:00+07:00,SKU-003,8.0,295.0,0,547.0,0,753.0,0,train
2026-07-25 00:00:00+07:00,SKU-003,7.0,290.0,0,540.0,0,750.0,0,train
2026-07-25 01:00:00+07:00,SKU-003,4.0,289.0,0,537.0,0,747.0,0,train
2026-07-25 02:00:00+07:00,SKU-003,1.0,288.0,0,537.0,0,746.0,0,train
2026-07-25 03:00:00+07:00,SKU-003,1.0,288.0,0,537.0,0,746.0,0,train
2026-07-25 04:00:00+07:00,SKU-003,1.0,290.0,0,536.0,0,745.0,0,train
2026-07-25 05:00:00+07:00,SKU-003,6.0,286.0,0,530.0,0,743.0,0,train
2026-07-25 06:00:00+07:00,SKU-003,3.0,294.0,0,531.0,0,745.0,0,train
2026-07-25 07:00:00+07:00,SKU-003,8.0,295.0,0,529.0,0,742.0,0,train
2026-07-25 08:00:00+07:00,SKU-003,9.0,294.0,0,525.0,0,742.0,0,train
2026-07-25 09:00:00+07:00,SKU-003,11.0,301.0,0,519.0,0,747.0,0,train
2026-07-25 10:00:00+07:00,SKU-003,14.0,298.0,0,507.0,0,760.0,0,train
2026-07-25 11:00:00+07:00,SKU-003,8.0,308.0,0,504.0,0,761.0,0,train
2026-07-25 12:00:00+07:00,SKU-003,17.0,299.0,0,502.0,0,770.0,0,train
2026-07-25 13:00:00+07:00,SKU-003,25.0,282.0,0,489.0,0,763.0,0,train
2026-07-25 14:00:00+07:00,SKU-003,14.0,281.0,0,481.0,0,766.0,0,train
2026-07-25 15:00:00+07:00,SKU-003,15.0,280.0,0,473.0,0,760.0,0,train
2026-07-25 16:00:00+07:00,SKU-003,19.0,275.0,0,463.0,0,753.0,0,train
2026-07-25 17:00:00+07:00,SKU-003,14.0,280.0,0,465.0,0,749.0,0,train
2026-07-25 18:00:00+07:00,SKU-003,34.0,268.0,0,441.0,0,753.0,0,train
2026-07-25 19:00:00+07:00,SKU-003,18.0,270.0,0,442.0,0,765.0,0,train
2026-07-25 20:00:00+07:00,SKU-003,28.0,259.0,0,439.0,0,770.0,0,train
2026-07-25 21:00:00+07:00,SKU-003,21.0,245.0,0,444.0,0,769.0,0,train
2026-07-25 22:00:00+07:00,SKU-003,10.0,249.0,0,461.0,0,782.0,0,train
2026-07-25 23:00:00+07:00,SKU-003,7.0,252.0,0,458.0,0,784.0,0,train
2026-07-26 00:00:00+07:00,SKU-003,2.0,250.0,0,460.0,0,785.0,0,train
2026-07-26 01:00:00+07:00,SKU-003,3.0,248.0,0,458.0,0,782.0,0,train
2026-07-26 02:00:00+07:00,SKU-003,0.0,249.0,0,458.0,0,787.0,0,train
2026-07-26 03:00:00+07:00,SKU-003,1.0,249.0,0,458.0,0,788.0,0,train
2026-07-26 04:00:00+07:00,SKU-003,3.0,246.0,0,455.0,0,786.0,0,train
2026-07-26 05:00:00+07:00,SKU-003,2.0,244.0,0,457.0,0,787.0,0,train
2026-07-26 06:00:00+07:00,SKU-003,11.0,237.0,0,451.0,0,778.0,0,train
2026-07-26 07:00:00+07:00,SKU-003,9.0,234.0,0,447.0,0,776.0,0,train
2026-07-26 08:00:00+07:00,SKU-003,8.0,231.0,0,448.0,0,776.0,0,train
2026-07-26 09:00:00+07:00,SKU-003,18.0,218.0,0,446.0,0,764.0,0,train
2026-07-26 10:00:00+07:00,SKU-003,11.0,209.0,0,462.0,0,768.0,0,train
2026-07-26 11:00:00+07:00,SKU-003,18.0,196.0,0,453.0,0,764.0,0,train
2026-07-26 12:00:00+07:00,SKU-003,8.0,203.0,0,471.0,0,779.0,0,train
2026-07-26 13:00:00+07:00,SKU-003,8.0,207.0,0,481.0,0,779.0,0,train
2026-07-26 14:00:00+07:00,SKU-003,13.0,200.0,0,485.0,0,778.0,0,train
2026-07-26 15:00:00+07:00,SKU-003,14.0,193.0,0,480.0,0,772.0,0,train
2026-07-26 16:00:00+07:00,SKU-003,14.0,188.0,0,478.0,0,778.0,0,train
2026-07-26 17:00:00+07:00,SKU-003,19.0,185.0,0,469.0,0,781.0,0,train
2026-07-26 18:00:00+07:00,SKU-003,22.0,173.0,0,485.0,0,775.0,0,train
2026-07-26 19:00:00+07:00,SKU-003,20.0,172.0,0,495.0,0,775.0,0,train
2026-07-26 20:00:00+07:00,SKU-003,17.0,180.0,0,511.0,0,781.0,0,train
2026-07-26 21:00:00+07:00,SKU-003,7.0,199.0,0,524.0,0,792.0,0,train
2026-07-26 22:00:00+07:00,SKU-003,14.0,212.0,0,533.0,0,787.0,0,train
2026-07-26 23:00:00+07:00,SKU-003,10.0,206.0,0,532.0,0,786.0,0,train
2026-07-27 00:00:00+07:00,SKU-003,0.0,210.0,0,535.0,0,787.0,0,train
2026-07-27 01:00:00+07:00,SKU-003,1.0,210.0,0,534.0,0,790.0,0,train
2026-07-27 02:00:00+07:00,SKU-003,1.0,209.0,0,538.0,0,790.0,0,train
2026-07-27 03:00:00+07:00,SKU-003,1.0,209.0,0,539.0,0,791.0,0,train
2026-07-27 04:00:00+07:00,SKU-003,0.0,209.0,0,540.0,0,792.0,0,train
2026-07-27 05:00:00+07:00,SKU-003,0.0,213.0,0,543.0,0,793.0,0,train
2026-07-27 06:00:00+07:00,SKU-003,4.0,214.0,0,541.0,0,790.0,0,train
2026-07-27 07:00:00+07:00,SKU-003,6.0,213.0,0,542.0,0,794.0,0,train
2026-07-27 08:00:00+07:00,SKU-003,5.0,217.0,0,545.0,0,797.0,0,train
2026-07-27 09:00:00+07:00,SKU-003,5.0,228.0,0,546.0,0,811.0,0,train
2026-07-27 10:00:00+07:00,SKU-003,2.0,253.0,0,559.0,0,821.0,0,train
2026-07-27 11:00:00+07:00,SKU-003,5.0,257.0,0,568.0,0,828.0,0,train
2026-07-27 12:00:00+07:00,SKU-003,15.0,268.0,0,576.0,0,831.0,0,train
2026-07-27 13:00:00+07:00,SKU-003,12.0,274.0,0,572.0,0,829.0,0,train
2026-07-27 14:00:00+07:00,SKU-003,6.0,285.0,0,578.0,0,832.0,0,train
2026-07-27 15:00:00+07:00,SKU-003,7.0,287.0,0,579.0,0,841.0,0,train
2026-07-27 16:00:00+07:00,SKU-003,9.0,290.0,0,590.0,0,844.0,0,train
2026-07-27 17:00:00+07:00,SKU-003,16.0,284.0,0,596.0,0,839.0,0,train
2026-07-27 18:00:00+07:00,SKU-003,10.0,312.0,0,602.0,0,850.0,0,train
2026-07-27 19:00:00+07:00,SKU-003,19.0,323.0,0,603.0,0,860.0,0,train
2026-07-27 20:00:00+07:00,SKU-003,25.0,331.0,0,601.0,0,855.0,0,train
2026-07-27 21:00:00+07:00,SKU-003,26.0,325.0,0,593.0,0,845.0,0,train
2026-07-27 22:00:00+07:00,SKU-003,27.0,321.0,0,575.0,0,829.0,0,train
2026-07-27 23:00:00+07:00,SKU-003,4.0,326.0,0,580.0,0,828.0,0,train
2026-07-28 00:00:00+07:00,SKU-003,4.0,325.0,0,577.0,0,826.0,0,train
2026-07-28 01:00:00+07:00,SKU-003,1.0,324.0,0,580.0,0,825.0,0,train
2026-07-28 02:00:00+07:00,SKU-003,0.0,329.0,0,581.0,0,829.0,0,train
2026-07-28 03:00:00+07:00,SKU-003,1.0,330.0,0,582.0,0,828.0,0,train
2026-07-28 04:00:00+07:00,SKU-003,0.0,331.0,0,583.0,0,830.0,0,train
2026-07-28 05:00:00+07:00,SKU-003,4.0,330.0,0,580.0,0,827.0,0,train
2026-07-28 06:00:00+07:00,SKU-003,5.0,327.0,0,576.0,0,825.0,0,train
2026-07-28 07:00:00+07:00,SKU-003,5.0,329.0,0,581.0,0,833.0,0,train
2026-07-28 08:00:00+07:00,SKU-003,9.0,328.0,0,580.0,0,834.0,0,train
2026-07-28 09:00:00+07:00,SKU-003,16.0,318.0,0,583.0,0,831.0,0,train
2026-07-28 10:00:00+07:00,SKU-003,27.0,306.0,0,568.0,0,824.0,0,train
2026-07-28 11:00:00+07:00,SKU-003,9.0,311.0,0,571.0,0,844.0,0,train
2026-07-28 12:00:00+07:00,SKU-003,26.0,308.0,0,563.0,0,836.0,0,train
2026-07-28 13:00:00+07:00,SKU-003,18.0,298.0,0,555.0,0,845.0,0,train
2026-07-28 14:00:00+07:00,SKU-003,17.0,293.0,0,547.0,0,852.0,0,train
2026-07-28 15:00:00+07:00,SKU-003,9.0,292.0,0,554.0,0,852.0,0,train
2026-07-28 16:00:00+07:00,SKU-003,12.0,300.0,0,554.0,0,847.0,0,train
2026-07-28 17:00:00+07:00,SKU-003,10.0,312.0,0,555.0,0,847.0,0,train
2026-07-28 18:00:00+07:00,SKU-003,38.0,290.0,0,538.0,0,839.0,0,train
2026-07-28 19:00:00+07:00,SKU-003,30.0,280.0,0,537.0,0,832.0,0,train
2026-07-28 20:00:00+07:00,SKU-003,33.0,270.0,0,524.0,0,806.0,0,train
2026-07-28 21:00:00+07:00,SKU-003,20.0,268.0,0,520.0,0,798.0,0,train
2026-07-28 22:00:00+07:00,SKU-003,23.0,254.0,0,508.0,0,807.0,0,train
2026-07-28 23:00:00+07:00,SKU-003,9.0,254.0,0,502.0,0,807.0,0,train
2026-07-29 00:00:00+07:00,SKU-003,3.0,252.0,0,501.0,0,809.0,0,train
2026-07-29 01:00:00+07:00,SKU-003,0.0,256.0,0,501.0,0,811.0,0,train
2026-07-29 02:00:00+07:00,SKU-003,5.0,252.0,0,500.0,0,808.0,0,train
2026-07-29 03:00:00+07:00,SKU-003,2.0,252.0,0,498.0,0,806.0,0,train
2026-07-29 04:00:00+07:00,SKU-003,1.0,252.0,0,499.0,0,805.0,0,train
2026-07-29 05:00:00+07:00,SKU-003,3.0,250.0,0,497.0,0,805.0,0,train
2026-07-29 06:00:00+07:00,SKU-003,2.0,249.0,0,498.0,0,807.0,0,train
2026-07-29 07:00:00+07:00,SKU-003,7.0,252.0,0,504.0,0,807.0,0,train
2026-07-29 08:00:00+07:00,SKU-003,8.0,252.0,0,506.0,0,808.0,0,train
2026-07-29 09:00:00+07:00,SKU-003,6.0,265.0,0,513.0,0,817.0,0,train
2026-07-29 10:00:00+07:00,SKU-003,15.0,262.0,0,518.0,0,824.0,0,train
2026-07-29 11:00:00+07:00,SKU-003,14.0,260.0,0,533.0,0,826.0,0,train
2026-07-29 12:00:00+07:00,SKU-003,23.0,255.0,0,528.0,0,825.0,0,train
2026-07-29 13:00:00+07:00,SKU-003,8.0,257.0,0,547.0,0,847.0,0,train
2026-07-29 14:00:00+07:00,SKU-003,12.0,254.0,0,559.0,0,853.0,0,train
2026-07-29 15:00:00+07:00,SKU-003,8.0,262.0,0,560.0,0,857.0,0,train
2026-07-29 16:00:00+07:00,SKU-003,20.0,254.0,0,547.0,0,847.0,0,train
2026-07-29 17:00:00+07:00,SKU-003,22.0,243.0,0,535.0,0,860.0,0,train
2026-07-29 18:00:00+07:00,SKU-003,16.0,248.0,0,549.0,0,856.0,0,train
2026-07-29 19:00:00+07:00,SKU-003,20.0,257.0,0,552.0,0,869.0,0,train
2026-07-29 20:00:00+07:00,SKU-003,23.0,254.0,0,536.0,0,865.0,0,train
2026-07-29 21:00:00+07:00,SKU-003,18.0,252.0,0,530.0,0,875.0,0,train
2026-07-29 22:00:00+07:00,SKU-003,9.0,254.0,0,553.0,0,877.0,0,train
2026-07-29 23:00:00+07:00,SKU-003,9.0,248.0,0,553.0,0,875.0,0,train
2026-07-30 00:00:00+07:00,SKU-003,1.0,249.0,0,557.0,0,878.0,0,train
2026-07-30 01:00:00+07:00,SKU-003,4.0,245.0,0,555.0,0,876.0,0,train
2026-07-30 02:00:00+07:00,SKU-003,1.0,248.0,0,556.0,0,879.0,0,train
2026-07-30 03:00:00+07:00,SKU-003,2.0,246.0,0,554.0,0,878.0,0,train
2026-07-30 04:00:00+07:00,SKU-003,1.0,247.0,0,553.0,0,878.0,0,train
2026-07-30 05:00:00+07:00,SKU-003,1.0,247.0,0,555.0,0,877.0,0,train
2026-07-30 06:00:00+07:00,SKU-003,1.0,249.0,0,558.0,0,885.0,0,train
2026-07-30 07:00:00+07:00,SKU-003,10.0,252.0,0,555.0,0,879.0,0,train
2026-07-30 08:00:00+07:00,SKU-003,8.0,254.0,0,556.0,0,882.0,0,train
2026-07-30 09:00:00+07:00,SKU-003,19.0,248.0,0,552.0,0,877.0,0,train
2026-07-30 10:00:00+07:00,SKU-003,12.0,256.0,0,562.0,0,878.0,0,train
2026-07-30 11:00:00+07:00,SKU-003,12.0,273.0,0,566.0,0,880.0,0,train
2026-07-30 12:00:00+07:00,SKU-003,18.0,273.0,0,570.0,0,882.0,0,train
2026-07-30 13:00:00+07:00,SKU-003,10.0,290.0,0,590.0,0,887.0,0,train
2026-07-30 14:00:00+07:00,SKU-003,9.0,305.0,0,599.0,0,905.0,0,train
2026-07-30 15:00:00+07:00,SKU-003,16.0,298.0,0,595.0,0,912.0,0,train
2026-07-30 16:00:00+07:00,SKU-003,12.0,293.0,0,593.0,0,928.0,0,train
2026-07-30 17:00:00+07:00,SKU-003,11.0,292.0,0,617.0,0,929.0,0,train
2026-07-30 18:00:00+07:00,SKU-003,21.0,301.0,0,608.0,0,919.0,0,train
2026-07-30 19:00:00+07:00,SKU-003,29.0,295.0,0,612.0,0,928.0,0,train
2026-07-30 20:00:00+07:00,SKU-003,20.0,282.0,0,611.0,0,922.0,0,train
2026-07-30 21:00:00+07:00,SKU-003,16.0,278.0,0,623.0,0,921.0,0,train
2026-07-30 22:00:00+07:00,SKU-003,11.0,299.0,0,623.0,0,921.0,0,train
2026-07-30 23:00:00+07:00,SKU-003,3.0,305.0,0,627.0,0,924.0,0,train
2026-07-31 00:00:00+07:00,SKU-003,2.0,308.0,0,629.0,0,923.0,0,train
2026-07-31 01:00:00+07:00,SKU-003,0.0,310.0,0,631.0,0,924.0,0,train
2026-07-31 02:00:00+07:00,SKU-003,4.0,308.0,0,631.0,0,920.0,0,train
2026-07-31 03:00:00+07:00,SKU-003,0.0,308.0,0,632.0,0,925.0,0,train
2026-07-31 04:00:00+07:00,SKU-003,2.0,306.0,0,631.0,0,924.0,0,train
2026-07-31 05:00:00+07:00,SKU-003,1.0,308.0,0,630.0,0,925.0,0,train
2026-07-31 06:00:00+07:00,SKU-003,3.0,309.0,0,636.0,0,930.0,0,train
2026-07-31 07:00:00+07:00,SKU-003,13.0,303.0,0,627.0,0,927.0,0,train
2026-07-31 08:00:00+07:00,SKU-003,10.0,302.0,0,628.0,0,925.0,0,train
2026-07-31 09:00:00+07:00,SKU-003,13.0,304.0,0,629.0,0,918.0,0,train
2026-07-31 10:00:00+07:00,SKU-003,20.0,306.0,0,622.0,0,903.0,0,train
2026-07-31 11:00:00+07:00,SKU-003,29.0,293.0,0,607.0,0,891.0,0,train
2026-07-31 12:00:00+07:00,SKU-003,18.0,297.0,0,609.0,0,887.0,0,train
2026-07-31 13:00:00+07:00,SKU-003,27.0,300.0,0,597.0,0,863.0,0,train
2026-07-31 14:00:00+07:00,SKU-003,24.0,294.0,0,600.0,0,846.0,0,train
2026-07-31 15:00:00+07:00,SKU-003,9.0,297.0,0,614.0,0,852.0,0,train
2026-07-31 16:00:00+07:00,SKU-003,7.0,300.0,0,635.0,0,850.0,0,train
2026-07-31 17:00:00+07:00,SKU-003,10.0,325.0,0,637.0,0,853.0,0,train
2026-07-31 18:00:00+07:00,SKU-003,30.0,307.0,0,618.0,0,834.0,0,train
2026-07-31 19:00:00+07:00,SKU-003,23.0,317.0,0,633.0,0,833.0,0,train
2026-07-31 20:00:00+07:00,SKU-003,7.0,329.0,0,640.0,0,837.0,0,train
2026-07-31 21:00:00+07:00,SKU-003,12.0,345.0,0,643.0,0,837.0,0,train
2026-07-31 22:00:00+07:00,SKU-003,32.0,324.0,0,622.0,0,821.0,0,train
2026-07-31 23:00:00+07:00,SKU-003,9.0,322.0,0,619.0,0,816.0,0,train
2026-08-01 00:00:00+07:00,SKU-003,5.0,321.0,0,615.0,0,812.0,0,train
2026-08-01 01:00:00+07:00,SKU-003,2.0,321.0,0,614.0,0,813.0,0,train
2026-08-01 02:00:00+07:00,SKU-003,2.0,323.0,0,612.0,0,812.0,0,train
2026-08-01 03:00:00+07:00,SKU-003,0.0,324.0,0,617.0,0,812.0,0,train
2026-08-01 04:00:00+07:00,SKU-003,0.0,325.0,0,618.0,0,813.0,0,train
2026-08-01 05:00:00+07:00,SKU-003,3.0,322.0,0,617.0,0,812.0,0,train
2026-08-01 06:00:00+07:00,SKU-003,4.0,327.0,0,621.0,0,811.0,0,train
2026-08-01 07:00:00+07:00,SKU-003,7.0,324.0,0,624.0,0,808.0,0,train
2026-08-01 08:00:00+07:00,SKU-003,9.0,326.0,0,623.0,0,804.0,0,train
2026-08-01 09:00:00+07:00,SKU-003,15.0,325.0,0,614.0,0,799.0,0,train
2026-08-01 10:00:00+07:00,SKU-003,22.0,316.0,0,597.0,0,789.0,0,train
2026-08-01 11:00:00+07:00,SKU-003,16.0,314.0,0,598.0,0,777.0,0,train
2026-08-01 12:00:00+07:00,SKU-003,22.0,312.0,0,590.0,0,771.0,0,train
2026-08-01 13:00:00+07:00,SKU-003,30.0,297.0,0,563.0,0,748.0,0,train
2026-08-01 14:00:00+07:00,SKU-003,18.0,306.0,0,552.0,0,746.0,0,train
2026-08-01 15:00:00+07:00,SKU-003,12.0,317.0,0,555.0,0,738.0,0,train
2026-08-01 16:00:00+07:00,SKU-003,10.0,335.0,0,550.0,0,734.0,0,train
2026-08-01 17:00:00+07:00,SKU-003,35.0,312.0,0,528.0,0,708.0,0,train
2026-08-01 18:00:00+07:00,SKU-003,12.0,311.0,0,527.0,0,709.0,0,train
2026-08-01 19:00:00+07:00,SKU-003,33.0,316.0,0,516.0,0,687.0,0,train
2026-08-01 20:00:00+07:00,SKU-003,19.0,311.0,0,508.0,0,680.0,0,train
2026-08-01 21:00:00+07:00,SKU-003,28.0,298.0,0,492.0,0,663.0,0,train
2026-08-01 22:00:00+07:00,SKU-003,11.0,298.0,0,497.0,0,658.0,0,train
2026-08-01 23:00:00+07:00,SKU-003,7.0,297.0,0,494.0,0,657.0,0,train
2026-08-02 00:00:00+07:00,SKU-003,4.0,294.0,0,491.0,0,653.0,0,train
2026-08-02 01:00:00+07:00,SKU-003,2.0,293.0,0,492.0,0,652.0,0,train
2026-08-02 02:00:00+07:00,SKU-003,4.0,289.0,0,489.0,0,650.0,0,train
2026-08-02 03:00:00+07:00,SKU-003,1.0,293.0,0,488.0,0,649.0,0,train
2026-08-02 04:00:00+07:00,SKU-003,1.0,293.0,0,488.0,0,649.0,0,train
2026-08-02 05:00:00+07:00,SKU-003,0.0,295.0,0,490.0,0,650.0,0,train
2026-08-02 06:00:00+07:00,SKU-003,9.0,294.0,0,484.0,0,647.0,0,train
2026-08-02 07:00:00+07:00,SKU-003,4.0,300.0,0,484.0,0,646.0,0,train
2026-08-02 08:00:00+07:00,SKU-003,11.0,297.0,0,478.0,0,639.0,0,train
2026-08-02 09:00:00+07:00,SKU-003,14.0,289.0,0,474.0,0,629.0,0,train
2026-08-02 10:00:00+07:00,SKU-003,13.0,281.0,0,473.0,0,626.0,0,train
2026-08-02 11:00:00+07:00,SKU-003,14.0,284.0,0,463.0,0,629.0,0,train
2026-08-02 12:00:00+07:00,SKU-003,20.0,278.0,0,459.0,0,613.0,0,train
2026-08-02 13:00:00+07:00,SKU-003,15.0,266.0,0,451.0,0,608.0,0,train
2026-08-02 14:00:00+07:00,SKU-003,27.0,246.0,0,440.0,0,586.0,0,train
2026-08-02 15:00:00+07:00,SKU-003,23.0,238.0,0,421.0,0,574.0,0,train
2026-08-02 16:00:00+07:00,SKU-003,28.0,215.0,0,399.0,0,555.0,0,train
2026-08-02 17:00:00+07:00,SKU-003,12.0,216.0,0,396.0,0,550.0,0,train
2026-08-02 18:00:00+07:00,SKU-003,11.0,216.0,0,398.0,0,545.0,0,train
2026-08-02 19:00:00+07:00,SKU-003,38.0,200.0,0,371.0,0,523.0,0,train
2026-08-02 20:00:00+07:00,SKU-003,14.0,197.0,0,369.0,0,514.0,0,train
2026-08-02 21:00:00+07:00,SKU-003,15.0,194.0,0,365.0,0,520.0,0,train
2026-08-02 22:00:00+07:00,SKU-003,11.0,199.0,0,360.0,0,514.0,0,train
2026-08-02 23:00:00+07:00,SKU-003,6.0,197.0,0,360.0,0,509.0,0,train
2026-08-03 00:00:00+07:00,SKU-003,1.0,197.0,0,359.0,0,510.0,0,train
2026-08-03 01:00:00+07:00,SKU-003,1.0,199.0,0,359.0,0,511.0,0,train
2026-08-03 02:00:00+07:00,SKU-003,0.0,200.0,0,361.0,0,514.0,0,train
2026-08-03 03:00:00+07:00,SKU-003,5.0,195.0,0,356.0,0,510.0,0,train
2026-08-03 04:00:00+07:00,SKU-003,1.0,195.0,0,356.0,0,509.0,0,train
2026-08-03 05:00:00+07:00,SKU-003,2.0,195.0,0,355.0,0,509.0,0,train
2026-08-03 06:00:00+07:00,SKU-003,8.0,190.0,0,353.0,0,503.0,0,train
2026-08-03 07:00:00+07:00,SKU-003,10.0,184.0,0,346.0,0,501.0,0,train
2026-08-03 08:00:00+07:00,SKU-003,8.0,181.0,0,342.0,0,496.0,0,train
2026-08-03 09:00:00+07:00,SKU-003,6.0,185.0,0,340.0,0,497.0,0,train
2026-08-03 10:00:00+07:00,SKU-003,5.0,192.0,0,345.0,0,504.0,0,train
2026-08-03 11:00:00+07:00,SKU-003,17.0,179.0,0,345.0,0,496.0,0,train
2026-08-03 12:00:00+07:00,SKU-003,14.0,181.0,0,335.0,0,500.0,0,train
2026-08-03 13:00:00+07:00,SKU-003,3.0,185.0,0,342.0,0,506.0,0,train
2026-08-03 14:00:00+07:00,SKU-003,7.0,194.0,0,340.0,0,511.0,0,train
2026-08-03 15:00:00+07:00,SKU-003,15.0,183.0,0,336.0,0,508.0,0,train
2026-08-03 16:00:00+07:00,SKU-003,5.0,184.0,0,340.0,0,506.0,0,train
2026-08-03 17:00:00+07:00,SKU-003,13.0,180.0,0,334.0,0,505.0,0,train
2026-08-03 18:00:00+07:00,SKU-003,11.0,182.0,0,329.0,0,507.0,0,train
2026-08-03 19:00:00+07:00,SKU-003,22.0,171.0,0,323.0,0,497.0,0,train
2026-08-03 20:00:00+07:00,SKU-003,11.0,172.0,0,317.0,0,504.0,0,train
2026-08-03 21:00:00+07:00,SKU-003,12.0,171.0,0,326.0,0,508.0,0,train
2026-08-03 22:00:00+07:00,SKU-003,16.0,161.0,0,315.0,0,499.0,0,train
2026-08-03 23:00:00+07:00,SKU-003,4.0,163.0,0,312.0,0,500.0,0,train
2026-08-04 00:00:00+07:00,SKU-003,1.0,162.0,0,313.0,0,499.0,0,train
2026-08-04 01:00:00+07:00,SKU-003,3.0,160.0,0,312.0,0,496.0,0,train
2026-08-04 02:00:00+07:00,SKU-003,1.0,161.0,0,314.0,0,495.0,0,train
2026-08-04 03:00:00+07:00,SKU-003,0.0,161.0,0,315.0,0,495.0,0,train
2026-08-04 04:00:00+07:00,SKU-003,1.0,161.0,0,314.0,0,494.0,0,train
2026-08-04 05:00:00+07:00,SKU-003,2.0,160.0,0,314.0,0,493.0,0,train
2026-08-04 06:00:00+07:00,SKU-003,3.0,163.0,0,313.0,0,496.0,0,train
2026-08-04 07:00:00+07:00,SKU-003,4.0,162.0,0,317.0,0,493.0,0,train
2026-08-04 08:00:00+07:00,SKU-003,5.0,161.0,0,315.0,0,494.0,0,train
2026-08-04 09:00:00+07:00,SKU-003,10.0,155.0,0,312.0,0,491.0,0,train
2026-08-04 10:00:00+07:00,SKU-003,12.0,153.0,0,312.0,0,489.0,0,train
2026-08-04 11:00:00+07:00,SKU-003,4.0,166.0,0,317.0,0,490.0,0,train
2026-08-04 12:00:00+07:00,SKU-003,16.0,154.0,0,319.0,0,490.0,0,train
2026-08-04 13:00:00+07:00,SKU-003,7.0,157.0,0,321.0,0,492.0,0,train
2026-08-04 14:00:00+07:00,SKU-003,16.0,146.0,0,317.0,0,483.0,0,train
2026-08-04 15:00:00+07:00,SKU-003,4.0,153.0,0,325.0,0,488.0,0,train
2026-08-04 16:00:00+07:00,SKU-003,6.0,156.0,0,322.0,0,499.0,0,train
2026-08-04 17:00:00+07:00,SKU-003,9.0,154.0,0,325.0,0,505.0,0,train
2026-08-04 18:00:00+07:00,SKU-003,13.0,147.0,0,325.0,0,504.0,0,train
2026-08-04 19:00:00+07:00,SKU-003,11.0,152.0,0,326.0,0,505.0,0,train
2026-08-04 20:00:00+07:00,SKU-003,12.0,145.0,0,332.0,0,510.0,0,train
2026-08-04 21:00:00+07:00,SKU-003,11.0,155.0,0,337.0,0,506.0,0,train
2026-08-04 22:00:00+07:00,SKU-003,6.0,154.0,0,338.0,0,509.0,0,train
2026-08-04 23:00:00+07:00,SKU-003,6.0,149.0,0,337.0,0,504.0,0,train
2026-08-05 00:00:00+07:00,SKU-003,0.0,151.0,0,337.0,0,510.0,0,train
2026-08-05 01:00:00+07:00,SKU-003,1.0,152.0,0,336.0,0,511.0,0,train
2026-08-05 02:00:00+07:00,SKU-003,2.0,153.0,0,334.0,0,509.0,0,train
2026-08-05 03:00:00+07:00,SKU-003,0.0,154.0,0,334.0,0,509.0,0,train
2026-08-05 04:00:00+07:00,SKU-003,1.0,153.0,0,333.0,0,508.0,0,train
2026-08-05 05:00:00+07:00,SKU-003,1.0,154.0,0,333.0,0,509.0,0,train
2026-08-05 06:00:00+07:00,SKU-003,6.0,150.0,0,333.0,0,507.0,0,train
2026-08-05 07:00:00+07:00,SKU-003,3.0,155.0,0,331.0,0,509.0,0,train
2026-08-05 08:00:00+07:00,SKU-003,4.0,154.0,0,333.0,0,514.0,0,train
2026-08-05 09:00:00+07:00,SKU-003,4.0,157.0,0,336.0,0,514.0,0,train
2026-08-05 10:00:00+07:00,SKU-003,10.0,159.0,0,336.0,0,518.0,0,train
2026-08-05 11:00:00+07:00,SKU-003,17.0,151.0,0,324.0,0,514.0,0,train
2026-08-05 12:00:00+07:00,SKU-003,4.0,165.0,0,336.0,0,525.0,0,train
2026-08-05 13:00:00+07:00,SKU-003,10.0,164.0,0,335.0,0,530.0,0,train
2026-08-05 14:00:00+07:00,SKU-003,5.0,171.0,0,337.0,0,531.0,0,train
2026-08-05 15:00:00+07:00,SKU-003,11.0,172.0,0,335.0,0,531.0,0,train
2026-08-05 16:00:00+07:00,SKU-003,9.0,166.0,0,343.0,0,534.0,0,train
2026-08-05 17:00:00+07:00,SKU-003,7.0,171.0,0,351.0,0,548.0,0,train
2026-08-05 18:00:00+07:00,SKU-003,6.0,178.0,0,357.0,0,558.0,0,train
2026-08-05 19:00:00+07:00,SKU-003,16.0,174.0,0,353.0,0,559.0,0,train
2026-08-05 20:00:00+07:00,SKU-003,5.0,187.0,0,365.0,0,583.0,0,train
2026-08-05 21:00:00+07:00,SKU-003,21.0,182.0,0,351.0,0,578.0,0,train
2026-08-05 22:00:00+07:00,SKU-003,5.0,184.0,0,355.0,0,592.0,0,train
2026-08-05 23:00:00+07:00,SKU-003,1.0,188.0,0,355.0,0,597.0,0,train
2026-08-06 00:00:00+07:00,SKU-003,2.0,186.0,0,359.0,0,595.0,0,train
2026-08-06 01:00:00+07:00,SKU-003,2.0,184.0,0,359.0,0,594.0,0,train
2026-08-06 02:00:00+07:00,SKU-003,3.0,181.0,0,356.0,0,592.0,0,train
2026-08-06 03:00:00+07:00,SKU-003,1.0,180.0,0,355.0,0,592.0,0,train
2026-08-06 04:00:00+07:00,SKU-003,0.0,180.0,0,355.0,0,592.0,0,train
2026-08-06 05:00:00+07:00,SKU-003,2.0,179.0,0,355.0,0,591.0,0,train
2026-08-06 06:00:00+07:00,SKU-003,2.0,183.0,0,357.0,0,593.0,0,train
2026-08-06 07:00:00+07:00,SKU-003,8.0,176.0,0,354.0,0,592.0,0,train
2026-08-06 08:00:00+07:00,SKU-003,3.0,179.0,0,360.0,0,590.0,0,train
2026-08-06 09:00:00+07:00,SKU-003,7.0,179.0,0,357.0,0,601.0,0,train
2026-08-06 10:00:00+07:00,SKU-003,12.0,177.0,0,359.0,0,599.0,0,train
2026-08-06 11:00:00+07:00,SKU-003,9.0,173.0,0,363.0,0,623.0,0,train
2026-08-06 12:00:00+07:00,SKU-003,18.0,171.0,0,360.0,0,622.0,0,train
2026-08-06 13:00:00+07:00,SKU-003,9.0,171.0,0,366.0,0,642.0,0,train
2026-08-06 14:00:00+07:00,SKU-003,12.0,166.0,0,360.0,0,679.0,0,train
2026-08-06 15:00:00+07:00,SKU-003,12.0,163.0,0,359.0,0,691.0,0,train
2026-08-06 16:00:00+07:00,SKU-003,3.0,177.0,0,368.0,0,727.0,0,train
2026-08-06 17:00:00+07:00,SKU-003,12.0,180.0,0,377.0,0,768.0,0,train
2026-08-06 18:00:00+07:00,SKU-003,13.0,179.0,0,380.0,0,783.0,0,train
2026-08-06 19:00:00+07:00,SKU-003,12.0,179.0,0,385.0,0,799.0,0,train
2026-08-06 20:00:00+07:00,SKU-003,18.0,178.0,0,396.0,0,841.0,0,train
2026-08-06 21:00:00+07:00,SKU-003,16.0,169.0,0,396.0,0,908.0,0,train
2026-08-06 22:00:00+07:00,SKU-003,7.0,171.0,0,408.0,0,947.0,0,train
2026-08-06 23:00:00+07:00,SKU-003,5.0,167.0,0,409.0,0,955.0,0,train
2026-08-07 00:00:00+07:00,SKU-003,0.0,173.0,0,409.0,0,961.0,0,train
2026-08-07 01:00:00+07:00,SKU-003,0.0,175.0,0,410.0,0,970.0,0,train
2026-08-07 02:00:00+07:00,SKU-003,0.0,175.0,0,411.0,0,971.0,0,train
2026-08-07 03:00:00+07:00,SKU-003,0.0,175.0,0,412.0,0,972.0,0,train
2026-08-07 04:00:00+07:00,SKU-003,0.0,175.0,0,412.0,0,974.0,0,train
2026-08-07 05:00:00+07:00,SKU-003,1.0,176.0,0,412.0,0,978.0,0,train
2026-08-07 06:00:00+07:00,SKU-003,6.0,174.0,0,410.0,0,980.0,0,train
2026-08-07 07:00:00+07:00,SKU-003,1.0,178.0,0,416.0,0,1001.0,0,train
2026-08-07 08:00:00+07:00,SKU-003,6.0,181.0,0,411.0,0,1011.0,0,train
2026-08-07 09:00:00+07:00,SKU-003,7.0,178.0,0,422.0,0,1030.0,0,train
2026-08-07 10:00:00+07:00,SKU-003,10.0,182.0,0,422.0,0,1049.0,0,train
2026-08-07 11:00:00+07:00,SKU-003,5.0,190.0,0,450.0,0,1085.0,0,train
2026-08-07 12:00:00+07:00,SKU-003,16.0,189.0,0,451.0,0,1100.0,0,train
2026-08-07 13:00:00+07:00,SKU-003,9.0,195.0,0,471.0,0,1124.0,0,train
2026-08-07 14:00:00+07:00,SKU-003,7.0,194.0,0,513.0,0,1136.0,0,train
2026-08-07 15:00:00+07:00,SKU-003,9.0,196.0,0,528.0,0,1141.0,0,train
2026-08-07 16:00:00+07:00,SKU-003,17.0,191.0,0,550.0,0,1143.0,0,train
2026-08-07 17:00:00+07:00,SKU-003,15.0,197.0,0,588.0,0,1162.0,0,train
2026-08-07 18:00:00+07:00,SKU-003,12.0,201.0,0,604.0,0,1191.0,0,train
2026-08-07 19:00:00+07:00,SKU-003,12.0,206.0,0,620.0,0,1210.0,0,train
2026-08-07 20:00:00+07:00,SKU-003,17.0,218.0,0,663.0,0,1226.0,0,train
2026-08-07 21:00:00+07:00,SKU-003,7.0,227.0,0,739.0,0,1274.0,0,train
2026-08-07 22:00:00+07:00,SKU-003,9.0,237.0,0,776.0,0,1282.0,0,train
2026-08-07 23:00:00+07:00,SKU-003,1.0,242.0,0,788.0,0,1293.0,0,train
2026-08-08 00:00:00+07:00,SKU-003,6.0,236.0,0,788.0,0,1299.0,0,train
2026-08-08 01:00:00+07:00,SKU-003,2.0,235.0,0,795.0,0,1299.0,0,train
2026-08-08 02:00:00+07:00,SKU-003,0.0,236.0,0,796.0,0,1300.0,0,train
2026-08-08 03:00:00+07:00,SKU-003,0.0,237.0,0,797.0,0,1301.0,0,train
2026-08-08 04:00:00+07:00,SKU-003,0.0,237.0,0,799.0,0,1301.0,0,train
2026-08-08 05:00:00+07:00,SKU-003,2.0,236.0,0,802.0,0,1301.0,0,train
2026-08-08 06:00:00+07:00,SKU-003,4.0,236.0,0,806.0,0,1301.0,0,train
2026-08-08 07:00:00+07:00,SKU-003,5.0,238.0,0,823.0,0,1304.0,0,train
2026-08-08 08:00:00+07:00,SKU-003,9.0,230.0,0,830.0,0,1310.0,0,train
2026-08-08 09:00:00+07:00,SKU-003,4.0,244.0,0,852.0,0,1328.0,0,train
2026-08-08 10:00:00+07:00,SKU-003,14.0,240.0,0,867.0,0,1331.0,0,train
2026-08-08 11:00:00+07:00,SKU-003,13.0,260.0,0,895.0,0,1344.0,0,train
2026-08-08 12:00:00+07:00,SKU-003,15.0,262.0,0,911.0,0,1363.0,0,train
2026-08-08 13:00:00+07:00,SKU-003,15.0,276.0,0,929.0,0,1378.0,0,train
2026-08-08 14:00:00+07:00,SKU-003,6.0,319.0,0,942.0,0,1393.0,0,train
2026-08-08 15:00:00+07:00,SKU-003,11.0,332.0,0,945.0,0,1398.0,0,train
2026-08-08 16:00:00+07:00,SKU-003,12.0,359.0,0,952.0,0,1397.0,0,train
2026-08-08 17:00:00+07:00,SKU-003,21.0,391.0,0,965.0,0,1397.0,0,train
2026-08-08 18:00:00+07:00,SKU-003,16.0,403.0,0,990.0,0,1415.0,0,train
2026-08-08 19:00:00+07:00,SKU-003,17.0,414.0,0,1004.0,0,1427.0,0,train
2026-08-08 20:00:00+07:00,SKU-003,29.0,445.0,0,1008.0,0,1433.0,0,train
2026-08-08 21:00:00+07:00,SKU-003,16.0,512.0,0,1047.0,0,1445.0,0,train
2026-08-08 22:00:00+07:00,SKU-003,19.0,539.0,0,1045.0,0,1447.0,0,train
2026-08-08 23:00:00+07:00,SKU-003,6.0,546.0,0,1051.0,0,1446.0,0,train
2026-08-09 00:00:00+07:00,SKU-003,0.0,552.0,0,1063.0,0,1447.0,0,train
2026-08-09 01:00:00+07:00,SKU-003,1.0,560.0,0,1064.0,0,1448.0,0,train
2026-08-09 02:00:00+07:00,SKU-003,1.0,560.0,0,1064.0,0,1449.0,0,train
2026-08-09 03:00:00+07:00,SKU-003,1.0,560.0,0,1064.0,0,1448.0,0,train
2026-08-09 04:00:00+07:00,SKU-003,0.0,562.0,0,1064.0,0,1450.0,0,train
2026-08-09 05:00:00+07:00,SKU-003,1.0,566.0,0,1065.0,0,1451.0,0,train
2026-08-09 06:00:00+07:00,SKU-003,4.0,570.0,0,1065.0,0,1453.0,0,train
2026-08-09 07:00:00+07:00,SKU-003,7.0,585.0,0,1066.0,0,1463.0,0,train
2026-08-09 08:00:00+07:00,SKU-003,1.0,600.0,0,1080.0,0,1469.0,0,train
2026-08-09 09:00:00+07:00,SKU-003,18.0,608.0,0,1084.0,0,1460.0,0,train
2026-08-09 10:00:00+07:00,SKU-003,10.0,627.0,0,1091.0,0,1463.0,0,train
2026-08-09 11:00:00+07:00,SKU-003,33.0,635.0,0,1084.0,0,1446.0,0,train
2026-08-09 12:00:00+07:00,SKU-003,17.0,649.0,0,1101.0,0,1442.0,0,train
2026-08-09 13:00:00+07:00,SKU-003,29.0,653.0,0,1102.0,0,1420.0,0,train
2026-08-09 14:00:00+07:00,SKU-003,49.0,623.0,0,1074.0,0,1390.0,0,train
2026-08-09 15:00:00+07:00,SKU-003,24.0,613.0,0,1066.0,0,1386.0,0,train
2026-08-09 16:00:00+07:00,SKU-003,39.0,593.0,0,1038.0,0,1358.0,0,train
2026-08-09 17:00:00+07:00,SKU-003,53.0,574.0,0,1006.0,0,1323.0,0,train
2026-08-09 18:00:00+07:00,SKU-003,28.0,587.0,0,1012.0,0,1313.0,0,train
2026-08-09 19:00:00+07:00,SKU-003,28.0,590.0,0,1013.0,0,1300.0,0,train
2026-08-09 20:00:00+07:00,SKU-003,60.0,563.0,0,988.0,0,1294.0,0,train
2026-08-09 21:00:00+07:00,SKU-003,83.0,535.0,0,933.0,0,1232.0,0,train
2026-08-09 22:00:00+07:00,SKU-003,46.0,506.0,0,908.0,0,1196.0,0,train
2026-08-09 23:00:00+07:00,SKU-003,13.0,505.0,0,900.0,0,1194.0,0,train
2026-08-10 00:00:00+07:00,SKU-003,6.0,511.0,0,895.0,0,1195.0,0,train
2026-08-10 01:00:00+07:00,SKU-003,9.0,504.0,0,888.0,0,1188.0,0,train
2026-08-10 02:00:00+07:00,SKU-003,1.0,504.0,0,889.0,0,1188.0,0,train
2026-08-10 03:00:00+07:00,SKU-003,1.0,504.0,0,888.0,0,1188.0,0,train
2026-08-10 04:00:00+07:00,SKU-003,2.0,502.0,0,888.0,0,1187.0,0,train
2026-08-10 05:00:00+07:00,SKU-003,5.0,499.0,0,885.0,0,1186.0,0,train
2026-08-10 06:00:00+07:00,SKU-003,8.0,495.0,0,883.0,0,1180.0,0,train
2026-08-10 07:00:00+07:00,SKU-003,22.0,481.0,0,878.0,0,1162.0,0,train
2026-08-10 08:00:00+07:00,SKU-003,16.0,480.0,0,869.0,0,1159.0,0,train
2026-08-10 09:00:00+07:00,SKU-003,26.0,476.0,0,852.0,0,1158.0,0,train
2026-08-10 10:00:00+07:00,SKU-003,29.0,464.0,0,836.0,0,1152.0,0,train
2026-08-10 11:00:00+07:00,SKU-003,41.0,449.0,0,811.0,0,1123.0,0,train
2026-08-10 12:00:00+07:00,SKU-003,31.0,452.0,0,793.0,0,1100.0,0,train
2026-08-10 13:00:00+07:00,SKU-003,33.0,449.0,0,767.0,0,1085.0,0,train
2026-08-10 14:00:00+07:00,SKU-003,19.0,451.0,0,767.0,0,1081.0,0,train
2026-08-10 15:00:00+07:00,SKU-003,14.0,453.0,0,773.0,0,1091.0,0,train
2026-08-10 16:00:00+07:00,SKU-003,19.0,445.0,0,765.0,0,1079.0,0,train
2026-08-10 17:00:00+07:00,SKU-003,34.0,432.0,0,749.0,0,1057.0,0,train
2026-08-10 18:00:00+07:00,SKU-003,41.0,425.0,0,726.0,0,1038.0,0,train
2026-08-10 19:00:00+07:00,SKU-003,31.0,423.0,0,710.0,0,1018.0,0,train
2026-08-10 20:00:00+07:00,SKU-003,33.0,425.0,0,731.0,0,1023.0,0,train
2026-08-10 21:00:00+07:00,SKU-003,55.0,398.0,0,697.0,0,974.0,0,train
2026-08-10 22:00:00+07:00,SKU-003,17.0,402.0,0,690.0,0,967.0,0,train
2026-08-10 23:00:00+07:00,SKU-003,12.0,395.0,0,689.0,0,964.0,0,train
2026-08-11 00:00:00+07:00,SKU-003,12.0,384.0,0,684.0,0,954.0,0,train
2026-08-11 01:00:00+07:00,SKU-003,2.0,384.0,0,684.0,0,956.0,0,train
2026-08-11 02:00:00+07:00,SKU-003,1.0,385.0,0,684.0,0,958.0,0,train
2026-08-11 03:00:00+07:00,SKU-003,1.0,384.0,0,684.0,0,958.0,0,train
2026-08-11 04:00:00+07:00,SKU-003,0.0,386.0,0,685.0,0,960.0,0,train
2026-08-11 05:00:00+07:00,SKU-003,2.0,386.0,0,687.0,0,959.0,0,train
2026-08-11 06:00:00+07:00,SKU-003,4.0,388.0,0,685.0,0,962.0,0,train
2026-08-11 07:00:00+07:00,SKU-003,8.0,397.0,0,681.0,0,966.0,0,train
2026-08-11 08:00:00+07:00,SKU-003,15.0,389.0,0,679.0,0,960.0,0,train
2026-08-11 09:00:00+07:00,SKU-003,22.0,376.0,0,682.0,0,951.0,0,train
2026-08-11 10:00:00+07:00,SKU-003,17.0,372.0,0,688.0,0,949.0,0,train
2026-08-11 11:00:00+07:00,SKU-003,26.0,362.0,0,674.0,0,934.0,0,train
2026-08-11 12:00:00+07:00,SKU-003,34.0,341.0,0,648.0,0,917.0,0,train
2026-08-11 13:00:00+07:00,SKU-003,30.0,318.0,0,636.0,0,890.0,0,train
2026-08-11 14:00:00+07:00,SKU-003,21.0,316.0,0,630.0,0,884.0,0,train
2026-08-11 15:00:00+07:00,SKU-003,16.0,320.0,0,638.0,0,879.0,0,train
2026-08-11 16:00:00+07:00,SKU-003,11.0,320.0,0,634.0,0,873.0,0,train
2026-08-11 17:00:00+07:00,SKU-003,21.0,317.0,0,625.0,0,883.0,0,train
2026-08-11 18:00:00+07:00,SKU-003,34.0,301.0,0,613.0,0,861.0,0,train
2026-08-11 19:00:00+07:00,SKU-003,29.0,287.0,0,595.0,0,850.0,0,train
2026-08-11 20:00:00+07:00,SKU-003,35.0,306.0,0,598.0,0,849.0,0,train
2026-08-11 21:00:00+07:00,SKU-003,28.0,299.0,0,576.0,0,848.0,0,train
2026-08-11 22:00:00+07:00,SKU-003,21.0,288.0,0,565.0,0,836.0,0,train
2026-08-11 23:00:00+07:00,SKU-003,5.0,294.0,0,569.0,0,837.0,0,train
2026-08-12 00:00:00+07:00,SKU-003,1.0,300.0,0,570.0,0,842.0,0,train
2026-08-12 01:00:00+07:00,SKU-003,2.0,300.0,0,572.0,0,844.0,0,train
2026-08-12 02:00:00+07:00,SKU-003,2.0,299.0,0,573.0,0,843.0,0,train
2026-08-12 03:00:00+07:00,SKU-003,0.0,300.0,0,574.0,0,845.0,0,train
2026-08-12 04:00:00+07:00,SKU-003,2.0,299.0,0,574.0,0,845.0,0,train
2026-08-12 05:00:00+07:00,SKU-003,2.0,301.0,0,573.0,0,844.0,0,train
2026-08-12 06:00:00+07:00,SKU-003,6.0,297.0,0,574.0,0,844.0,0,train
2026-08-12 07:00:00+07:00,SKU-003,17.0,284.0,0,569.0,0,837.0,0,train
2026-08-12 08:00:00+07:00,SKU-003,7.0,290.0,0,571.0,0,839.0,0,train
2026-08-12 09:00:00+07:00,SKU-003,9.0,306.0,0,575.0,0,845.0,0,train
2026-08-12 10:00:00+07:00,SKU-003,13.0,316.0,0,577.0,0,848.0,0,train
2026-08-12 11:00:00+07:00,SKU-003,16.0,312.0,0,572.0,0,846.0,0,train
2026-08-12 12:00:00+07:00,SKU-003,13.0,307.0,0,576.0,0,858.0,0,train
2026-08-12 13:00:00+07:00,SKU-003,7.0,318.0,0,572.0,0,867.0,0,train
2026-08-12 14:00:00+07:00,SKU-003,19.0,314.0,0,568.0,0,864.0,0,train
2026-08-12 15:00:00+07:00,SKU-003,20.0,318.0,0,559.0,0,868.0,0,train
2026-08-12 16:00:00+07:00,SKU-003,11.0,314.0,0,553.0,0,868.0,0,train
2026-08-12 17:00:00+07:00,SKU-003,18.0,308.0,0,566.0,0,873.0,0,train
2026-08-12 18:00:00+07:00,SKU-003,18.0,312.0,0,560.0,0,879.0,0,train
2026-08-12 19:00:00+07:00,SKU-003,15.0,308.0,0,563.0,0,883.0,0,train
2026-08-12 20:00:00+07:00,SKU-003,54.0,292.0,0,543.0,0,856.0,0,train
2026-08-12 21:00:00+07:00,SKU-003,21.0,277.0,0,549.0,0,844.0,0,train
2026-08-12 22:00:00+07:00,SKU-003,10.0,277.0,0,548.0,0,843.0,0,train
2026-08-12 23:00:00+07:00,SKU-003,11.0,275.0,0,543.0,0,840.0,0,train
2026-08-13 00:00:00+07:00,SKU-003,7.0,270.0,0,542.0,0,837.0,0,train
2026-08-13 01:00:00+07:00,SKU-003,2.0,272.0,0,544.0,0,836.0,0,train
2026-08-13 02:00:00+07:00,SKU-003,1.0,274.0,0,544.0,0,839.0,0,train
2026-08-13 03:00:00+07:00,SKU-003,1.0,274.0,0,545.0,0,840.0,0,train
2026-08-13 04:00:00+07:00,SKU-003,1.0,275.0,0,546.0,0,840.0,0,train
2026-08-13 05:00:00+07:00,SKU-003,4.0,272.0,0,543.0,0,837.0,0,train
2026-08-13 06:00:00+07:00,SKU-003,2.0,277.0,0,547.0,0,844.0,0,train
2026-08-13 07:00:00+07:00,SKU-003,4.0,285.0,0,553.0,0,845.0,0,train
2026-08-13 08:00:00+07:00,SKU-003,13.0,281.0,0,549.0,0,850.0,0,train
2026-08-13 09:00:00+07:00,SKU-003,25.0,269.0,0,539.0,0,840.0,0,train
2026-08-13 10:00:00+07:00,SKU-003,23.0,261.0,0,532.0,0,831.0,0,train
2026-08-13 11:00:00+07:00,SKU-003,12.0,260.0,0,534.0,0,836.0,0,train
2026-08-13 12:00:00+07:00,SKU-003,8.0,269.0,0,551.0,0,843.0,0,train
2026-08-13 13:00:00+07:00,SKU-003,18.0,254.0,0,549.0,0,839.0,0,train
2026-08-13 14:00:00+07:00,SKU-003,15.0,254.0,0,550.0,0,835.0,0,train
2026-08-13 15:00:00+07:00,SKU-003,24.0,241.0,0,550.0,0,819.0,0,train
2026-08-13 16:00:00+07:00,SKU-003,7.0,239.0,0,554.0,0,822.0,0,train
2026-08-13 17:00:00+07:00,SKU-003,12.0,258.0,0,565.0,0,811.0,0,train
2026-08-13 18:00:00+07:00,SKU-003,22.0,248.0,0,567.0,0,805.0,0,train
2026-08-13 19:00:00+07:00,SKU-003,11.0,255.0,0,575.0,0,817.0,0,train
2026-08-13 20:00:00+07:00,SKU-003,38.0,251.0,0,564.0,0,795.0,0,train
2026-08-13 21:00:00+07:00,SKU-003,6.0,272.0,0,567.0,0,805.0,0,train
2026-08-13 22:00:00+07:00,SKU-003,10.0,271.0,0,566.0,0,807.0,0,train
2026-08-13 23:00:00+07:00,SKU-003,9.0,268.0,0,565.0,0,799.0,0,train
2026-08-14 00:00:00+07:00,SKU-003,2.0,272.0,0,567.0,0,804.0,0,train
2026-08-14 01:00:00+07:00,SKU-003,4.0,272.0,0,564.0,0,800.0,0,train
2026-08-14 02:00:00+07:00,SKU-003,3.0,270.0,0,565.0,0,799.0,0,train
2026-08-14 03:00:00+07:00,SKU-003,1.0,271.0,0,566.0,0,798.0,0,train
2026-08-14 04:00:00+07:00,SKU-003,2.0,271.0,0,565.0,0,799.0,0,train
2026-08-14 05:00:00+07:00,SKU-003,1.0,271.0,0,565.0,0,801.0,0,train
2026-08-14 06:00:00+07:00,SKU-003,7.0,270.0,0,567.0,0,800.0,0,train
2026-08-14 07:00:00+07:00,SKU-003,12.0,268.0,0,560.0,0,793.0,0,train
2026-08-14 08:00:00+07:00,SKU-003,9.0,268.0,0,569.0,0,789.0,0,train
2026-08-14 09:00:00+07:00,SKU-003,13.0,270.0,0,571.0,0,788.0,0,train
2026-08-14 10:00:00+07:00,SKU-003,15.0,271.0,0,570.0,0,778.0,0,train
2026-08-14 11:00:00+07:00,SKU-003,11.0,274.0,0,576.0,0,783.0,0,train
2026-08-14 12:00:00+07:00,SKU-003,17.0,282.0,0,574.0,0,773.0,0,train
2026-08-14 13:00:00+07:00,SKU-003,3.0,295.0,0,585.0,0,787.0,0,train
2026-08-14 14:00:00+07:00,SKU-003,15.0,296.0,0,581.0,0,785.0,0,train
2026-08-14 15:00:00+07:00,SKU-003,11.0,309.0,0,578.0,0,781.0,0,train
2026-08-14 16:00:00+07:00,SKU-003,5.0,315.0,0,583.0,0,792.0,0,train
2026-08-14 17:00:00+07:00,SKU-003,31.0,307.0,0,553.0,0,770.0,0,train
2026-08-14 18:00:00+07:00,SKU-003,12.0,319.0,0,557.0,0,768.0,0,train
2026-08-14 19:00:00+07:00,SKU-003,18.0,320.0,0,562.0,0,763.0,0,train
2026-08-14 20:00:00+07:00,SKU-003,34.0,313.0,0,544.0,0,746.0,0,train
2026-08-14 21:00:00+07:00,SKU-003,27.0,295.0,0,533.0,0,731.0,0,train
2026-08-14 22:00:00+07:00,SKU-003,9.0,295.0,0,536.0,0,724.0,0,train
2026-08-14 23:00:00+07:00,SKU-003,6.0,297.0,0,531.0,0,732.0,0,train
2026-08-15 00:00:00+07:00,SKU-003,6.0,295.0,0,532.0,0,727.0,0,train
2026-08-15 01:00:00+07:00,SKU-003,4.0,292.0,0,528.0,0,724.0,0,train
2026-08-15 02:00:00+07:00,SKU-003,1.0,295.0,0,529.0,0,723.0,0,train
2026-08-15 03:00:00+07:00,SKU-003,2.0,295.0,0,527.0,0,723.0,0,train
2026-08-15 04:00:00+07:00,SKU-003,2.0,294.0,0,528.0,0,723.0,0,train
2026-08-15 05:00:00+07:00,SKU-003,1.0,294.0,0,530.0,0,726.0,0,train
2026-08-15 06:00:00+07:00,SKU-003,6.0,297.0,0,530.0,0,723.0,0,train
2026-08-15 07:00:00+07:00,SKU-003,10.0,292.0,0,525.0,0,721.0,0,train
2026-08-15 08:00:00+07:00,SKU-003,9.0,301.0,0,521.0,0,718.0,0,train
2026-08-15 09:00:00+07:00,SKU-003,15.0,301.0,0,518.0,0,722.0,0,train
2026-08-15 10:00:00+07:00,SKU-003,16.0,299.0,0,507.0,0,720.0,0,train
2026-08-15 11:00:00+07:00,SKU-003,14.0,302.0,0,509.0,0,726.0,0,train
2026-08-15 12:00:00+07:00,SKU-003,25.0,292.0,0,491.0,0,706.0,0,train
2026-08-15 13:00:00+07:00,SKU-003,16.0,290.0,0,492.0,0,700.0,0,train
2026-08-15 14:00:00+07:00,SKU-003,16.0,285.0,0,489.0,0,689.0,0,train
2026-08-15 15:00:00+07:00,SKU-003,24.0,269.0,0,472.0,0,676.0,0,train
2026-08-15 16:00:00+07:00,SKU-003,11.0,268.0,0,477.0,0,668.0,0,train
2026-08-15 17:00:00+07:00,SKU-003,23.0,246.0,0,463.0,0,654.0,0,train
2026-08-15 18:00:00+07:00,SKU-003,24.0,238.0,0,449.0,0,655.0,0,train
2026-08-15 19:00:00+07:00,SKU-003,19.0,242.0,0,443.0,0,645.0,0,train
2026-08-15 20:00:00+07:00,SKU-003,27.0,231.0,0,433.0,0,639.0,0,train
2026-08-15 21:00:00+07:00,SKU-003,9.0,238.0,0,436.0,0,646.0,0,train
2026-08-15 22:00:00+07:00,SKU-003,9.0,241.0,0,429.0,0,641.0,0,train
2026-08-15 23:00:00+07:00,SKU-003,8.0,234.0,0,435.0,0,638.0,0,train
2026-08-16 00:00:00+07:00,SKU-003,4.0,237.0,0,432.0,0,635.0,0,train
2026-08-16 01:00:00+07:00,SKU-003,1.0,236.0,0,432.0,0,636.0,0,train
2026-08-16 02:00:00+07:00,SKU-003,4.0,234.0,0,428.0,0,634.0,0,train
2026-08-16 03:00:00+07:00,SKU-003,2.0,232.0,0,428.0,0,633.0,0,train
2026-08-16 04:00:00+07:00,SKU-003,1.0,234.0,0,429.0,0,632.0,0,train
2026-08-16 05:00:00+07:00,SKU-003,1.0,236.0,0,432.0,0,636.0,0,train
2026-08-16 06:00:00+07:00,SKU-003,9.0,233.0,0,426.0,0,630.0,0,train
2026-08-16 07:00:00+07:00,SKU-003,5.0,233.0,0,429.0,0,629.0,0,train
2026-08-16 08:00:00+07:00,SKU-003,18.0,220.0,0,417.0,0,619.0,0,train
2026-08-16 09:00:00+07:00,SKU-003,15.0,217.0,0,421.0,0,619.0,0,train
2026-08-16 10:00:00+07:00,SKU-003,14.0,208.0,0,421.0,0,612.0,0,train
2026-08-16 11:00:00+07:00,SKU-003,17.0,207.0,0,424.0,0,610.0,0,train
2026-08-16 12:00:00+07:00,SKU-003,15.0,199.0,0,414.0,0,597.0,0,train
2026-08-16 13:00:00+07:00,SKU-003,14.0,202.0,0,410.0,0,584.0,0,train
2026-08-16 14:00:00+07:00,SKU-003,11.0,204.0,0,404.0,0,581.0,0,train
2026-08-16 15:00:00+07:00,SKU-003,8.0,203.0,0,407.0,0,583.0,0,train
2026-08-16 16:00:00+07:00,SKU-003,10.0,209.0,0,400.0,0,581.0,0,train
2026-08-16 17:00:00+07:00,SKU-003,1.0,217.0,0,408.0,0,592.0,0,train
2026-08-16 18:00:00+07:00,SKU-003,16.0,211.0,0,417.0,0,591.0,0,train
2026-08-16 19:00:00+07:00,SKU-003,23.0,201.0,0,403.0,0,574.0,0,train
2026-08-16 20:00:00+07:00,SKU-003,16.0,202.0,0,408.0,0,566.0,0,train
2026-08-16 21:00:00+07:00,SKU-003,16.0,198.0,0,408.0,0,554.0,0,train
2026-08-16 22:00:00+07:00,SKU-003,12.0,188.0,0,400.0,0,549.0,0,train
2026-08-16 23:00:00+07:00,SKU-003,1.0,201.0,0,404.0,0,554.0,0,train
2026-08-17 00:00:00+07:00,SKU-003,7.0,195.0,0,398.0,0,550.0,0,train
2026-08-17 01:00:00+07:00,SKU-003,0.0,196.0,0,400.0,0,551.0,0,train
2026-08-17 02:00:00+07:00,SKU-003,2.0,194.0,0,400.0,0,549.0,0,train
2026-08-17 03:00:00+07:00,SKU-003,0.0,196.0,0,401.0,0,549.0,0,train
2026-08-17 04:00:00+07:00,SKU-003,3.0,195.0,0,398.0,0,546.0,0,train
2026-08-17 05:00:00+07:00,SKU-003,3.0,196.0,0,400.0,0,544.0,0,train
2026-08-17 06:00:00+07:00,SKU-003,6.0,193.0,0,397.0,0,543.0,0,train
2026-08-17 07:00:00+07:00,SKU-003,5.0,196.0,0,396.0,0,541.0,0,train
2026-08-17 08:00:00+07:00,SKU-003,5.0,197.0,0,399.0,0,543.0,0,train
2026-08-17 09:00:00+07:00,SKU-003,12.0,204.0,0,402.0,0,542.0,0,train
2026-08-17 10:00:00+07:00,SKU-003,5.0,213.0,0,404.0,0,540.0,0,train
2026-08-17 11:00:00+07:00,SKU-003,16.0,217.0,0,403.0,0,531.0,0,train
2026-08-17 12:00:00+07:00,SKU-003,7.0,215.0,0,398.0,0,537.0,0,train
2026-08-17 13:00:00+07:00,SKU-003,17.0,208.0,0,382.0,0,528.0,0,train
2026-08-17 14:00:00+07:00,SKU-003,13.0,200.0,0,377.0,0,520.0,0,train
2026-08-17 15:00:00+07:00,SKU-003,7.0,204.0,0,380.0,0,519.0,0,train
2026-08-17 16:00:00+07:00,SKU-003,16.0,191.0,0,372.0,0,509.0,0,train
2026-08-17 17:00:00+07:00,SKU-003,9.0,191.0,0,375.0,0,512.0,0,train
2026-08-17 18:00:00+07:00,SKU-003,10.0,206.0,0,380.0,0,506.0,0,train
2026-08-17 19:00:00+07:00,SKU-003,13.0,202.0,0,373.0,0,497.0,0,train
2026-08-17 20:00:00+07:00,SKU-003,17.0,206.0,0,364.0,0,493.0,0,train
2026-08-17 21:00:00+07:00,SKU-003,12.0,210.0,0,356.0,0,498.0,0,train
2026-08-17 22:00:00+07:00,SKU-003,2.0,212.0,0,361.0,0,501.0,0,train
2026-08-17 23:00:00+07:00,SKU-003,14.0,203.0,0,353.0,0,493.0,0,train
2026-08-18 00:00:00+07:00,SKU-003,1.0,203.0,0,355.0,0,495.0,0,train
2026-08-18 01:00:00+07:00,SKU-003,1.0,204.0,0,355.0,0,499.0,0,train
2026-08-18 02:00:00+07:00,SKU-003,0.0,206.0,0,355.0,0,501.0,0,train
2026-08-18 03:00:00+07:00,SKU-003,2.0,205.0,0,353.0,0,499.0,0,train
2026-08-18 04:00:00+07:00,SKU-003,2.0,203.0,0,351.0,0,497.0,0,train
2026-08-18 05:00:00+07:00,SKU-003,4.0,204.0,0,348.0,0,501.0,0,train
2026-08-18 06:00:00+07:00,SKU-003,3.0,204.0,0,350.0,0,501.0,0,train
2026-08-18 07:00:00+07:00,SKU-003,8.0,200.0,0,345.0,0,501.0,0,train
2026-08-18 08:00:00+07:00,SKU-003,6.0,202.0,0,346.0,0,505.0,0,train
2026-08-18 09:00:00+07:00,SKU-003,19.0,198.0,0,338.0,0,486.0,0,train
2026-08-18 10:00:00+07:00,SKU-003,14.0,191.0,0,327.0,0,477.0,0,train
2026-08-18 11:00:00+07:00,SKU-003,20.0,186.0,0,314.0,0,459.0,0,train
2026-08-18 12:00:00+07:00,SKU-003,5.0,183.0,0,322.0,0,466.0,0,train
2026-08-18 13:00:00+07:00,SKU-003,10.0,174.0,0,320.0,0,473.0,0,train
2026-08-18 14:00:00+07:00,SKU-003,5.0,177.0,0,320.0,0,473.0,0,train
2026-08-18 15:00:00+07:00,SKU-003,11.0,176.0,0,315.0,0,475.0,0,train
2026-08-18 16:00:00+07:00,SKU-003,3.0,181.0,0,318.0,0,476.0,0,train
2026-08-18 17:00:00+07:00,SKU-003,9.0,184.0,0,321.0,0,476.0,0,train
2026-08-18 18:00:00+07:00,SKU-003,25.0,174.0,0,300.0,0,454.0,0,train
2026-08-18 19:00:00+07:00,SKU-003,9.0,171.0,0,295.0,0,462.0,0,train
2026-08-18 20:00:00+07:00,SKU-003,21.0,158.0,0,287.0,0,461.0,0,train
2026-08-18 21:00:00+07:00,SKU-003,16.0,146.0,0,288.0,0,453.0,0,train
2026-08-18 22:00:00+07:00,SKU-003,4.0,149.0,0,289.0,0,468.0,0,train
2026-08-18 23:00:00+07:00,SKU-003,5.0,150.0,0,290.0,0,465.0,0,train
2026-08-19 00:00:00+07:00,SKU-003,1.0,152.0,0,292.0,0,465.0,0,train
2026-08-19 01:00:00+07:00,SKU-003,2.0,151.0,0,295.0,0,463.0,0,train
2026-08-19 02:00:00+07:00,SKU-003,2.0,149.0,0,295.0,0,465.0,0,train
2026-08-19 03:00:00+07:00,SKU-003,1.0,148.0,0,294.0,0,467.0,0,train
2026-08-19 04:00:00+07:00,SKU-003,0.0,148.0,0,294.0,0,468.0,0,train
2026-08-19 05:00:00+07:00,SKU-003,5.0,144.0,0,297.0,0,466.0,0,train
2026-08-19 06:00:00+07:00,SKU-003,3.0,146.0,0,297.0,0,467.0,0,train
2026-08-19 07:00:00+07:00,SKU-003,4.0,145.0,0,301.0,0,467.0,0,train
2026-08-19 08:00:00+07:00,SKU-003,8.0,144.0,0,303.0,0,466.0,0,train
2026-08-19 09:00:00+07:00,SKU-003,15.0,140.0,0,288.0,0,460.0,0,train
2026-08-19 10:00:00+07:00,SKU-003,7.0,136.0,0,286.0,0,464.0,0,train
2026-08-19 11:00:00+07:00,SKU-003,15.0,128.0,0,273.0,0,457.0,0,train
2026-08-19 12:00:00+07:00,SKU-003,2.0,139.0,0,283.0,0,463.0,0,train
2026-08-19 13:00:00+07:00,SKU-003,1.0,146.0,0,299.0,0,474.0,0,train
2026-08-19 14:00:00+07:00,SKU-003,8.0,143.0,0,296.0,0,476.0,0,train
2026-08-19 15:00:00+07:00,SKU-003,10.0,139.0,0,299.0,0,473.0,0,train
2026-08-19 16:00:00+07:00,SKU-003,8.0,137.0,0,295.0,0,473.0,0,train
2026-08-19 17:00:00+07:00,SKU-003,12.0,137.0,0,292.0,0,471.0,0,train
2026-08-19 18:00:00+07:00,SKU-003,15.0,126.0,0,280.0,0,475.0,0,train
2026-08-19 19:00:00+07:00,SKU-003,6.0,124.0,0,291.0,0,499.0,0,train
2026-08-19 20:00:00+07:00,SKU-003,8.0,129.0,0,303.0,0,517.0,0,train
2026-08-19 21:00:00+07:00,SKU-003,4.0,142.0,0,307.0,0,536.0,0,train
2026-08-19 22:00:00+07:00,SKU-003,7.0,140.0,0,319.0,0,538.0,0,train
2026-08-19 23:00:00+07:00,SKU-003,6.0,140.0,0,315.0,0,540.0,0,train
2026-08-20 00:00:00+07:00,SKU-003,3.0,140.0,0,313.0,0,538.0,0,train
2026-08-20 01:00:00+07:00,SKU-003,1.0,144.0,0,312.0,0,538.0,0,train
2026-08-20 02:00:00+07:00,SKU-003,0.0,146.0,0,316.0,0,538.0,0,train
2026-08-20 03:00:00+07:00,SKU-003,0.0,146.0,0,319.0,0,538.0,0,train
2026-08-20 04:00:00+07:00,SKU-003,0.0,146.0,0,320.0,0,539.0,0,train
2026-08-20 05:00:00+07:00,SKU-003,1.0,153.0,0,322.0,0,542.0,0,train
2026-08-20 06:00:00+07:00,SKU-003,5.0,151.0,0,321.0,0,542.0,0,train
2026-08-20 07:00:00+07:00,SKU-003,3.0,156.0,0,322.0,0,540.0,0,train
2026-08-20 08:00:00+07:00,SKU-003,7.0,159.0,0,322.0,0,541.0,0,train
2026-08-20 09:00:00+07:00,SKU-003,11.0,148.0,0,320.0,0,544.0,0,train
2026-08-20 10:00:00+07:00,SKU-003,3.0,150.0,0,328.0,0,546.0,0,train
2026-08-20 11:00:00+07:00,SKU-003,7.0,145.0,0,329.0,0,549.0,0,train
2026-08-20 12:00:00+07:00,SKU-003,13.0,144.0,0,324.0,0,545.0,0,train
2026-08-20 13:00:00+07:00,SKU-003,8.0,153.0,0,328.0,0,543.0,0,train
2026-08-20 14:00:00+07:00,SKU-003,5.0,153.0,0,333.0,0,559.0,0,train
2026-08-20 15:00:00+07:00,SKU-003,6.0,160.0,0,334.0,0,564.0,0,train
2026-08-20 16:00:00+07:00,SKU-003,6.0,158.0,0,336.0,0,566.0,0,train
2026-08-20 17:00:00+07:00,SKU-003,12.0,155.0,0,334.0,0,576.0,0,train
2026-08-20 18:00:00+07:00,SKU-003,4.0,154.0,0,349.0,0,583.0,0,train
2026-08-20 19:00:00+07:00,SKU-003,4.0,167.0,0,375.0,0,605.0,0,train
2026-08-20 20:00:00+07:00,SKU-003,13.0,174.0,0,388.0,0,612.0,0,train
2026-08-20 21:00:00+07:00,SKU-003,17.0,165.0,0,394.0,0,609.0,0,train
2026-08-20 22:00:00+07:00,SKU-003,5.0,179.0,0,398.0,0,622.0,0,train
2026-08-20 23:00:00+07:00,SKU-003,6.0,175.0,0,400.0,0,623.0,0,train
2026-08-21 00:00:00+07:00,SKU-003,3.0,173.0,0,398.0,0,621.0,0,train
2026-08-21 01:00:00+07:00,SKU-003,5.0,168.0,0,394.0,0,616.0,0,train
2026-08-21 02:00:00+07:00,SKU-003,2.0,170.0,0,392.0,0,614.0,0,train
2026-08-21 03:00:00+07:00,SKU-003,0.0,173.0,0,392.0,0,615.0,0,train
2026-08-21 04:00:00+07:00,SKU-003,0.0,174.0,0,393.0,0,615.0,0,train
2026-08-21 05:00:00+07:00,SKU-003,8.0,169.0,0,389.0,0,607.0,0,train
2026-08-21 06:00:00+07:00,SKU-003,3.0,170.0,0,391.0,0,608.0,0,train
2026-08-21 07:00:00+07:00,SKU-003,8.0,166.0,0,384.0,0,609.0,0,train
2026-08-21 08:00:00+07:00,SKU-003,10.0,163.0,0,382.0,0,615.0,0,train
2026-08-21 09:00:00+07:00,SKU-003,0.0,172.0,0,396.0,0,619.0,0,train
2026-08-21 10:00:00+07:00,SKU-003,5.0,178.0,0,396.0,0,619.0,0,train
2026-08-21 11:00:00+07:00,SKU-003,2.0,184.0,0,404.0,0,629.0,0,train
2026-08-21 12:00:00+07:00,SKU-003,12.0,180.0,0,401.0,0,626.0,0,train
2026-08-21 13:00:00+07:00,SKU-003,17.0,175.0,0,390.0,0,617.0,0,train
2026-08-21 14:00:00+07:00,SKU-003,5.0,180.0,0,406.0,0,619.0,0,val
2026-08-21 15:00:00+07:00,SKU-003,13.0,174.0,0,404.0,0,610.0,0,val
2026-08-21 16:00:00+07:00,SKU-003,4.0,178.0,0,408.0,0,613.0,0,val
2026-08-21 17:00:00+07:00,SKU-003,9.0,179.0,0,421.0,0,615.0,0,val
2026-08-21 18:00:00+07:00,SKU-003,3.0,195.0,0,429.0,0,630.0,0,val
2026-08-21 19:00:00+07:00,SKU-003,17.0,208.0,0,438.0,0,624.0,0,val
2026-08-21 20:00:00+07:00,SKU-003,20.0,214.0,0,438.0,0,620.0,0,val
2026-08-21 21:00:00+07:00,SKU-003,8.0,229.0,0,444.0,0,621.0,0,val
2026-08-21 22:00:00+07:00,SKU-003,19.0,219.0,0,443.0,0,610.0,0,val
2026-08-21 23:00:00+07:00,SKU-003,2.0,225.0,0,448.0,0,612.0,0,val
2026-08-22 00:00:00+07:00,SKU-003,1.0,225.0,0,448.0,0,612.0,0,val
2026-08-22 01:00:00+07:00,SKU-003,0.0,226.0,0,448.0,0,612.0,0,val
2026-08-22 02:00:00+07:00,SKU-003,4.0,222.0,0,444.0,0,609.0,0,val
2026-08-22 03:00:00+07:00,SKU-003,3.0,219.0,0,442.0,0,607.0,0,val
2026-08-22 04:00:00+07:00,SKU-003,1.0,219.0,0,441.0,0,606.0,0,val
2026-08-22 05:00:00+07:00,SKU-003,3.0,220.0,0,438.0,0,604.0,0,val
2026-08-22 06:00:00+07:00,SKU-003,4.0,221.0,0,438.0,0,605.0,0,val
2026-08-22 07:00:00+07:00,SKU-003,4.0,218.0,0,443.0,0,613.0,0,val
2026-08-22 08:00:00+07:00,SKU-003,7.0,219.0,0,452.0,0,610.0,0,val
2026-08-22 09:00:00+07:00,SKU-003,9.0,224.0,0,447.0,0,607.0,0,val
2026-08-22 10:00:00+07:00,SKU-003,11.0,218.0,0,441.0,0,605.0,0,val
2026-08-22 11:00:00+07:00,SKU-003,8.0,220.0,0,445.0,0,605.0,0,val
2026-08-22 12:00:00+07:00,SKU-003,8.0,221.0,0,446.0,0,604.0,0,val
2026-08-22 13:00:00+07:00,SKU-003,12.0,215.0,0,442.0,0,597.0,0,val
2026-08-22 14:00:00+07:00,SKU-003,10.0,226.0,0,439.0,0,592.0,0,val
2026-08-22 15:00:00+07:00,SKU-003,7.0,230.0,0,436.0,0,585.0,0,val
2026-08-22 16:00:00+07:00,SKU-003,8.0,230.0,0,435.0,0,586.0,0,val
2026-08-22 17:00:00+07:00,SKU-003,10.0,242.0,0,436.0,0,582.0,0,val
2026-08-22 18:00:00+07:00,SKU-003,19.0,234.0,0,435.0,0,571.0,0,val
2026-08-22 19:00:00+07:00,SKU-003,30.0,230.0,0,416.0,0,556.0,0,val
2026-08-22 20:00:00+07:00,SKU-003,26.0,224.0,0,406.0,0,542.0,0,val
2026-08-22 21:00:00+07:00,SKU-003,23.0,215.0,0,392.0,0,523.0,0,val
2026-08-22 22:00:00+07:00,SKU-003,9.0,224.0,0,391.0,0,519.0,0,val
2026-08-22 23:00:00+07:00,SKU-003,8.0,223.0,0,387.0,0,513.0,0,val
2026-08-23 00:00:00+07:00,SKU-003,1.0,223.0,0,387.0,0,513.0,0,val
2026-08-23 01:00:00+07:00,SKU-003,1.0,222.0,0,386.0,0,513.0,0,val
2026-08-23 02:00:00+07:00,SKU-003,0.0,222.0,0,387.0,0,513.0,0,val
2026-08-23 03:00:00+07:00,SKU-003,0.0,223.0,0,388.0,0,513.0,0,val
2026-08-23 04:00:00+07:00,SKU-003,1.0,222.0,0,387.0,0,512.0,0,val
2026-08-23 05:00:00+07:00,SKU-003,4.0,218.0,0,384.0,0,508.0,0,val
2026-08-23 06:00:00+07:00,SKU-003,5.0,217.0,0,384.0,0,506.0,0,val
2026-08-23 07:00:00+07:00,SKU-003,1.0,225.0,0,395.0,0,507.0,0,val
2026-08-23 08:00:00+07:00,SKU-003,8.0,233.0,0,391.0,0,507.0,0,val
2026-08-23 09:00:00+07:00,SKU-003,14.0,223.0,0,383.0,0,502.0,0,val
2026-08-23 10:00:00+07:00,SKU-003,5.0,223.0,0,387.0,0,504.0,0,val
2026-08-23 11:00:00+07:00,SKU-003,10.0,225.0,0,385.0,0,502.0,0,val
2026-08-23 12:00:00+07:00,SKU-003,9.0,225.0,0,383.0,0,495.0,0,val
2026-08-23 13:00:00+07:00,SKU-003,6.0,227.0,0,382.0,0,497.0,0,val
2026-08-23 14:00:00+07:00,SKU-003,21.0,213.0,0,366.0,0,489.0,0,val
2026-08-23 15:00:00+07:00,SKU-003,11.0,206.0,0,355.0,0,486.0,0,val
2026-08-23 16:00:00+07:00,SKU-003,8.0,205.0,0,356.0,0,485.0,0,val
2026-08-23 17:00:00+07:00,SKU-003,22.0,194.0,0,340.0,0,467.0,0,val
2026-08-23 18:00:00+07:00,SKU-003,11.0,201.0,0,337.0,0,477.0,0,val
2026-08-23 19:00:00+07:00,SKU-003,26.0,186.0,0,326.0,0,460.0,0,val
2026-08-23 20:00:00+07:00,SKU-003,20.0,182.0,0,318.0,0,449.0,0,val
2026-08-23 21:00:00+07:00,SKU-003,14.0,177.0,0,308.0,0,459.0,0,val
2026-08-23 22:00:00+07:00,SKU-003,18.0,167.0,0,295.0,0,447.0,0,val
2026-08-23 23:00:00+07:00,SKU-003,7.0,164.0,0,290.0,0,447.0,0,val
2026-08-24 00:00:00+07:00,SKU-003,1.0,164.0,0,290.0,0,446.0,0,val
2026-08-24 01:00:00+07:00,SKU-003,0.0,164.0,0,291.0,0,446.0,0,val
2026-08-24 02:00:00+07:00,SKU-003,0.0,165.0,0,291.0,0,446.0,0,val
2026-08-24 03:00:00+07:00,SKU-003,1.0,165.0,0,290.0,0,447.0,0,val
2026-08-24 04:00:00+07:00,SKU-003,0.0,165.0,0,290.0,0,447.0,0,val
2026-08-24 05:00:00+07:00,SKU-003,0.0,166.0,0,290.0,0,447.0,0,val
2026-08-24 06:00:00+07:00,SKU-003,4.0,167.0,0,289.0,0,446.0,0,val
2026-08-24 07:00:00+07:00,SKU-003,9.0,170.0,0,282.0,0,438.0,0,val
2026-08-24 08:00:00+07:00,SKU-003,16.0,158.0,0,274.0,0,426.0,0,val
2026-08-24 09:00:00+07:00,SKU-003,4.0,160.0,0,279.0,0,431.0,0,val
2026-08-24 10:00:00+07:00,SKU-003,5.0,164.0,0,281.0,0,439.0,0,val
2026-08-24 11:00:00+07:00,SKU-003,12.0,160.0,0,277.0,0,434.0,0,val
2026-08-24 12:00:00+07:00,SKU-003,9.0,158.0,0,270.0,0,431.0,0,val
2026-08-24 13:00:00+07:00,SKU-003,8.0,155.0,0,270.0,0,429.0,0,val
2026-08-24 14:00:00+07:00,SKU-003,7.0,153.0,0,276.0,0,433.0,0,val
2026-08-24 15:00:00+07:00,SKU-003,4.0,149.0,0,280.0,0,441.0,0,val
2026-08-24 16:00:00+07:00,SKU-003,7.0,151.0,0,280.0,0,441.0,0,val
2026-08-24 17:00:00+07:00,SKU-003,11.0,146.0,0,273.0,0,442.0,0,val
2026-08-24 18:00:00+07:00,SKU-003,18.0,136.0,0,276.0,0,441.0,0,val
2026-08-24 19:00:00+07:00,SKU-003,11.0,140.0,0,274.0,0,437.0,0,val
2026-08-24 20:00:00+07:00,SKU-003,16.0,136.0,0,267.0,0,427.0,0,val
2026-08-24 21:00:00+07:00,SKU-003,9.0,131.0,0,282.0,0,438.0,0,val
2026-08-24 22:00:00+07:00,SKU-003,8.0,128.0,0,280.0,0,442.0,0,val
2026-08-24 23:00:00+07:00,SKU-003,4.0,126.0,0,283.0,0,442.0,0,val
2026-08-25 00:00:00+07:00,SKU-003,1.0,126.0,0,282.0,0,442.0,0,val
2026-08-25 01:00:00+07:00,SKU-003,0.0,127.0,0,282.0,0,442.0,0,val
2026-08-25 02:00:00+07:00,SKU-003,1.0,126.0,0,281.0,0,441.0,0,val
2026-08-25 03:00:00+07:00,SKU-003,1.0,125.0,0,282.0,0,441.0,0,val
2026-08-25 04:00:00+07:00,SKU-003,0.0,125.0,0,282.0,0,442.0,0,val
2026-08-25 05:00:00+07:00,SKU-003,1.0,124.0,0,281.0,0,442.0,0,val
2026-08-25 06:00:00+07:00,SKU-003,5.0,122.0,0,279.0,0,437.0,0,val
2026-08-25 07:00:00+07:00,SKU-003,12.0,112.0,0,268.0,0,430.0,0,val
2026-08-25 08:00:00+07:00,SKU-003,4.0,116.0,0,268.0,0,435.0,0,val
2026-08-25 09:00:00+07:00,SKU-003,6.0,119.0,0,271.0,0,443.0,0,val
2026-08-25 10:00:00+07:00,SKU-003,9.0,117.0,0,275.0,0,440.0,0,val
2026-08-25 11:00:00+07:00,SKU-003,8.0,117.0,0,274.0,0,435.0,0,val
2026-08-25 12:00:00+07:00,SKU-003,7.0,112.0,0,273.0,0,438.0,0,val
2026-08-25 13:00:00+07:00,SKU-003,5.0,115.0,0,274.0,0,441.0,0,val
2026-08-25 14:00:00+07:00,SKU-003,5.0,123.0,0,280.0,0,450.0,0,val
2026-08-25 15:00:00+07:00,SKU-003,0.0,131.0,0,292.0,0,454.0,0,val
2026-08-25 16:00:00+07:00,SKU-003,9.0,129.0,0,290.0,0,459.0,0,val
2026-08-25 17:00:00+07:00,SKU-003,6.0,127.0,0,296.0,0,462.0,0,val
2026-08-25 18:00:00+07:00,SKU-003,8.0,140.0,0,305.0,0,473.0,0,val
2026-08-25 19:00:00+07:00,SKU-003,15.0,134.0,0,297.0,0,472.0,0,val
2026-08-25 20:00:00+07:00,SKU-003,12.0,131.0,0,291.0,0,474.0,0,val
2026-08-25 21:00:00+07:00,SKU-003,4.0,151.0,0,307.0,0,481.0,0,val
2026-08-25 22:00:00+07:00,SKU-003,5.0,152.0,0,314.0,0,482.0,0,val
2026-08-25 23:00:00+07:00,SKU-003,2.0,157.0,0,316.0,0,485.0,0,val
2026-08-26 00:00:00+07:00,SKU-003,1.0,156.0,0,316.0,0,486.0,0,val
2026-08-26 01:00:00+07:00,SKU-003,1.0,155.0,0,315.0,0,487.0,0,val
2026-08-26 02:00:00+07:00,SKU-003,0.0,155.0,0,315.0,0,488.0,0,val
2026-08-26 03:00:00+07:00,SKU-003,0.0,157.0,0,316.0,0,488.0,0,val
2026-08-26 04:00:00+07:00,SKU-003,0.0,157.0,0,317.0,0,489.0,0,val
2026-08-26 05:00:00+07:00,SKU-003,0.0,157.0,0,318.0,0,489.0,0,val
2026-08-26 06:00:00+07:00,SKU-003,3.0,157.0,0,315.0,0,493.0,0,val
2026-08-26 07:00:00+07:00,SKU-003,2.0,156.0,0,318.0,0,495.0,0,val
2026-08-26 08:00:00+07:00,SKU-003,8.0,152.0,0,319.0,0,498.0,0,val
2026-08-26 09:00:00+07:00,SKU-003,9.0,152.0,0,324.0,0,502.0,0,val
2026-08-26 10:00:00+07:00,SKU-003,7.0,158.0,0,323.0,0,501.0,0,val
2026-08-26 11:00:00+07:00,SKU-003,8.0,157.0,0,318.0,0,510.0,0,val
2026-08-26 12:00:00+07:00,SKU-003,2.0,161.0,0,326.0,0,521.0,0,val
2026-08-26 13:00:00+07:00,SKU-003,8.0,159.0,0,326.0,0,526.0,0,val
2026-08-26 14:00:00+07:00,SKU-003,13.0,157.0,0,327.0,0,521.0,0,val
2026-08-26 15:00:00+07:00,SKU-003,8.0,161.0,0,323.0,0,524.0,0,val
2026-08-26 16:00:00+07:00,SKU-003,7.0,161.0,0,330.0,0,522.0,0,val
2026-08-26 17:00:00+07:00,SKU-003,4.0,169.0,0,335.0,0,529.0,0,val
2026-08-26 18:00:00+07:00,SKU-003,21.0,165.0,0,333.0,0,519.0,0,val
2026-08-26 19:00:00+07:00,SKU-003,9.0,163.0,0,338.0,0,516.0,0,val
2026-08-26 20:00:00+07:00,SKU-003,9.0,160.0,0,343.0,0,529.0,0,val
2026-08-26 21:00:00+07:00,SKU-003,24.0,156.0,0,330.0,0,517.0,0,val
2026-08-26 22:00:00+07:00,SKU-003,6.0,162.0,0,330.0,0,524.0,0,val
2026-08-26 23:00:00+07:00,SKU-003,7.0,159.0,0,328.0,0,520.0,0,val
2026-08-27 00:00:00+07:00,SKU-003,0.0,160.0,0,330.0,0,522.0,0,val
2026-08-27 01:00:00+07:00,SKU-003,0.0,160.0,0,332.0,0,525.0,0,val
2026-08-27 02:00:00+07:00,SKU-003,0.0,160.0,0,333.0,0,526.0,0,val
2026-08-27 03:00:00+07:00,SKU-003,2.0,159.0,0,331.0,0,527.0,0,val
2026-08-27 04:00:00+07:00,SKU-003,0.0,160.0,0,332.0,0,527.0,0,val
2026-08-27 05:00:00+07:00,SKU-003,0.0,161.0,0,332.0,0,529.0,0,val
2026-08-27 06:00:00+07:00,SKU-003,3.0,158.0,0,336.0,0,545.0,0,val
2026-08-27 07:00:00+07:00,SKU-003,1.0,162.0,0,339.0,0,559.0,0,val
2026-08-27 08:00:00+07:00,SKU-003,4.0,167.0,0,346.0,0,586.0,0,val
2026-08-27 09:00:00+07:00,SKU-003,9.0,172.0,0,350.0,0,601.0,0,val
2026-08-27 10:00:00+07:00,SKU-003,13.0,165.0,0,343.0,0,644.0,0,val
2026-08-27 11:00:00+07:00,SKU-003,7.0,161.0,0,353.0,0,670.0,0,val
2026-08-27 12:00:00+07:00,SKU-003,6.0,165.0,0,360.0,0,709.0,0,val
2026-08-27 13:00:00+07:00,SKU-003,6.0,167.0,0,367.0,0,735.0,0,val
2026-08-27 14:00:00+07:00,SKU-003,11.0,170.0,0,364.0,0,752.0,0,val
2026-08-27 15:00:00+07:00,SKU-003,12.0,162.0,0,363.0,0,764.0,0,val
2026-08-27 16:00:00+07:00,SKU-003,7.0,169.0,0,361.0,0,784.0,0,val
2026-08-27 17:00:00+07:00,SKU-003,12.0,166.0,0,360.0,0,795.0,0,val
2026-08-27 18:00:00+07:00,SKU-003,17.0,168.0,0,354.0,0,793.0,0,val
2026-08-27 19:00:00+07:00,SKU-003,7.0,175.0,0,353.0,0,800.0,0,val
2026-08-27 20:00:00+07:00,SKU-003,6.0,183.0,0,369.0,0,814.0,0,val
2026-08-27 21:00:00+07:00,SKU-003,20.0,174.0,0,361.0,0,825.0,0,val
2026-08-27 22:00:00+07:00,SKU-003,12.0,168.0,0,362.0,0,823.0,0,val
2026-08-27 23:00:00+07:00,SKU-003,4.0,169.0,0,361.0,0,824.0,0,val
2026-08-28 00:00:00+07:00,SKU-003,1.0,170.0,0,362.0,0,826.0,0,val
2026-08-28 01:00:00+07:00,SKU-003,0.0,172.0,0,365.0,0,826.0,0,val
2026-08-28 02:00:00+07:00,SKU-003,0.0,173.0,0,366.0,0,826.0,0,val
2026-08-28 03:00:00+07:00,SKU-003,1.0,172.0,0,368.0,0,828.0,0,val
2026-08-28 04:00:00+07:00,SKU-003,1.0,172.0,0,367.0,0,829.0,0,val
2026-08-28 05:00:00+07:00,SKU-003,1.0,171.0,0,368.0,0,829.0,0,val
2026-08-28 06:00:00+07:00,SKU-003,0.0,178.0,0,387.0,0,834.0,0,val
2026-08-28 07:00:00+07:00,SKU-003,5.0,177.0,0,397.0,0,830.0,0,val
2026-08-28 08:00:00+07:00,SKU-003,9.0,179.0,0,419.0,0,833.0,0,val
2026-08-28 09:00:00+07:00,SKU-003,14.0,178.0,0,429.0,0,829.0,0,val
2026-08-28 10:00:00+07:00,SKU-003,6.0,178.0,0,479.0,0,830.0,0,val
2026-08-28 11:00:00+07:00,SKU-003,3.0,192.0,0,509.0,0,835.0,0,val
2026-08-28 12:00:00+07:00,SKU-003,10.0,195.0,0,544.0,0,828.0,0,val
2026-08-28 13:00:00+07:00,SKU-003,8.0,200.0,0,568.0,0,825.0,0,val
2026-08-28 14:00:00+07:00,SKU-003,14.0,194.0,0,582.0,0,819.0,0,val
2026-08-28 15:00:00+07:00,SKU-003,4.0,201.0,0,602.0,0,825.0,0,val
2026-08-28 16:00:00+07:00,SKU-003,14.0,192.0,0,615.0,0,822.0,0,val
2026-08-28 17:00:00+07:00,SKU-003,9.0,194.0,0,629.0,0,824.0,0,val
2026-08-28 18:00:00+07:00,SKU-003,19.0,186.0,0,625.0,0,819.0,0,val
2026-08-28 19:00:00+07:00,SKU-003,14.0,178.0,0,625.0,0,834.0,0,val
2026-08-28 20:00:00+07:00,SKU-003,14.0,186.0,0,631.0,0,831.0,0,val
2026-08-28 21:00:00+07:00,SKU-003,11.0,187.0,0,651.0,0,832.0,0,val
2026-08-28 22:00:00+07:00,SKU-003,6.0,194.0,0,655.0,0,830.0,0,val
2026-08-28 23:00:00+07:00,SKU-003,5.0,192.0,0,655.0,0,834.0,0,val
2026-08-29 00:00:00+07:00,SKU-003,2.0,192.0,0,656.0,0,834.0,0,val
2026-08-29 01:00:00+07:00,SKU-003,2.0,193.0,0,654.0,0,832.0,0,val
2026-08-29 02:00:00+07:00,SKU-003,1.0,193.0,0,653.0,0,832.0,0,val
2026-08-29 03:00:00+07:00,SKU-003,0.0,196.0,0,656.0,0,832.0,0,val
2026-08-29 04:00:00+07:00,SKU-003,1.0,195.0,0,657.0,0,831.0,0,val
2026-08-29 05:00:00+07:00,SKU-003,0.0,197.0,0,658.0,0,832.0,0,val
2026-08-29 06:00:00+07:00,SKU-003,7.0,209.0,0,656.0,0,826.0,0,val
2026-08-29 07:00:00+07:00,SKU-003,4.0,220.0,0,653.0,0,826.0,0,val
2026-08-29 08:00:00+07:00,SKU-003,11.0,240.0,0,654.0,0,820.0,0,val
2026-08-29 09:00:00+07:00,SKU-003,13.0,251.0,0,651.0,0,810.0,0,val
2026-08-29 10:00:00+07:00,SKU-003,6.0,301.0,0,652.0,0,811.0,0,val
2026-08-29 11:00:00+07:00,SKU-003,17.0,317.0,0,643.0,0,806.0,0,val
2026-08-29 12:00:00+07:00,SKU-003,13.0,349.0,0,633.0,0,800.0,0,val
2026-08-29 13:00:00+07:00,SKU-003,13.0,368.0,0,625.0,0,796.0,0,val
2026-08-29 14:00:00+07:00,SKU-003,8.0,388.0,0,625.0,0,798.0,0,val
2026-08-29 15:00:00+07:00,SKU-003,11.0,401.0,0,624.0,0,789.0,0,val
2026-08-29 16:00:00+07:00,SKU-003,5.0,423.0,0,630.0,0,787.0,0,val
2026-08-29 17:00:00+07:00,SKU-003,11.0,435.0,0,630.0,0,790.0,0,val
2026-08-29 18:00:00+07:00,SKU-003,11.0,439.0,0,633.0,0,782.0,0,val
2026-08-29 19:00:00+07:00,SKU-003,6.0,447.0,0,656.0,0,797.0,0,val
2026-08-29 20:00:00+07:00,SKU-003,22.0,445.0,0,645.0,0,790.0,0,val
2026-08-29 21:00:00+07:00,SKU-003,12.0,464.0,0,645.0,0,786.0,0,val
2026-08-29 22:00:00+07:00,SKU-003,13.0,461.0,0,636.0,0,776.0,0,val
2026-08-29 23:00:00+07:00,SKU-003,3.0,463.0,0,642.0,0,776.0,0,val
2026-08-30 00:00:00+07:00,SKU-003,2.0,464.0,0,642.0,0,777.0,0,val
2026-08-30 01:00:00+07:00,SKU-003,3.0,461.0,0,639.0,0,776.0,0,val
2026-08-30 02:00:00+07:00,SKU-003,1.0,460.0,0,639.0,0,776.0,0,val
2026-08-30 03:00:00+07:00,SKU-003,3.0,460.0,0,636.0,0,773.0,0,val
2026-08-30 04:00:00+07:00,SKU-003,0.0,462.0,0,636.0,0,773.0,0,val
2026-08-30 05:00:00+07:00,SKU-003,2.0,461.0,0,635.0,0,773.0,0,val
2026-08-30 06:00:00+07:00,SKU-003,19.0,447.0,0,617.0,0,754.0,0,val
2026-08-30 07:00:00+07:00,SKU-003,15.0,433.0,0,606.0,0,741.0,0,val
2026-08-30 08:00:00+07:00,SKU-003,31.0,414.0,0,580.0,0,715.0,0,val
2026-08-30 09:00:00+07:00,SKU-003,24.0,400.0,0,559.0,0,699.0,0,val
2026-08-30 10:00:00+07:00,SKU-003,56.0,351.0,0,510.0,0,652.0,0,val
2026-08-30 11:00:00+07:00,SKU-003,33.0,326.0,0,489.0,0,640.0,0,val
2026-08-30 12:00:00+07:00,SKU-003,45.0,284.0,0,451.0,0,601.0,0,val
2026-08-30 13:00:00+07:00,SKU-003,32.0,257.0,0,428.0,0,578.0,0,val
2026-08-30 14:00:00+07:00,SKU-003,28.0,237.0,0,410.0,0,554.0,0,val
2026-08-30 15:00:00+07:00,SKU-003,24.0,223.0,0,388.0,0,533.0,0,val
2026-08-30 16:00:00+07:00,SKU-003,27.0,207.0,0,364.0,0,514.0,0,val
2026-08-30 17:00:00+07:00,SKU-003,23.0,195.0,0,355.0,0,503.0,0,val
2026-08-30 18:00:00+07:00,SKU-003,15.0,194.0,0,343.0,0,497.0,0,val
2026-08-30 19:00:00+07:00,SKU-003,14.0,209.0,0,350.0,0,492.0,0,val
2026-08-30 20:00:00+07:00,SKU-003,20.0,200.0,0,345.0,0,489.0,0,val
2026-08-30 21:00:00+07:00,SKU-003,31.0,181.0,0,322.0,0,466.0,0,val
2026-08-30 22:00:00+07:00,SKU-003,10.0,175.0,0,315.0,0,462.0,0,val
2026-08-30 23:00:00+07:00,SKU-003,5.0,179.0,0,313.0,0,461.0,0,val
2026-08-31 00:00:00+07:00,SKU-003,3.0,178.0,0,313.0,0,461.0,0,val
2026-08-31 01:00:00+07:00,SKU-003,0.0,178.0,0,315.0,0,463.0,0,val
2026-08-31 02:00:00+07:00,SKU-003,0.0,179.0,0,316.0,0,464.0,0,val
2026-08-31 03:00:00+07:00,SKU-003,3.0,176.0,0,313.0,0,463.0,0,val
2026-08-31 04:00:00+07:00,SKU-003,2.0,174.0,0,311.0,0,462.0,0,val
2026-08-31 05:00:00+07:00,SKU-003,1.0,174.0,0,312.0,0,464.0,0,val
2026-08-31 06:00:00+07:00,SKU-003,5.0,170.0,0,307.0,0,460.0,0,val
2026-08-31 07:00:00+07:00,SKU-003,1.0,173.0,0,308.0,0,462.0,0,val
2026-08-31 08:00:00+07:00,SKU-003,12.0,166.0,0,301.0,0,452.0,0,val
2026-08-31 09:00:00+07:00,SKU-003,10.0,159.0,0,299.0,0,452.0,0,val
2026-08-31 10:00:00+07:00,SKU-003,7.0,159.0,0,301.0,0,450.0,0,val
2026-08-31 11:00:00+07:00,SKU-003,8.0,163.0,0,314.0,0,444.0,0,val
2026-08-31 12:00:00+07:00,SKU-003,3.0,167.0,0,317.0,0,457.0,0,val
2026-08-31 13:00:00+07:00,SKU-003,5.0,171.0,0,321.0,0,457.0,0,val
2026-08-31 14:00:00+07:00,SKU-003,8.0,173.0,0,317.0,0,460.0,0,val
2026-08-31 15:00:00+07:00,SKU-003,10.0,165.0,0,310.0,0,450.0,0,val
2026-08-31 16:00:00+07:00,SKU-003,11.0,157.0,0,307.0,0,464.0,0,val
2026-08-31 17:00:00+07:00,SKU-003,11.0,160.0,0,308.0,0,460.0,0,val
2026-08-31 18:00:00+07:00,SKU-003,14.0,149.0,0,303.0,0,469.0,0,val
2026-08-31 19:00:00+07:00,SKU-003,29.0,141.0,0,283.0,0,443.0,0,val
2026-08-31 20:00:00+07:00,SKU-003,11.0,145.0,0,289.0,0,442.0,0,val
2026-08-31 21:00:00+07:00,SKU-003,12.0,141.0,0,285.0,0,435.0,0,val
2026-08-31 22:00:00+07:00,SKU-003,4.0,140.0,0,287.0,0,438.0,0,val
2026-08-31 23:00:00+07:00,SKU-003,9.0,134.0,0,282.0,0,432.0,0,val
2026-09-01 00:00:00+07:00,SKU-003,2.0,135.0,0,283.0,0,431.0,0,val
2026-09-01 01:00:00+07:00,SKU-003,0.0,137.0,0,285.0,0,433.0,0,val
2026-09-01 02:00:00+07:00,SKU-003,1.0,137.0,0,285.0,0,437.0,0,val
2026-09-01 03:00:00+07:00,SKU-003,0.0,137.0,0,287.0,0,439.0,0,val
2026-09-01 04:00:00+07:00,SKU-003,0.0,137.0,0,288.0,0,440.0,0,val
2026-09-01 05:00:00+07:00,SKU-003,1.0,138.0,0,290.0,0,442.0,0,val
2026-09-01 06:00:00+07:00,SKU-003,1.0,137.0,0,290.0,0,444.0,0,val
2026-09-01 07:00:00+07:00,SKU-003,4.0,135.0,0,289.0,0,446.0,0,val
2026-09-01 08:00:00+07:00,SKU-003,5.0,135.0,0,286.0,0,448.0,0,val
2026-09-01 09:00:00+07:00,SKU-003,3.0,140.0,0,293.0,0,450.0,0,val
2026-09-01 10:00:00+07:00,SKU-003,7.0,142.0,0,291.0,0,459.0,0,val
2026-09-01 11:00:00+07:00,SKU-003,12.0,151.0,0,281.0,0,466.0,0,val
2026-09-01 12:00:00+07:00,SKU-003,7.0,150.0,0,290.0,0,478.0,0,val
2026-09-01 13:00:00+07:00,SKU-003,9.0,150.0,0,286.0,0,481.0,0,val
2026-09-01 14:00:00+07:00,SKU-003,10.0,144.0,0,287.0,0,474.0,0,val
2026-09-01 15:00:00+07:00,SKU-003,2.0,145.0,0,285.0,0,481.0,0,val
2026-09-01 16:00:00+07:00,SKU-003,3.0,150.0,0,307.0,0,495.0,0,val
2026-09-01 17:00:00+07:00,SKU-003,14.0,148.0,0,300.0,0,512.0,0,val
2026-09-01 18:00:00+07:00,SKU-003,3.0,154.0,0,320.0,0,525.0,0,val
2026-09-01 19:00:00+07:00,SKU-003,21.0,142.0,0,302.0,0,522.0,0,val
2026-09-01 20:00:00+07:00,SKU-003,15.0,144.0,0,297.0,0,525.0,0,val
2026-09-01 21:00:00+07:00,SKU-003,8.0,144.0,0,294.0,0,538.0,0,val
2026-09-01 22:00:00+07:00,SKU-003,3.0,147.0,0,298.0,0,553.0,0,val
2026-09-01 23:00:00+07:00,SKU-003,3.0,148.0,0,298.0,0,556.0,0,val
2026-09-02 00:00:00+07:00,SKU-003,3.0,148.0,0,296.0,0,555.0,0,val
2026-09-02 01:00:00+07:00,SKU-003,2.0,148.0,0,296.0,0,554.0,0,val
2026-09-02 02:00:00+07:00,SKU-003,1.0,148.0,0,300.0,0,555.0,0,val
2026-09-02 03:00:00+07:00,SKU-003,0.0,150.0,0,302.0,0,555.0,0,val
2026-09-02 04:00:00+07:00,SKU-003,0.0,151.0,0,303.0,0,555.0,0,val
2026-09-02 05:00:00+07:00,SKU-003,2.0,152.0,0,304.0,0,553.0,0,val
2026-09-02 06:00:00+07:00,SKU-003,0.0,153.0,0,307.0,0,556.0,0,val
2026-09-02 07:00:00+07:00,SKU-003,2.0,154.0,0,311.0,0,563.0,0,val
2026-09-02 08:00:00+07:00,SKU-003,5.0,151.0,0,313.0,0,561.0,0,val
2026-09-02 09:00:00+07:00,SKU-003,8.0,153.0,0,310.0,0,562.0,0,val
2026-09-02 10:00:00+07:00,SKU-003,9.0,149.0,0,317.0,0,565.0,0,val
2026-09-02 11:00:00+07:00,SKU-003,21.0,130.0,0,315.0,0,552.0,0,val
2026-09-02 12:00:00+07:00,SKU-003,6.0,140.0,0,328.0,0,563.0,0,val
2026-09-02 13:00:00+07:00,SKU-003,9.0,136.0,0,331.0,0,557.0,0,val
2026-09-02 14:00:00+07:00,SKU-003,4.0,143.0,0,330.0,0,564.0,0,val
2026-09-02 15:00:00+07:00,SKU-003,3.0,140.0,0,336.0,0,566.0,0,val
2026-09-02 16:00:00+07:00,SKU-003,8.0,157.0,0,345.0,0,579.0,0,val
2026-09-02 17:00:00+07:00,SKU-003,12.0,152.0,0,364.0,0,572.0,0,val
2026-09-02 18:00:00+07:00,SKU-003,9.0,166.0,0,371.0,0,588.0,0,val
2026-09-02 19:00:00+07:00,SKU-003,9.0,160.0,0,380.0,0,595.0,0,val
2026-09-02 20:00:00+07:00,SKU-003,17.0,153.0,0,381.0,0,601.0,0,val
2026-09-02 21:00:00+07:00,SKU-003,8.0,150.0,0,394.0,0,614.0,0,val
2026-09-02 22:00:00+07:00,SKU-003,6.0,151.0,0,406.0,0,620.0,0,val
2026-09-02 23:00:00+07:00,SKU-003,4.0,150.0,0,408.0,0,628.0,0,val
2026-09-03 00:00:00+07:00,SKU-003,3.0,148.0,0,407.0,0,629.0,0,val
2026-09-03 01:00:00+07:00,SKU-003,2.0,148.0,0,406.0,0,630.0,0,val
2026-09-03 02:00:00+07:00,SKU-003,1.0,152.0,0,407.0,0,630.0,0,val
2026-09-03 03:00:00+07:00,SKU-003,2.0,152.0,0,405.0,0,629.0,0,val
2026-09-03 04:00:00+07:00,SKU-003,1.0,152.0,0,404.0,0,629.0,0,val
2026-09-03 05:00:00+07:00,SKU-003,3.0,152.0,0,401.0,0,632.0,0,val
2026-09-03 06:00:00+07:00,SKU-003,1.0,154.0,0,403.0,0,631.0,0,val
2026-09-03 07:00:00+07:00,SKU-003,3.0,157.0,0,409.0,0,637.0,0,val
2026-09-03 08:00:00+07:00,SKU-003,2.0,162.0,0,410.0,0,642.0,0,val
2026-09-03 09:00:00+07:00,SKU-003,10.0,157.0,0,409.0,0,644.0,0,val
2026-09-03 10:00:00+07:00,SKU-003,5.0,168.0,0,416.0,0,645.0,0,val
2026-09-03 11:00:00+07:00,SKU-003,2.0,185.0,0,422.0,0,657.0,0,val
2026-09-03 12:00:00+07:00,SKU-003,16.0,188.0,0,423.0,0,642.0,0,val
2026-09-03 13:00:00+07:00,SKU-003,5.0,195.0,0,421.0,0,649.0,0,val
2026-09-03 14:00:00+07:00,SKU-003,11.0,187.0,0,421.0,0,649.0,0,val
2026-09-03 15:00:00+07:00,SKU-003,0.0,196.0,0,426.0,0,655.0,0,val
2026-09-03 16:00:00+07:00,SKU-003,25.0,188.0,0,422.0,0,640.0,0,val
2026-09-03 17:00:00+07:00,SKU-003,7.0,212.0,0,420.0,0,646.0,0,val
2026-09-03 18:00:00+07:00,SKU-003,23.0,205.0,0,422.0,0,637.0,0,val
2026-09-03 19:00:00+07:00,SKU-003,3.0,220.0,0,435.0,0,651.0,0,val
2026-09-03 20:00:00+07:00,SKU-003,10.0,228.0,0,448.0,0,650.0,0,val
2026-09-03 21:00:00+07:00,SKU-003,5.0,244.0,0,464.0,0,663.0,0,val
2026-09-03 22:00:00+07:00,SKU-003,7.0,255.0,0,469.0,0,664.0,0,val
2026-09-03 23:00:00+07:00,SKU-003,3.0,258.0,0,478.0,0,664.0,0,val
2026-09-04 00:00:00+07:00,SKU-003,1.0,259.0,0,481.0,0,666.0,0,val
2026-09-04 01:00:00+07:00,SKU-003,2.0,258.0,0,482.0,0,664.0,0,val
2026-09-04 02:00:00+07:00,SKU-003,5.0,255.0,0,478.0,0,659.0,0,test
2026-09-04 03:00:00+07:00,SKU-003,2.0,253.0,0,477.0,0,657.0,0,test
2026-09-04 04:00:00+07:00,SKU-003,1.0,252.0,0,477.0,0,657.0,0,test
2026-09-04 05:00:00+07:00,SKU-003,3.0,249.0,0,480.0,0,654.0,0,test
2026-09-04 06:00:00+07:00,SKU-003,3.0,249.0,0,477.0,0,653.0,0,test
2026-09-04 07:00:00+07:00,SKU-003,6.0,252.0,0,480.0,0,653.0,0,test
2026-09-04 08:00:00+07:00,SKU-003,7.0,248.0,0,480.0,0,651.0,0,test
2026-09-04 09:00:00+07:00,SKU-003,5.0,252.0,0,487.0,0,651.0,0,test
2026-09-04 10:00:00+07:00,SKU-003,16.0,248.0,0,477.0,0,641.0,0,test
2026-09-04 11:00:00+07:00,SKU-003,19.0,237.0,0,472.0,0,634.0,0,test
2026-09-04 12:00:00+07:00,SKU-003,19.0,235.0,0,454.0,0,622.0,0,test
2026-09-04 13:00:00+07:00,SKU-003,12.0,226.0,0,454.0,0,627.0,0,test
2026-09-04 14:00:00+07:00,SKU-003,3.0,234.0,0,462.0,0,631.0,0,test
2026-09-04 15:00:00+07:00,SKU-003,9.0,230.0,0,459.0,0,633.0,0,test
2026-09-04 16:00:00+07:00,SKU-003,17.0,234.0,0,452.0,0,625.0,0,test
2026-09-04 17:00:00+07:00,SKU-003,31.0,208.0,0,434.0,0,602.0,0,test
2026-09-04 18:00:00+07:00,SKU-003,16.0,217.0,0,432.0,0,591.0,0,test
2026-09-04 19:00:00+07:00,SKU-003,18.0,215.0,0,431.0,0,579.0,0,test
2026-09-04 20:00:00+07:00,SKU-003,18.0,220.0,0,422.0,0,591.0,0,test
2026-09-04 21:00:00+07:00,SKU-003,21.0,220.0,0,419.0,0,575.0,0,test
2026-09-04 22:00:00+07:00,SKU-003,18.0,214.0,0,409.0,0,566.0,0,test
2026-09-04 23:00:00+07:00,SKU-003,6.0,220.0,0,406.0,0,569.0,0,test
2026-09-05 00:00:00+07:00,SKU-003,2.0,222.0,0,407.0,0,573.0,0,test
2026-09-05 01:00:00+07:00,SKU-003,1.0,224.0,0,406.0,0,573.0,0,test
2026-09-05 02:00:00+07:00,SKU-003,2.0,223.0,0,404.0,0,572.0,0,test
2026-09-05 03:00:00+07:00,SKU-003,0.0,224.0,0,404.0,0,573.0,0,test
2026-09-05 04:00:00+07:00,SKU-003,0.0,225.0,0,405.0,0,574.0,0,test
2026-09-05 05:00:00+07:00,SKU-003,0.0,231.0,0,405.0,0,575.0,0,test
2026-09-05 06:00:00+07:00,SKU-003,3.0,228.0,0,404.0,0,577.0,0,test
2026-09-05 07:00:00+07:00,SKU-003,9.0,228.0,0,401.0,0,575.0,0,test
2026-09-05 08:00:00+07:00,SKU-003,3.0,232.0,0,403.0,0,575.0,0,test
2026-09-05 09:00:00+07:00,SKU-003,9.0,235.0,0,399.0,0,571.0,0,test
2026-09-05 10:00:00+07:00,SKU-003,12.0,229.0,0,393.0,0,574.0,0,test
2026-09-05 11:00:00+07:00,SKU-003,8.0,235.0,0,397.0,0,575.0,0,test
2026-09-05 12:00:00+07:00,SKU-003,17.0,219.0,0,387.0,0,566.0,0,test
2026-09-05 13:00:00+07:00,SKU-003,3.0,228.0,0,401.0,0,575.0,0,test
2026-09-05 14:00:00+07:00,SKU-003,11.0,228.0,0,397.0,0,577.0,0,test
2026-09-05 15:00:00+07:00,SKU-003,5.0,229.0,0,403.0,0,584.0,0,test
2026-09-05 16:00:00+07:00,SKU-003,21.0,218.0,0,391.0,0,573.0,0,test
2026-09-05 17:00:00+07:00,SKU-003,5.0,226.0,0,394.0,0,576.0,0,test
2026-09-05 18:00:00+07:00,SKU-003,25.0,215.0,0,374.0,0,557.0,0,test
2026-09-05 19:00:00+07:00,SKU-003,16.0,216.0,0,364.0,0,549.0,0,test
2026-09-05 20:00:00+07:00,SKU-003,23.0,202.0,0,371.0,0,528.0,0,test
2026-09-05 21:00:00+07:00,SKU-003,21.0,199.0,0,355.0,0,526.0,0,test
2026-09-05 22:00:00+07:00,SKU-003,12.0,195.0,0,352.0,0,517.0,0,test
2026-09-05 23:00:00+07:00,SKU-003,12.0,186.0,0,349.0,0,510.0,0,test
2026-09-06 00:00:00+07:00,SKU-003,4.0,185.0,0,351.0,0,506.0,0,test
2026-09-06 01:00:00+07:00,SKU-003,3.0,182.0,0,349.0,0,503.0,0,test
2026-09-06 02:00:00+07:00,SKU-003,1.0,181.0,0,349.0,0,502.0,0,test
2026-09-06 03:00:00+07:00,SKU-003,1.0,180.0,0,349.0,0,502.0,0,test
2026-09-06 04:00:00+07:00,SKU-003,1.0,180.0,0,349.0,0,501.0,0,test
2026-09-06 05:00:00+07:00,SKU-003,6.0,174.0,0,344.0,0,496.0,0,test
2026-09-06 06:00:00+07:00,SKU-003,0.0,176.0,0,349.0,0,499.0,0,test
2026-09-06 07:00:00+07:00,SKU-003,9.0,173.0,0,347.0,0,496.0,0,test
2026-09-06 08:00:00+07:00,SKU-003,7.0,171.0,0,343.0,0,493.0,0,test
2026-09-06 09:00:00+07:00,SKU-003,12.0,164.0,0,336.0,0,490.0,0,test
2026-09-06 10:00:00+07:00,SKU-003,6.0,164.0,0,345.0,0,491.0,0,test
2026-09-06 11:00:00+07:00,SKU-003,14.0,162.0,0,340.0,0,491.0,0,test
2026-09-06 12:00:00+07:00,SKU-003,1.0,168.0,0,347.0,0,499.0,0,test
2026-09-06 13:00:00+07:00,SKU-003,12.0,173.0,0,347.0,0,492.0,0,test
2026-09-06 14:00:00+07:00,SKU-003,11.0,169.0,0,349.0,0,485.0,0,test
2026-09-06 15:00:00+07:00,SKU-003,6.0,174.0,0,355.0,0,486.0,0,test
2026-09-06 16:00:00+07:00,SKU-003,10.0,173.0,0,355.0,0,484.0,0,test
2026-09-06 17:00:00+07:00,SKU-003,13.0,168.0,0,350.0,0,481.0,0,test
2026-09-06 18:00:00+07:00,SKU-003,14.0,159.0,0,342.0,0,480.0,0,test
2026-09-06 19:00:00+07:00,SKU-003,17.0,148.0,0,333.0,0,465.0,0,test
2026-09-06 20:00:00+07:00,SKU-003,9.0,169.0,0,326.0,0,466.0,0,test
2026-09-06 21:00:00+07:00,SKU-003,18.0,156.0,0,327.0,0,462.0,0,test
2026-09-06 22:00:00+07:00,SKU-003,8.0,157.0,0,322.0,0,457.0,0,test
2026-09-06 23:00:00+07:00,SKU-003,3.0,163.0,0,324.0,0,454.0,0,test
2026-09-07 00:00:00+07:00,SKU-003,3.0,166.0,0,321.0,0,451.0,0,test
2026-09-07 01:00:00+07:00,SKU-003,0.0,167.0,0,321.0,0,451.0,0,test
2026-09-07 02:00:00+07:00,SKU-003,0.0,168.0,0,321.0,0,451.0,0,test
2026-09-07 03:00:00+07:00,SKU-003,0.0,169.0,0,322.0,0,452.0,0,test
2026-09-07 04:00:00+07:00,SKU-003,1.0,169.0,0,321.0,0,452.0,0,test
2026-09-07 05:00:00+07:00,SKU-003,0.0,170.0,0,322.0,0,454.0,0,test
2026-09-07 06:00:00+07:00,SKU-003,2.0,173.0,0,323.0,0,452.0,0,test
2026-09-07 07:00:00+07:00,SKU-003,6.0,174.0,0,323.0,0,454.0,0,test
2026-09-07 08:00:00+07:00,SKU-003,5.0,172.0,0,322.0,0,462.0,0,test
2026-09-07 09:00:00+07:00,SKU-003,5.0,172.0,0,326.0,0,463.0,0,test
2026-09-07 10:00:00+07:00,SKU-003,6.0,181.0,0,327.0,0,475.0,0,test
2026-09-07 11:00:00+07:00,SKU-003,12.0,178.0,0,329.0,0,471.0,0,test
2026-09-07 12:00:00+07:00,SKU-003,7.0,179.0,0,331.0,0,484.0,0,test
2026-09-07 13:00:00+07:00,SKU-003,17.0,174.0,0,319.0,0,474.0,0,test
2026-09-07 14:00:00+07:00,SKU-003,7.0,180.0,0,316.0,0,473.0,0,test
2026-09-07 15:00:00+07:00,SKU-003,11.0,181.0,0,312.0,0,465.0,0,test
2026-09-07 16:00:00+07:00,SKU-003,9.0,182.0,0,311.0,0,467.0,0,test
2026-09-07 17:00:00+07:00,SKU-003,8.0,182.0,0,313.0,0,475.0,0,test
2026-09-07 18:00:00+07:00,SKU-003,5.0,183.0,0,321.0,0,485.0,0,test
2026-09-07 19:00:00+07:00,SKU-003,6.0,185.0,0,317.0,0,493.0,0,test
2026-09-07 20:00:00+07:00,SKU-003,30.0,157.0,0,297.0,0,485.0,0,test
2026-09-07 21:00:00+07:00,SKU-003,5.0,171.0,0,306.0,0,494.0,0,test
2026-09-07 22:00:00+07:00,SKU-003,9.0,165.0,0,300.0,0,488.0,0,test
2026-09-07 23:00:00+07:00,SKU-003,9.0,161.0,0,291.0,0,484.0,0,test
2026-09-08 00:00:00+07:00,SKU-003,6.0,155.0,0,285.0,0,478.0,0,test
2026-09-08 01:00:00+07:00,SKU-003,1.0,154.0,0,284.0,0,478.0,0,test
2026-09-08 02:00:00+07:00,SKU-003,1.0,153.0,0,283.0,0,478.0,0,test
2026-09-08 03:00:00+07:00,SKU-003,1.0,153.0,0,283.0,0,479.0,0,test
2026-09-08 04:00:00+07:00,SKU-003,1.0,152.0,0,283.0,0,479.0,0,test
2026-09-08 05:00:00+07:00,SKU-003,1.0,152.0,0,284.0,0,479.0,0,test
2026-09-08 06:00:00+07:00,SKU-003,5.0,150.0,0,279.0,0,481.0,0,test
2026-09-08 07:00:00+07:00,SKU-003,7.0,149.0,0,280.0,0,481.0,0,test
2026-09-08 08:00:00+07:00,SKU-003,3.0,150.0,0,290.0,0,493.0,0,test
2026-09-08 09:00:00+07:00,SKU-003,5.0,154.0,0,291.0,0,500.0,0,test
2026-09-08 10:00:00+07:00,SKU-003,15.0,146.0,0,294.0,0,493.0,0,test
2026-09-08 11:00:00+07:00,SKU-003,9.0,151.0,0,293.0,0,504.0,0,test
2026-09-08 12:00:00+07:00,SKU-003,8.0,152.0,0,305.0,0,513.0,0,test
2026-09-08 13:00:00+07:00,SKU-003,12.0,145.0,0,300.0,0,513.0,0,test
2026-09-08 14:00:00+07:00,SKU-003,13.0,136.0,0,293.0,0,504.0,0,test
2026-09-08 15:00:00+07:00,SKU-003,12.0,131.0,0,284.0,0,496.0,0,test
2026-09-08 16:00:00+07:00,SKU-003,10.0,129.0,0,285.0,0,495.0,0,test
2026-09-08 17:00:00+07:00,SKU-003,8.0,131.0,0,293.0,0,500.0,0,test
2026-09-08 18:00:00+07:00,SKU-003,6.0,138.0,0,302.0,0,516.0,0,test
2026-09-08 19:00:00+07:00,SKU-003,8.0,132.0,0,308.0,0,525.0,0,test
2026-09-08 20:00:00+07:00,SKU-003,2.0,140.0,0,328.0,0,551.0,0,test
2026-09-08 21:00:00+07:00,SKU-003,19.0,135.0,0,323.0,0,546.0,0,test
2026-09-08 22:00:00+07:00,SKU-003,3.0,135.0,0,323.0,0,556.0,0,test
2026-09-08 23:00:00+07:00,SKU-003,5.0,130.0,0,323.0,0,553.0,0,test
2026-09-09 00:00:00+07:00,SKU-003,0.0,130.0,0,323.0,0,555.0,0,test
2026-09-09 01:00:00+07:00,SKU-003,0.0,130.0,0,324.0,0,556.0,0,test
2026-09-09 02:00:00+07:00,SKU-003,0.0,130.0,0,325.0,0,561.0,0,test
2026-09-09 03:00:00+07:00,SKU-003,1.0,130.0,0,326.0,0,561.0,0,test
2026-09-09 04:00:00+07:00,SKU-003,0.0,131.0,0,327.0,0,562.0,0,test
2026-09-09 05:00:00+07:00,SKU-003,1.0,132.0,0,327.0,0,564.0,0,test
2026-09-09 06:00:00+07:00,SKU-003,3.0,129.0,0,331.0,0,571.0,0,test
2026-09-09 07:00:00+07:00,SKU-003,6.0,131.0,0,332.0,0,572.0,0,test
2026-09-09 08:00:00+07:00,SKU-003,4.0,140.0,0,343.0,0,581.0,0,test
2026-09-09 09:00:00+07:00,SKU-003,9.0,137.0,0,346.0,0,579.0,0,test
2026-09-09 10:00:00+07:00,SKU-003,7.0,148.0,0,347.0,0,584.0,0,test
2026-09-09 11:00:00+07:00,SKU-003,14.0,142.0,0,353.0,0,586.0,0,test
2026-09-09 12:00:00+07:00,SKU-003,9.0,153.0,0,361.0,0,591.0,0,test
2026-09-09 13:00:00+07:00,SKU-003,5.0,155.0,0,368.0,0,602.0,0,test
2026-09-09 14:00:00+07:00,SKU-003,4.0,157.0,0,368.0,0,603.0,0,test
2026-09-09 15:00:00+07:00,SKU-003,7.0,153.0,0,365.0,0,599.0,0,test
2026-09-09 16:00:00+07:00,SKU-003,8.0,156.0,0,366.0,0,596.0,0,test
2026-09-09 17:00:00+07:00,SKU-003,10.0,162.0,0,369.0,0,601.0,0,test
2026-09-09 18:00:00+07:00,SKU-003,13.0,164.0,0,378.0,0,608.0,0,test
2026-09-09 19:00:00+07:00,SKU-003,2.0,176.0,0,393.0,0,608.0,0,test
2026-09-09 20:00:00+07:00,SKU-003,10.0,188.0,0,411.0,0,625.0,0,test
2026-09-09 21:00:00+07:00,SKU-003,14.0,188.0,0,411.0,0,625.0,0,test
2026-09-09 22:00:00+07:00,SKU-003,3.0,188.0,0,421.0,0,636.0,0,test
2026-09-09 23:00:00+07:00,SKU-003,0.0,193.0,0,423.0,0,638.0,0,test
2026-09-10 00:00:00+07:00,SKU-003,0.0,193.0,0,425.0,0,639.0,0,test
2026-09-10 01:00:00+07:00,SKU-003,0.0,194.0,0,426.0,0,640.0,0,test
2026-09-10 02:00:00+07:00,SKU-003,0.0,195.0,0,431.0,0,644.0,0,test
2026-09-10 03:00:00+07:00,SKU-003,1.0,196.0,0,431.0,0,645.0,0,test
2026-09-10 04:00:00+07:00,SKU-003,1.0,196.0,0,431.0,0,645.0,0,test
2026-09-10 05:00:00+07:00,SKU-003,2.0,195.0,0,432.0,0,648.0,0,test
2026-09-10 06:00:00+07:00,SKU-003,0.0,202.0,0,442.0,0,655.0,0,test
2026-09-10 07:00:00+07:00,SKU-003,8.0,201.0,0,441.0,0,668.0,0,test
2026-09-10 08:00:00+07:00,SKU-003,13.0,203.0,0,441.0,0,673.0,0,test
2026-09-10 09:00:00+07:00,SKU-003,6.0,209.0,0,442.0,0,695.0,0,test
2026-09-10 10:00:00+07:00,SKU-003,18.0,199.0,0,436.0,0,712.0,0,test
2026-09-10 11:00:00+07:00,SKU-003,8.0,211.0,0,444.0,0,734.0,0,test
2026-09-10 12:00:00+07:00,SKU-003,20.0,208.0,0,438.0,0,744.0,0,test
2026-09-10 13:00:00+07:00,SKU-003,7.0,213.0,0,447.0,0,787.0,0,test
2026-09-10 14:00:00+07:00,SKU-003,6.0,211.0,0,446.0,0,788.0,0,test
2026-09-10 15:00:00+07:00,SKU-003,3.0,212.0,0,446.0,0,807.0,0,test
2026-09-10 16:00:00+07:00,SKU-003,11.0,210.0,0,440.0,0,820.0,0,test
2026-09-10 17:00:00+07:00,SKU-003,16.0,207.0,0,439.0,0,842.0,0,test
2026-09-10 18:00:00+07:00,SKU-003,15.0,214.0,0,444.0,0,845.0,0,test
2026-09-10 19:00:00+07:00,SKU-003,14.0,217.0,0,432.0,0,859.0,0,test
2026-09-10 20:00:00+07:00,SKU-003,22.0,223.0,0,437.0,0,875.0,0,test
2026-09-10 21:00:00+07:00,SKU-003,14.0,223.0,0,437.0,0,900.0,0,test
2026-09-10 22:00:00+07:00,SKU-003,3.0,233.0,0,448.0,0,918.0,0,test
2026-09-10 23:00:00+07:00,SKU-003,5.0,230.0,0,445.0,0,936.0,0,test
2026-09-11 00:00:00+07:00,SKU-003,0.0,232.0,0,446.0,0,939.0,0,test
2026-09-11 01:00:00+07:00,SKU-003,1.0,232.0,0,446.0,0,939.0,0,test
2026-09-11 02:00:00+07:00,SKU-003,1.0,236.0,0,449.0,0,940.0,0,test
2026-09-11 03:00:00+07:00,SKU-003,2.0,235.0,0,449.0,0,938.0,0,test
2026-09-11 04:00:00+07:00,SKU-003,1.0,235.0,0,449.0,0,939.0,0,test
2026-09-11 05:00:00+07:00,SKU-003,1.0,237.0,0,453.0,0,941.0,0,test
2026-09-11 06:00:00+07:00,SKU-003,7.0,240.0,0,453.0,0,940.0,0,test
2026-09-11 07:00:00+07:00,SKU-003,7.0,240.0,0,467.0,0,938.0,0,test
2026-09-11 08:00:00+07:00,SKU-003,15.0,238.0,0,470.0,0,945.0,0,test
2026-09-11 09:00:00+07:00,SKU-003,12.0,233.0,0,486.0,0,957.0,0,test
2026-09-11 10:00:00+07:00,SKU-003,8.0,237.0,0,513.0,0,964.0,0,test
2026-09-11 11:00:00+07:00,SKU-003,20.0,233.0,0,523.0,0,960.0,0,test
2026-09-11 12:00:00+07:00,SKU-003,17.0,230.0,0,536.0,0,975.0,0,test
2026-09-11 13:00:00+07:00,SKU-003,12.0,234.0,0,574.0,0,984.0,0,test
2026-09-11 14:00:00+07:00,SKU-003,4.0,235.0,0,577.0,0,1008.0,0,test
2026-09-11 15:00:00+07:00,SKU-003,4.0,234.0,0,595.0,0,1021.0,0,test
2026-09-11 16:00:00+07:00,SKU-003,9.0,230.0,0,610.0,0,1022.0,0,test
2026-09-11 17:00:00+07:00,SKU-003,13.0,232.0,0,635.0,0,1022.0,0,test
2026-09-11 18:00:00+07:00,SKU-003,22.0,230.0,0,631.0,0,1033.0,0,test
2026-09-11 19:00:00+07:00,SKU-003,17.0,215.0,0,642.0,0,1044.0,0,test
2026-09-11 20:00:00+07:00,SKU-003,28.0,214.0,0,652.0,0,1039.0,0,test
2026-09-11 21:00:00+07:00,SKU-003,14.0,214.0,0,677.0,0,1044.0,0,test
2026-09-11 22:00:00+07:00,SKU-003,13.0,215.0,0,685.0,0,1038.0,0,test
2026-09-11 23:00:00+07:00,SKU-003,2.0,215.0,0,706.0,0,1039.0,0,test
2026-09-12 00:00:00+07:00,SKU-003,2.0,214.0,0,707.0,0,1038.0,0,test
2026-09-12 01:00:00+07:00,SKU-003,1.0,214.0,0,707.0,0,1044.0,0,test
2026-09-12 02:00:00+07:00,SKU-003,5.0,213.0,0,704.0,0,1041.0,0,test
2026-09-12 03:00:00+07:00,SKU-003,1.0,214.0,0,703.0,0,1040.0,0,test
2026-09-12 04:00:00+07:00,SKU-003,1.0,214.0,0,704.0,0,1039.0,0,test
2026-09-12 05:00:00+07:00,SKU-003,3.0,216.0,0,704.0,0,1038.0,0,test
2026-09-12 06:00:00+07:00,SKU-003,10.0,213.0,0,700.0,0,1032.0,0,test
2026-09-12 07:00:00+07:00,SKU-003,7.0,227.0,0,698.0,0,1034.0,0,test
2026-09-12 08:00:00+07:00,SKU-003,13.0,232.0,0,707.0,0,1030.0,0,test
2026-09-12 09:00:00+07:00,SKU-003,7.0,253.0,0,724.0,0,1027.0,0,test
2026-09-12 10:00:00+07:00,SKU-003,12.0,276.0,0,727.0,0,1023.0,0,test
2026-09-12 11:00:00+07:00,SKU-003,16.0,290.0,0,727.0,0,1016.0,0,test
2026-09-12 12:00:00+07:00,SKU-003,14.0,306.0,0,745.0,0,1021.0,0,test
2026-09-12 13:00:00+07:00,SKU-003,16.0,340.0,0,750.0,0,1022.0,0,test
2026-09-12 14:00:00+07:00,SKU-003,5.0,342.0,0,773.0,0,1019.0,0,test
2026-09-12 15:00:00+07:00,SKU-003,3.0,361.0,0,787.0,0,1032.0,0,test
2026-09-12 16:00:00+07:00,SKU-003,5.0,380.0,0,792.0,0,1036.0,0,test
2026-09-12 17:00:00+07:00,SKU-003,15.0,403.0,0,790.0,0,1034.0,0,test
2026-09-12 18:00:00+07:00,SKU-003,20.0,401.0,0,803.0,0,1033.0,0,test
2026-09-12 19:00:00+07:00,SKU-003,2.0,427.0,0,829.0,0,1043.0,0,test
2026-09-12 20:00:00+07:00,SKU-003,27.0,438.0,0,825.0,0,1032.0,0,test
2026-09-12 21:00:00+07:00,SKU-003,14.0,463.0,0,830.0,0,1030.0,0,test
2026-09-12 22:00:00+07:00,SKU-003,14.0,470.0,0,823.0,0,1020.0,0,test
2026-09-12 23:00:00+07:00,SKU-003,2.0,491.0,0,824.0,0,1021.0,0,test
2026-09-13 00:00:00+07:00,SKU-003,1.0,493.0,0,824.0,0,1022.0,0,test
2026-09-13 01:00:00+07:00,SKU-003,1.0,493.0,0,830.0,0,1022.0,0,test
2026-09-13 02:00:00+07:00,SKU-003,4.0,491.0,0,828.0,0,1019.0,0,test
2026-09-13 03:00:00+07:00,SKU-003,2.0,489.0,0,826.0,0,1017.0,0,test
2026-09-13 04:00:00+07:00,SKU-003,1.0,490.0,0,825.0,0,1017.0,0,test
2026-09-13 05:00:00+07:00,SKU-003,5.0,488.0,0,822.0,0,1013.0,0,test
2026-09-13 06:00:00+07:00,SKU-003,7.0,487.0,0,819.0,0,1007.0,0,test
2026-09-13 07:00:00+07:00,SKU-003,21.0,471.0,0,807.0,0,993.0,0,test
2026-09-13 08:00:00+07:00,SKU-003,18.0,475.0,0,798.0,0,977.0,0,test
2026-09-13 09:00:00+07:00,SKU-003,28.0,471.0,0,774.0,0,957.0,0,test
2026-09-13 10:00:00+07:00,SKU-003,35.0,451.0,0,747.0,0,936.0,0,test
2026-09-13 11:00:00+07:00,SKU-003,30.0,437.0,0,726.0,0,915.0,0,test
2026-09-13 12:00:00+07:00,SKU-003,30.0,439.0,0,715.0,0,915.0,0,test
2026-09-13 13:00:00+07:00,SKU-003,50.0,410.0,0,682.0,0,870.0,0,test
2026-09-13 14:00:00+07:00,SKU-003,7.0,431.0,0,677.0,0,870.0,0,test
2026-09-13 15:00:00+07:00,SKU-003,22.0,426.0,0,671.0,0,858.0,0,test
2026-09-13 16:00:00+07:00,SKU-003,24.0,412.0,0,656.0,0,849.0,0,test
2026-09-13 17:00:00+07:00,SKU-003,38.0,387.0,0,631.0,0,821.0,0,test
2026-09-13 18:00:00+07:00,SKU-003,18.0,402.0,0,632.0,0,809.0,0,test
2026-09-13 19:00:00+07:00,SKU-003,28.0,402.0,0,616.0,0,790.0,0,test
2026-09-13 20:00:00+07:00,SKU-003,38.0,387.0,0,594.0,0,760.0,0,test
2026-09-13 21:00:00+07:00,SKU-003,39.0,367.0,0,567.0,0,730.0,0,test
2026-09-13 22:00:00+07:00,SKU-003,21.0,353.0,0,550.0,0,721.0,0,test
2026-09-13 23:00:00+07:00,SKU-003,23.0,333.0,0,530.0,0,703.0,0,test
2026-09-14 00:00:00+07:00,SKU-003,3.0,331.0,0,529.0,0,702.0,0,test
2026-09-14 01:00:00+07:00,SKU-003,1.0,337.0,0,529.0,0,703.0,0,test
2026-09-14 02:00:00+07:00,SKU-003,2.0,337.0,0,528.0,0,701.0,0,test
2026-09-14 03:00:00+07:00,SKU-003,0.0,337.0,0,528.0,0,701.0,0,test
2026-09-14 04:00:00+07:00,SKU-003,2.0,335.0,0,527.0,0,699.0,0,test
2026-09-14 05:00:00+07:00,SKU-003,3.0,334.0,0,525.0,0,700.0,0,test
2026-09-14 06:00:00+07:00,SKU-003,6.0,332.0,0,520.0,0,696.0,0,test
2026-09-14 07:00:00+07:00,SKU-003,5.0,336.0,0,522.0,0,694.0,0,test
2026-09-14 08:00:00+07:00,SKU-003,22.0,323.0,0,502.0,0,680.0,0,test
2026-09-14 09:00:00+07:00,SKU-003,24.0,303.0,0,486.0,0,660.0,0,test
2026-09-14 10:00:00+07:00,SKU-003,15.0,296.0,0,485.0,0,653.0,0,test
2026-09-14 11:00:00+07:00,SKU-003,16.0,289.0,0,478.0,0,647.0,0,test
2026-09-14 12:00:00+07:00,SKU-003,32.0,276.0,0,476.0,0,624.0,0,test
2026-09-14 13:00:00+07:00,SKU-003,21.0,272.0,0,460.0,0,618.0,0,test
2026-09-14 14:00:00+07:00,SKU-003,28.0,246.0,0,439.0,0,,,test
2026-09-14 15:00:00+07:00,SKU-003,17.0,245.0,0,432.0,0,,,test
2026-09-14 16:00:00+07:00,SKU-003,10.0,244.0,0,437.0,0,,,test
2026-09-14 17:00:00+07:00,SKU-003,13.0,244.0,0,434.0,0,,,test
2026-09-14 18:00:00+07:00,SKU-003,33.0,230.0,0,407.0,0,,,test
2026-09-14 19:00:00+07:00,SKU-003,28.0,214.0,0,388.0,0,,,test
2026-09-14 20:00:00+07:00,SKU-003,23.0,207.0,0,373.0,0,,,test
2026-09-14 21:00:00+07:00,SKU-003,19.0,200.0,0,363.0,0,,,test
2026-09-14 22:00:00+07:00,SKU-003,7.0,197.0,0,368.0,0,,,test
2026-09-14 23:00:00+07:00,SKU-003,3.0,197.0,0,370.0,0,,,test
2026-09-15 00:00:00+07:00,SKU-003,1.0,198.0,0,371.0,0,,,test
2026-09-15 01:00:00+07:00,SKU-003,7.0,192.0,0,366.0,0,,,test
2026-09-15 02:00:00+07:00,SKU-003,2.0,191.0,0,364.0,0,,,test
2026-09-15 03:00:00+07:00,SKU-003,0.0,191.0,0,364.0,0,,,test
2026-09-15 04:00:00+07:00,SKU-003,0.0,192.0,0,364.0,0,,,test
2026-09-15 05:00:00+07:00,SKU-003,2.0,191.0,0,366.0,0,,,test
2026-09-15 06:00:00+07:00,SKU-003,4.0,188.0,0,364.0,0,,,test
2026-09-15 07:00:00+07:00,SKU-003,9.0,186.0,0,358.0,0,,,test
2026-09-15 08:00:00+07:00,SKU-003,9.0,179.0,0,357.0,0,,,test
2026-09-15 09:00:00+07:00,SKU-003,4.0,183.0,0,357.0,0,,,test
2026-09-15 10:00:00+07:00,SKU-003,8.0,189.0,0,357.0,0,,,test
2026-09-15 11:00:00+07:00,SKU-003,9.0,189.0,0,358.0,0,,,test
2026-09-15 12:00:00+07:00,SKU-003,19.0,200.0,0,348.0,0,,,test
2026-09-15 13:00:00+07:00,SKU-003,17.0,188.0,0,346.0,0,,,test
2026-09-15 14:00:00+07:00,SKU-003,2.0,193.0,0,,,,,test
2026-09-15 15:00:00+07:00,SKU-003,16.0,187.0,0,,,,,test
2026-09-15 16:00:00+07:00,SKU-003,9.0,193.0,0,,,,,test
2026-09-15 17:00:00+07:00,SKU-003,13.0,190.0,0,,,,,test
2026-09-15 18:00:00+07:00,SKU-003,19.0,177.0,0,,,,,test
2026-09-15 19:00:00+07:00,SKU-003,12.0,174.0,0,,,,,test
2026-09-15 20:00:00+07:00,SKU-003,16.0,166.0,0,,,,,test
2026-09-15 21:00:00+07:00,SKU-003,12.0,163.0,0,,,,,test
2026-09-15 22:00:00+07:00,SKU-003,4.0,171.0,0,,,,,test
2026-09-15 23:00:00+07:00,SKU-003,3.0,173.0,0,,,,,test
2026-09-16 00:00:00+07:00,SKU-003,2.0,173.0,0,,,,,test
2026-09-16 01:00:00+07:00,SKU-003,1.0,174.0,0,,,,,test
2026-09-16 02:00:00+07:00,SKU-003,1.0,173.0,0,,,,,test
2026-09-16 03:00:00+07:00,SKU-003,0.0,173.0,0,,,,,test
2026-09-16 04:00:00+07:00,SKU-003,1.0,172.0,0,,,,,test
2026-09-16 05:00:00+07:00,SKU-003,1.0,175.0,0,,,,,test
2026-09-16 06:00:00+07:00,SKU-003,1.0,176.0,0,,,,,test
2026-09-16 07:00:00+07:00,SKU-003,7.0,172.0,0,,,,,test
2026-09-16 08:00:00+07:00,SKU-003,2.0,178.0,0,,,,,test
2026-09-16 09:00:00+07:00,SKU-003,8.0,174.0,0,,,,,test
2026-09-16 10:00:00+07:00,SKU-003,14.0,168.0,0,,,,,test
2026-09-16 11:00:00+07:00,SKU-003,9.0,169.0,0,,,,,test
2026-09-16 12:00:00+07:00,SKU-003,30.0,148.0,0,,,,,test
2026-09-16 13:00:00+07:00,SKU-003,5.0,158.0,0,,,,,test
2026-09-16 14:00:00+07:00,SKU-003,7.0,,,,,,,test
2026-09-16 15:00:00+07:00,SKU-003,10.0,,,,,,,test
2026-09-16 16:00:00+07:00,SKU-003,15.0,,,,,,,test
2026-09-16 17:00:00+07:00,SKU-003,10.0,,,,,,,test
2026-09-16 18:00:00+07:00,SKU-003,6.0,,,,,,,test
2026-09-16 19:00:00+07:00,SKU-003,9.0,,,,,,,test
2026-09-16 20:00:00+07:00,SKU-003,8.0,,,,,,,test
2026-09-16 21:00:00+07:00,SKU-003,9.0,,,,,,,test
2026-09-16 22:00:00+07:00,SKU-003,12.0,,,,,,,test
2026-09-16 23:00:00+07:00,SKU-003,5.0,,,,,,,test
2026-09-17 00:00:00+07:00,SKU-003,2.0,,,,,,,test
2026-09-17 01:00:00+07:00,SKU-003,2.0,,,,,,,test
2026-09-17 02:00:00+07:00,SKU-003,0.0,,,,,,,test
2026-09-17 03:00:00+07:00,SKU-003,0.0,,,,,,,test
2026-09-17 04:00:00+07:00,SKU-003,0.0,,,,,,,test
2026-09-17 05:00:00+07:00,SKU-003,4.0,,,,,,,test
2026-09-17 06:00:00+07:00,SKU-003,2.0,,,,,,,test
2026-09-17 07:00:00+07:00,SKU-003,3.0,,,,,,,test
2026-09-17 08:00:00+07:00,SKU-003,8.0,,,,,,,test
2026-09-17 09:00:00+07:00,SKU-003,4.0,,,,,,,test
2026-09-17 10:00:00+07:00,SKU-003,8.0,,,,,,,test
2026-09-17 11:00:00+07:00,SKU-003,10.0,,,,,,,test
2026-09-17 12:00:00+07:00,SKU-003,9.0,,,,,,,test
2026-09-17 13:00:00+07:00,SKU-003,15.0,,,,,,,test
2026-06-19 14:00:00+07:00,SKU-002,2.0,45.0,0,90.0,0,135.0,0,train
2026-06-19 15:00:00+07:00,SKU-002,2.0,50.0,0,94.0,0,137.0,0,train
2026-06-19 16:00:00+07:00,SKU-002,3.0,47.0,0,94.0,0,134.0,0,train
2026-06-19 17:00:00+07:00,SKU-002,0.0,52.0,0,96.0,0,134.0,0,train
2026-06-19 18:00:00+07:00,SKU-002,3.0,53.0,0,98.0,0,133.0,0,train
2026-06-19 19:00:00+07:00,SKU-002,2.0,51.0,0,102.0,0,135.0,0,train
2026-06-19 20:00:00+07:00,SKU-002,4.0,50.0,0,104.0,0,133.0,0,train
2026-06-19 21:00:00+07:00,SKU-002,0.0,53.0,0,108.0,0,136.0,0,train
2026-06-19 22:00:00+07:00,SKU-002,3.0,54.0,0,107.0,0,134.0,0,train
2026-06-19 23:00:00+07:00,SKU-002,0.0,55.0,0,108.0,0,135.0,0,train
2026-06-20 00:00:00+07:00,SKU-002,0.0,55.0,0,108.0,0,135.0,0,train
2026-06-20 01:00:00+07:00,SKU-002,0.0,56.0,0,108.0,0,135.0,0,train
2026-06-20 02:00:00+07:00,SKU-002,0.0,58.0,0,108.0,0,135.0,0,train
2026-06-20 03:00:00+07:00,SKU-002,0.0,58.0,0,108.0,0,135.0,0,train
2026-06-20 04:00:00+07:00,SKU-002,0.0,58.0,0,108.0,0,135.0,0,train
2026-06-20 05:00:00+07:00,SKU-002,0.0,58.0,0,108.0,0,135.0,0,train
2026-06-20 06:00:00+07:00,SKU-002,0.0,60.0,0,108.0,0,135.0,0,train
2026-06-20 07:00:00+07:00,SKU-002,0.0,60.0,0,108.0,0,135.0,0,train
2026-06-20 08:00:00+07:00,SKU-002,3.0,60.0,0,106.0,0,134.0,0,train
2026-06-20 09:00:00+07:00,SKU-002,3.0,58.0,0,103.0,0,132.0,0,train
2026-06-20 10:00:00+07:00,SKU-002,1.0,60.0,0,105.0,0,132.0,0,train
2026-06-20 11:00:00+07:00,SKU-002,7.0,54.0,0,102.0,0,128.0,0,train
2026-06-20 12:00:00+07:00,SKU-002,1.0,56.0,0,102.0,0,127.0,0,train
2026-06-20 13:00:00+07:00,SKU-002,2.0,55.0,0,100.0,0,127.0,0,train
2026-06-20 14:00:00+07:00,SKU-002,11.0,45.0,0,90.0,0,118.0,0,train
2026-06-20 15:00:00+07:00,SKU-002,7.0,44.0,0,87.0,0,112.0,0,train
2026-06-20 16:00:00+07:00,SKU-002,0.0,47.0,0,87.0,0,116.0,0,train
2026-06-20 17:00:00+07:00,SKU-002,5.0,44.0,0,82.0,0,113.0,0,train
2026-06-20 18:00:00+07:00,SKU-002,4.0,45.0,0,80.0,0,110.0,0,train
2026-06-20 19:00:00+07:00,SKU-002,0.0,51.0,0,84.0,0,114.0,0,train
2026-06-20 20:00:00+07:00,SKU-002,3.0,54.0,0,83.0,0,112.0,0,train
2026-06-20 21:00:00+07:00,SKU-002,3.0,55.0,0,83.0,0,111.0,0,train
2026-06-20 22:00:00+07:00,SKU-002,4.0,53.0,0,80.0,0,108.0,0,train
2026-06-20 23:00:00+07:00,SKU-002,1.0,53.0,0,80.0,0,110.0,0,train
2026-06-21 00:00:00+07:00,SKU-002,0.0,53.0,0,80.0,0,110.0,0,train
2026-06-21 01:00:00+07:00,SKU-002,1.0,52.0,0,79.0,0,109.0,0,train
2026-06-21 02:00:00+07:00,SKU-002,2.0,50.0,0,77.0,0,107.0,0,train
2026-06-21 03:00:00+07:00,SKU-002,0.0,50.0,0,77.0,0,107.0,0,train
2026-06-21 04:00:00+07:00,SKU-002,0.0,50.0,0,77.0,0,107.0,0,train
2026-06-21 05:00:00+07:00,SKU-002,0.0,50.0,0,77.0,0,107.0,0,train
2026-06-21 06:00:00+07:00,SKU-002,2.0,48.0,0,75.0,0,105.0,0,train
2026-06-21 07:00:00+07:00,SKU-002,0.0,48.0,0,75.0,0,105.0,0,train
2026-06-21 08:00:00+07:00,SKU-002,3.0,46.0,0,74.0,0,104.0,0,train
2026-06-21 09:00:00+07:00,SKU-002,1.0,45.0,0,74.0,0,103.0,0,train
2026-06-21 10:00:00+07:00,SKU-002,3.0,45.0,0,72.0,0,104.0,0,train
2026-06-21 11:00:00+07:00,SKU-002,1.0,48.0,0,74.0,0,103.0,0,train
2026-06-21 12:00:00+07:00,SKU-002,3.0,46.0,0,71.0,0,101.0,0,train
2026-06-21 13:00:00+07:00,SKU-002,1.0,45.0,0,72.0,0,102.0,0,train
2026-06-21 14:00:00+07:00,SKU-002,1.0,45.0,0,73.0,0,101.0,0,train
2026-06-21 15:00:00+07:00,SKU-002,6.0,43.0,0,68.0,0,95.0,0,train
2026-06-21 16:00:00+07:00,SKU-002,3.0,40.0,0,69.0,0,93.0,0,train
2026-06-21 17:00:00+07:00,SKU-002,2.0,38.0,0,69.0,0,92.0,0,train
2026-06-21 18:00:00+07:00,SKU-002,5.0,35.0,0,65.0,0,89.0,0,train
2026-06-21 19:00:00+07:00,SKU-002,6.0,33.0,0,63.0,0,86.0,0,train
2026-06-21 20:00:00+07:00,SKU-002,6.0,29.0,0,58.0,0,81.0,0,train
2026-06-21 21:00:00+07:00,SKU-002,4.0,28.0,0,56.0,0,78.0,0,train
2026-06-21 22:00:00+07:00,SKU-002,2.0,27.0,0,55.0,0,81.0,0,train
2026-06-21 23:00:00+07:00,SKU-002,1.0,27.0,0,57.0,0,81.0,0,train
2026-06-22 00:00:00+07:00,SKU-002,0.0,27.0,0,57.0,0,81.0,0,train
2026-06-22 01:00:00+07:00,SKU-002,0.0,27.0,0,57.0,0,81.0,0,train
2026-06-22 02:00:00+07:00,SKU-002,0.0,27.0,0,57.0,0,82.0,0,train
2026-06-22 03:00:00+07:00,SKU-002,0.0,27.0,0,57.0,0,82.0,0,train
2026-06-22 04:00:00+07:00,SKU-002,0.0,27.0,0,57.0,0,82.0,0,train
2026-06-22 05:00:00+07:00,SKU-002,0.0,27.0,0,57.0,0,82.0,0,train
2026-06-22 06:00:00+07:00,SKU-002,0.0,27.0,0,57.0,0,82.0,0,train
2026-06-22 07:00:00+07:00,SKU-002,0.0,27.0,0,57.0,0,83.0,0,train
2026-06-22 08:00:00+07:00,SKU-002,1.0,28.0,0,58.0,0,83.0,0,train
2026-06-22 09:00:00+07:00,SKU-002,0.0,29.0,0,58.0,0,88.0,0,train
2026-06-22 10:00:00+07:00,SKU-002,3.0,27.0,0,59.0,0,86.0,0,train
2026-06-22 11:00:00+07:00,SKU-002,4.0,26.0,0,55.0,0,85.0,0,train
2026-06-22 12:00:00+07:00,SKU-002,1.0,25.0,0,55.0,0,85.0,0,train
2026-06-22 13:00:00+07:00,SKU-002,0.0,27.0,0,57.0,0,85.0,0,train
2026-06-22 14:00:00+07:00,SKU-002,1.0,28.0,0,56.0,0,85.0,0,train
2026-06-22 15:00:00+07:00,SKU-002,4.0,25.0,0,52.0,0,81.0,0,train
2026-06-22 16:00:00+07:00,SKU-002,0.0,29.0,0,53.0,0,84.0,0,train
2026-06-22 17:00:00+07:00,SKU-002,0.0,31.0,0,54.0,0,85.0,0,train
2026-06-22 18:00:00+07:00,SKU-002,2.0,30.0,0,54.0,0,85.0,0,train
2026-06-22 19:00:00+07:00,SKU-002,4.0,30.0,0,53.0,0,84.0,0,train
2026-06-22 20:00:00+07:00,SKU-002,2.0,29.0,0,52.0,0,84.0,0,train
2026-06-22 21:00:00+07:00,SKU-002,3.0,28.0,0,50.0,0,85.0,0,train
2026-06-22 22:00:00+07:00,SKU-002,1.0,28.0,0,54.0,0,85.0,0,train
2026-06-22 23:00:00+07:00,SKU-002,1.0,30.0,0,54.0,0,84.0,0,train
2026-06-23 00:00:00+07:00,SKU-002,0.0,30.0,0,54.0,0,84.0,0,train
2026-06-23 01:00:00+07:00,SKU-002,0.0,30.0,0,54.0,0,84.0,0,train
2026-06-23 02:00:00+07:00,SKU-002,0.0,30.0,0,55.0,0,84.0,0,train
2026-06-23 03:00:00+07:00,SKU-002,0.0,30.0,0,55.0,0,84.0,0,train
2026-06-23 04:00:00+07:00,SKU-002,0.0,30.0,0,55.0,0,84.0,0,train
2026-06-23 05:00:00+07:00,SKU-002,0.0,30.0,0,55.0,0,86.0,0,train
2026-06-23 06:00:00+07:00,SKU-002,0.0,30.0,0,55.0,0,86.0,0,train
2026-06-23 07:00:00+07:00,SKU-002,0.0,30.0,0,56.0,0,86.0,0,train
2026-06-23 08:00:00+07:00,SKU-002,2.0,30.0,0,55.0,0,86.0,0,train
2026-06-23 09:00:00+07:00,SKU-002,1.0,29.0,0,59.0,0,87.0,0,train
2026-06-23 10:00:00+07:00,SKU-002,1.0,32.0,0,59.0,0,88.0,0,train
2026-06-23 11:00:00+07:00,SKU-002,3.0,29.0,0,59.0,0,88.0,0,train
2026-06-23 12:00:00+07:00,SKU-002,0.0,30.0,0,60.0,0,90.0,0,train
2026-06-23 13:00:00+07:00,SKU-002,2.0,30.0,0,58.0,0,93.0,0,train
2026-06-23 14:00:00+07:00,SKU-002,2.0,28.0,0,57.0,0,92.0,0,train
2026-06-23 15:00:00+07:00,SKU-002,1.0,27.0,0,56.0,0,92.0,0,train
2026-06-23 16:00:00+07:00,SKU-002,4.0,24.0,0,55.0,0,92.0,0,train
2026-06-23 17:00:00+07:00,SKU-002,2.0,23.0,0,54.0,0,96.0,0,train
2026-06-23 18:00:00+07:00,SKU-002,1.0,24.0,0,55.0,0,101.0,0,train
2026-06-23 19:00:00+07:00,SKU-002,4.0,23.0,0,54.0,0,99.0,0,train
2026-06-23 20:00:00+07:00,SKU-002,1.0,23.0,0,55.0,0,101.0,0,train
2026-06-23 21:00:00+07:00,SKU-002,2.0,22.0,0,57.0,0,100.0,0,train
2026-06-23 22:00:00+07:00,SKU-002,1.0,26.0,0,57.0,0,102.0,0,train
2026-06-23 23:00:00+07:00,SKU-002,3.0,24.0,0,54.0,0,103.0,0,train
2026-06-24 00:00:00+07:00,SKU-002,0.0,24.0,0,54.0,0,104.0,0,train
2026-06-24 01:00:00+07:00,SKU-002,0.0,24.0,0,54.0,0,106.0,0,train
2026-06-24 02:00:00+07:00,SKU-002,0.0,25.0,0,54.0,0,107.0,0,train
2026-06-24 03:00:00+07:00,SKU-002,0.0,25.0,0,54.0,0,107.0,0,train
2026-06-24 04:00:00+07:00,SKU-002,0.0,25.0,0,54.0,0,107.0,0,train
2026-06-24 05:00:00+07:00,SKU-002,0.0,25.0,0,56.0,0,107.0,0,train
2026-06-24 06:00:00+07:00,SKU-002,0.0,25.0,0,56.0,0,107.0,0,train
2026-06-24 07:00:00+07:00,SKU-002,0.0,26.0,0,56.0,0,107.0,0,train
2026-06-24 08:00:00+07:00,SKU-002,2.0,25.0,0,56.0,0,108.0,0,train
2026-06-24 09:00:00+07:00,SKU-002,0.0,30.0,0,58.0,0,111.0,0,train
2026-06-24 10:00:00+07:00,SKU-002,4.0,27.0,0,56.0,0,111.0,0,train
2026-06-24 11:00:00+07:00,SKU-002,0.0,30.0,0,59.0,0,113.0,0,train
2026-06-24 12:00:00+07:00,SKU-002,1.0,30.0,0,60.0,0,112.0,0,train
2026-06-24 13:00:00+07:00,SKU-002,2.0,28.0,0,63.0,0,111.0,0,train
2026-06-24 14:00:00+07:00,SKU-002,0.0,29.0,0,64.0,0,112.0,0,train
2026-06-24 15:00:00+07:00,SKU-002,0.0,29.0,0,65.0,0,116.0,0,train
2026-06-24 16:00:00+07:00,SKU-002,1.0,31.0,0,68.0,0,117.0,0,train
2026-06-24 17:00:00+07:00,SKU-002,1.0,31.0,0,73.0,0,121.0,0,train
2026-06-24 18:00:00+07:00,SKU-002,2.0,31.0,0,77.0,0,120.0,0,train
2026-06-24 19:00:00+07:00,SKU-002,3.0,31.0,0,76.0,0,121.0,0,train
2026-06-24 20:00:00+07:00,SKU-002,1.0,32.0,0,78.0,0,120.0,0,train
2026-06-24 21:00:00+07:00,SKU-002,1.0,35.0,0,78.0,0,120.0,0,train
2026-06-24 22:00:00+07:00,SKU-002,5.0,31.0,0,76.0,0,116.0,0,train
2026-06-24 23:00:00+07:00,SKU-002,1.0,30.0,0,79.0,0,118.0,0,train
2026-06-25 00:00:00+07:00,SKU-002,0.0,30.0,0,80.0,0,118.0,0,train
2026-06-25 01:00:00+07:00,SKU-002,0.0,30.0,0,82.0,0,118.0,0,train
2026-06-25 02:00:00+07:00,SKU-002,1.0,29.0,0,82.0,0,117.0,0,train
2026-06-25 03:00:00+07:00,SKU-002,0.0,29.0,0,82.0,0,118.0,0,train
2026-06-25 04:00:00+07:00,SKU-002,0.0,29.0,0,82.0,0,118.0,0,train
2026-06-25 05:00:00+07:00,SKU-002,0.0,31.0,0,82.0,0,119.0,0,train
2026-06-25 06:00:00+07:00,SKU-002,0.0,31.0,0,82.0,0,119.0,0,train
2026-06-25 07:00:00+07:00,SKU-002,1.0,30.0,0,81.0,0,118.0,0,train
2026-06-25 08:00:00+07:00,SKU-002,1.0,31.0,0,83.0,0,117.0,0,train
2026-06-25 09:00:00+07:00,SKU-002,5.0,28.0,0,81.0,0,118.0,0,train
2026-06-25 10:00:00+07:00,SKU-002,1.0,29.0,0,84.0,0,121.0,0,train
2026-06-25 11:00:00+07:00,SKU-002,3.0,29.0,0,83.0,0,121.0,0,train
2026-06-25 12:00:00+07:00,SKU-002,1.0,30.0,0,82.0,0,121.0,0,train
2026-06-25 13:00:00+07:00,SKU-002,0.0,35.0,0,83.0,0,121.0,0,train
2026-06-25 14:00:00+07:00,SKU-002,1.0,35.0,0,83.0,0,121.0,0,train
2026-06-25 15:00:00+07:00,SKU-002,0.0,36.0,0,87.0,0,121.0,0,train
2026-06-25 16:00:00+07:00,SKU-002,3.0,37.0,0,86.0,0,120.0,0,train
2026-06-25 17:00:00+07:00,SKU-002,1.0,42.0,0,90.0,0,121.0,0,train
2026-06-25 18:00:00+07:00,SKU-002,2.0,46.0,0,89.0,0,127.0,0,train
2026-06-25 19:00:00+07:00,SKU-002,3.0,45.0,0,90.0,0,132.0,0,train
2026-06-25 20:00:00+07:00,SKU-002,2.0,46.0,0,88.0,0,140.0,0,train
2026-06-25 21:00:00+07:00,SKU-002,4.0,43.0,0,85.0,0,140.0,0,train
2026-06-25 22:00:00+07:00,SKU-002,1.0,45.0,0,85.0,0,141.0,0,train
2026-06-25 23:00:00+07:00,SKU-002,0.0,49.0,0,88.0,0,142.0,0,train
2026-06-26 00:00:00+07:00,SKU-002,0.0,50.0,0,88.0,0,142.0,0,train
2026-06-26 01:00:00+07:00,SKU-002,0.0,52.0,0,88.0,0,142.0,0,train
2026-06-26 02:00:00+07:00,SKU-002,0.0,53.0,0,88.0,0,142.0,0,train
2026-06-26 03:00:00+07:00,SKU-002,0.0,53.0,0,89.0,0,142.0,0,train
2026-06-26 04:00:00+07:00,SKU-002,0.0,53.0,0,89.0,0,142.0,0,train
2026-06-26 05:00:00+07:00,SKU-002,2.0,51.0,0,88.0,0,140.0,0,train
2026-06-26 06:00:00+07:00,SKU-002,0.0,51.0,0,88.0,0,140.0,0,train
2026-06-26 07:00:00+07:00,SKU-002,0.0,51.0,0,88.0,0,140.0,0,train
2026-06-26 08:00:00+07:00,SKU-002,2.0,52.0,0,86.0,0,139.0,0,train
2026-06-26 09:00:00+07:00,SKU-002,2.0,53.0,0,90.0,0,138.0,0,train
2026-06-26 10:00:00+07:00,SKU-002,2.0,55.0,0,92.0,0,137.0,0,train
2026-06-26 11:00:00+07:00,SKU-002,3.0,54.0,0,92.0,0,135.0,0,train
2026-06-26 12:00:00+07:00,SKU-002,2.0,52.0,0,91.0,0,137.0,0,train
2026-06-26 13:00:00+07:00,SKU-002,5.0,48.0,0,86.0,0,134.0,0,train
2026-06-26 14:00:00+07:00,SKU-002,1.0,48.0,0,86.0,0,137.0,0,train
2026-06-26 15:00:00+07:00,SKU-002,1.0,51.0,0,85.0,0,136.0,0,train
2026-06-26 16:00:00+07:00,SKU-002,4.0,49.0,0,83.0,0,133.0,0,train
2026-06-26 17:00:00+07:00,SKU-002,6.0,48.0,0,79.0,0,129.0,0,train
2026-06-26 18:00:00+07:00,SKU-002,6.0,43.0,0,81.0,0,125.0,0,train
2026-06-26 19:00:00+07:00,SKU-002,2.0,45.0,0,87.0,0,126.0,0,train
2026-06-26 20:00:00+07:00,SKU-002,3.0,42.0,0,94.0,0,125.0,0,train
2026-06-26 21:00:00+07:00,SKU-002,1.0,42.0,0,97.0,0,125.0,0,train
2026-06-26 22:00:00+07:00,SKU-002,3.0,40.0,0,96.0,0,124.0,0,train
2026-06-26 23:00:00+07:00,SKU-002,4.0,39.0,0,93.0,0,120.0,0,train
2026-06-27 00:00:00+07:00,SKU-002,1.0,38.0,0,92.0,0,120.0,0,train
2026-06-27 01:00:00+07:00,SKU-002,2.0,36.0,0,90.0,0,118.0,0,train
2026-06-27 02:00:00+07:00,SKU-002,1.0,35.0,0,89.0,0,118.0,0,train
2026-06-27 03:00:00+07:00,SKU-002,0.0,36.0,0,89.0,0,118.0,0,train
2026-06-27 04:00:00+07:00,SKU-002,0.0,36.0,0,89.0,0,118.0,0,train
2026-06-27 05:00:00+07:00,SKU-002,0.0,37.0,0,89.0,0,118.0,0,train
2026-06-27 06:00:00+07:00,SKU-002,0.0,37.0,0,89.0,0,118.0,0,train
2026-06-27 07:00:00+07:00,SKU-002,0.0,37.0,0,89.0,0,118.0,0,train
2026-06-27 08:00:00+07:00,SKU-002,3.0,34.0,0,87.0,0,116.0,0,train
2026-06-27 09:00:00+07:00,SKU-002,3.0,37.0,0,85.0,0,114.0,0,train
2026-06-27 10:00:00+07:00,SKU-002,4.0,37.0,0,82.0,0,112.0,0,train
2026-06-27 11:00:00+07:00,SKU-002,2.0,38.0,0,81.0,0,111.0,0,train
2026-06-27 12:00:00+07:00,SKU-002,0.0,39.0,0,85.0,0,111.0,0,train
2026-06-27 13:00:00+07:00,SKU-002,1.0,38.0,0,86.0,0,113.0,0,train
2026-06-27 14:00:00+07:00,SKU-002,1.0,38.0,0,89.0,0,118.0,0,train
2026-06-27 15:00:00+07:00,SKU-002,4.0,34.0,0,85.0,0,116.0,0,train
2026-06-27 16:00:00+07:00,SKU-002,2.0,34.0,0,84.0,0,114.0,0,train
2026-06-27 17:00:00+07:00,SKU-002,5.0,31.0,0,81.0,0,115.0,0,train
2026-06-27 18:00:00+07:00,SKU-002,1.0,38.0,0,82.0,0,119.0,0,train
2026-06-27 19:00:00+07:00,SKU-002,4.0,42.0,0,81.0,0,119.0,0,train
2026-06-27 20:00:00+07:00,SKU-002,0.0,52.0,0,83.0,0,121.0,0,train
2026-06-27 21:00:00+07:00,SKU-002,1.0,55.0,0,83.0,0,123.0,0,train
2026-06-27 22:00:00+07:00,SKU-002,1.0,56.0,0,84.0,0,122.0,0,train
2026-06-27 23:00:00+07:00,SKU-002,3.0,54.0,0,81.0,0,119.0,0,train
2026-06-28 00:00:00+07:00,SKU-002,0.0,54.0,0,82.0,0,119.0,0,train
2026-06-28 01:00:00+07:00,SKU-002,0.0,54.0,0,82.0,0,119.0,0,train
2026-06-28 02:00:00+07:00,SKU-002,0.0,54.0,0,83.0,0,119.0,0,train
2026-06-28 03:00:00+07:00,SKU-002,1.0,53.0,0,82.0,0,118.0,0,train
2026-06-28 04:00:00+07:00,SKU-002,0.0,53.0,0,82.0,0,118.0,0,train
2026-06-28 05:00:00+07:00,SKU-002,1.0,52.0,0,81.0,0,118.0,0,train
2026-06-28 06:00:00+07:00,SKU-002,0.0,52.0,0,81.0,0,118.0,0,train
2026-06-28 07:00:00+07:00,SKU-002,0.0,52.0,0,81.0,0,119.0,0,train
2026-06-28 08:00:00+07:00,SKU-002,0.0,53.0,0,82.0,0,119.0,0,train
2026-06-28 09:00:00+07:00,SKU-002,6.0,48.0,0,77.0,0,114.0,0,train
2026-06-28 10:00:00+07:00,SKU-002,4.0,45.0,0,75.0,0,115.0,0,train
2026-06-28 11:00:00+07:00,SKU-002,3.0,43.0,0,73.0,0,114.0,0,train
2026-06-28 12:00:00+07:00,SKU-002,1.0,46.0,0,72.0,0,114.0,0,train
2026-06-28 13:00:00+07:00,SKU-002,0.0,48.0,0,75.0,0,115.0,0,train
2026-06-28 14:00:00+07:00,SKU-002,1.0,51.0,0,80.0,0,115.0,0,train
2026-06-28 15:00:00+07:00,SKU-002,0.0,51.0,0,82.0,0,118.0,0,train
2026-06-28 16:00:00+07:00,SKU-002,2.0,50.0,0,80.0,0,118.0,0,train
2026-06-28 17:00:00+07:00,SKU-002,2.0,50.0,0,84.0,0,116.0,0,train
2026-06-28 18:00:00+07:00,SKU-002,8.0,44.0,0,81.0,0,109.0,0,train
2026-06-28 19:00:00+07:00,SKU-002,8.0,39.0,0,77.0,0,101.0,0,train
2026-06-28 20:00:00+07:00,SKU-002,10.0,31.0,0,69.0,0,92.0,0,train
2026-06-28 21:00:00+07:00,SKU-002,4.0,28.0,0,68.0,0,90.0,0,train
2026-06-28 22:00:00+07:00,SKU-002,2.0,28.0,0,66.0,0,89.0,0,train
2026-06-28 23:00:00+07:00,SKU-002,1.0,27.0,0,65.0,0,89.0,0,train
2026-06-29 00:00:00+07:00,SKU-002,0.0,28.0,0,65.0,0,89.0,0,train
2026-06-29 01:00:00+07:00,SKU-002,0.0,28.0,0,65.0,0,89.0,0,train
2026-06-29 02:00:00+07:00,SKU-002,0.0,29.0,0,65.0,0,89.0,0,train
2026-06-29 03:00:00+07:00,SKU-002,0.0,29.0,0,65.0,0,89.0,0,train
2026-06-29 04:00:00+07:00,SKU-002,0.0,29.0,0,65.0,0,89.0,0,train
2026-06-29 05:00:00+07:00,SKU-002,0.0,29.0,0,66.0,0,89.0,0,train
2026-06-29 06:00:00+07:00,SKU-002,0.0,29.0,0,66.0,0,89.0,0,train
2026-06-29 07:00:00+07:00,SKU-002,0.0,29.0,0,67.0,0,91.0,0,train
2026-06-29 08:00:00+07:00,SKU-002,1.0,29.0,0,66.0,0,91.0,0,train
2026-06-29 09:00:00+07:00,SKU-002,1.0,29.0,0,66.0,0,91.0,0,train
2026-06-29 10:00:00+07:00,SKU-002,1.0,30.0,0,70.0,0,93.0,0,train
2026-06-29 11:00:00+07:00,SKU-002,1.0,30.0,0,71.0,0,92.0,0,train
2026-06-29 12:00:00+07:00,SKU-002,4.0,26.0,0,68.0,0,90.0,0,train
2026-06-29 13:00:00+07:00,SKU-002,2.0,27.0,0,67.0,0,89.0,0,train
2026-06-29 14:00:00+07:00,SKU-002,4.0,29.0,0,64.0,0,86.0,0,train
2026-06-29 15:00:00+07:00,SKU-002,0.0,31.0,0,67.0,0,86.0,0,train
2026-06-29 16:00:00+07:00,SKU-002,1.0,30.0,0,68.0,0,86.0,0,train
2026-06-29 17:00:00+07:00,SKU-002,2.0,34.0,0,66.0,0,86.0,0,train
2026-06-29 18:00:00+07:00,SKU-002,2.0,37.0,0,65.0,0,91.0,0,train
2026-06-29 19:00:00+07:00,SKU-002,3.0,38.0,0,62.0,0,90.0,0,train
2026-06-29 20:00:00+07:00,SKU-002,2.0,38.0,0,61.0,0,91.0,0,train
2026-06-29 21:00:00+07:00,SKU-002,1.0,40.0,0,62.0,0,91.0,0,train
2026-06-29 22:00:00+07:00,SKU-002,2.0,38.0,0,61.0,0,90.0,0,train
2026-06-29 23:00:00+07:00,SKU-002,0.0,38.0,0,62.0,0,92.0,0,train
2026-06-30 00:00:00+07:00,SKU-002,1.0,37.0,0,61.0,0,92.0,0,train
2026-06-30 01:00:00+07:00,SKU-002,0.0,37.0,0,61.0,0,92.0,0,train
2026-06-30 02:00:00+07:00,SKU-002,1.0,36.0,0,60.0,0,92.0,0,train
2026-06-30 03:00:00+07:00,SKU-002,0.0,36.0,0,60.0,0,92.0,0,train
2026-06-30 04:00:00+07:00,SKU-002,0.0,36.0,0,60.0,0,92.0,0,train
2026-06-30 05:00:00+07:00,SKU-002,0.0,37.0,0,60.0,0,92.0,0,train
2026-06-30 06:00:00+07:00,SKU-002,0.0,37.0,0,60.0,0,92.0,0,train
2026-06-30 07:00:00+07:00,SKU-002,0.0,38.0,0,62.0,0,92.0,0,train
2026-06-30 08:00:00+07:00,SKU-002,1.0,37.0,0,62.0,0,91.0,0,train
2026-06-30 09:00:00+07:00,SKU-002,1.0,37.0,0,62.0,0,90.0,0,train
2026-06-30 10:00:00+07:00,SKU-002,2.0,40.0,0,63.0,0,90.0,0,train
2026-06-30 11:00:00+07:00,SKU-002,1.0,41.0,0,62.0,0,93.0,0,train
2026-06-30 12:00:00+07:00,SKU-002,0.0,42.0,0,64.0,0,96.0,0,train
2026-06-30 13:00:00+07:00,SKU-002,3.0,40.0,0,62.0,0,94.0,0,train
2026-06-30 14:00:00+07:00,SKU-002,6.0,35.0,0,57.0,0,90.0,0,train
2026-06-30 15:00:00+07:00,SKU-002,2.0,36.0,0,55.0,0,90.0,0,train
2026-06-30 16:00:00+07:00,SKU-002,0.0,38.0,0,56.0,0,91.0,0,train
2026-06-30 17:00:00+07:00,SKU-002,6.0,32.0,0,52.0,0,86.0,0,train
2026-06-30 18:00:00+07:00,SKU-002,5.0,28.0,0,54.0,0,86.0,0,train
2026-06-30 19:00:00+07:00,SKU-002,4.0,24.0,0,52.0,0,87.0,0,train
2026-06-30 20:00:00+07:00,SKU-002,2.0,23.0,0,53.0,0,90.0,0,train
2026-06-30 21:00:00+07:00,SKU-002,3.0,22.0,0,51.0,0,91.0,0,train
2026-06-30 22:00:00+07:00,SKU-002,0.0,23.0,0,52.0,0,93.0,0,train
2026-06-30 23:00:00+07:00,SKU-002,0.0,24.0,0,54.0,0,94.0,0,train
2026-07-01 00:00:00+07:00,SKU-002,0.0,24.0,0,55.0,0,94.0,0,train
2026-07-01 01:00:00+07:00,SKU-002,0.0,24.0,0,55.0,0,95.0,0,train
2026-07-01 02:00:00+07:00,SKU-002,0.0,24.0,0,56.0,0,95.0,0,train
2026-07-01 03:00:00+07:00,SKU-002,0.0,24.0,0,56.0,0,95.0,0,train
2026-07-01 04:00:00+07:00,SKU-002,0.0,24.0,0,56.0,0,95.0,0,train
2026-07-01 05:00:00+07:00,SKU-002,1.0,23.0,0,55.0,0,96.0,0,train
2026-07-01 06:00:00+07:00,SKU-002,0.0,23.0,0,55.0,0,96.0,0,train
2026-07-01 07:00:00+07:00,SKU-002,1.0,24.0,0,54.0,0,98.0,0,train
2026-07-01 08:00:00+07:00,SKU-002,0.0,25.0,0,54.0,0,103.0,0,train
2026-07-01 09:00:00+07:00,SKU-002,1.0,25.0,0,53.0,0,104.0,0,train
2026-07-01 10:00:00+07:00,SKU-002,5.0,23.0,0,50.0,0,103.0,0,train
2026-07-01 11:00:00+07:00,SKU-002,2.0,21.0,0,52.0,0,113.0,0,train
2026-07-01 12:00:00+07:00,SKU-002,1.0,22.0,0,54.0,0,116.0,0,train
2026-07-01 13:00:00+07:00,SKU-002,1.0,22.0,0,54.0,0,117.0,0,train
2026-07-01 14:00:00+07:00,SKU-002,1.0,22.0,0,55.0,0,119.0,0,train
2026-07-01 15:00:00+07:00,SKU-002,3.0,19.0,0,54.0,0,116.0,0,train
2026-07-01 16:00:00+07:00,SKU-002,2.0,18.0,0,53.0,0,117.0,0,train
2026-07-01 17:00:00+07:00,SKU-002,0.0,20.0,0,54.0,0,119.0,0,train
2026-07-01 18:00:00+07:00,SKU-002,1.0,26.0,0,58.0,0,125.0,0,train
2026-07-01 19:00:00+07:00,SKU-002,0.0,28.0,0,63.0,0,133.0,0,train
2026-07-01 20:00:00+07:00,SKU-002,1.0,30.0,0,67.0,0,136.0,0,train
2026-07-01 21:00:00+07:00,SKU-002,2.0,29.0,0,69.0,0,136.0,0,train
2026-07-01 22:00:00+07:00,SKU-002,1.0,29.0,0,70.0,0,136.0,0,train
2026-07-01 23:00:00+07:00,SKU-002,1.0,30.0,0,70.0,0,138.0,0,train
2026-07-02 00:00:00+07:00,SKU-002,0.0,31.0,0,70.0,0,138.0,0,train
2026-07-02 01:00:00+07:00,SKU-002,0.0,31.0,0,71.0,0,138.0,0,train
2026-07-02 02:00:00+07:00,SKU-002,0.0,32.0,0,71.0,0,139.0,0,train
2026-07-02 03:00:00+07:00,SKU-002,0.0,32.0,0,71.0,0,139.0,0,train
2026-07-02 04:00:00+07:00,SKU-002,0.0,32.0,0,71.0,0,139.0,0,train
2026-07-02 05:00:00+07:00,SKU-002,0.0,32.0,0,73.0,0,142.0,0,train
2026-07-02 06:00:00+07:00,SKU-002,0.0,32.0,0,73.0,0,142.0,0,train
2026-07-02 07:00:00+07:00,SKU-002,2.0,30.0,0,74.0,0,142.0,0,train
2026-07-02 08:00:00+07:00,SKU-002,1.0,29.0,0,78.0,0,146.0,0,train
2026-07-02 09:00:00+07:00,SKU-002,1.0,28.0,0,79.0,0,146.0,0,train
2026-07-02 10:00:00+07:00,SKU-002,3.0,27.0,0,80.0,0,147.0,0,train
2026-07-02 11:00:00+07:00,SKU-002,0.0,31.0,0,92.0,0,155.0,0,train
2026-07-02 12:00:00+07:00,SKU-002,2.0,32.0,0,94.0,0,154.0,0,train
2026-07-02 13:00:00+07:00,SKU-002,1.0,32.0,0,95.0,0,154.0,0,train
2026-07-02 14:00:00+07:00,SKU-002,1.0,33.0,0,97.0,0,153.0,0,train
2026-07-02 15:00:00+07:00,SKU-002,0.0,35.0,0,97.0,0,154.0,0,train
2026-07-02 16:00:00+07:00,SKU-002,1.0,35.0,0,99.0,0,153.0,0,train
2026-07-02 17:00:00+07:00,SKU-002,2.0,34.0,0,99.0,0,153.0,0,train
2026-07-02 18:00:00+07:00,SKU-002,7.0,32.0,0,99.0,0,146.0,0,train
2026-07-02 19:00:00+07:00,SKU-002,2.0,35.0,0,105.0,0,145.0,0,train
2026-07-02 20:00:00+07:00,SKU-002,3.0,37.0,0,106.0,0,145.0,0,train
2026-07-02 21:00:00+07:00,SKU-002,1.0,40.0,0,107.0,0,144.0,0,train
2026-07-02 22:00:00+07:00,SKU-002,1.0,41.0,0,107.0,0,145.0,0,train
2026-07-02 23:00:00+07:00,SKU-002,2.0,40.0,0,108.0,0,143.0,0,train
2026-07-03 00:00:00+07:00,SKU-002,1.0,39.0,0,107.0,0,142.0,0,train
2026-07-03 01:00:00+07:00,SKU-002,0.0,40.0,0,107.0,0,142.0,0,train
2026-07-03 02:00:00+07:00,SKU-002,1.0,39.0,0,107.0,0,141.0,0,train
2026-07-03 03:00:00+07:00,SKU-002,0.0,39.0,0,107.0,0,141.0,0,train
2026-07-03 04:00:00+07:00,SKU-002,0.0,39.0,0,107.0,0,141.0,0,train
2026-07-03 05:00:00+07:00,SKU-002,0.0,41.0,0,110.0,0,141.0,0,train
2026-07-03 06:00:00+07:00,SKU-002,0.0,41.0,0,110.0,0,141.0,0,train
2026-07-03 07:00:00+07:00,SKU-002,0.0,44.0,0,112.0,0,141.0,0,train
2026-07-03 08:00:00+07:00,SKU-002,0.0,49.0,0,117.0,0,142.0,0,train
2026-07-03 09:00:00+07:00,SKU-002,0.0,51.0,0,118.0,0,142.0,0,train
2026-07-03 10:00:00+07:00,SKU-002,2.0,53.0,0,120.0,0,140.0,0,train
2026-07-03 11:00:00+07:00,SKU-002,4.0,61.0,0,124.0,0,137.0,0,train
2026-07-03 12:00:00+07:00,SKU-002,3.0,62.0,0,122.0,0,134.0,0,train
2026-07-03 13:00:00+07:00,SKU-002,1.0,63.0,0,122.0,0,138.0,0,train
2026-07-03 14:00:00+07:00,SKU-002,2.0,64.0,0,120.0,0,143.0,0,train
2026-07-03 15:00:00+07:00,SKU-002,2.0,62.0,0,119.0,0,141.0,0,train
2026-07-03 16:00:00+07:00,SKU-002,1.0,64.0,0,118.0,0,152.0,0,train
2026-07-03 17:00:00+07:00,SKU-002,1.0,65.0,0,119.0,0,158.0,0,train
2026-07-03 18:00:00+07:00,SKU-002,5.0,67.0,0,114.0,0,157.0,0,train
2026-07-03 19:00:00+07:00,SKU-002,5.0,70.0,0,110.0,0,154.0,0,train
2026-07-03 20:00:00+07:00,SKU-002,5.0,69.0,0,108.0,0,157.0,0,train
2026-07-03 21:00:00+07:00,SKU-002,4.0,67.0,0,104.0,0,158.0,0,train
2026-07-03 22:00:00+07:00,SKU-002,2.0,66.0,0,104.0,0,159.0,0,train
2026-07-03 23:00:00+07:00,SKU-002,1.0,68.0,0,103.0,0,159.0,0,train
2026-07-04 00:00:00+07:00,SKU-002,0.0,68.0,0,103.0,0,161.0,0,train
2026-07-04 01:00:00+07:00,SKU-002,1.0,67.0,0,102.0,0,160.0,0,train
2026-07-04 02:00:00+07:00,SKU-002,0.0,68.0,0,102.0,0,160.0,0,train
2026-07-04 03:00:00+07:00,SKU-002,0.0,68.0,0,102.0,0,161.0,0,train
2026-07-04 04:00:00+07:00,SKU-002,0.0,68.0,0,102.0,0,161.0,0,train
2026-07-04 05:00:00+07:00,SKU-002,2.0,69.0,0,100.0,0,159.0,0,train
2026-07-04 06:00:00+07:00,SKU-002,0.0,69.0,0,100.0,0,160.0,0,train
2026-07-04 07:00:00+07:00,SKU-002,3.0,68.0,0,97.0,0,160.0,0,train
2026-07-04 08:00:00+07:00,SKU-002,5.0,68.0,0,93.0,0,159.0,0,train
2026-07-04 09:00:00+07:00,SKU-002,2.0,67.0,0,91.0,0,157.0,0,train
2026-07-04 10:00:00+07:00,SKU-002,4.0,67.0,0,87.0,0,157.0,0,train
2026-07-04 11:00:00+07:00,SKU-002,12.0,63.0,0,76.0,0,147.0,0,train
2026-07-04 12:00:00+07:00,SKU-002,4.0,60.0,0,72.0,0,150.0,0,train
2026-07-04 13:00:00+07:00,SKU-002,2.0,59.0,0,75.0,0,149.0,0,train
2026-07-04 14:00:00+07:00,SKU-002,3.0,56.0,0,79.0,0,148.0,0,train
2026-07-04 15:00:00+07:00,SKU-002,0.0,57.0,0,79.0,0,148.0,0,train
2026-07-04 16:00:00+07:00,SKU-002,3.0,54.0,0,88.0,0,145.0,0,train
2026-07-04 17:00:00+07:00,SKU-002,2.0,54.0,0,93.0,0,146.0,0,train
2026-07-04 18:00:00+07:00,SKU-002,7.0,47.0,0,90.0,0,145.0,0,train
2026-07-04 19:00:00+07:00,SKU-002,8.0,40.0,0,84.0,0,139.0,0,train
2026-07-04 20:00:00+07:00,SKU-002,4.0,39.0,0,88.0,0,145.0,0,train
2026-07-04 21:00:00+07:00,SKU-002,2.0,37.0,0,91.0,0,151.0,0,train
2026-07-04 22:00:00+07:00,SKU-002,1.0,38.0,0,93.0,0,151.0,0,train
2026-07-04 23:00:00+07:00,SKU-002,3.0,35.0,0,91.0,0,148.0,0,train
2026-07-05 00:00:00+07:00,SKU-002,0.0,35.0,0,93.0,0,148.0,0,train
2026-07-05 01:00:00+07:00,SKU-002,0.0,35.0,0,93.0,0,148.0,0,train
2026-07-05 02:00:00+07:00,SKU-002,1.0,34.0,0,92.0,0,147.0,0,train
2026-07-05 03:00:00+07:00,SKU-002,0.0,34.0,0,93.0,0,147.0,0,train
2026-07-05 04:00:00+07:00,SKU-002,0.0,34.0,0,93.0,0,147.0,0,train
2026-07-05 05:00:00+07:00,SKU-002,3.0,31.0,0,90.0,0,144.0,0,train
2026-07-05 06:00:00+07:00,SKU-002,0.0,31.0,0,91.0,0,145.0,0,train
2026-07-05 07:00:00+07:00,SKU-002,2.0,29.0,0,92.0,0,144.0,0,train
2026-07-05 08:00:00+07:00,SKU-002,5.0,25.0,0,91.0,0,142.0,0,train
2026-07-05 09:00:00+07:00,SKU-002,1.0,24.0,0,90.0,0,141.0,0,train
2026-07-05 10:00:00+07:00,SKU-002,4.0,20.0,0,90.0,0,137.0,0,train
2026-07-05 11:00:00+07:00,SKU-002,8.0,13.0,0,84.0,0,132.0,0,train
2026-07-05 12:00:00+07:00,SKU-002,1.0,12.0,0,90.0,0,135.0,0,train
2026-07-05 13:00:00+07:00,SKU-002,1.0,16.0,0,90.0,0,135.0,0,train
2026-07-05 14:00:00+07:00,SKU-002,0.0,23.0,0,92.0,0,137.0,0,train
2026-07-05 15:00:00+07:00,SKU-002,1.0,22.0,0,91.0,0,140.0,0,train
2026-07-05 16:00:00+07:00,SKU-002,0.0,34.0,0,91.0,0,140.0,0,train
2026-07-05 17:00:00+07:00,SKU-002,2.0,39.0,0,92.0,0,139.0,0,train
2026-07-05 18:00:00+07:00,SKU-002,0.0,43.0,0,98.0,0,139.0,0,train
2026-07-05 19:00:00+07:00,SKU-002,1.0,44.0,0,99.0,0,138.0,0,train
2026-07-05 20:00:00+07:00,SKU-002,3.0,49.0,0,106.0,0,137.0,0,train
2026-07-05 21:00:00+07:00,SKU-002,0.0,54.0,0,114.0,0,139.0,0,train
2026-07-05 22:00:00+07:00,SKU-002,2.0,55.0,0,113.0,0,138.0,0,train
2026-07-05 23:00:00+07:00,SKU-002,0.0,56.0,0,113.0,0,139.0,0,train
2026-07-06 00:00:00+07:00,SKU-002,0.0,58.0,0,113.0,0,139.0,0,train
2026-07-06 01:00:00+07:00,SKU-002,0.0,58.0,0,113.0,0,139.0,0,train
2026-07-06 02:00:00+07:00,SKU-002,0.0,58.0,0,113.0,0,139.0,0,train
2026-07-06 03:00:00+07:00,SKU-002,0.0,59.0,0,113.0,0,139.0,0,train
2026-07-06 04:00:00+07:00,SKU-002,0.0,59.0,0,113.0,0,139.0,0,train
2026-07-06 05:00:00+07:00,SKU-002,0.0,59.0,0,113.0,0,139.0,0,train
2026-07-06 06:00:00+07:00,SKU-002,0.0,60.0,0,114.0,0,139.0,0,train
2026-07-06 07:00:00+07:00,SKU-002,0.0,63.0,0,115.0,0,142.0,0,train
2026-07-06 08:00:00+07:00,SKU-002,1.0,66.0,0,117.0,0,141.0,0,train
2026-07-06 09:00:00+07:00,SKU-002,0.0,66.0,0,117.0,0,143.0,0,train
2026-07-06 10:00:00+07:00,SKU-002,0.0,70.0,0,117.0,0,147.0,0,train
2026-07-06 11:00:00+07:00,SKU-002,1.0,71.0,0,119.0,0,150.0,0,train
2026-07-06 12:00:00+07:00,SKU-002,0.0,78.0,0,123.0,0,152.0,0,train
2026-07-06 13:00:00+07:00,SKU-002,5.0,74.0,0,119.0,0,147.0,0,train
2026-07-06 14:00:00+07:00,SKU-002,7.0,69.0,0,114.0,0,143.0,0,train
2026-07-06 15:00:00+07:00,SKU-002,0.0,69.0,0,118.0,0,149.0,0,train
2026-07-06 16:00:00+07:00,SKU-002,12.0,57.0,0,106.0,0,138.0,0,train
2026-07-06 17:00:00+07:00,SKU-002,7.0,53.0,0,100.0,0,135.0,0,train
2026-07-06 18:00:00+07:00,SKU-002,4.0,55.0,0,96.0,0,135.0,0,train
2026-07-06 19:00:00+07:00,SKU-002,2.0,55.0,0,94.0,0,133.0,0,train
2026-07-06 20:00:00+07:00,SKU-002,8.0,57.0,0,88.0,0,130.0,0,train
2026-07-06 21:00:00+07:00,SKU-002,5.0,60.0,0,85.0,0,126.0,0,train
2026-07-06 22:00:00+07:00,SKU-002,3.0,58.0,0,83.0,0,127.0,0,train
2026-07-06 23:00:00+07:00,SKU-002,1.0,57.0,0,83.0,0,128.0,0,train
2026-07-07 00:00:00+07:00,SKU-002,2.0,55.0,0,81.0,0,126.0,0,train
2026-07-07 01:00:00+07:00,SKU-002,0.0,55.0,0,81.0,0,126.0,0,train
2026-07-07 02:00:00+07:00,SKU-002,0.0,55.0,0,81.0,0,126.0,0,train
2026-07-07 03:00:00+07:00,SKU-002,1.0,54.0,0,80.0,0,125.0,0,train
2026-07-07 04:00:00+07:00,SKU-002,0.0,54.0,0,80.0,0,125.0,0,train
2026-07-07 05:00:00+07:00,SKU-002,0.0,54.0,0,80.0,0,125.0,0,train
2026-07-07 06:00:00+07:00,SKU-002,1.0,54.0,0,79.0,0,124.0,0,train
2026-07-07 07:00:00+07:00,SKU-002,3.0,52.0,0,79.0,0,123.0,0,train
2026-07-07 08:00:00+07:00,SKU-002,4.0,51.0,0,75.0,0,120.0,0,train
2026-07-07 09:00:00+07:00,SKU-002,0.0,51.0,0,77.0,0,122.0,0,train
2026-07-07 10:00:00+07:00,SKU-002,4.0,47.0,0,77.0,0,119.0,0,train
2026-07-07 11:00:00+07:00,SKU-002,2.0,48.0,0,79.0,0,117.0,0,train
2026-07-07 12:00:00+07:00,SKU-002,7.0,45.0,0,74.0,0,112.0,0,train
2026-07-07 13:00:00+07:00,SKU-002,1.0,45.0,0,73.0,0,113.0,0,train
2026-07-07 14:00:00+07:00,SKU-002,2.0,45.0,0,74.0,0,111.0,0,train
2026-07-07 15:00:00+07:00,SKU-002,0.0,49.0,0,80.0,0,113.0,0,train
2026-07-07 16:00:00+07:00,SKU-002,0.0,49.0,0,81.0,0,118.0,0,train
2026-07-07 17:00:00+07:00,SKU-002,3.0,47.0,0,82.0,0,116.0,0,train
2026-07-07 18:00:00+07:00,SKU-002,6.0,41.0,0,80.0,0,111.0,0,train
2026-07-07 19:00:00+07:00,SKU-002,2.0,39.0,0,78.0,0,119.0,0,train
2026-07-07 20:00:00+07:00,SKU-002,10.0,31.0,0,73.0,0,114.0,0,train
2026-07-07 21:00:00+07:00,SKU-002,8.0,25.0,0,66.0,0,109.0,0,train
2026-07-07 22:00:00+07:00,SKU-002,1.0,25.0,0,69.0,0,113.0,0,train
2026-07-07 23:00:00+07:00,SKU-002,0.0,26.0,0,71.0,0,116.0,0,train
2026-07-08 00:00:00+07:00,SKU-002,0.0,26.0,0,71.0,0,117.0,0,train
2026-07-08 01:00:00+07:00,SKU-002,0.0,26.0,0,71.0,0,117.0,0,train
2026-07-08 02:00:00+07:00,SKU-002,0.0,26.0,0,71.0,0,118.0,0,train
2026-07-08 03:00:00+07:00,SKU-002,0.0,26.0,0,71.0,0,118.0,0,train
2026-07-08 04:00:00+07:00,SKU-002,0.0,26.0,0,71.0,0,118.0,0,train
2026-07-08 05:00:00+07:00,SKU-002,0.0,26.0,0,71.0,0,119.0,0,train
2026-07-08 06:00:00+07:00,SKU-002,1.0,25.0,0,70.0,0,118.0,0,train
2026-07-08 07:00:00+07:00,SKU-002,1.0,27.0,0,71.0,0,119.0,0,train
2026-07-08 08:00:00+07:00,SKU-002,3.0,24.0,0,69.0,0,117.0,0,train
2026-07-08 09:00:00+07:00,SKU-002,0.0,26.0,0,71.0,0,119.0,0,train
2026-07-08 10:00:00+07:00,SKU-002,0.0,30.0,0,72.0,0,122.0,0,train
2026-07-08 11:00:00+07:00,SKU-002,3.0,31.0,0,69.0,0,122.0,0,train
2026-07-08 12:00:00+07:00,SKU-002,4.0,29.0,0,67.0,0,119.0,0,train
2026-07-08 13:00:00+07:00,SKU-002,1.0,28.0,0,68.0,0,124.0,0,train
2026-07-08 14:00:00+07:00,SKU-002,2.0,29.0,0,66.0,0,127.0,0,train
2026-07-08 15:00:00+07:00,SKU-002,4.0,31.0,0,64.0,0,129.0,0,train
2026-07-08 16:00:00+07:00,SKU-002,0.0,32.0,0,69.0,0,135.0,0,train
2026-07-08 17:00:00+07:00,SKU-002,1.0,35.0,0,69.0,0,137.0,0,train
2026-07-08 18:00:00+07:00,SKU-002,0.0,39.0,0,70.0,0,143.0,0,train
2026-07-08 19:00:00+07:00,SKU-002,0.0,39.0,0,80.0,0,145.0,0,train
2026-07-08 20:00:00+07:00,SKU-002,2.0,42.0,0,83.0,0,152.0,0,train
2026-07-08 21:00:00+07:00,SKU-002,2.0,41.0,0,84.0,0,155.0,0,train
2026-07-08 22:00:00+07:00,SKU-002,1.0,44.0,0,88.0,0,155.0,0,train
2026-07-08 23:00:00+07:00,SKU-002,1.0,45.0,0,90.0,0,158.0,0,train
2026-07-09 00:00:00+07:00,SKU-002,0.0,45.0,0,91.0,0,158.0,0,train
2026-07-09 01:00:00+07:00,SKU-002,0.0,45.0,0,91.0,0,158.0,0,train
2026-07-09 02:00:00+07:00,SKU-002,0.0,45.0,0,92.0,0,158.0,0,train
2026-07-09 03:00:00+07:00,SKU-002,0.0,45.0,0,92.0,0,158.0,0,train
2026-07-09 04:00:00+07:00,SKU-002,0.0,45.0,0,92.0,0,159.0,0,train
2026-07-09 05:00:00+07:00,SKU-002,0.0,45.0,0,93.0,0,159.0,0,train
2026-07-09 06:00:00+07:00,SKU-002,0.0,45.0,0,93.0,0,159.0,0,train
2026-07-09 07:00:00+07:00,SKU-002,3.0,44.0,0,92.0,0,157.0,0,train
2026-07-09 08:00:00+07:00,SKU-002,0.0,45.0,0,93.0,0,158.0,0,train
2026-07-09 09:00:00+07:00,SKU-002,2.0,45.0,0,93.0,0,158.0,0,train
2026-07-09 10:00:00+07:00,SKU-002,4.0,42.0,0,92.0,0,157.0,0,train
2026-07-09 11:00:00+07:00,SKU-002,4.0,38.0,0,91.0,0,154.0,0,train
2026-07-09 12:00:00+07:00,SKU-002,2.0,38.0,0,90.0,0,154.0,0,train
2026-07-09 13:00:00+07:00,SKU-002,0.0,40.0,0,96.0,0,155.0,0,train
2026-07-09 14:00:00+07:00,SKU-002,3.0,37.0,0,98.0,0,157.0,0,train
2026-07-09 15:00:00+07:00,SKU-002,6.0,33.0,0,98.0,0,153.0,0,train
2026-07-09 16:00:00+07:00,SKU-002,1.0,37.0,0,103.0,0,155.0,0,train
2026-07-09 17:00:00+07:00,SKU-002,4.0,34.0,0,102.0,0,152.0,0,train
2026-07-09 18:00:00+07:00,SKU-002,4.0,31.0,0,104.0,0,154.0,0,train
2026-07-09 19:00:00+07:00,SKU-002,0.0,41.0,0,106.0,0,159.0,0,train
2026-07-09 20:00:00+07:00,SKU-002,5.0,41.0,0,110.0,0,157.0,0,train
2026-07-09 21:00:00+07:00,SKU-002,1.0,43.0,0,114.0,0,158.0,0,train
2026-07-09 22:00:00+07:00,SKU-002,4.0,44.0,0,111.0,0,159.0,0,train
2026-07-09 23:00:00+07:00,SKU-002,2.0,45.0,0,113.0,0,157.0,0,train
2026-07-10 00:00:00+07:00,SKU-002,0.0,46.0,0,113.0,0,157.0,0,train
2026-07-10 01:00:00+07:00,SKU-002,0.0,46.0,0,113.0,0,158.0,0,train
2026-07-10 02:00:00+07:00,SKU-002,0.0,47.0,0,113.0,0,159.0,0,train
2026-07-10 03:00:00+07:00,SKU-002,0.0,47.0,0,113.0,0,159.0,0,train
2026-07-10 04:00:00+07:00,SKU-002,0.0,47.0,0,114.0,0,159.0,0,train
2026-07-10 05:00:00+07:00,SKU-002,0.0,48.0,0,114.0,0,159.0,0,train
2026-07-10 06:00:00+07:00,SKU-002,0.0,48.0,0,114.0,0,162.0,0,train
2026-07-10 07:00:00+07:00,SKU-002,2.0,48.0,0,113.0,0,162.0,0,train
2026-07-10 08:00:00+07:00,SKU-002,1.0,48.0,0,113.0,0,163.0,0,train
2026-07-10 09:00:00+07:00,SKU-002,2.0,48.0,0,113.0,0,163.0,0,train
2026-07-10 10:00:00+07:00,SKU-002,1.0,50.0,0,115.0,0,164.0,0,train
2026-07-10 11:00:00+07:00,SKU-002,0.0,53.0,0,116.0,0,167.0,0,train
2026-07-10 12:00:00+07:00,SKU-002,2.0,52.0,0,116.0,0,166.0,0,train
2026-07-10 13:00:00+07:00,SKU-002,2.0,56.0,0,115.0,0,165.0,0,train
2026-07-10 14:00:00+07:00,SKU-002,0.0,61.0,0,120.0,0,167.0,0,train
2026-07-10 15:00:00+07:00,SKU-002,2.0,65.0,0,120.0,0,166.0,0,train
2026-07-10 16:00:00+07:00,SKU-002,5.0,66.0,0,118.0,0,164.0,0,train
2026-07-10 17:00:00+07:00,SKU-002,1.0,68.0,0,118.0,0,163.0,0,train
2026-07-10 18:00:00+07:00,SKU-002,1.0,73.0,0,123.0,0,165.0,0,train
2026-07-10 19:00:00+07:00,SKU-002,10.0,65.0,0,118.0,0,158.0,0,train
2026-07-10 20:00:00+07:00,SKU-002,5.0,69.0,0,116.0,0,153.0,0,train
2026-07-10 21:00:00+07:00,SKU-002,3.0,71.0,0,115.0,0,150.0,0,train
2026-07-10 22:00:00+07:00,SKU-002,5.0,67.0,0,115.0,0,146.0,0,train
2026-07-10 23:00:00+07:00,SKU-002,3.0,68.0,0,112.0,0,144.0,0,train
2026-07-11 00:00:00+07:00,SKU-002,1.0,67.0,0,111.0,0,144.0,0,train
2026-07-11 01:00:00+07:00,SKU-002,0.0,67.0,0,112.0,0,144.0,0,train
2026-07-11 02:00:00+07:00,SKU-002,1.0,66.0,0,112.0,0,143.0,0,train
2026-07-11 03:00:00+07:00,SKU-002,0.0,66.0,0,112.0,0,143.0,0,train
2026-07-11 04:00:00+07:00,SKU-002,0.0,67.0,0,112.0,0,143.0,0,train
2026-07-11 05:00:00+07:00,SKU-002,1.0,66.0,0,111.0,0,142.0,0,train
2026-07-11 06:00:00+07:00,SKU-002,0.0,66.0,0,114.0,0,142.0,0,train
2026-07-11 07:00:00+07:00,SKU-002,2.0,65.0,0,114.0,0,140.0,0,train
2026-07-11 08:00:00+07:00,SKU-002,1.0,65.0,0,115.0,0,139.0,0,train
2026-07-11 09:00:00+07:00,SKU-002,2.0,65.0,0,115.0,0,137.0,0,train
2026-07-11 10:00:00+07:00,SKU-002,3.0,65.0,0,114.0,0,134.0,0,train
2026-07-11 11:00:00+07:00,SKU-002,3.0,63.0,0,114.0,0,134.0,0,train
2026-07-11 12:00:00+07:00,SKU-002,1.0,64.0,0,114.0,0,135.0,0,train
2026-07-11 13:00:00+07:00,SKU-002,6.0,59.0,0,109.0,0,131.0,0,train
2026-07-11 14:00:00+07:00,SKU-002,5.0,59.0,0,106.0,0,127.0,0,train
2026-07-11 15:00:00+07:00,SKU-002,6.0,55.0,0,101.0,0,122.0,0,train
2026-07-11 16:00:00+07:00,SKU-002,6.0,52.0,0,98.0,0,118.0,0,train
2026-07-11 17:00:00+07:00,SKU-002,3.0,50.0,0,95.0,0,115.0,0,train
2026-07-11 18:00:00+07:00,SKU-002,6.0,50.0,0,92.0,0,109.0,0,train
2026-07-11 19:00:00+07:00,SKU-002,2.0,53.0,0,93.0,0,112.0,0,train
2026-07-11 20:00:00+07:00,SKU-002,9.0,47.0,0,84.0,0,105.0,0,train
2026-07-11 21:00:00+07:00,SKU-002,5.0,44.0,0,79.0,0,100.0,0,train
2026-07-11 22:00:00+07:00,SKU-002,1.0,48.0,0,79.0,0,103.0,0,train
2026-07-11 23:00:00+07:00,SKU-002,4.0,44.0,0,76.0,0,100.0,0,train
2026-07-12 00:00:00+07:00,SKU-002,0.0,44.0,0,77.0,0,101.0,0,train
2026-07-12 01:00:00+07:00,SKU-002,0.0,45.0,0,77.0,0,101.0,0,train
2026-07-12 02:00:00+07:00,SKU-002,0.0,46.0,0,77.0,0,101.0,0,train
2026-07-12 03:00:00+07:00,SKU-002,0.0,46.0,0,77.0,0,101.0,0,train
2026-07-12 04:00:00+07:00,SKU-002,1.0,45.0,0,76.0,0,100.0,0,train
2026-07-12 05:00:00+07:00,SKU-002,0.0,45.0,0,76.0,0,100.0,0,train
2026-07-12 06:00:00+07:00,SKU-002,0.0,48.0,0,76.0,0,103.0,0,train
2026-07-12 07:00:00+07:00,SKU-002,1.0,49.0,0,75.0,0,103.0,0,train
2026-07-12 08:00:00+07:00,SKU-002,1.0,50.0,0,74.0,0,105.0,0,train
2026-07-12 09:00:00+07:00,SKU-002,2.0,50.0,0,72.0,0,103.0,0,train
2026-07-12 10:00:00+07:00,SKU-002,3.0,49.0,0,69.0,0,100.0,0,train
2026-07-12 11:00:00+07:00,SKU-002,1.0,51.0,0,71.0,0,99.0,0,train
2026-07-12 12:00:00+07:00,SKU-002,2.0,50.0,0,71.0,0,99.0,0,train
2026-07-12 13:00:00+07:00,SKU-002,1.0,50.0,0,72.0,0,100.0,0,train
2026-07-12 14:00:00+07:00,SKU-002,5.0,47.0,0,68.0,0,96.0,0,train
2026-07-12 15:00:00+07:00,SKU-002,2.0,46.0,0,67.0,0,95.0,0,train
2026-07-12 16:00:00+07:00,SKU-002,3.0,46.0,0,66.0,0,92.0,0,train
2026-07-12 17:00:00+07:00,SKU-002,1.0,45.0,0,65.0,0,92.0,0,train
2026-07-12 18:00:00+07:00,SKU-002,6.0,42.0,0,59.0,0,91.0,0,train
2026-07-12 19:00:00+07:00,SKU-002,5.0,40.0,0,59.0,0,87.0,0,train
2026-07-12 20:00:00+07:00,SKU-002,3.0,37.0,0,58.0,0,84.0,0,train
2026-07-12 21:00:00+07:00,SKU-002,2.0,35.0,0,56.0,0,83.0,0,train
2026-07-12 22:00:00+07:00,SKU-002,5.0,31.0,0,55.0,0,80.0,0,train
2026-07-12 23:00:00+07:00,SKU-002,0.0,32.0,0,56.0,0,80.0,0,train
2026-07-13 00:00:00+07:00,SKU-002,0.0,33.0,0,57.0,0,80.0,0,train
2026-07-13 01:00:00+07:00,SKU-002,1.0,32.0,0,56.0,0,79.0,0,train
2026-07-13 02:00:00+07:00,SKU-002,1.0,31.0,0,55.0,0,78.0,0,train
2026-07-13 03:00:00+07:00,SKU-002,0.0,31.0,0,55.0,0,79.0,0,train
2026-07-13 04:00:00+07:00,SKU-002,0.0,31.0,0,55.0,0,79.0,0,train
2026-07-13 05:00:00+07:00,SKU-002,0.0,31.0,0,55.0,0,79.0,0,train
2026-07-13 06:00:00+07:00,SKU-002,3.0,28.0,0,55.0,0,76.0,0,train
2026-07-13 07:00:00+07:00,SKU-002,2.0,26.0,0,54.0,0,74.0,0,train
2026-07-13 08:00:00+07:00,SKU-002,2.0,24.0,0,55.0,0,73.0,0,train
2026-07-13 09:00:00+07:00,SKU-002,2.0,22.0,0,53.0,0,72.0,0,train
2026-07-13 10:00:00+07:00,SKU-002,2.0,20.0,0,51.0,0,73.0,0,train
2026-07-13 11:00:00+07:00,SKU-002,3.0,20.0,0,48.0,0,72.0,0,train
2026-07-13 12:00:00+07:00,SKU-002,1.0,21.0,0,49.0,0,73.0,0,train
2026-07-13 13:00:00+07:00,SKU-002,1.0,22.0,0,50.0,0,72.0,0,train
2026-07-13 14:00:00+07:00,SKU-002,2.0,21.0,0,49.0,0,70.0,0,train
2026-07-13 15:00:00+07:00,SKU-002,1.0,21.0,0,49.0,0,71.0,0,train
2026-07-13 16:00:00+07:00,SKU-002,3.0,20.0,0,46.0,0,72.0,0,train
2026-07-13 17:00:00+07:00,SKU-002,0.0,20.0,0,47.0,0,74.0,0,train
2026-07-13 18:00:00+07:00,SKU-002,3.0,17.0,0,49.0,0,73.0,0,train
2026-07-13 19:00:00+07:00,SKU-002,3.0,19.0,0,47.0,0,73.0,0,train
2026-07-13 20:00:00+07:00,SKU-002,0.0,21.0,0,47.0,0,75.0,0,train
2026-07-13 21:00:00+07:00,SKU-002,0.0,21.0,0,48.0,0,80.0,0,train
2026-07-13 22:00:00+07:00,SKU-002,1.0,24.0,0,49.0,0,80.0,0,train
2026-07-13 23:00:00+07:00,SKU-002,1.0,24.0,0,48.0,0,81.0,0,train
2026-07-14 00:00:00+07:00,SKU-002,1.0,24.0,0,47.0,0,81.0,0,train
2026-07-14 01:00:00+07:00,SKU-002,0.0,24.0,0,47.0,0,81.0,0,train
2026-07-14 02:00:00+07:00,SKU-002,0.0,24.0,0,47.0,0,81.0,0,train
2026-07-14 03:00:00+07:00,SKU-002,0.0,24.0,0,48.0,0,82.0,0,train
2026-07-14 04:00:00+07:00,SKU-002,0.0,24.0,0,48.0,0,84.0,0,train
2026-07-14 05:00:00+07:00,SKU-002,0.0,24.0,0,48.0,0,84.0,0,train
2026-07-14 06:00:00+07:00,SKU-002,0.0,27.0,0,48.0,0,84.0,0,train
2026-07-14 07:00:00+07:00,SKU-002,0.0,28.0,0,48.0,0,86.0,0,train
2026-07-14 08:00:00+07:00,SKU-002,0.0,31.0,0,49.0,0,86.0,0,train
2026-07-14 09:00:00+07:00,SKU-002,0.0,31.0,0,50.0,0,88.0,0,train
2026-07-14 10:00:00+07:00,SKU-002,0.0,31.0,0,53.0,0,90.0,0,train
2026-07-14 11:00:00+07:00,SKU-002,3.0,28.0,0,52.0,0,88.0,0,train
2026-07-14 12:00:00+07:00,SKU-002,2.0,28.0,0,52.0,0,89.0,0,train
2026-07-14 13:00:00+07:00,SKU-002,2.0,28.0,0,50.0,0,92.0,0,train
2026-07-14 14:00:00+07:00,SKU-002,1.0,28.0,0,49.0,0,92.0,0,train
2026-07-14 15:00:00+07:00,SKU-002,1.0,28.0,0,50.0,0,91.0,0,train
2026-07-14 16:00:00+07:00,SKU-002,2.0,26.0,0,52.0,0,92.0,0,train
2026-07-14 17:00:00+07:00,SKU-002,0.0,27.0,0,54.0,0,94.0,0,train
2026-07-14 18:00:00+07:00,SKU-002,0.0,32.0,0,56.0,0,100.0,0,train
2026-07-14 19:00:00+07:00,SKU-002,5.0,28.0,0,54.0,0,96.0,0,train
2026-07-14 20:00:00+07:00,SKU-002,2.0,26.0,0,54.0,0,100.0,0,train
2026-07-14 21:00:00+07:00,SKU-002,0.0,27.0,0,59.0,0,101.0,0,train
2026-07-14 22:00:00+07:00,SKU-002,4.0,25.0,0,56.0,0,101.0,0,train
2026-07-14 23:00:00+07:00,SKU-002,1.0,24.0,0,57.0,0,100.0,0,train
2026-07-15 00:00:00+07:00,SKU-002,1.0,23.0,0,57.0,0,100.0,0,train
2026-07-15 01:00:00+07:00,SKU-002,0.0,23.0,0,57.0,0,100.0,0,train
2026-07-15 02:00:00+07:00,SKU-002,0.0,23.0,0,57.0,0,101.0,0,train
2026-07-15 03:00:00+07:00,SKU-002,0.0,24.0,0,58.0,0,101.0,0,train
2026-07-15 04:00:00+07:00,SKU-002,0.0,24.0,0,60.0,0,101.0,0,train
2026-07-15 05:00:00+07:00,SKU-002,0.0,24.0,0,60.0,0,101.0,0,train
2026-07-15 06:00:00+07:00,SKU-002,3.0,21.0,0,57.0,0,100.0,0,train
2026-07-15 07:00:00+07:00,SKU-002,1.0,20.0,0,58.0,0,100.0,0,train
2026-07-15 08:00:00+07:00,SKU-002,3.0,18.0,0,55.0,0,100.0,0,train
2026-07-15 09:00:00+07:00,SKU-002,0.0,19.0,0,57.0,0,102.0,0,train
2026-07-15 10:00:00+07:00,SKU-002,0.0,22.0,0,59.0,0,103.0,0,train
2026-07-15 11:00:00+07:00,SKU-002,0.0,24.0,0,60.0,0,106.0,0,train
2026-07-15 12:00:00+07:00,SKU-002,2.0,24.0,0,61.0,0,107.0,0,train
2026-07-15 13:00:00+07:00,SKU-002,2.0,22.0,0,64.0,0,105.0,0,train
2026-07-15 14:00:00+07:00,SKU-002,1.0,21.0,0,64.0,0,106.0,0,train
2026-07-15 15:00:00+07:00,SKU-002,1.0,22.0,0,63.0,0,106.0,0,train
2026-07-15 16:00:00+07:00,SKU-002,0.0,26.0,0,66.0,0,108.0,0,train
2026-07-15 17:00:00+07:00,SKU-002,1.0,27.0,0,67.0,0,109.0,0,train
2026-07-15 18:00:00+07:00,SKU-002,5.0,24.0,0,68.0,0,105.0,0,train
2026-07-15 19:00:00+07:00,SKU-002,1.0,26.0,0,68.0,0,105.0,0,train
2026-07-15 20:00:00+07:00,SKU-002,0.0,28.0,0,74.0,0,106.0,0,train
2026-07-15 21:00:00+07:00,SKU-002,1.0,32.0,0,74.0,0,108.0,0,train
2026-07-15 22:00:00+07:00,SKU-002,2.0,31.0,0,76.0,0,107.0,0,train
2026-07-15 23:00:00+07:00,SKU-002,0.0,33.0,0,76.0,0,108.0,0,train
2026-07-16 00:00:00+07:00,SKU-002,0.0,34.0,0,77.0,0,110.0,0,train
2026-07-16 01:00:00+07:00,SKU-002,0.0,34.0,0,77.0,0,110.0,0,train
2026-07-16 02:00:00+07:00,SKU-002,0.0,34.0,0,78.0,0,110.0,0,train
2026-07-16 03:00:00+07:00,SKU-002,1.0,34.0,0,77.0,0,110.0,0,train
2026-07-16 04:00:00+07:00,SKU-002,0.0,36.0,0,77.0,0,110.0,0,train
2026-07-16 05:00:00+07:00,SKU-002,0.0,36.0,0,77.0,0,110.0,0,train
2026-07-16 06:00:00+07:00,SKU-002,0.0,36.0,0,79.0,0,111.0,0,train
2026-07-16 07:00:00+07:00,SKU-002,0.0,38.0,0,80.0,0,112.0,0,train
2026-07-16 08:00:00+07:00,SKU-002,1.0,37.0,0,82.0,0,112.0,0,train
2026-07-16 09:00:00+07:00,SKU-002,1.0,38.0,0,83.0,0,113.0,0,train
2026-07-16 10:00:00+07:00,SKU-002,3.0,37.0,0,81.0,0,112.0,0,train
2026-07-16 11:00:00+07:00,SKU-002,2.0,36.0,0,82.0,0,113.0,0,train
2026-07-16 12:00:00+07:00,SKU-002,2.0,37.0,0,83.0,0,111.0,0,train
2026-07-16 13:00:00+07:00,SKU-002,0.0,42.0,0,83.0,0,113.0,0,train
2026-07-16 14:00:00+07:00,SKU-002,0.0,43.0,0,85.0,0,115.0,0,train
2026-07-16 15:00:00+07:00,SKU-002,2.0,41.0,0,84.0,0,117.0,0,train
2026-07-16 16:00:00+07:00,SKU-002,4.0,40.0,0,82.0,0,113.0,0,train
2026-07-16 17:00:00+07:00,SKU-002,2.0,40.0,0,82.0,0,112.0,0,train
2026-07-16 18:00:00+07:00,SKU-002,2.0,44.0,0,81.0,0,111.0,0,train
2026-07-16 19:00:00+07:00,SKU-002,3.0,42.0,0,79.0,0,112.0,0,train
2026-07-16 20:00:00+07:00,SKU-002,2.0,46.0,0,78.0,0,111.0,0,train
2026-07-16 21:00:00+07:00,SKU-002,5.0,42.0,0,76.0,0,111.0,0,train
2026-07-16 22:00:00+07:00,SKU-002,1.0,45.0,0,76.0,0,113.0,0,train
2026-07-16 23:00:00+07:00,SKU-002,2.0,43.0,0,75.0,0,112.0,0,train
2026-07-17 00:00:00+07:00,SKU-002,1.0,43.0,0,76.0,0,111.0,0,train
2026-07-17 01:00:00+07:00,SKU-002,0.0,43.0,0,76.0,0,111.0,0,train
2026-07-17 02:00:00+07:00,SKU-002,0.0,44.0,0,76.0,0,111.0,0,train
2026-07-17 03:00:00+07:00,SKU-002,1.0,43.0,0,76.0,0,110.0,0,train
2026-07-17 04:00:00+07:00,SKU-002,2.0,41.0,0,74.0,0,108.0,0,train
2026-07-17 05:00:00+07:00,SKU-002,0.0,41.0,0,74.0,0,108.0,0,train
2026-07-17 06:00:00+07:00,SKU-002,0.0,43.0,0,75.0,0,108.0,0,train
2026-07-17 07:00:00+07:00,SKU-002,2.0,42.0,0,74.0,0,107.0,0,train
2026-07-17 08:00:00+07:00,SKU-002,0.0,45.0,0,75.0,0,108.0,0,train
2026-07-17 09:00:00+07:00,SKU-002,2.0,45.0,0,75.0,0,111.0,0,train
2026-07-17 10:00:00+07:00,SKU-002,2.0,44.0,0,75.0,0,112.0,0,train
2026-07-17 11:00:00+07:00,SKU-002,1.0,46.0,0,77.0,0,113.0,0,train
2026-07-17 12:00:00+07:00,SKU-002,3.0,46.0,0,74.0,0,113.0,0,train
2026-07-17 13:00:00+07:00,SKU-002,5.0,41.0,0,71.0,0,109.0,0,train
2026-07-17 14:00:00+07:00,SKU-002,1.0,42.0,0,72.0,0,111.0,0,train
2026-07-17 15:00:00+07:00,SKU-002,0.0,43.0,0,76.0,0,112.0,0,train
2026-07-17 16:00:00+07:00,SKU-002,3.0,42.0,0,73.0,0,110.0,0,train
2026-07-17 17:00:00+07:00,SKU-002,2.0,42.0,0,72.0,0,113.0,0,train
2026-07-17 18:00:00+07:00,SKU-002,6.0,37.0,0,67.0,0,107.0,0,train
2026-07-17 19:00:00+07:00,SKU-002,1.0,37.0,0,70.0,0,112.0,0,train
2026-07-17 20:00:00+07:00,SKU-002,6.0,32.0,0,65.0,0,109.0,0,train
2026-07-17 21:00:00+07:00,SKU-002,1.0,34.0,0,69.0,0,116.0,0,train
2026-07-17 22:00:00+07:00,SKU-002,4.0,31.0,0,68.0,0,115.0,0,train
2026-07-17 23:00:00+07:00,SKU-002,0.0,32.0,0,69.0,0,116.0,0,train
2026-07-18 00:00:00+07:00,SKU-002,1.0,33.0,0,68.0,0,115.0,0,train
2026-07-18 01:00:00+07:00,SKU-002,0.0,33.0,0,68.0,0,115.0,0,train
2026-07-18 02:00:00+07:00,SKU-002,1.0,32.0,0,67.0,0,115.0,0,train
2026-07-18 03:00:00+07:00,SKU-002,0.0,33.0,0,67.0,0,115.0,0,train
2026-07-18 04:00:00+07:00,SKU-002,0.0,33.0,0,67.0,0,115.0,0,train
2026-07-18 05:00:00+07:00,SKU-002,0.0,33.0,0,67.0,0,115.0,0,train
2026-07-18 06:00:00+07:00,SKU-002,2.0,32.0,0,65.0,0,114.0,0,train
2026-07-18 07:00:00+07:00,SKU-002,1.0,32.0,0,65.0,0,113.0,0,train
2026-07-18 08:00:00+07:00,SKU-002,3.0,30.0,0,63.0,0,116.0,0,train
2026-07-18 09:00:00+07:00,SKU-002,2.0,30.0,0,66.0,0,117.0,0,train
2026-07-18 10:00:00+07:00,SKU-002,1.0,31.0,0,68.0,0,117.0,0,train
2026-07-18 11:00:00+07:00,SKU-002,3.0,31.0,0,67.0,0,117.0,0,train
2026-07-18 12:00:00+07:00,SKU-002,3.0,28.0,0,67.0,0,114.0,0,train
2026-07-18 13:00:00+07:00,SKU-002,0.0,30.0,0,68.0,0,116.0,0,train
2026-07-18 14:00:00+07:00,SKU-002,2.0,30.0,0,69.0,0,114.0,0,train
2026-07-18 15:00:00+07:00,SKU-002,1.0,33.0,0,69.0,0,115.0,0,train
2026-07-18 16:00:00+07:00,SKU-002,2.0,31.0,0,68.0,0,113.0,0,train
2026-07-18 17:00:00+07:00,SKU-002,2.0,30.0,0,71.0,0,114.0,0,train
2026-07-18 18:00:00+07:00,SKU-002,1.0,30.0,0,70.0,0,113.0,0,train
2026-07-18 19:00:00+07:00,SKU-002,1.0,33.0,0,75.0,0,113.0,0,train
2026-07-18 20:00:00+07:00,SKU-002,1.0,33.0,0,77.0,0,114.0,0,train
2026-07-18 21:00:00+07:00,SKU-002,3.0,35.0,0,82.0,0,113.0,0,train
2026-07-18 22:00:00+07:00,SKU-002,1.0,37.0,0,84.0,0,114.0,0,train
2026-07-18 23:00:00+07:00,SKU-002,1.0,37.0,0,84.0,0,114.0,0,train
2026-07-19 00:00:00+07:00,SKU-002,2.0,35.0,0,82.0,0,112.0,0,train
2026-07-19 01:00:00+07:00,SKU-002,0.0,35.0,0,82.0,0,112.0,0,train
2026-07-19 02:00:00+07:00,SKU-002,0.0,35.0,0,83.0,0,113.0,0,train
2026-07-19 03:00:00+07:00,SKU-002,1.0,34.0,0,82.0,0,113.0,0,train
2026-07-19 04:00:00+07:00,SKU-002,0.0,34.0,0,82.0,0,113.0,0,train
2026-07-19 05:00:00+07:00,SKU-002,0.0,34.0,0,82.0,0,113.0,0,train
2026-07-19 06:00:00+07:00,SKU-002,1.0,33.0,0,82.0,0,113.0,0,train
2026-07-19 07:00:00+07:00,SKU-002,1.0,33.0,0,81.0,0,114.0,0,train
2026-07-19 08:00:00+07:00,SKU-002,1.0,33.0,0,86.0,0,116.0,0,train
2026-07-19 09:00:00+07:00,SKU-002,2.0,36.0,0,87.0,0,119.0,0,train
2026-07-19 10:00:00+07:00,SKU-002,2.0,37.0,0,86.0,0,117.0,0,train
2026-07-19 11:00:00+07:00,SKU-002,3.0,36.0,0,86.0,0,118.0,0,train
2026-07-19 12:00:00+07:00,SKU-002,0.0,39.0,0,86.0,0,121.0,0,train
2026-07-19 13:00:00+07:00,SKU-002,2.0,38.0,0,86.0,0,121.0,0,train
2026-07-19 14:00:00+07:00,SKU-002,2.0,39.0,0,84.0,0,120.0,0,train
2026-07-19 15:00:00+07:00,SKU-002,4.0,36.0,0,82.0,0,118.0,0,train
2026-07-19 16:00:00+07:00,SKU-002,0.0,37.0,0,82.0,0,120.0,0,train
2026-07-19 17:00:00+07:00,SKU-002,1.0,41.0,0,84.0,0,120.0,0,train
2026-07-19 18:00:00+07:00,SKU-002,1.0,40.0,0,83.0,0,120.0,0,train
2026-07-19 19:00:00+07:00,SKU-002,4.0,42.0,0,80.0,0,118.0,0,train
2026-07-19 20:00:00+07:00,SKU-002,1.0,44.0,0,81.0,0,117.0,0,train
2026-07-19 21:00:00+07:00,SKU-002,5.0,47.0,0,78.0,0,115.0,0,train
2026-07-19 22:00:00+07:00,SKU-002,3.0,47.0,0,77.0,0,112.0,0,train
2026-07-19 23:00:00+07:00,SKU-002,1.0,47.0,0,77.0,0,111.0,0,train
2026-07-20 00:00:00+07:00,SKU-002,0.0,47.0,0,77.0,0,111.0,0,train
2026-07-20 01:00:00+07:00,SKU-002,0.0,47.0,0,77.0,0,112.0,0,train
2026-07-20 02:00:00+07:00,SKU-002,0.0,48.0,0,78.0,0,112.0,0,train
2026-07-20 03:00:00+07:00,SKU-002,0.0,48.0,0,79.0,0,112.0,0,train
2026-07-20 04:00:00+07:00,SKU-002,0.0,48.0,0,79.0,0,112.0,0,train
2026-07-20 05:00:00+07:00,SKU-002,0.0,48.0,0,79.0,0,112.0,0,train
2026-07-20 06:00:00+07:00,SKU-002,0.0,49.0,0,80.0,0,112.0,0,train
2026-07-20 07:00:00+07:00,SKU-002,1.0,48.0,0,81.0,0,113.0,0,train
2026-07-20 08:00:00+07:00,SKU-002,1.0,53.0,0,83.0,0,114.0,0,train
2026-07-20 09:00:00+07:00,SKU-002,5.0,51.0,0,83.0,0,109.0,0,train
2026-07-20 10:00:00+07:00,SKU-002,3.0,49.0,0,80.0,0,108.0,0,train
2026-07-20 11:00:00+07:00,SKU-002,2.0,50.0,0,82.0,0,107.0,0,train
2026-07-20 12:00:00+07:00,SKU-002,3.0,47.0,0,82.0,0,110.0,0,train
2026-07-20 13:00:00+07:00,SKU-002,1.0,48.0,0,83.0,0,110.0,0,train
2026-07-20 14:00:00+07:00,SKU-002,3.0,45.0,0,81.0,0,108.0,0,train
2026-07-20 15:00:00+07:00,SKU-002,1.0,46.0,0,82.0,0,109.0,0,train
2026-07-20 16:00:00+07:00,SKU-002,1.0,45.0,0,83.0,0,109.0,0,train
2026-07-20 17:00:00+07:00,SKU-002,5.0,43.0,0,79.0,0,105.0,0,train
2026-07-20 18:00:00+07:00,SKU-002,0.0,43.0,0,80.0,0,107.0,0,train
2026-07-20 19:00:00+07:00,SKU-002,6.0,38.0,0,76.0,0,106.0,0,train
2026-07-20 20:00:00+07:00,SKU-002,3.0,37.0,0,73.0,0,103.0,0,train
2026-07-20 21:00:00+07:00,SKU-002,8.0,31.0,0,68.0,0,97.0,0,train
2026-07-20 22:00:00+07:00,SKU-002,3.0,30.0,0,65.0,0,97.0,0,train
2026-07-20 23:00:00+07:00,SKU-002,1.0,30.0,0,64.0,0,97.0,0,train
2026-07-21 00:00:00+07:00,SKU-002,0.0,30.0,0,64.0,0,97.0,0,train
2026-07-21 01:00:00+07:00,SKU-002,0.0,30.0,0,65.0,0,97.0,0,train
2026-07-21 02:00:00+07:00,SKU-002,1.0,30.0,0,64.0,0,96.0,0,train
2026-07-21 03:00:00+07:00,SKU-002,0.0,31.0,0,64.0,0,97.0,0,train
2026-07-21 04:00:00+07:00,SKU-002,0.0,31.0,0,64.0,0,97.0,0,train
2026-07-21 05:00:00+07:00,SKU-002,0.0,31.0,0,64.0,0,97.0,0,train
2026-07-21 06:00:00+07:00,SKU-002,1.0,31.0,0,63.0,0,96.0,0,train
2026-07-21 07:00:00+07:00,SKU-002,0.0,33.0,0,65.0,0,96.0,0,train
2026-07-21 08:00:00+07:00,SKU-002,6.0,30.0,0,61.0,0,90.0,0,train
2026-07-21 09:00:00+07:00,SKU-002,3.0,32.0,0,58.0,0,89.0,0,train
2026-07-21 10:00:00+07:00,SKU-002,1.0,31.0,0,59.0,0,94.0,0,train
2026-07-21 11:00:00+07:00,SKU-002,3.0,32.0,0,57.0,0,91.0,0,train
2026-07-21 12:00:00+07:00,SKU-002,0.0,35.0,0,63.0,0,92.0,0,train
2026-07-21 13:00:00+07:00,SKU-002,2.0,35.0,0,62.0,0,90.0,0,train
2026-07-21 14:00:00+07:00,SKU-002,0.0,36.0,0,63.0,0,92.0,0,train
2026-07-21 15:00:00+07:00,SKU-002,2.0,36.0,0,63.0,0,91.0,0,train
2026-07-21 16:00:00+07:00,SKU-002,0.0,38.0,0,64.0,0,92.0,0,train
2026-07-21 17:00:00+07:00,SKU-002,3.0,36.0,0,62.0,0,95.0,0,train
2026-07-21 18:00:00+07:00,SKU-002,0.0,37.0,0,64.0,0,99.0,0,train
2026-07-21 19:00:00+07:00,SKU-002,1.0,38.0,0,68.0,0,103.0,0,train
2026-07-21 20:00:00+07:00,SKU-002,2.0,36.0,0,66.0,0,105.0,0,train
2026-07-21 21:00:00+07:00,SKU-002,2.0,37.0,0,66.0,0,111.0,0,train
2026-07-21 22:00:00+07:00,SKU-002,2.0,35.0,0,67.0,0,110.0,0,train
2026-07-21 23:00:00+07:00,SKU-002,1.0,34.0,0,67.0,0,112.0,0,train
2026-07-22 00:00:00+07:00,SKU-002,0.0,34.0,0,67.0,0,114.0,0,train
2026-07-22 01:00:00+07:00,SKU-002,0.0,35.0,0,67.0,0,114.0,0,train
2026-07-22 02:00:00+07:00,SKU-002,1.0,34.0,0,66.0,0,113.0,0,train
2026-07-22 03:00:00+07:00,SKU-002,1.0,33.0,0,66.0,0,113.0,0,train
2026-07-22 04:00:00+07:00,SKU-002,0.0,33.0,0,66.0,0,113.0,0,train
2026-07-22 05:00:00+07:00,SKU-002,0.0,33.0,0,66.0,0,113.0,0,train
2026-07-22 06:00:00+07:00,SKU-002,1.0,32.0,0,65.0,0,113.0,0,train
2026-07-22 07:00:00+07:00,SKU-002,2.0,32.0,0,63.0,0,113.0,0,train
2026-07-22 08:00:00+07:00,SKU-002,3.0,31.0,0,60.0,0,118.0,0,train
2026-07-22 09:00:00+07:00,SKU-002,5.0,26.0,0,57.0,0,115.0,0,train
2026-07-22 10:00:00+07:00,SKU-002,0.0,28.0,0,63.0,0,116.0,0,train
2026-07-22 11:00:00+07:00,SKU-002,4.0,25.0,0,59.0,0,114.0,0,train
2026-07-22 12:00:00+07:00,SKU-002,3.0,28.0,0,57.0,0,115.0,0,train
2026-07-22 13:00:00+07:00,SKU-002,2.0,27.0,0,55.0,0,115.0,0,train
2026-07-22 14:00:00+07:00,SKU-002,1.0,27.0,0,56.0,0,118.0,0,train
2026-07-22 15:00:00+07:00,SKU-002,2.0,27.0,0,55.0,0,117.0,0,train
2026-07-22 16:00:00+07:00,SKU-002,2.0,26.0,0,54.0,0,126.0,0,train
2026-07-22 17:00:00+07:00,SKU-002,1.0,26.0,0,59.0,0,129.0,0,train
2026-07-22 18:00:00+07:00,SKU-002,1.0,27.0,0,62.0,0,130.0,0,train
2026-07-22 19:00:00+07:00,SKU-002,2.0,30.0,0,65.0,0,137.0,0,train
2026-07-22 20:00:00+07:00,SKU-002,0.0,30.0,0,69.0,0,138.0,0,train
2026-07-22 21:00:00+07:00,SKU-002,3.0,29.0,0,74.0,0,144.0,0,train
2026-07-22 22:00:00+07:00,SKU-002,0.0,32.0,0,75.0,0,148.0,0,train
2026-07-22 23:00:00+07:00,SKU-002,0.0,33.0,0,78.0,0,153.0,0,train
2026-07-23 00:00:00+07:00,SKU-002,0.0,33.0,0,80.0,0,153.0,0,train
2026-07-23 01:00:00+07:00,SKU-002,1.0,32.0,0,79.0,0,152.0,0,train
2026-07-23 02:00:00+07:00,SKU-002,0.0,32.0,0,79.0,0,152.0,0,train
2026-07-23 03:00:00+07:00,SKU-002,0.0,33.0,0,80.0,0,152.0,0,train
2026-07-23 04:00:00+07:00,SKU-002,0.0,33.0,0,80.0,0,152.0,0,train
2026-07-23 05:00:00+07:00,SKU-002,0.0,33.0,0,80.0,0,152.0,0,train
2026-07-23 06:00:00+07:00,SKU-002,0.0,33.0,0,81.0,0,152.0,0,train
2026-07-23 07:00:00+07:00,SKU-002,2.0,31.0,0,81.0,0,150.0,0,train
2026-07-23 08:00:00+07:00,SKU-002,2.0,29.0,0,87.0,0,149.0,0,train
2026-07-23 09:00:00+07:00,SKU-002,0.0,31.0,0,89.0,0,150.0,0,train
2026-07-23 10:00:00+07:00,SKU-002,2.0,35.0,0,88.0,0,158.0,0,train
2026-07-23 11:00:00+07:00,SKU-002,1.0,34.0,0,89.0,0,157.0,0,train
2026-07-23 12:00:00+07:00,SKU-002,6.0,29.0,0,87.0,0,153.0,0,train
2026-07-23 13:00:00+07:00,SKU-002,1.0,28.0,0,88.0,0,154.0,0,train
2026-07-23 14:00:00+07:00,SKU-002,1.0,29.0,0,91.0,0,153.0,0,train
2026-07-23 15:00:00+07:00,SKU-002,2.0,28.0,0,90.0,0,151.0,0,train
2026-07-23 16:00:00+07:00,SKU-002,1.0,28.0,0,100.0,0,156.0,0,train
2026-07-23 17:00:00+07:00,SKU-002,1.0,33.0,0,103.0,0,157.0,0,train
2026-07-23 18:00:00+07:00,SKU-002,2.0,35.0,0,103.0,0,157.0,0,train
2026-07-23 19:00:00+07:00,SKU-002,5.0,35.0,0,107.0,0,154.0,0,train
2026-07-23 20:00:00+07:00,SKU-002,0.0,39.0,0,108.0,0,159.0,0,train
2026-07-23 21:00:00+07:00,SKU-002,2.0,45.0,0,115.0,0,161.0,0,train
2026-07-23 22:00:00+07:00,SKU-002,3.0,43.0,0,116.0,0,158.0,0,train
2026-07-23 23:00:00+07:00,SKU-002,1.0,45.0,0,120.0,0,157.0,0,train
2026-07-24 00:00:00+07:00,SKU-002,0.0,47.0,0,120.0,0,157.0,0,train
2026-07-24 01:00:00+07:00,SKU-002,0.0,47.0,0,120.0,0,158.0,0,train
2026-07-24 02:00:00+07:00,SKU-002,0.0,47.0,0,120.0,0,158.0,0,train
2026-07-24 03:00:00+07:00,SKU-002,1.0,47.0,0,119.0,0,158.0,0,train
2026-07-24 04:00:00+07:00,SKU-002,0.0,47.0,0,119.0,0,158.0,0,train
2026-07-24 05:00:00+07:00,SKU-002,0.0,47.0,0,119.0,0,158.0,0,train
2026-07-24 06:00:00+07:00,SKU-002,0.0,48.0,0,119.0,0,159.0,0,train
2026-07-24 07:00:00+07:00,SKU-002,0.0,50.0,0,119.0,0,160.0,0,train
2026-07-24 08:00:00+07:00,SKU-002,0.0,58.0,0,120.0,0,162.0,0,train
2026-07-24 09:00:00+07:00,SKU-002,2.0,58.0,0,119.0,0,161.0,0,train
2026-07-24 10:00:00+07:00,SKU-002,6.0,53.0,0,123.0,0,157.0,0,train
2026-07-24 11:00:00+07:00,SKU-002,0.0,55.0,0,123.0,0,160.0,0,train
2026-07-24 12:00:00+07:00,SKU-002,1.0,58.0,0,124.0,0,162.0,0,train
2026-07-24 13:00:00+07:00,SKU-002,0.0,60.0,0,126.0,0,164.0,0,train
2026-07-24 14:00:00+07:00,SKU-002,2.0,62.0,0,124.0,0,170.0,0,train
2026-07-24 15:00:00+07:00,SKU-002,1.0,62.0,0,123.0,0,169.0,0,train
2026-07-24 16:00:00+07:00,SKU-002,1.0,72.0,0,128.0,0,168.0,0,train
2026-07-24 17:00:00+07:00,SKU-002,6.0,70.0,0,124.0,0,167.0,0,train
2026-07-24 18:00:00+07:00,SKU-002,4.0,68.0,0,122.0,0,165.0,0,train
2026-07-24 19:00:00+07:00,SKU-002,5.0,72.0,0,119.0,0,167.0,0,train
2026-07-24 20:00:00+07:00,SKU-002,4.0,69.0,0,120.0,0,165.0,0,train
2026-07-24 21:00:00+07:00,SKU-002,8.0,70.0,0,116.0,0,167.0,0,train
2026-07-24 22:00:00+07:00,SKU-002,1.0,73.0,0,115.0,0,168.0,0,train
2026-07-24 23:00:00+07:00,SKU-002,3.0,75.0,0,112.0,0,165.0,0,train
2026-07-25 00:00:00+07:00,SKU-002,2.0,73.0,0,110.0,0,163.0,0,train
2026-07-25 01:00:00+07:00,SKU-002,0.0,73.0,0,111.0,0,163.0,0,train
2026-07-25 02:00:00+07:00,SKU-002,0.0,73.0,0,111.0,0,163.0,0,train
2026-07-25 03:00:00+07:00,SKU-002,1.0,72.0,0,111.0,0,162.0,0,train
2026-07-25 04:00:00+07:00,SKU-002,0.0,72.0,0,111.0,0,162.0,0,train
2026-07-25 05:00:00+07:00,SKU-002,0.0,72.0,0,111.0,0,162.0,0,train
2026-07-25 06:00:00+07:00,SKU-002,1.0,71.0,0,111.0,0,162.0,0,train
2026-07-25 07:00:00+07:00,SKU-002,2.0,69.0,0,110.0,0,160.0,0,train
2026-07-25 08:00:00+07:00,SKU-002,8.0,62.0,0,104.0,0,153.0,0,train
2026-07-25 09:00:00+07:00,SKU-002,2.0,61.0,0,103.0,0,156.0,0,train
2026-07-25 10:00:00+07:00,SKU-002,1.0,70.0,0,104.0,0,156.0,0,train
2026-07-25 11:00:00+07:00,SKU-002,2.0,68.0,0,105.0,0,159.0,0,train
2026-07-25 12:00:00+07:00,SKU-002,4.0,66.0,0,104.0,0,158.0,0,train
2026-07-25 13:00:00+07:00,SKU-002,2.0,66.0,0,104.0,0,157.0,0,train
2026-07-25 14:00:00+07:00,SKU-002,4.0,62.0,0,108.0,0,155.0,0,train
2026-07-25 15:00:00+07:00,SKU-002,1.0,61.0,0,107.0,0,155.0,0,train
2026-07-25 16:00:00+07:00,SKU-002,11.0,56.0,0,96.0,0,146.0,0,train
2026-07-25 17:00:00+07:00,SKU-002,4.0,54.0,0,97.0,0,150.0,0,train
2026-07-25 18:00:00+07:00,SKU-002,2.0,54.0,0,97.0,0,154.0,0,train
2026-07-25 19:00:00+07:00,SKU-002,9.0,47.0,0,95.0,0,147.0,0,train
2026-07-25 20:00:00+07:00,SKU-002,1.0,51.0,0,96.0,0,147.0,0,train
2026-07-25 21:00:00+07:00,SKU-002,9.0,46.0,0,97.0,0,146.0,0,train
2026-07-25 22:00:00+07:00,SKU-002,4.0,42.0,0,95.0,0,146.0,0,train
2026-07-25 23:00:00+07:00,SKU-002,5.0,37.0,0,90.0,0,142.0,0,train
2026-07-26 00:00:00+07:00,SKU-002,0.0,37.0,0,90.0,0,143.0,0,train
2026-07-26 01:00:00+07:00,SKU-002,0.0,38.0,0,90.0,0,143.0,0,train
2026-07-26 02:00:00+07:00,SKU-002,0.0,38.0,0,90.0,0,143.0,0,train
2026-07-26 03:00:00+07:00,SKU-002,0.0,39.0,0,90.0,0,143.0,0,train
2026-07-26 04:00:00+07:00,SKU-002,0.0,39.0,0,90.0,0,143.0,0,train
2026-07-26 05:00:00+07:00,SKU-002,0.0,39.0,0,90.0,0,144.0,0,train
2026-07-26 06:00:00+07:00,SKU-002,0.0,40.0,0,91.0,0,147.0,0,train
2026-07-26 07:00:00+07:00,SKU-002,0.0,41.0,0,91.0,0,149.0,0,train
2026-07-26 08:00:00+07:00,SKU-002,1.0,42.0,0,91.0,0,151.0,0,train
2026-07-26 09:00:00+07:00,SKU-002,1.0,42.0,0,95.0,0,155.0,0,train
2026-07-26 10:00:00+07:00,SKU-002,10.0,34.0,0,86.0,0,148.0,0,train
2026-07-26 11:00:00+07:00,SKU-002,0.0,37.0,0,91.0,0,150.0,0,train
2026-07-26 12:00:00+07:00,SKU-002,2.0,38.0,0,92.0,0,154.0,0,train
2026-07-26 13:00:00+07:00,SKU-002,2.0,38.0,0,91.0,0,154.0,0,train
2026-07-26 14:00:00+07:00,SKU-002,0.0,46.0,0,93.0,0,155.0,0,train
2026-07-26 15:00:00+07:00,SKU-002,0.0,46.0,0,94.0,0,156.0,0,train
2026-07-26 16:00:00+07:00,SKU-002,6.0,40.0,0,90.0,0,152.0,0,train
2026-07-26 17:00:00+07:00,SKU-002,2.0,43.0,0,96.0,0,150.0,0,train
2026-07-26 18:00:00+07:00,SKU-002,2.0,43.0,0,100.0,0,151.0,0,train
2026-07-26 19:00:00+07:00,SKU-002,2.0,48.0,0,100.0,0,151.0,0,train
2026-07-26 20:00:00+07:00,SKU-002,5.0,45.0,0,96.0,0,157.0,0,train
2026-07-26 21:00:00+07:00,SKU-002,4.0,51.0,0,100.0,0,156.0,0,train
2026-07-26 22:00:00+07:00,SKU-002,0.0,53.0,0,104.0,0,157.0,0,train
2026-07-26 23:00:00+07:00,SKU-002,0.0,53.0,0,105.0,0,158.0,0,train
2026-07-27 00:00:00+07:00,SKU-002,0.0,53.0,0,106.0,0,159.0,0,train
2026-07-27 01:00:00+07:00,SKU-002,1.0,52.0,0,105.0,0,159.0,0,train
2026-07-27 02:00:00+07:00,SKU-002,0.0,52.0,0,105.0,0,160.0,0,train
2026-07-27 03:00:00+07:00,SKU-002,1.0,51.0,0,104.0,0,159.0,0,train
2026-07-27 04:00:00+07:00,SKU-002,0.0,51.0,0,104.0,0,159.0,0,train
2026-07-27 05:00:00+07:00,SKU-002,0.0,51.0,0,105.0,0,160.0,0,train
2026-07-27 06:00:00+07:00,SKU-002,1.0,51.0,0,107.0,0,159.0,0,train
2026-07-27 07:00:00+07:00,SKU-002,1.0,50.0,0,108.0,0,160.0,0,train
2026-07-27 08:00:00+07:00,SKU-002,2.0,49.0,0,109.0,0,161.0,0,train
2026-07-27 09:00:00+07:00,SKU-002,1.0,53.0,0,113.0,0,162.0,0,train
2026-07-27 10:00:00+07:00,SKU-002,2.0,52.0,0,114.0,0,162.0,0,train
2026-07-27 11:00:00+07:00,SKU-002,3.0,54.0,0,113.0,0,163.0,0,train
2026-07-27 12:00:00+07:00,SKU-002,3.0,54.0,0,116.0,0,163.0,0,train
2026-07-27 13:00:00+07:00,SKU-002,2.0,53.0,0,116.0,0,168.0,0,train
2026-07-27 14:00:00+07:00,SKU-002,8.0,47.0,0,109.0,0,162.0,0,train
2026-07-27 15:00:00+07:00,SKU-002,0.0,48.0,0,110.0,0,162.0,0,train
2026-07-27 16:00:00+07:00,SKU-002,0.0,50.0,0,112.0,0,163.0,0,train
2026-07-27 17:00:00+07:00,SKU-002,5.0,53.0,0,107.0,0,159.0,0,train
2026-07-27 18:00:00+07:00,SKU-002,2.0,57.0,0,108.0,0,165.0,0,train
2026-07-27 19:00:00+07:00,SKU-002,7.0,52.0,0,103.0,0,165.0,0,train
2026-07-27 20:00:00+07:00,SKU-002,2.0,51.0,0,112.0,0,175.0,0,train
2026-07-27 21:00:00+07:00,SKU-002,10.0,49.0,0,105.0,0,166.0,0,train
2026-07-27 22:00:00+07:00,SKU-002,2.0,51.0,0,104.0,0,166.0,0,train
2026-07-27 23:00:00+07:00,SKU-002,0.0,52.0,0,105.0,0,170.0,0,train
2026-07-28 00:00:00+07:00,SKU-002,0.0,53.0,0,106.0,0,171.0,0,train
2026-07-28 01:00:00+07:00,SKU-002,0.0,53.0,0,107.0,0,173.0,0,train
2026-07-28 02:00:00+07:00,SKU-002,0.0,53.0,0,108.0,0,173.0,0,train
2026-07-28 03:00:00+07:00,SKU-002,0.0,53.0,0,108.0,0,173.0,0,train
2026-07-28 04:00:00+07:00,SKU-002,0.0,53.0,0,108.0,0,173.0,0,train
2026-07-28 05:00:00+07:00,SKU-002,0.0,54.0,0,109.0,0,173.0,0,train
2026-07-28 06:00:00+07:00,SKU-002,1.0,56.0,0,108.0,0,174.0,0,train
2026-07-28 07:00:00+07:00,SKU-002,0.0,58.0,0,110.0,0,174.0,0,train
2026-07-28 08:00:00+07:00,SKU-002,1.0,60.0,0,112.0,0,174.0,0,train
2026-07-28 09:00:00+07:00,SKU-002,5.0,60.0,0,109.0,0,171.0,0,train
2026-07-28 10:00:00+07:00,SKU-002,1.0,62.0,0,110.0,0,172.0,0,train
2026-07-28 11:00:00+07:00,SKU-002,5.0,59.0,0,109.0,0,169.0,0,train
2026-07-28 12:00:00+07:00,SKU-002,3.0,62.0,0,109.0,0,170.0,0,train
2026-07-28 13:00:00+07:00,SKU-002,1.0,63.0,0,115.0,0,171.0,0,train
2026-07-28 14:00:00+07:00,SKU-002,2.0,62.0,0,115.0,0,170.0,0,train
2026-07-28 15:00:00+07:00,SKU-002,1.0,62.0,0,114.0,0,169.0,0,train
2026-07-28 16:00:00+07:00,SKU-002,2.0,62.0,0,113.0,0,171.0,0,train
2026-07-28 17:00:00+07:00,SKU-002,8.0,54.0,0,106.0,0,166.0,0,train
2026-07-28 18:00:00+07:00,SKU-002,6.0,51.0,0,108.0,0,160.0,0,train
2026-07-28 19:00:00+07:00,SKU-002,2.0,51.0,0,113.0,0,163.0,0,train
2026-07-28 20:00:00+07:00,SKU-002,1.0,61.0,0,124.0,0,165.0,0,train
2026-07-28 21:00:00+07:00,SKU-002,8.0,56.0,0,117.0,0,160.0,0,train
2026-07-28 22:00:00+07:00,SKU-002,4.0,53.0,0,115.0,0,161.0,0,train
2026-07-28 23:00:00+07:00,SKU-002,1.0,53.0,0,118.0,0,160.0,0,train
2026-07-29 00:00:00+07:00,SKU-002,1.0,53.0,0,118.0,0,159.0,0,train
2026-07-29 01:00:00+07:00,SKU-002,0.0,54.0,0,120.0,0,159.0,0,train
2026-07-29 02:00:00+07:00,SKU-002,0.0,55.0,0,120.0,0,160.0,0,train
2026-07-29 03:00:00+07:00,SKU-002,0.0,55.0,0,120.0,0,160.0,0,train
2026-07-29 04:00:00+07:00,SKU-002,0.0,55.0,0,120.0,0,160.0,0,train
2026-07-29 05:00:00+07:00,SKU-002,1.0,55.0,0,119.0,0,159.0,0,train
2026-07-29 06:00:00+07:00,SKU-002,3.0,52.0,0,118.0,0,157.0,0,train
2026-07-29 07:00:00+07:00,SKU-002,2.0,52.0,0,116.0,0,155.0,0,train
2026-07-29 08:00:00+07:00,SKU-002,3.0,52.0,0,114.0,0,153.0,0,train
2026-07-29 09:00:00+07:00,SKU-002,5.0,49.0,0,111.0,0,149.0,0,train
2026-07-29 10:00:00+07:00,SKU-002,3.0,48.0,0,110.0,0,146.0,0,train
2026-07-29 11:00:00+07:00,SKU-002,2.0,50.0,0,110.0,0,146.0,0,train
2026-07-29 12:00:00+07:00,SKU-002,6.0,47.0,0,108.0,0,141.0,0,train
2026-07-29 13:00:00+07:00,SKU-002,2.0,52.0,0,108.0,0,141.0,0,train
2026-07-29 14:00:00+07:00,SKU-002,1.0,53.0,0,108.0,0,142.0,0,train
2026-07-29 15:00:00+07:00,SKU-002,1.0,52.0,0,107.0,0,142.0,0,train
2026-07-29 16:00:00+07:00,SKU-002,2.0,51.0,0,109.0,0,143.0,0,train
2026-07-29 17:00:00+07:00,SKU-002,0.0,52.0,0,112.0,0,143.0,0,train
2026-07-29 18:00:00+07:00,SKU-002,3.0,57.0,0,109.0,0,144.0,0,train
2026-07-29 19:00:00+07:00,SKU-002,2.0,62.0,0,112.0,0,148.0,0,train
2026-07-29 20:00:00+07:00,SKU-002,11.0,63.0,0,104.0,0,140.0,0,train
2026-07-29 21:00:00+07:00,SKU-002,3.0,61.0,0,104.0,0,141.0,0,train
2026-07-29 22:00:00+07:00,SKU-002,1.0,62.0,0,108.0,0,140.0,0,train
2026-07-29 23:00:00+07:00,SKU-002,1.0,65.0,0,107.0,0,141.0,0,train
2026-07-30 00:00:00+07:00,SKU-002,1.0,65.0,0,106.0,0,140.0,0,train
2026-07-30 01:00:00+07:00,SKU-002,1.0,66.0,0,105.0,0,140.0,0,train
2026-07-30 02:00:00+07:00,SKU-002,1.0,65.0,0,105.0,0,140.0,0,train
2026-07-30 03:00:00+07:00,SKU-002,0.0,65.0,0,105.0,0,140.0,0,train
2026-07-30 04:00:00+07:00,SKU-002,0.0,65.0,0,105.0,0,140.0,0,train
2026-07-30 05:00:00+07:00,SKU-002,1.0,64.0,0,104.0,0,139.0,0,train
2026-07-30 06:00:00+07:00,SKU-002,0.0,66.0,0,105.0,0,139.0,0,train
2026-07-30 07:00:00+07:00,SKU-002,2.0,64.0,0,103.0,0,138.0,0,train
2026-07-30 08:00:00+07:00,SKU-002,3.0,62.0,0,101.0,0,136.0,0,train
2026-07-30 09:00:00+07:00,SKU-002,2.0,62.0,0,100.0,0,135.0,0,train
2026-07-30 10:00:00+07:00,SKU-002,2.0,62.0,0,98.0,0,133.0,0,train
2026-07-30 11:00:00+07:00,SKU-002,4.0,60.0,0,96.0,0,131.0,0,train
2026-07-30 12:00:00+07:00,SKU-002,3.0,61.0,0,94.0,0,131.0,0,train
2026-07-30 13:00:00+07:00,SKU-002,7.0,56.0,0,89.0,0,127.0,0,train
2026-07-30 14:00:00+07:00,SKU-002,2.0,55.0,0,89.0,0,126.0,0,train
2026-07-30 15:00:00+07:00,SKU-002,0.0,55.0,0,90.0,0,128.0,0,train
2026-07-30 16:00:00+07:00,SKU-002,1.0,58.0,0,92.0,0,128.0,0,train
2026-07-30 17:00:00+07:00,SKU-002,1.0,60.0,0,91.0,0,132.0,0,train
2026-07-30 18:00:00+07:00,SKU-002,8.0,52.0,0,87.0,0,126.0,0,train
2026-07-30 19:00:00+07:00,SKU-002,7.0,50.0,0,86.0,0,120.0,0,train
2026-07-30 20:00:00+07:00,SKU-002,12.0,41.0,0,77.0,0,110.0,0,train
2026-07-30 21:00:00+07:00,SKU-002,1.0,43.0,0,80.0,0,111.0,0,train
2026-07-30 22:00:00+07:00,SKU-002,2.0,46.0,0,78.0,0,114.0,0,train
2026-07-30 23:00:00+07:00,SKU-002,4.0,42.0,0,76.0,0,110.0,0,train
2026-07-31 00:00:00+07:00,SKU-002,1.0,41.0,0,75.0,0,109.0,0,train
2026-07-31 01:00:00+07:00,SKU-002,2.0,39.0,0,74.0,0,107.0,0,train
2026-07-31 02:00:00+07:00,SKU-002,0.0,40.0,0,75.0,0,108.0,0,train
2026-07-31 03:00:00+07:00,SKU-002,0.0,40.0,0,75.0,0,108.0,0,train
2026-07-31 04:00:00+07:00,SKU-002,0.0,40.0,0,75.0,0,108.0,0,train
2026-07-31 05:00:00+07:00,SKU-002,0.0,40.0,0,75.0,0,109.0,0,train
2026-07-31 06:00:00+07:00,SKU-002,2.0,39.0,0,73.0,0,107.0,0,train
2026-07-31 07:00:00+07:00,SKU-002,0.0,39.0,0,74.0,0,108.0,0,train
2026-07-31 08:00:00+07:00,SKU-002,1.0,39.0,0,74.0,0,109.0,0,train
2026-07-31 09:00:00+07:00,SKU-002,2.0,38.0,0,73.0,0,107.0,0,train
2026-07-31 10:00:00+07:00,SKU-002,2.0,36.0,0,71.0,0,105.0,0,train
2026-07-31 11:00:00+07:00,SKU-002,2.0,36.0,0,71.0,0,104.0,0,train
2026-07-31 12:00:00+07:00,SKU-002,4.0,33.0,0,70.0,0,104.0,0,train
2026-07-31 13:00:00+07:00,SKU-002,2.0,33.0,0,71.0,0,103.0,0,train
2026-07-31 14:00:00+07:00,SKU-002,1.0,34.0,0,71.0,0,105.0,0,train
2026-07-31 15:00:00+07:00,SKU-002,0.0,35.0,0,73.0,0,105.0,0,train
2026-07-31 16:00:00+07:00,SKU-002,4.0,34.0,0,70.0,0,102.0,0,train
2026-07-31 17:00:00+07:00,SKU-002,3.0,31.0,0,72.0,0,102.0,0,train
2026-07-31 18:00:00+07:00,SKU-002,0.0,35.0,0,74.0,0,104.0,0,train
2026-07-31 19:00:00+07:00,SKU-002,5.0,36.0,0,70.0,0,102.0,0,train
2026-07-31 20:00:00+07:00,SKU-002,3.0,36.0,0,69.0,0,102.0,0,train
2026-07-31 21:00:00+07:00,SKU-002,3.0,37.0,0,68.0,0,101.0,0,train
2026-07-31 22:00:00+07:00,SKU-002,5.0,32.0,0,68.0,0,96.0,0,train
2026-07-31 23:00:00+07:00,SKU-002,0.0,34.0,0,68.0,0,98.0,0,train
2026-08-01 00:00:00+07:00,SKU-002,0.0,34.0,0,68.0,0,98.0,0,train
2026-08-01 01:00:00+07:00,SKU-002,0.0,35.0,0,68.0,0,99.0,0,train
2026-08-01 02:00:00+07:00,SKU-002,1.0,35.0,0,68.0,0,98.0,0,train
2026-08-01 03:00:00+07:00,SKU-002,0.0,35.0,0,68.0,0,98.0,0,train
2026-08-01 04:00:00+07:00,SKU-002,0.0,35.0,0,68.0,0,99.0,0,train
2026-08-01 05:00:00+07:00,SKU-002,0.0,35.0,0,69.0,0,99.0,0,train
2026-08-01 06:00:00+07:00,SKU-002,1.0,34.0,0,68.0,0,98.0,0,train
2026-08-01 07:00:00+07:00,SKU-002,0.0,35.0,0,69.0,0,98.0,0,train
2026-08-01 08:00:00+07:00,SKU-002,1.0,35.0,0,70.0,0,103.0,0,train
2026-08-01 09:00:00+07:00,SKU-002,1.0,35.0,0,69.0,0,110.0,0,train
2026-08-01 10:00:00+07:00,SKU-002,0.0,35.0,0,69.0,0,117.0,0,train
2026-08-01 11:00:00+07:00,SKU-002,2.0,35.0,0,68.0,0,128.0,0,train
2026-08-01 12:00:00+07:00,SKU-002,1.0,37.0,0,71.0,0,141.0,0,train
2026-08-01 13:00:00+07:00,SKU-002,2.0,38.0,0,70.0,0,143.0,0,train
2026-08-01 14:00:00+07:00,SKU-002,2.0,37.0,0,71.0,0,148.0,0,train
2026-08-01 15:00:00+07:00,SKU-002,1.0,38.0,0,70.0,0,149.0,0,train
2026-08-01 16:00:00+07:00,SKU-002,3.0,36.0,0,68.0,0,160.0,0,train
2026-08-01 17:00:00+07:00,SKU-002,0.0,41.0,0,71.0,0,181.0,0,train
2026-08-01 18:00:00+07:00,SKU-002,4.0,39.0,0,69.0,0,178.0,0,train
2026-08-01 19:00:00+07:00,SKU-002,6.0,34.0,0,66.0,0,183.0,0,train
2026-08-01 20:00:00+07:00,SKU-002,3.0,33.0,0,66.0,0,185.0,0,train
2026-08-01 21:00:00+07:00,SKU-002,4.0,31.0,0,64.0,0,189.0,0,train
2026-08-01 22:00:00+07:00,SKU-002,0.0,36.0,0,64.0,0,189.0,0,train
2026-08-01 23:00:00+07:00,SKU-002,2.0,34.0,0,64.0,0,188.0,0,train
2026-08-02 00:00:00+07:00,SKU-002,0.0,34.0,0,64.0,0,189.0,0,train
2026-08-02 01:00:00+07:00,SKU-002,1.0,33.0,0,64.0,0,189.0,0,train
2026-08-02 02:00:00+07:00,SKU-002,1.0,33.0,0,63.0,0,189.0,0,train
2026-08-02 03:00:00+07:00,SKU-002,0.0,33.0,0,63.0,0,189.0,0,train
2026-08-02 04:00:00+07:00,SKU-002,0.0,33.0,0,64.0,0,189.0,0,train
2026-08-02 05:00:00+07:00,SKU-002,0.0,34.0,0,64.0,0,189.0,0,train
2026-08-02 06:00:00+07:00,SKU-002,0.0,34.0,0,64.0,0,194.0,0,train
2026-08-02 07:00:00+07:00,SKU-002,1.0,34.0,0,63.0,0,195.0,0,train
2026-08-02 08:00:00+07:00,SKU-002,1.0,35.0,0,68.0,0,195.0,0,train
2026-08-02 09:00:00+07:00,SKU-002,1.0,34.0,0,75.0,0,195.0,0,train
2026-08-02 10:00:00+07:00,SKU-002,0.0,34.0,0,82.0,0,200.0,0,train
2026-08-02 11:00:00+07:00,SKU-002,2.0,33.0,0,93.0,0,205.0,0,train
2026-08-02 12:00:00+07:00,SKU-002,3.0,34.0,0,104.0,0,204.0,0,train
2026-08-02 13:00:00+07:00,SKU-002,3.0,32.0,0,105.0,0,209.0,0,train
2026-08-02 14:00:00+07:00,SKU-002,1.0,34.0,0,111.0,0,209.0,0,train
2026-08-02 15:00:00+07:00,SKU-002,2.0,32.0,0,111.0,0,208.0,0,train
2026-08-02 16:00:00+07:00,SKU-002,1.0,32.0,0,124.0,0,211.0,0,train
2026-08-02 17:00:00+07:00,SKU-002,5.0,30.0,0,140.0,0,206.0,0,train
2026-08-02 18:00:00+07:00,SKU-002,2.0,30.0,0,139.0,0,212.0,0,train
2026-08-02 19:00:00+07:00,SKU-002,1.0,32.0,0,149.0,0,217.0,0,train
2026-08-02 20:00:00+07:00,SKU-002,2.0,33.0,0,152.0,0,221.0,0,train
2026-08-02 21:00:00+07:00,SKU-002,2.0,33.0,0,158.0,0,222.0,1,train
2026-08-02 22:00:00+07:00,SKU-002,5.0,28.0,0,153.0,0,217.0,1,train
2026-08-02 23:00:00+07:00,SKU-002,0.0,30.0,0,154.0,0,217.0,1,train
2026-08-03 00:00:00+07:00,SKU-002,0.0,30.0,0,155.0,0,217.0,1,train
2026-08-03 01:00:00+07:00,SKU-002,0.0,31.0,0,156.0,0,217.0,1,train
2026-08-03 02:00:00+07:00,SKU-002,1.0,30.0,0,156.0,0,216.0,1,train
2026-08-03 03:00:00+07:00,SKU-002,0.0,30.0,0,156.0,0,216.0,1,train
2026-08-03 04:00:00+07:00,SKU-002,0.0,31.0,0,156.0,0,216.0,1,train
2026-08-03 05:00:00+07:00,SKU-002,1.0,30.0,0,155.0,0,215.0,1,train
2026-08-03 06:00:00+07:00,SKU-002,0.0,30.0,0,160.0,0,215.0,1,train
2026-08-03 07:00:00+07:00,SKU-002,1.0,29.0,0,161.0,0,214.0,1,train
2026-08-03 08:00:00+07:00,SKU-002,2.0,33.0,0,160.0,0,212.0,1,train
2026-08-03 09:00:00+07:00,SKU-002,0.0,41.0,0,161.0,0,212.0,1,train
2026-08-03 10:00:00+07:00,SKU-002,0.0,48.0,0,166.0,0,212.0,1,train
2026-08-03 11:00:00+07:00,SKU-002,1.0,60.0,0,172.0,0,211.0,1,train
2026-08-03 12:00:00+07:00,SKU-002,4.0,70.0,0,170.0,0,207.0,1,train
2026-08-03 13:00:00+07:00,SKU-002,1.0,73.0,0,177.0,0,206.0,1,train
2026-08-03 14:00:00+07:00,SKU-002,3.0,77.0,0,175.0,0,203.0,1,train
2026-08-03 15:00:00+07:00,SKU-002,0.0,79.0,0,176.0,0,203.0,1,train
2026-08-03 16:00:00+07:00,SKU-002,1.0,92.0,0,179.0,0,202.0,1,train
2026-08-03 17:00:00+07:00,SKU-002,3.0,110.0,0,176.0,0,199.0,1,train
2026-08-03 18:00:00+07:00,SKU-002,2.0,109.0,0,182.0,0,197.0,1,train
2026-08-03 19:00:00+07:00,SKU-002,3.0,117.0,0,185.0,0,194.0,1,train
2026-08-03 20:00:00+07:00,SKU-002,3.0,119.0,0,188.0,0,191.0,1,train
2026-08-03 21:00:00+07:00,SKU-002,2.0,125.0,0,189.0,1,189.0,1,train
2026-08-03 22:00:00+07:00,SKU-002,0.0,125.0,0,189.0,1,189.0,1,train
2026-08-03 23:00:00+07:00,SKU-002,2.0,124.0,0,187.0,1,187.0,1,train
2026-08-04 00:00:00+07:00,SKU-002,0.0,125.0,0,187.0,1,187.0,1,train
2026-08-04 01:00:00+07:00,SKU-002,1.0,125.0,0,186.0,1,186.0,1,train
2026-08-04 02:00:00+07:00,SKU-002,0.0,126.0,0,186.0,1,187.0,1,train
2026-08-04 03:00:00+07:00,SKU-002,0.0,126.0,0,186.0,1,187.0,1,train
2026-08-04 04:00:00+07:00,SKU-002,1.0,125.0,0,185.0,1,186.0,1,train
2026-08-04 05:00:00+07:00,SKU-002,0.0,125.0,0,185.0,1,189.0,1,train
2026-08-04 06:00:00+07:00,SKU-002,0.0,130.0,0,185.0,1,190.0,1,train
2026-08-04 07:00:00+07:00,SKU-002,0.0,132.0,0,185.0,1,191.0,1,train
2026-08-04 08:00:00+07:00,SKU-002,6.0,127.0,0,179.0,1,186.0,1,train
2026-08-04 09:00:00+07:00,SKU-002,8.0,120.0,0,171.0,1,178.0,1,train
2026-08-04 10:00:00+07:00,SKU-002,7.0,118.0,0,164.0,1,175.0,1,train
2026-08-04 11:00:00+07:00,SKU-002,13.0,112.0,0,151.0,1,163.0,1,train
2026-08-04 12:00:00+07:00,SKU-002,14.0,100.0,0,137.0,1,152.0,1,train
2026-08-04 13:00:00+07:00,SKU-002,4.0,104.0,0,133.0,1,151.0,1,train
2026-08-04 14:00:00+07:00,SKU-002,7.0,98.0,0,126.0,1,147.0,1,train
2026-08-04 15:00:00+07:00,SKU-002,2.0,97.0,0,124.0,1,148.0,1,train
2026-08-04 16:00:00+07:00,SKU-002,14.0,87.0,0,110.0,1,140.0,1,train
2026-08-04 17:00:00+07:00,SKU-002,21.0,66.0,0,89.0,1,122.0,1,train
2026-08-04 18:00:00+07:00,SKU-002,1.0,73.0,0,88.0,1,126.0,1,train
2026-08-04 19:00:00+07:00,SKU-002,11.0,68.0,0,77.0,1,122.0,1,train
2026-08-04 20:00:00+07:00,SKU-002,5.0,69.0,0,72.0,1,117.0,1,train
2026-08-04 21:00:00+07:00,SKU-002,8.0,64.0,1,64.0,1,110.0,1,train
2026-08-04 22:00:00+07:00,SKU-002,0.0,64.0,1,64.0,1,116.0,1,train
2026-08-04 23:00:00+07:00,SKU-002,1.0,63.0,1,63.0,1,121.0,1,train
2026-08-05 00:00:00+07:00,SKU-002,1.0,62.0,1,62.0,1,124.0,1,train
2026-08-05 01:00:00+07:00,SKU-002,1.0,61.0,1,61.0,1,124.0,1,train
2026-08-05 02:00:00+07:00,SKU-002,1.0,60.0,1,61.0,1,123.0,1,train
2026-08-05 03:00:00+07:00,SKU-002,0.0,60.0,1,61.0,1,126.0,1,train
2026-08-05 04:00:00+07:00,SKU-002,0.0,60.0,1,61.0,1,126.0,1,train
2026-08-05 05:00:00+07:00,SKU-002,0.0,60.0,1,64.0,1,126.0,1,train
2026-08-05 06:00:00+07:00,SKU-002,5.0,55.0,1,60.0,1,121.0,1,train
2026-08-05 07:00:00+07:00,SKU-002,2.0,53.0,1,59.0,1,123.0,1,train
2026-08-05 08:00:00+07:00,SKU-002,1.0,52.0,1,59.0,1,127.0,1,train
2026-08-05 09:00:00+07:00,SKU-002,1.0,51.0,1,58.0,1,126.0,1,train
2026-08-05 10:00:00+07:00,SKU-002,5.0,46.0,1,57.0,1,134.0,1,train
2026-08-05 11:00:00+07:00,SKU-002,7.0,39.0,1,51.0,1,130.0,1,train
2026-08-05 12:00:00+07:00,SKU-002,2.0,37.0,1,52.0,1,137.0,1,train
2026-08-05 13:00:00+07:00,SKU-002,8.0,29.0,1,47.0,1,133.0,1,train
2026-08-05 14:00:00+07:00,SKU-002,1.0,28.0,1,49.0,1,134.0,1,train
2026-08-05 15:00:00+07:00,SKU-002,1.0,27.0,1,51.0,1,137.0,1,train
2026-08-05 16:00:00+07:00,SKU-002,4.0,23.0,1,53.0,1,145.0,1,train
2026-08-05 17:00:00+07:00,SKU-002,0.0,23.0,1,56.0,1,152.0,1,train
2026-08-05 18:00:00+07:00,SKU-002,8.0,15.0,1,53.0,1,147.0,1,train
2026-08-05 19:00:00+07:00,SKU-002,6.0,9.0,1,54.0,1,155.0,1,train
2026-08-05 20:00:00+07:00,SKU-002,6.0,3.0,1,48.0,1,150.0,1,train
2026-08-05 21:00:00+07:00,SKU-002,3.0,0.0,1,46.0,1,153.0,1,train
2026-08-05 22:00:00+07:00,SKU-002,0.0,0.0,1,52.0,1,154.0,1,train
2026-08-05 23:00:00+07:00,SKU-002,0.0,0.0,1,58.0,1,155.0,1,train
2026-08-06 00:00:00+07:00,SKU-002,0.0,0.0,1,62.0,1,156.0,1,train
2026-08-06 01:00:00+07:00,SKU-002,0.0,0.0,1,63.0,1,157.0,1,train
2026-08-06 02:00:00+07:00,SKU-002,0.0,1.0,1,63.0,1,158.0,1,train
2026-08-06 03:00:00+07:00,SKU-002,0.0,1.0,1,66.0,1,158.0,1,train
2026-08-06 04:00:00+07:00,SKU-002,0.0,1.0,1,66.0,1,158.0,1,train
2026-08-06 05:00:00+07:00,SKU-002,0.0,4.0,1,66.0,1,158.0,1,train
2026-08-06 06:00:00+07:00,SKU-002,0.0,5.0,1,66.0,1,160.0,1,train
2026-08-06 07:00:00+07:00,SKU-002,0.0,6.0,1,70.0,1,160.0,1,train
2026-08-06 08:00:00+07:00,SKU-002,0.0,7.0,1,75.0,1,161.0,1,train
2026-08-06 09:00:00+07:00,SKU-002,0.0,7.0,1,75.0,1,166.0,1,train
2026-08-06 10:00:00+07:00,SKU-002,0.0,11.0,1,88.0,1,179.0,1,train
2026-08-06 11:00:00+07:00,SKU-002,0.0,12.0,1,91.0,1,187.0,1,train
2026-08-06 12:00:00+07:00,SKU-002,0.0,15.0,1,100.0,1,189.0,1,train
2026-08-06 13:00:00+07:00,SKU-002,0.0,18.0,1,104.0,1,192.0,1,train
2026-08-06 14:00:00+07:00,SKU-002,0.0,21.0,1,106.0,1,202.0,1,train
2026-08-06 15:00:00+07:00,SKU-002,0.0,24.0,1,110.0,1,203.0,1,train
2026-08-06 16:00:00+07:00,SKU-002,0.0,30.0,1,122.0,1,209.0,1,train
2026-08-06 17:00:00+07:00,SKU-002,0.0,33.0,1,129.0,1,217.0,1,train
2026-08-06 18:00:00+07:00,SKU-002,0.0,38.0,1,132.0,1,223.0,1,train
2026-08-06 19:00:00+07:00,SKU-002,0.0,45.0,1,146.0,1,227.0,1,train
2026-08-06 20:00:00+07:00,SKU-002,0.0,45.0,1,147.0,1,236.0,1,train
2026-08-06 21:00:00+07:00,SKU-002,0.0,46.0,1,153.0,1,246.0,1,train
2026-08-06 22:00:00+07:00,SKU-002,0.0,52.0,1,154.0,1,252.0,1,train
2026-08-06 23:00:00+07:00,SKU-002,0.0,58.0,1,155.0,1,256.0,1,train
2026-08-07 00:00:00+07:00,SKU-002,0.0,62.0,0,156.0,0,256.0,1,train
2026-08-07 01:00:00+07:00,SKU-002,0.0,63.0,0,157.0,0,256.0,1,train
2026-08-07 02:00:00+07:00,SKU-002,1.0,62.0,0,157.0,0,255.0,1,train
2026-08-07 03:00:00+07:00,SKU-002,0.0,65.0,0,157.0,0,255.0,1,train
2026-08-07 04:00:00+07:00,SKU-002,0.0,65.0,0,157.0,0,255.0,1,train
2026-08-07 05:00:00+07:00,SKU-002,3.0,62.0,0,154.0,0,252.0,1,train
2026-08-07 06:00:00+07:00,SKU-002,1.0,61.0,0,155.0,0,251.0,1,train
2026-08-07 07:00:00+07:00,SKU-002,1.0,64.0,0,154.0,0,250.0,1,train
2026-08-07 08:00:00+07:00,SKU-002,1.0,68.0,0,154.0,0,249.0,1,train
2026-08-07 09:00:00+07:00,SKU-002,0.0,68.0,0,159.0,0,249.0,1,train
2026-08-07 10:00:00+07:00,SKU-002,4.0,77.0,0,168.0,0,245.0,1,train
2026-08-07 11:00:00+07:00,SKU-002,1.0,79.0,0,175.0,0,244.0,1,train
2026-08-07 12:00:00+07:00,SKU-002,3.0,85.0,0,174.0,0,241.0,1,train
2026-08-07 13:00:00+07:00,SKU-002,3.0,86.0,0,174.0,0,238.0,1,train
2026-08-07 14:00:00+07:00,SKU-002,3.0,85.0,0,181.0,0,236.0,1,train
2026-08-07 15:00:00+07:00,SKU-002,3.0,86.0,0,179.0,0,236.0,1,train
2026-08-07 16:00:00+07:00,SKU-002,6.0,92.0,0,179.0,0,236.0,1,train
2026-08-07 17:00:00+07:00,SKU-002,3.0,96.0,0,184.0,0,235.0,1,train
2026-08-07 18:00:00+07:00,SKU-002,5.0,94.0,0,185.0,0,232.0,1,train
2026-08-07 19:00:00+07:00,SKU-002,7.0,101.0,0,182.0,0,232.0,1,train
2026-08-07 20:00:00+07:00,SKU-002,0.0,102.0,0,191.0,0,237.0,1,train
2026-08-07 21:00:00+07:00,SKU-002,1.0,107.0,0,200.0,0,238.0,1,train
2026-08-07 22:00:00+07:00,SKU-002,6.0,102.0,0,200.0,0,232.0,1,train
2026-08-07 23:00:00+07:00,SKU-002,6.0,97.0,0,198.0,0,227.0,1,train
2026-08-08 00:00:00+07:00,SKU-002,4.0,94.0,0,194.0,1,223.0,1,train
2026-08-08 01:00:00+07:00,SKU-002,1.0,94.0,0,193.0,1,223.0,1,train
2026-08-08 02:00:00+07:00,SKU-002,0.0,95.0,0,193.0,1,223.0,1,train
2026-08-08 03:00:00+07:00,SKU-002,3.0,92.0,0,190.0,1,220.0,1,train
2026-08-08 04:00:00+07:00,SKU-002,0.0,92.0,0,190.0,1,221.0,1,train
2026-08-08 05:00:00+07:00,SKU-002,0.0,92.0,0,190.0,1,221.0,1,train
2026-08-08 06:00:00+07:00,SKU-002,0.0,94.0,0,190.0,1,224.0,1,train
2026-08-08 07:00:00+07:00,SKU-002,4.0,90.0,0,186.0,1,223.0,1,train
2026-08-08 08:00:00+07:00,SKU-002,5.0,86.0,0,181.0,1,222.0,1,train
2026-08-08 09:00:00+07:00,SKU-002,0.0,91.0,0,181.0,1,224.0,1,train
2026-08-08 10:00:00+07:00,SKU-002,13.0,91.0,0,168.0,1,213.0,1,train
2026-08-08 11:00:00+07:00,SKU-002,3.0,96.0,0,165.0,1,214.0,1,train
2026-08-08 12:00:00+07:00,SKU-002,9.0,89.0,0,156.0,1,208.0,1,train
2026-08-08 13:00:00+07:00,SKU-002,4.0,88.0,0,152.0,1,208.0,1,train
2026-08-08 14:00:00+07:00,SKU-002,2.0,96.0,0,151.0,1,209.0,1,train
2026-08-08 15:00:00+07:00,SKU-002,4.0,93.0,0,150.0,1,210.0,1,train
2026-08-08 16:00:00+07:00,SKU-002,12.0,87.0,0,144.0,1,200.0,1,train
2026-08-08 17:00:00+07:00,SKU-002,7.0,88.0,0,139.0,1,195.0,1,train
2026-08-08 18:00:00+07:00,SKU-002,3.0,91.0,0,138.0,1,195.0,1,train
2026-08-08 19:00:00+07:00,SKU-002,14.0,81.0,0,131.0,1,187.0,1,train
2026-08-08 20:00:00+07:00,SKU-002,1.0,89.0,0,135.0,1,188.0,1,train
2026-08-08 21:00:00+07:00,SKU-002,6.0,93.0,0,131.0,1,183.0,1,train
2026-08-08 22:00:00+07:00,SKU-002,1.0,98.0,0,130.0,1,186.0,1,train
2026-08-08 23:00:00+07:00,SKU-002,1.0,101.0,0,130.0,1,185.0,1,train
2026-08-09 00:00:00+07:00,SKU-002,1.0,100.0,1,129.0,1,184.0,1,train
2026-08-09 01:00:00+07:00,SKU-002,1.0,99.0,1,129.0,1,183.0,1,train
2026-08-09 02:00:00+07:00,SKU-002,1.0,98.0,1,128.0,1,182.0,1,train
2026-08-09 03:00:00+07:00,SKU-002,0.0,98.0,1,128.0,1,182.0,1,train
2026-08-09 04:00:00+07:00,SKU-002,0.0,98.0,1,129.0,1,182.0,1,train
2026-08-09 05:00:00+07:00,SKU-002,0.0,98.0,1,129.0,1,183.0,1,train
2026-08-09 06:00:00+07:00,SKU-002,2.0,96.0,1,130.0,1,181.0,1,train
2026-08-09 07:00:00+07:00,SKU-002,0.0,96.0,1,133.0,1,182.0,1,train
2026-08-09 08:00:00+07:00,SKU-002,1.0,95.0,1,136.0,1,181.0,1,train
2026-08-09 09:00:00+07:00,SKU-002,5.0,90.0,1,133.0,1,176.0,1,train
2026-08-09 10:00:00+07:00,SKU-002,13.0,77.0,1,122.0,1,165.0,1,train
2026-08-09 11:00:00+07:00,SKU-002,8.0,69.0,1,118.0,1,157.0,1,train
2026-08-09 12:00:00+07:00,SKU-002,2.0,67.0,1,119.0,1,155.0,1,train
2026-08-09 13:00:00+07:00,SKU-002,3.0,64.0,1,120.0,1,154.0,1,train
2026-08-09 14:00:00+07:00,SKU-002,10.0,55.0,1,113.0,1,146.0,1,train
2026-08-09 15:00:00+07:00,SKU-002,1.0,57.0,1,117.0,1,149.0,1,train
2026-08-09 16:00:00+07:00,SKU-002,6.0,57.0,1,113.0,1,150.0,1,train
2026-08-09 17:00:00+07:00,SKU-002,8.0,51.0,1,107.0,1,144.0,1,train
2026-08-09 18:00:00+07:00,SKU-002,6.0,47.0,1,104.0,1,141.0,1,train
2026-08-09 19:00:00+07:00,SKU-002,4.0,50.0,1,106.0,1,140.0,1,train
2026-08-09 20:00:00+07:00,SKU-002,9.0,46.0,1,99.0,1,133.0,1,train
2026-08-09 21:00:00+07:00,SKU-002,10.0,38.0,1,90.0,1,128.0,1,train
2026-08-09 22:00:00+07:00,SKU-002,6.0,32.0,1,88.0,1,123.0,1,train
2026-08-09 23:00:00+07:00,SKU-002,4.0,29.0,1,84.0,1,120.0,1,train
2026-08-10 00:00:00+07:00,SKU-002,0.0,29.0,1,84.0,1,120.0,1,train
2026-08-10 01:00:00+07:00,SKU-002,0.0,30.0,1,84.0,1,121.0,1,train
2026-08-10 02:00:00+07:00,SKU-002,0.0,30.0,1,84.0,1,122.0,1,train
2026-08-10 03:00:00+07:00,SKU-002,0.0,30.0,1,84.0,1,122.0,1,train
2026-08-10 04:00:00+07:00,SKU-002,0.0,31.0,1,84.0,1,122.0,1,train
2026-08-10 05:00:00+07:00,SKU-002,0.0,31.0,1,85.0,1,122.0,1,train
2026-08-10 06:00:00+07:00,SKU-002,0.0,34.0,1,85.0,1,122.0,1,train
2026-08-10 07:00:00+07:00,SKU-002,0.0,37.0,1,86.0,1,123.0,1,train
2026-08-10 08:00:00+07:00,SKU-002,0.0,41.0,1,86.0,1,123.0,1,train
2026-08-10 09:00:00+07:00,SKU-002,0.0,43.0,1,86.0,1,124.0,1,train
2026-08-10 10:00:00+07:00,SKU-002,0.0,45.0,1,88.0,1,130.0,1,train
2026-08-10 11:00:00+07:00,SKU-002,0.0,49.0,1,88.0,1,136.0,1,train
2026-08-10 12:00:00+07:00,SKU-002,0.0,52.0,1,88.0,1,140.0,1,train
2026-08-10 13:00:00+07:00,SKU-002,0.0,56.0,0,90.0,0,142.0,0,train
2026-08-10 14:00:00+07:00,SKU-002,1.0,58.0,0,91.0,0,146.0,0,train
2026-08-10 15:00:00+07:00,SKU-002,3.0,60.0,0,92.0,0,146.0,0,train
2026-08-10 16:00:00+07:00,SKU-002,6.0,56.0,0,93.0,0,143.0,0,train
2026-08-10 17:00:00+07:00,SKU-002,2.0,56.0,0,93.0,0,144.0,0,train
2026-08-10 18:00:00+07:00,SKU-002,2.0,57.0,0,94.0,0,142.0,0,train
2026-08-10 19:00:00+07:00,SKU-002,7.0,56.0,0,90.0,0,139.0,0,train
2026-08-10 20:00:00+07:00,SKU-002,5.0,53.0,0,87.0,0,135.0,0,train
2026-08-10 21:00:00+07:00,SKU-002,2.0,52.0,0,90.0,0,139.0,0,train
2026-08-10 22:00:00+07:00,SKU-002,0.0,56.0,0,91.0,0,146.0,0,train
2026-08-10 23:00:00+07:00,SKU-002,1.0,55.0,0,91.0,0,148.0,0,train
2026-08-11 00:00:00+07:00,SKU-002,0.0,55.0,0,91.0,0,150.0,0,train
2026-08-11 01:00:00+07:00,SKU-002,1.0,54.0,0,91.0,0,151.0,0,train
2026-08-11 02:00:00+07:00,SKU-002,0.0,54.0,0,92.0,0,151.0,0,train
2026-08-11 03:00:00+07:00,SKU-002,0.0,54.0,0,92.0,0,151.0,0,train
2026-08-11 04:00:00+07:00,SKU-002,1.0,53.0,0,91.0,0,150.0,0,train
2026-08-11 05:00:00+07:00,SKU-002,0.0,54.0,0,91.0,0,151.0,0,train
2026-08-11 06:00:00+07:00,SKU-002,3.0,51.0,0,88.0,0,148.0,0,train
2026-08-11 07:00:00+07:00,SKU-002,3.0,49.0,0,86.0,0,145.0,0,train
2026-08-11 08:00:00+07:00,SKU-002,4.0,45.0,0,82.0,0,144.0,0,train
2026-08-11 09:00:00+07:00,SKU-002,2.0,43.0,0,81.0,0,147.0,0,train
2026-08-11 10:00:00+07:00,SKU-002,2.0,43.0,0,85.0,0,151.0,0,train
2026-08-11 11:00:00+07:00,SKU-002,4.0,39.0,0,87.0,0,152.0,0,train
2026-08-11 12:00:00+07:00,SKU-002,3.0,36.0,0,88.0,0,151.0,0,train
2026-08-11 13:00:00+07:00,SKU-002,4.0,34.0,0,86.0,0,155.0,0,train
2026-08-11 14:00:00+07:00,SKU-002,3.0,33.0,0,88.0,0,154.0,0,train
2026-08-11 15:00:00+07:00,SKU-002,5.0,32.0,0,86.0,0,155.0,0,train
2026-08-11 16:00:00+07:00,SKU-002,2.0,37.0,0,87.0,0,155.0,0,train
2026-08-11 17:00:00+07:00,SKU-002,2.0,37.0,0,88.0,0,154.0,0,train
2026-08-11 18:00:00+07:00,SKU-002,3.0,37.0,0,85.0,0,156.0,0,train
2026-08-11 19:00:00+07:00,SKU-002,6.0,34.0,0,83.0,0,155.0,0,train
2026-08-11 20:00:00+07:00,SKU-002,2.0,34.0,0,82.0,0,172.0,0,train
2026-08-11 21:00:00+07:00,SKU-002,1.0,38.0,0,87.0,0,173.0,0,train
2026-08-11 22:00:00+07:00,SKU-002,4.0,35.0,0,90.0,0,169.0,0,train
2026-08-11 23:00:00+07:00,SKU-002,0.0,36.0,0,93.0,0,175.0,0,train
2026-08-12 00:00:00+07:00,SKU-002,0.0,36.0,0,95.0,0,178.0,0,train
2026-08-12 01:00:00+07:00,SKU-002,0.0,37.0,0,97.0,0,179.0,0,train
2026-08-12 02:00:00+07:00,SKU-002,0.0,38.0,0,97.0,0,180.0,0,train
2026-08-12 03:00:00+07:00,SKU-002,0.0,38.0,0,97.0,0,181.0,0,train
2026-08-12 04:00:00+07:00,SKU-002,0.0,38.0,0,97.0,0,181.0,0,train
2026-08-12 05:00:00+07:00,SKU-002,1.0,37.0,0,97.0,0,180.0,0,train
2026-08-12 06:00:00+07:00,SKU-002,0.0,37.0,0,97.0,0,180.0,0,train
2026-08-12 07:00:00+07:00,SKU-002,1.0,37.0,0,96.0,0,182.0,0,train
2026-08-12 08:00:00+07:00,SKU-002,0.0,37.0,0,99.0,0,192.0,0,train
2026-08-12 09:00:00+07:00,SKU-002,0.0,38.0,0,104.0,0,193.0,0,train
2026-08-12 10:00:00+07:00,SKU-002,2.0,42.0,0,108.0,0,191.0,0,train
2026-08-12 11:00:00+07:00,SKU-002,0.0,48.0,0,113.0,0,193.0,0,train
2026-08-12 12:00:00+07:00,SKU-002,0.0,52.0,0,115.0,0,204.0,0,train
2026-08-12 13:00:00+07:00,SKU-002,2.0,52.0,0,121.0,0,209.0,0,train
2026-08-12 14:00:00+07:00,SKU-002,2.0,55.0,0,121.0,0,216.0,0,train
2026-08-12 15:00:00+07:00,SKU-002,4.0,54.0,0,123.0,0,217.0,0,train
2026-08-12 16:00:00+07:00,SKU-002,7.0,50.0,0,118.0,0,218.0,0,train
2026-08-12 17:00:00+07:00,SKU-002,2.0,51.0,0,117.0,0,220.0,0,train
2026-08-12 18:00:00+07:00,SKU-002,3.0,48.0,0,119.0,0,219.0,0,train
2026-08-12 19:00:00+07:00,SKU-002,3.0,49.0,0,121.0,0,224.0,0,train
2026-08-12 20:00:00+07:00,SKU-002,2.0,48.0,0,138.0,0,237.0,0,train
2026-08-12 21:00:00+07:00,SKU-002,5.0,49.0,0,135.0,0,236.0,0,train
2026-08-12 22:00:00+07:00,SKU-002,1.0,55.0,0,134.0,0,240.0,0,train
2026-08-12 23:00:00+07:00,SKU-002,1.0,57.0,0,139.0,0,239.0,0,train
2026-08-13 00:00:00+07:00,SKU-002,0.0,59.0,0,142.0,0,242.0,0,train
2026-08-13 01:00:00+07:00,SKU-002,1.0,60.0,0,142.0,0,241.0,0,train
2026-08-13 02:00:00+07:00,SKU-002,1.0,59.0,0,142.0,0,240.0,0,train
2026-08-13 03:00:00+07:00,SKU-002,0.0,59.0,0,143.0,0,241.0,0,train
2026-08-13 04:00:00+07:00,SKU-002,0.0,59.0,0,143.0,0,242.0,0,train
2026-08-13 05:00:00+07:00,SKU-002,0.0,60.0,0,143.0,0,242.0,0,train
2026-08-13 06:00:00+07:00,SKU-002,0.0,60.0,0,143.0,0,243.0,0,train
2026-08-13 07:00:00+07:00,SKU-002,1.0,59.0,0,145.0,0,244.0,0,train
2026-08-13 08:00:00+07:00,SKU-002,0.0,62.0,0,155.0,0,244.0,0,train
2026-08-13 09:00:00+07:00,SKU-002,1.0,66.0,0,155.0,0,248.0,0,train
2026-08-13 10:00:00+07:00,SKU-002,6.0,66.0,0,149.0,0,247.0,0,train
2026-08-13 11:00:00+07:00,SKU-002,6.0,65.0,0,145.0,0,246.0,0,train
2026-08-13 12:00:00+07:00,SKU-002,4.0,63.0,0,152.0,0,245.0,0,train
2026-08-13 13:00:00+07:00,SKU-002,2.0,69.0,0,157.0,0,244.0,1,train
2026-08-13 14:00:00+07:00,SKU-002,5.0,66.0,0,161.0,0,243.0,1,train
2026-08-13 15:00:00+07:00,SKU-002,3.0,69.0,0,163.0,0,245.0,1,train
2026-08-13 16:00:00+07:00,SKU-002,3.0,68.0,0,168.0,0,252.0,1,train
2026-08-13 17:00:00+07:00,SKU-002,3.0,66.0,0,169.0,0,251.0,1,train
2026-08-13 18:00:00+07:00,SKU-002,0.0,71.0,0,171.0,0,260.0,1,train
2026-08-13 19:00:00+07:00,SKU-002,4.0,72.0,0,175.0,0,262.0,1,train
2026-08-13 20:00:00+07:00,SKU-002,1.0,90.0,0,189.0,0,265.0,1,train
2026-08-13 21:00:00+07:00,SKU-002,6.0,86.0,0,187.0,0,267.0,1,train
2026-08-13 22:00:00+07:00,SKU-002,7.0,79.0,0,185.0,0,261.0,1,train
2026-08-13 23:00:00+07:00,SKU-002,3.0,82.0,0,182.0,0,260.0,1,train
2026-08-14 00:00:00+07:00,SKU-002,2.0,83.0,0,183.0,0,259.0,1,train
2026-08-14 01:00:00+07:00,SKU-002,2.0,82.0,0,181.0,0,257.0,1,train
2026-08-14 02:00:00+07:00,SKU-002,0.0,83.0,0,181.0,0,257.0,1,train
2026-08-14 03:00:00+07:00,SKU-002,0.0,84.0,0,182.0,0,258.0,1,train
2026-08-14 04:00:00+07:00,SKU-002,0.0,84.0,0,183.0,0,259.0,1,train
2026-08-14 05:00:00+07:00,SKU-002,1.0,83.0,0,182.0,0,260.0,1,train
2026-08-14 06:00:00+07:00,SKU-002,0.0,83.0,0,183.0,0,261.0,1,train
2026-08-14 07:00:00+07:00,SKU-002,0.0,86.0,0,185.0,0,262.0,1,train
2026-08-14 08:00:00+07:00,SKU-002,3.0,93.0,0,182.0,0,259.0,1,train
2026-08-14 09:00:00+07:00,SKU-002,5.0,89.0,0,182.0,0,254.0,1,train
2026-08-14 10:00:00+07:00,SKU-002,6.0,83.0,0,181.0,0,248.0,1,train
2026-08-14 11:00:00+07:00,SKU-002,5.0,80.0,0,181.0,0,245.0,1,train
2026-08-14 12:00:00+07:00,SKU-002,2.0,89.0,0,182.0,0,247.0,1,train
2026-08-14 13:00:00+07:00,SKU-002,8.0,88.0,0,175.0,1,241.0,1,train
2026-08-14 14:00:00+07:00,SKU-002,2.0,95.0,0,177.0,1,239.0,1,train
2026-08-14 15:00:00+07:00,SKU-002,6.0,94.0,0,176.0,1,234.0,1,train
2026-08-14 16:00:00+07:00,SKU-002,2.0,100.0,0,184.0,1,232.0,1,train
2026-08-14 17:00:00+07:00,SKU-002,1.0,103.0,0,185.0,1,232.0,1,train
2026-08-14 18:00:00+07:00,SKU-002,5.0,100.0,0,189.0,1,233.0,1,train
2026-08-14 19:00:00+07:00,SKU-002,5.0,103.0,0,190.0,1,232.0,1,train
2026-08-14 20:00:00+07:00,SKU-002,19.0,99.0,0,175.0,1,214.0,1,train
2026-08-14 21:00:00+07:00,SKU-002,2.0,101.0,0,181.0,1,213.0,1,train
2026-08-14 22:00:00+07:00,SKU-002,0.0,106.0,0,182.0,1,214.0,1,train
2026-08-14 23:00:00+07:00,SKU-002,6.0,100.0,0,178.0,1,210.0,1,train
2026-08-15 00:00:00+07:00,SKU-002,3.0,100.0,0,176.0,1,208.0,1,train
2026-08-15 01:00:00+07:00,SKU-002,1.0,99.0,0,175.0,1,207.0,1,train
2026-08-15 02:00:00+07:00,SKU-002,1.0,98.0,0,174.0,1,206.0,1,train
2026-08-15 03:00:00+07:00,SKU-002,1.0,98.0,0,174.0,1,205.0,1,train
2026-08-15 04:00:00+07:00,SKU-002,0.0,99.0,0,175.0,1,205.0,1,train
2026-08-15 05:00:00+07:00,SKU-002,0.0,99.0,0,177.0,1,205.0,1,train
2026-08-15 06:00:00+07:00,SKU-002,0.0,100.0,0,178.0,1,206.0,1,train
2026-08-15 07:00:00+07:00,SKU-002,3.0,99.0,0,176.0,1,203.0,1,train
2026-08-15 08:00:00+07:00,SKU-002,10.0,89.0,0,166.0,1,199.0,1,train
2026-08-15 09:00:00+07:00,SKU-002,1.0,93.0,0,165.0,1,199.0,1,train
2026-08-15 10:00:00+07:00,SKU-002,0.0,98.0,0,165.0,1,199.0,1,train
2026-08-15 11:00:00+07:00,SKU-002,2.0,101.0,0,165.0,1,198.0,1,train
2026-08-15 12:00:00+07:00,SKU-002,11.0,93.0,0,158.0,1,188.0,1,train
2026-08-15 13:00:00+07:00,SKU-002,7.0,87.0,1,153.0,1,182.0,1,train
2026-08-15 14:00:00+07:00,SKU-002,9.0,82.0,1,144.0,1,176.0,1,train
2026-08-15 15:00:00+07:00,SKU-002,5.0,82.0,1,140.0,1,173.0,1,train
2026-08-15 16:00:00+07:00,SKU-002,8.0,84.0,1,132.0,1,167.0,1,train
2026-08-15 17:00:00+07:00,SKU-002,4.0,82.0,1,129.0,1,169.0,1,train
2026-08-15 18:00:00+07:00,SKU-002,2.0,89.0,1,133.0,1,173.0,1,train
2026-08-15 19:00:00+07:00,SKU-002,8.0,87.0,1,129.0,1,175.0,1,train
2026-08-15 20:00:00+07:00,SKU-002,15.0,76.0,1,115.0,1,162.0,1,train
2026-08-15 21:00:00+07:00,SKU-002,4.0,80.0,1,112.0,1,159.0,1,train
2026-08-15 22:00:00+07:00,SKU-002,5.0,76.0,1,108.0,1,158.0,1,train
2026-08-15 23:00:00+07:00,SKU-002,0.0,78.0,1,110.0,1,159.0,1,train
2026-08-16 00:00:00+07:00,SKU-002,3.0,76.0,1,108.0,1,156.0,1,train
2026-08-16 01:00:00+07:00,SKU-002,0.0,76.0,1,108.0,1,156.0,1,train
2026-08-16 02:00:00+07:00,SKU-002,0.0,76.0,1,108.0,1,156.0,1,train
2026-08-16 03:00:00+07:00,SKU-002,1.0,76.0,1,107.0,1,155.0,1,train
2026-08-16 04:00:00+07:00,SKU-002,1.0,76.0,1,106.0,1,154.0,1,train
2026-08-16 05:00:00+07:00,SKU-002,0.0,78.0,1,106.0,1,154.0,1,train
2026-08-16 06:00:00+07:00,SKU-002,1.0,78.0,1,106.0,1,155.0,1,train
2026-08-16 07:00:00+07:00,SKU-002,2.0,77.0,1,104.0,1,155.0,1,train
2026-08-16 08:00:00+07:00,SKU-002,0.0,77.0,1,110.0,1,156.0,1,train
2026-08-16 09:00:00+07:00,SKU-002,5.0,72.0,1,106.0,1,154.0,1,train
2026-08-16 10:00:00+07:00,SKU-002,5.0,67.0,1,101.0,1,151.0,1,train
2026-08-16 11:00:00+07:00,SKU-002,5.0,64.0,1,97.0,1,149.0,1,train
2026-08-16 12:00:00+07:00,SKU-002,3.0,65.0,1,95.0,1,147.0,1,train
2026-08-16 13:00:00+07:00,SKU-002,1.0,66.0,0,95.0,0,150.0,0,train
2026-08-16 14:00:00+07:00,SKU-002,4.0,62.0,0,94.0,0,147.0,0,train
2026-08-16 15:00:00+07:00,SKU-002,5.0,58.0,0,91.0,0,143.0,0,train
2026-08-16 16:00:00+07:00,SKU-002,10.0,48.0,0,83.0,0,137.0,0,train
2026-08-16 17:00:00+07:00,SKU-002,2.0,47.0,0,87.0,0,135.0,0,train
2026-08-16 18:00:00+07:00,SKU-002,9.0,44.0,0,84.0,0,131.0,0,train
2026-08-16 19:00:00+07:00,SKU-002,6.0,42.0,0,88.0,0,129.0,0,train
2026-08-16 20:00:00+07:00,SKU-002,4.0,39.0,0,86.0,0,126.0,0,train
2026-08-16 21:00:00+07:00,SKU-002,8.0,32.0,0,79.0,0,122.0,0,train
2026-08-16 22:00:00+07:00,SKU-002,1.0,32.0,0,82.0,0,124.0,0,train
2026-08-16 23:00:00+07:00,SKU-002,2.0,32.0,0,81.0,0,122.0,0,train
2026-08-17 00:00:00+07:00,SKU-002,1.0,32.0,0,80.0,0,121.0,0,train
2026-08-17 01:00:00+07:00,SKU-002,0.0,32.0,0,80.0,0,121.0,0,train
2026-08-17 02:00:00+07:00,SKU-002,0.0,32.0,0,80.0,0,121.0,0,train
2026-08-17 03:00:00+07:00,SKU-002,1.0,31.0,0,79.0,0,120.0,0,train
2026-08-17 04:00:00+07:00,SKU-002,1.0,30.0,0,78.0,0,119.0,0,train
2026-08-17 05:00:00+07:00,SKU-002,2.0,28.0,0,76.0,0,118.0,0,train
2026-08-17 06:00:00+07:00,SKU-002,1.0,28.0,0,77.0,0,117.0,0,train
2026-08-17 07:00:00+07:00,SKU-002,1.0,27.0,0,78.0,0,118.0,0,train
2026-08-17 08:00:00+07:00,SKU-002,0.0,33.0,0,79.0,0,119.0,0,train
2026-08-17 09:00:00+07:00,SKU-002,0.0,34.0,0,82.0,0,122.0,0,train
2026-08-17 10:00:00+07:00,SKU-002,0.0,34.0,0,84.0,0,125.0,0,train
2026-08-17 11:00:00+07:00,SKU-002,2.0,33.0,0,85.0,0,126.0,0,train
2026-08-17 12:00:00+07:00,SKU-002,4.0,30.0,0,82.0,0,125.0,0,train
2026-08-17 13:00:00+07:00,SKU-002,2.0,29.0,0,84.0,0,126.0,0,train
2026-08-17 14:00:00+07:00,SKU-002,0.0,32.0,0,85.0,0,130.0,0,train
2026-08-17 15:00:00+07:00,SKU-002,1.0,33.0,0,85.0,0,131.0,0,train
2026-08-17 16:00:00+07:00,SKU-002,0.0,35.0,0,89.0,0,132.0,0,train
2026-08-17 17:00:00+07:00,SKU-002,1.0,40.0,0,88.0,0,133.0,0,train
2026-08-17 18:00:00+07:00,SKU-002,6.0,40.0,0,87.0,0,132.0,0,train
2026-08-17 19:00:00+07:00,SKU-002,4.0,46.0,0,87.0,0,133.0,0,train
2026-08-17 20:00:00+07:00,SKU-002,1.0,47.0,0,87.0,0,133.0,0,train
2026-08-17 21:00:00+07:00,SKU-002,1.0,47.0,0,90.0,0,141.0,0,train
2026-08-17 22:00:00+07:00,SKU-002,1.0,50.0,0,92.0,0,146.0,0,train
2026-08-17 23:00:00+07:00,SKU-002,2.0,49.0,0,90.0,0,145.0,0,train
2026-08-18 00:00:00+07:00,SKU-002,1.0,48.0,0,89.0,0,145.0,0,train
2026-08-18 01:00:00+07:00,SKU-002,0.0,48.0,0,89.0,0,145.0,0,train
2026-08-18 02:00:00+07:00,SKU-002,0.0,48.0,0,89.0,0,145.0,0,train
2026-08-18 03:00:00+07:00,SKU-002,0.0,48.0,0,89.0,0,145.0,0,train
2026-08-18 04:00:00+07:00,SKU-002,0.0,48.0,0,89.0,0,145.0,0,train
2026-08-18 05:00:00+07:00,SKU-002,0.0,48.0,0,90.0,0,145.0,0,train
2026-08-18 06:00:00+07:00,SKU-002,1.0,49.0,0,89.0,0,144.0,0,train
2026-08-18 07:00:00+07:00,SKU-002,0.0,51.0,0,91.0,0,148.0,0,train
2026-08-18 08:00:00+07:00,SKU-002,6.0,46.0,0,86.0,0,142.0,0,train
2026-08-18 09:00:00+07:00,SKU-002,1.0,48.0,0,88.0,0,142.0,0,train
2026-08-18 10:00:00+07:00,SKU-002,0.0,50.0,0,91.0,0,145.0,0,train
2026-08-18 11:00:00+07:00,SKU-002,1.0,52.0,0,93.0,0,148.0,0,train
2026-08-18 12:00:00+07:00,SKU-002,1.0,52.0,0,95.0,0,148.0,0,train
2026-08-18 13:00:00+07:00,SKU-002,1.0,55.0,0,97.0,0,150.0,0,train
2026-08-18 14:00:00+07:00,SKU-002,3.0,53.0,0,98.0,0,148.0,0,train
2026-08-18 15:00:00+07:00,SKU-002,2.0,52.0,0,98.0,0,146.0,0,train
2026-08-18 16:00:00+07:00,SKU-002,2.0,54.0,0,97.0,0,146.0,0,train
2026-08-18 17:00:00+07:00,SKU-002,6.0,48.0,0,93.0,0,143.0,0,train
2026-08-18 18:00:00+07:00,SKU-002,6.0,47.0,0,92.0,0,142.0,0,train
2026-08-18 19:00:00+07:00,SKU-002,10.0,41.0,0,87.0,0,136.0,0,train
2026-08-18 20:00:00+07:00,SKU-002,2.0,40.0,0,86.0,0,140.0,0,train
2026-08-18 21:00:00+07:00,SKU-002,1.0,43.0,0,94.0,0,140.0,0,train
2026-08-18 22:00:00+07:00,SKU-002,4.0,42.0,0,96.0,0,136.0,0,train
2026-08-18 23:00:00+07:00,SKU-002,1.0,41.0,0,96.0,0,136.0,0,train
2026-08-19 00:00:00+07:00,SKU-002,0.0,41.0,0,97.0,0,136.0,0,train
2026-08-19 01:00:00+07:00,SKU-002,0.0,41.0,0,97.0,0,137.0,0,train
2026-08-19 02:00:00+07:00,SKU-002,0.0,41.0,0,97.0,0,139.0,0,train
2026-08-19 03:00:00+07:00,SKU-002,0.0,41.0,0,97.0,0,139.0,0,train
2026-08-19 04:00:00+07:00,SKU-002,0.0,41.0,0,97.0,0,139.0,0,train
2026-08-19 05:00:00+07:00,SKU-002,0.0,42.0,0,97.0,0,141.0,0,train
2026-08-19 06:00:00+07:00,SKU-002,2.0,40.0,0,95.0,0,139.0,0,train
2026-08-19 07:00:00+07:00,SKU-002,2.0,40.0,0,97.0,0,137.0,0,train
2026-08-19 08:00:00+07:00,SKU-002,1.0,40.0,0,96.0,0,137.0,0,train
2026-08-19 09:00:00+07:00,SKU-002,3.0,40.0,0,94.0,0,136.0,0,train
2026-08-19 10:00:00+07:00,SKU-002,2.0,41.0,0,95.0,0,139.0,0,train
2026-08-19 11:00:00+07:00,SKU-002,3.0,41.0,0,96.0,0,138.0,0,train
2026-08-19 12:00:00+07:00,SKU-002,1.0,43.0,0,96.0,0,142.0,0,train
2026-08-19 13:00:00+07:00,SKU-002,4.0,42.0,0,95.0,0,145.0,0,train
2026-08-19 14:00:00+07:00,SKU-002,1.0,45.0,0,95.0,0,149.0,0,train
2026-08-19 15:00:00+07:00,SKU-002,1.0,46.0,0,94.0,0,152.0,0,train
2026-08-19 16:00:00+07:00,SKU-002,4.0,43.0,0,92.0,0,152.0,0,train
2026-08-19 17:00:00+07:00,SKU-002,0.0,45.0,0,95.0,0,159.0,0,train
2026-08-19 18:00:00+07:00,SKU-002,5.0,45.0,0,95.0,0,154.0,0,train
2026-08-19 19:00:00+07:00,SKU-002,4.0,46.0,0,95.0,0,152.0,0,train
2026-08-19 20:00:00+07:00,SKU-002,1.0,46.0,0,100.0,0,157.0,0,train
2026-08-19 21:00:00+07:00,SKU-002,4.0,51.0,0,97.0,0,158.0,0,train
2026-08-19 22:00:00+07:00,SKU-002,3.0,54.0,0,94.0,0,157.0,0,train
2026-08-19 23:00:00+07:00,SKU-002,0.0,55.0,0,95.0,0,158.0,0,train
2026-08-20 00:00:00+07:00,SKU-002,0.0,56.0,0,95.0,0,159.0,0,train
2026-08-20 01:00:00+07:00,SKU-002,0.0,56.0,0,96.0,0,159.0,0,train
2026-08-20 02:00:00+07:00,SKU-002,0.0,56.0,0,98.0,0,159.0,0,train
2026-08-20 03:00:00+07:00,SKU-002,0.0,56.0,0,98.0,0,159.0,0,train
2026-08-20 04:00:00+07:00,SKU-002,0.0,56.0,0,98.0,0,159.0,0,train
2026-08-20 05:00:00+07:00,SKU-002,1.0,55.0,0,99.0,0,159.0,0,train
2026-08-20 06:00:00+07:00,SKU-002,0.0,55.0,0,99.0,0,160.0,0,train
2026-08-20 07:00:00+07:00,SKU-002,2.0,57.0,0,97.0,0,160.0,0,train
2026-08-20 08:00:00+07:00,SKU-002,1.0,56.0,0,97.0,0,159.0,0,train
2026-08-20 09:00:00+07:00,SKU-002,3.0,54.0,0,96.0,0,158.0,0,train
2026-08-20 10:00:00+07:00,SKU-002,3.0,54.0,0,98.0,0,158.0,0,train
2026-08-20 11:00:00+07:00,SKU-002,3.0,55.0,0,97.0,0,164.0,0,train
2026-08-20 12:00:00+07:00,SKU-002,3.0,53.0,0,99.0,0,162.0,0,train
2026-08-20 13:00:00+07:00,SKU-002,3.0,53.0,0,103.0,0,162.0,0,train
2026-08-20 14:00:00+07:00,SKU-002,4.0,50.0,0,104.0,0,160.0,0,train
2026-08-20 15:00:00+07:00,SKU-002,2.0,48.0,0,106.0,0,162.0,0,train
2026-08-20 16:00:00+07:00,SKU-002,1.0,49.0,0,109.0,0,161.0,0,train
2026-08-20 17:00:00+07:00,SKU-002,2.0,50.0,0,114.0,0,162.0,0,train
2026-08-20 18:00:00+07:00,SKU-002,5.0,50.0,0,109.0,0,162.0,0,train
2026-08-20 19:00:00+07:00,SKU-002,5.0,49.0,0,106.0,0,163.0,0,train
2026-08-20 20:00:00+07:00,SKU-002,1.0,54.0,0,111.0,0,164.0,0,train
2026-08-20 21:00:00+07:00,SKU-002,9.0,46.0,0,107.0,0,167.0,0,train
2026-08-20 22:00:00+07:00,SKU-002,6.0,40.0,0,103.0,0,162.0,0,train
2026-08-20 23:00:00+07:00,SKU-002,1.0,40.0,0,103.0,0,161.0,0,train
2026-08-21 00:00:00+07:00,SKU-002,1.0,39.0,0,103.0,0,161.0,0,train
2026-08-21 01:00:00+07:00,SKU-002,0.0,40.0,0,103.0,0,161.0,0,train
2026-08-21 02:00:00+07:00,SKU-002,0.0,42.0,0,103.0,0,161.0,0,train
2026-08-21 03:00:00+07:00,SKU-002,0.0,42.0,0,103.0,0,161.0,0,train
2026-08-21 04:00:00+07:00,SKU-002,0.0,42.0,0,103.0,0,161.0,0,train
2026-08-21 05:00:00+07:00,SKU-002,0.0,44.0,0,104.0,0,161.0,0,train
2026-08-21 06:00:00+07:00,SKU-002,0.0,44.0,0,105.0,0,162.0,0,train
2026-08-21 07:00:00+07:00,SKU-002,4.0,40.0,0,103.0,0,158.0,0,train
2026-08-21 08:00:00+07:00,SKU-002,0.0,41.0,0,103.0,0,160.0,0,train
2026-08-21 09:00:00+07:00,SKU-002,1.0,42.0,0,104.0,0,162.0,0,train
2026-08-21 10:00:00+07:00,SKU-002,3.0,44.0,0,104.0,0,162.0,0,train
2026-08-21 11:00:00+07:00,SKU-002,4.0,42.0,0,109.0,0,161.0,0,train
2026-08-21 12:00:00+07:00,SKU-002,1.0,46.0,0,109.0,0,163.0,0,train
2026-08-21 13:00:00+07:00,SKU-002,3.0,50.0,0,109.0,0,161.0,0,train
2026-08-21 14:00:00+07:00,SKU-002,1.0,54.0,0,110.0,0,160.0,0,val
2026-08-21 15:00:00+07:00,SKU-002,0.0,58.0,0,114.0,0,162.0,0,val
2026-08-21 16:00:00+07:00,SKU-002,2.0,60.0,0,112.0,0,162.0,0,val
2026-08-21 17:00:00+07:00,SKU-002,3.0,64.0,0,112.0,0,159.0,0,val
2026-08-21 18:00:00+07:00,SKU-002,5.0,59.0,0,112.0,0,158.0,0,val
2026-08-21 19:00:00+07:00,SKU-002,4.0,57.0,0,114.0,0,162.0,0,val
2026-08-21 20:00:00+07:00,SKU-002,6.0,57.0,0,110.0,0,157.0,0,val
2026-08-21 21:00:00+07:00,SKU-002,1.0,61.0,0,121.0,0,159.0,0,val
2026-08-21 22:00:00+07:00,SKU-002,0.0,63.0,0,122.0,0,164.0,0,val
2026-08-21 23:00:00+07:00,SKU-002,1.0,63.0,0,121.0,0,165.0,0,val
2026-08-22 00:00:00+07:00,SKU-002,0.0,64.0,0,122.0,0,168.0,0,val
2026-08-22 01:00:00+07:00,SKU-002,1.0,63.0,0,121.0,0,167.0,0,val
2026-08-22 02:00:00+07:00,SKU-002,2.0,61.0,0,119.0,0,165.0,0,val
2026-08-22 03:00:00+07:00,SKU-002,0.0,61.0,0,119.0,0,165.0,0,val
2026-08-22 04:00:00+07:00,SKU-002,0.0,61.0,0,119.0,0,165.0,0,val
2026-08-22 05:00:00+07:00,SKU-002,2.0,60.0,0,117.0,0,163.0,0,val
2026-08-22 06:00:00+07:00,SKU-002,0.0,61.0,0,118.0,0,163.0,0,val
2026-08-22 07:00:00+07:00,SKU-002,0.0,63.0,0,118.0,0,164.0,0,val
2026-08-22 08:00:00+07:00,SKU-002,1.0,62.0,0,119.0,0,168.0,0,val
2026-08-22 09:00:00+07:00,SKU-002,2.0,62.0,0,120.0,0,174.0,0,val
2026-08-22 10:00:00+07:00,SKU-002,5.0,60.0,0,118.0,0,172.0,0,val
2026-08-22 11:00:00+07:00,SKU-002,2.0,67.0,0,119.0,0,173.0,0,val
2026-08-22 12:00:00+07:00,SKU-002,5.0,63.0,0,117.0,0,171.0,0,val
2026-08-22 13:00:00+07:00,SKU-002,7.0,59.0,0,111.0,0,166.0,0,val
2026-08-22 14:00:00+07:00,SKU-002,5.0,56.0,0,106.0,0,162.0,0,val
2026-08-22 15:00:00+07:00,SKU-002,4.0,56.0,0,104.0,0,158.0,0,val
2026-08-22 16:00:00+07:00,SKU-002,4.0,52.0,0,102.0,0,155.0,0,val
2026-08-22 17:00:00+07:00,SKU-002,7.0,48.0,0,95.0,0,150.0,0,val
2026-08-22 18:00:00+07:00,SKU-002,0.0,53.0,0,99.0,0,152.0,0,val
2026-08-22 19:00:00+07:00,SKU-002,2.0,57.0,0,105.0,0,153.0,0,val
2026-08-22 20:00:00+07:00,SKU-002,6.0,53.0,0,100.0,0,150.0,0,val
2026-08-22 21:00:00+07:00,SKU-002,5.0,60.0,0,98.0,0,148.0,0,val
2026-08-22 22:00:00+07:00,SKU-002,2.0,59.0,0,101.0,0,152.0,0,val
2026-08-22 23:00:00+07:00,SKU-002,1.0,58.0,0,102.0,0,151.0,0,val
2026-08-23 00:00:00+07:00,SKU-002,1.0,58.0,0,104.0,0,150.0,0,val
2026-08-23 01:00:00+07:00,SKU-002,0.0,58.0,0,104.0,0,150.0,0,val
2026-08-23 02:00:00+07:00,SKU-002,0.0,58.0,0,104.0,0,150.0,0,val
2026-08-23 03:00:00+07:00,SKU-002,0.0,58.0,0,104.0,0,150.0,0,val
2026-08-23 04:00:00+07:00,SKU-002,0.0,58.0,0,104.0,0,150.0,0,val
2026-08-23 05:00:00+07:00,SKU-002,1.0,57.0,0,103.0,0,149.0,0,val
2026-08-23 06:00:00+07:00,SKU-002,1.0,57.0,0,102.0,0,148.0,0,val
2026-08-23 07:00:00+07:00,SKU-002,2.0,55.0,0,101.0,0,147.0,0,val
2026-08-23 08:00:00+07:00,SKU-002,0.0,57.0,0,106.0,0,148.0,0,val
2026-08-23 09:00:00+07:00,SKU-002,2.0,58.0,0,112.0,0,150.0,0,val
2026-08-23 10:00:00+07:00,SKU-002,3.0,58.0,0,112.0,0,147.0,0,val
2026-08-23 11:00:00+07:00,SKU-002,9.0,52.0,0,106.0,0,140.0,0,val
2026-08-23 12:00:00+07:00,SKU-002,1.0,54.0,0,108.0,0,142.0,0,val
2026-08-23 13:00:00+07:00,SKU-002,3.0,52.0,0,107.0,0,141.0,0,val
2026-08-23 14:00:00+07:00,SKU-002,2.0,50.0,0,106.0,0,141.0,0,val
2026-08-23 15:00:00+07:00,SKU-002,4.0,48.0,0,102.0,0,138.0,0,val
2026-08-23 16:00:00+07:00,SKU-002,0.0,50.0,0,103.0,0,139.0,0,val
2026-08-23 17:00:00+07:00,SKU-002,3.0,47.0,0,102.0,0,138.0,0,val
2026-08-23 18:00:00+07:00,SKU-002,5.0,46.0,0,99.0,0,134.0,0,val
2026-08-23 19:00:00+07:00,SKU-002,6.0,48.0,0,96.0,0,130.0,0,val
2026-08-23 20:00:00+07:00,SKU-002,2.0,47.0,0,97.0,0,135.0,0,val
2026-08-23 21:00:00+07:00,SKU-002,12.0,38.0,0,88.0,0,124.0,0,val
2026-08-23 22:00:00+07:00,SKU-002,1.0,42.0,0,93.0,0,125.0,0,val
2026-08-23 23:00:00+07:00,SKU-002,0.0,44.0,0,93.0,0,125.0,0,val
2026-08-24 00:00:00+07:00,SKU-002,1.0,46.0,0,92.0,0,125.0,0,val
2026-08-24 01:00:00+07:00,SKU-002,0.0,46.0,0,92.0,0,125.0,0,val
2026-08-24 02:00:00+07:00,SKU-002,0.0,46.0,0,92.0,0,125.0,0,val
2026-08-24 03:00:00+07:00,SKU-002,0.0,46.0,0,92.0,0,125.0,0,val
2026-08-24 04:00:00+07:00,SKU-002,0.0,46.0,0,92.0,0,125.0,0,val
2026-08-24 05:00:00+07:00,SKU-002,0.0,46.0,0,92.0,0,125.0,0,val
2026-08-24 06:00:00+07:00,SKU-002,1.0,45.0,0,91.0,0,124.0,0,val
2026-08-24 07:00:00+07:00,SKU-002,0.0,46.0,0,92.0,0,125.0,0,val
2026-08-24 08:00:00+07:00,SKU-002,2.0,49.0,0,91.0,0,125.0,0,val
2026-08-24 09:00:00+07:00,SKU-002,3.0,54.0,0,92.0,0,124.0,0,val
2026-08-24 10:00:00+07:00,SKU-002,3.0,54.0,0,89.0,0,127.0,0,val
2026-08-24 11:00:00+07:00,SKU-002,3.0,54.0,0,88.0,0,128.0,0,val
2026-08-24 12:00:00+07:00,SKU-002,3.0,54.0,0,88.0,0,125.0,0,val
2026-08-24 13:00:00+07:00,SKU-002,1.0,55.0,0,89.0,0,127.0,0,val
2026-08-24 14:00:00+07:00,SKU-002,0.0,56.0,0,91.0,0,129.0,0,val
2026-08-24 15:00:00+07:00,SKU-002,2.0,54.0,0,90.0,0,131.0,0,val
2026-08-24 16:00:00+07:00,SKU-002,2.0,53.0,0,89.0,0,130.0,0,val
2026-08-24 17:00:00+07:00,SKU-002,0.0,55.0,0,91.0,0,137.0,0,val
2026-08-24 18:00:00+07:00,SKU-002,4.0,53.0,0,88.0,0,135.0,0,val
2026-08-24 19:00:00+07:00,SKU-002,8.0,48.0,0,82.0,0,127.0,0,val
2026-08-24 20:00:00+07:00,SKU-002,1.0,50.0,0,88.0,0,131.0,0,val
2026-08-24 21:00:00+07:00,SKU-002,3.0,50.0,0,86.0,0,134.0,0,val
2026-08-24 22:00:00+07:00,SKU-002,5.0,51.0,0,83.0,0,131.0,0,val
2026-08-24 23:00:00+07:00,SKU-002,2.0,49.0,0,81.0,0,133.0,0,val
2026-08-25 00:00:00+07:00,SKU-002,3.0,46.0,0,79.0,0,130.0,0,val
2026-08-25 01:00:00+07:00,SKU-002,0.0,46.0,0,79.0,0,131.0,0,val
2026-08-25 02:00:00+07:00,SKU-002,0.0,46.0,0,79.0,0,131.0,0,val
2026-08-25 03:00:00+07:00,SKU-002,0.0,46.0,0,79.0,0,132.0,0,val
2026-08-25 04:00:00+07:00,SKU-002,0.0,46.0,0,79.0,0,133.0,0,val
2026-08-25 05:00:00+07:00,SKU-002,0.0,46.0,0,79.0,0,133.0,0,val
2026-08-25 06:00:00+07:00,SKU-002,0.0,46.0,0,79.0,0,133.0,0,val
2026-08-25 07:00:00+07:00,SKU-002,1.0,46.0,0,79.0,0,132.0,0,val
2026-08-25 08:00:00+07:00,SKU-002,5.0,42.0,0,76.0,0,128.0,0,val
2026-08-25 09:00:00+07:00,SKU-002,8.0,38.0,0,70.0,0,122.0,0,val
2026-08-25 10:00:00+07:00,SKU-002,3.0,35.0,0,73.0,0,130.0,0,val
2026-08-25 11:00:00+07:00,SKU-002,3.0,34.0,0,74.0,0,135.0,0,val
2026-08-25 12:00:00+07:00,SKU-002,3.0,34.0,0,71.0,0,138.0,0,val
2026-08-25 13:00:00+07:00,SKU-002,2.0,34.0,0,72.0,0,142.0,0,val
2026-08-25 14:00:00+07:00,SKU-002,1.0,35.0,0,73.0,0,142.0,0,val
2026-08-25 15:00:00+07:00,SKU-002,0.0,36.0,0,77.0,0,143.0,0,val
2026-08-25 16:00:00+07:00,SKU-002,1.0,36.0,0,77.0,0,146.0,0,val
2026-08-25 17:00:00+07:00,SKU-002,2.0,36.0,0,82.0,0,145.0,0,val
2026-08-25 18:00:00+07:00,SKU-002,2.0,35.0,0,82.0,0,149.0,0,val
2026-08-25 19:00:00+07:00,SKU-002,3.0,34.0,0,79.0,0,152.0,0,val
2026-08-25 20:00:00+07:00,SKU-002,3.0,38.0,0,81.0,0,157.0,0,val
2026-08-25 21:00:00+07:00,SKU-002,3.0,36.0,0,84.0,0,154.0,0,val
2026-08-25 22:00:00+07:00,SKU-002,6.0,32.0,0,80.0,0,156.0,0,val
2026-08-25 23:00:00+07:00,SKU-002,0.0,32.0,0,84.0,0,156.0,0,val
2026-08-26 00:00:00+07:00,SKU-002,0.0,33.0,0,84.0,0,156.0,0,val
2026-08-26 01:00:00+07:00,SKU-002,0.0,33.0,0,85.0,0,156.0,0,val
2026-08-26 02:00:00+07:00,SKU-002,0.0,33.0,0,85.0,0,156.0,0,val
2026-08-26 03:00:00+07:00,SKU-002,0.0,33.0,0,86.0,0,156.0,0,val
2026-08-26 04:00:00+07:00,SKU-002,0.0,33.0,0,87.0,0,156.0,0,val
2026-08-26 05:00:00+07:00,SKU-002,0.0,33.0,0,87.0,0,156.0,0,val
2026-08-26 06:00:00+07:00,SKU-002,0.0,33.0,0,87.0,0,158.0,0,val
2026-08-26 07:00:00+07:00,SKU-002,1.0,33.0,0,86.0,0,158.0,0,val
2026-08-26 08:00:00+07:00,SKU-002,1.0,34.0,0,86.0,0,160.0,0,val
2026-08-26 09:00:00+07:00,SKU-002,4.0,32.0,0,84.0,0,163.0,0,val
2026-08-26 10:00:00+07:00,SKU-002,0.0,38.0,0,95.0,0,163.0,0,val
2026-08-26 11:00:00+07:00,SKU-002,2.0,40.0,0,101.0,0,166.0,0,val
2026-08-26 12:00:00+07:00,SKU-002,3.0,37.0,0,104.0,0,167.0,0,val
2026-08-26 13:00:00+07:00,SKU-002,2.0,38.0,0,108.0,0,165.0,0,val
2026-08-26 14:00:00+07:00,SKU-002,2.0,38.0,0,107.0,0,169.0,0,val
2026-08-26 15:00:00+07:00,SKU-002,1.0,41.0,0,107.0,0,174.0,0,val
2026-08-26 16:00:00+07:00,SKU-002,1.0,41.0,0,110.0,0,174.0,0,val
2026-08-26 17:00:00+07:00,SKU-002,2.0,46.0,0,109.0,0,174.0,0,val
2026-08-26 18:00:00+07:00,SKU-002,1.0,47.0,0,114.0,0,184.0,0,val
2026-08-26 19:00:00+07:00,SKU-002,2.0,45.0,0,118.0,0,192.0,0,val
2026-08-26 20:00:00+07:00,SKU-002,7.0,43.0,0,119.0,0,190.0,0,val
2026-08-26 21:00:00+07:00,SKU-002,1.0,48.0,0,118.0,0,190.0,0,val
2026-08-26 22:00:00+07:00,SKU-002,2.0,48.0,0,124.0,0,195.0,0,val
2026-08-26 23:00:00+07:00,SKU-002,0.0,52.0,0,124.0,0,198.0,0,val
2026-08-27 00:00:00+07:00,SKU-002,1.0,51.0,0,123.0,0,197.0,0,val
2026-08-27 01:00:00+07:00,SKU-002,0.0,52.0,0,123.0,0,197.0,0,val
2026-08-27 02:00:00+07:00,SKU-002,0.0,52.0,0,123.0,0,197.0,0,val
2026-08-27 03:00:00+07:00,SKU-002,0.0,53.0,0,123.0,0,197.0,0,val
2026-08-27 04:00:00+07:00,SKU-002,0.0,54.0,0,123.0,0,200.0,0,val
2026-08-27 05:00:00+07:00,SKU-002,0.0,54.0,0,123.0,0,200.0,0,val
2026-08-27 06:00:00+07:00,SKU-002,0.0,54.0,0,125.0,0,201.0,0,val
2026-08-27 07:00:00+07:00,SKU-002,1.0,53.0,0,125.0,0,201.0,0,val
2026-08-27 08:00:00+07:00,SKU-002,2.0,52.0,0,126.0,0,200.0,0,val
2026-08-27 09:00:00+07:00,SKU-002,2.0,52.0,0,131.0,0,201.0,0,val
2026-08-27 10:00:00+07:00,SKU-002,6.0,57.0,0,125.0,0,200.0,0,val
2026-08-27 11:00:00+07:00,SKU-002,4.0,61.0,0,126.0,0,199.0,0,val
2026-08-27 12:00:00+07:00,SKU-002,0.0,67.0,0,130.0,0,205.0,0,val
2026-08-27 13:00:00+07:00,SKU-002,3.0,70.0,0,127.0,0,208.0,0,val
2026-08-27 14:00:00+07:00,SKU-002,2.0,69.0,0,131.0,0,210.0,0,val
2026-08-27 15:00:00+07:00,SKU-002,4.0,66.0,0,133.0,0,210.0,0,val
2026-08-27 16:00:00+07:00,SKU-002,1.0,69.0,0,133.0,0,212.0,0,val
2026-08-27 17:00:00+07:00,SKU-002,7.0,63.0,0,128.0,0,211.0,0,val
2026-08-27 18:00:00+07:00,SKU-002,2.0,67.0,0,137.0,0,215.0,0,val
2026-08-27 19:00:00+07:00,SKU-002,0.0,73.0,0,147.0,0,228.0,0,val
2026-08-27 20:00:00+07:00,SKU-002,5.0,76.0,0,147.0,0,226.0,0,val
2026-08-27 21:00:00+07:00,SKU-002,6.0,70.0,0,142.0,0,232.0,0,val
2026-08-27 22:00:00+07:00,SKU-002,2.0,76.0,0,147.0,0,234.0,0,val
2026-08-27 23:00:00+07:00,SKU-002,4.0,72.0,0,146.0,0,230.0,0,val
2026-08-28 00:00:00+07:00,SKU-002,0.0,72.0,0,146.0,0,230.0,0,val
2026-08-28 01:00:00+07:00,SKU-002,1.0,71.0,0,145.0,0,229.0,0,val
2026-08-28 02:00:00+07:00,SKU-002,0.0,71.0,0,145.0,0,230.0,0,val
2026-08-28 03:00:00+07:00,SKU-002,1.0,70.0,0,144.0,0,229.0,0,val
2026-08-28 04:00:00+07:00,SKU-002,1.0,69.0,0,146.0,0,228.0,0,val
2026-08-28 05:00:00+07:00,SKU-002,0.0,69.0,0,146.0,0,229.0,0,val
2026-08-28 06:00:00+07:00,SKU-002,0.0,71.0,0,147.0,0,233.0,0,val
2026-08-28 07:00:00+07:00,SKU-002,0.0,72.0,0,148.0,0,237.0,0,val
2026-08-28 08:00:00+07:00,SKU-002,1.0,74.0,0,148.0,0,248.0,0,val
2026-08-28 09:00:00+07:00,SKU-002,2.0,79.0,0,149.0,0,254.0,0,val
2026-08-28 10:00:00+07:00,SKU-002,11.0,68.0,0,143.0,0,251.0,0,val
2026-08-28 11:00:00+07:00,SKU-002,8.0,65.0,0,138.0,0,253.0,0,val
2026-08-28 12:00:00+07:00,SKU-002,6.0,63.0,0,138.0,0,279.0,1,val
2026-08-28 13:00:00+07:00,SKU-002,6.0,57.0,0,138.0,0,273.0,1,val
2026-08-28 14:00:00+07:00,SKU-002,1.0,62.0,0,141.0,0,272.0,1,val
2026-08-28 15:00:00+07:00,SKU-002,1.0,67.0,0,144.0,0,271.0,1,val
2026-08-28 16:00:00+07:00,SKU-002,4.0,64.0,0,143.0,0,267.0,1,val
2026-08-28 17:00:00+07:00,SKU-002,1.0,65.0,0,148.0,0,266.0,1,val
2026-08-28 18:00:00+07:00,SKU-002,6.0,70.0,0,148.0,0,260.0,1,val
2026-08-28 19:00:00+07:00,SKU-002,6.0,74.0,0,155.0,0,254.0,1,val
2026-08-28 20:00:00+07:00,SKU-002,8.0,71.0,0,150.0,0,246.0,1,val
2026-08-28 21:00:00+07:00,SKU-002,0.0,72.0,0,162.0,0,246.0,1,val
2026-08-28 22:00:00+07:00,SKU-002,8.0,71.0,0,158.0,0,238.0,1,val
2026-08-28 23:00:00+07:00,SKU-002,0.0,74.0,0,158.0,0,238.0,1,val
2026-08-29 00:00:00+07:00,SKU-002,0.0,74.0,0,158.0,0,238.0,1,val
2026-08-29 01:00:00+07:00,SKU-002,0.0,74.0,0,158.0,0,238.0,1,val
2026-08-29 02:00:00+07:00,SKU-002,0.0,74.0,0,159.0,0,238.0,1,val
2026-08-29 03:00:00+07:00,SKU-002,0.0,74.0,0,159.0,0,238.0,1,val
2026-08-29 04:00:00+07:00,SKU-002,0.0,77.0,0,159.0,0,238.0,1,val
2026-08-29 05:00:00+07:00,SKU-002,0.0,77.0,0,160.0,0,238.0,1,val
2026-08-29 06:00:00+07:00,SKU-002,2.0,76.0,0,162.0,0,236.0,1,val
2026-08-29 07:00:00+07:00,SKU-002,1.0,76.0,0,165.0,0,235.0,1,val
2026-08-29 08:00:00+07:00,SKU-002,3.0,74.0,0,174.0,0,232.0,1,val
2026-08-29 09:00:00+07:00,SKU-002,7.0,70.0,0,175.0,0,225.0,1,val
2026-08-29 10:00:00+07:00,SKU-002,0.0,75.0,0,183.0,0,225.0,1,val
2026-08-29 11:00:00+07:00,SKU-002,5.0,73.0,0,188.0,0,220.0,1,val
2026-08-29 12:00:00+07:00,SKU-002,4.0,75.0,0,216.0,1,216.0,1,val
2026-08-29 13:00:00+07:00,SKU-002,0.0,81.0,0,216.0,1,216.0,1,val
2026-08-29 14:00:00+07:00,SKU-002,6.0,79.0,0,210.0,1,222.0,1,val
2026-08-29 15:00:00+07:00,SKU-002,6.0,77.0,0,204.0,1,218.0,1,val
2026-08-29 16:00:00+07:00,SKU-002,1.0,79.0,0,203.0,1,222.0,1,val
2026-08-29 17:00:00+07:00,SKU-002,2.0,83.0,0,201.0,1,222.0,1,val
2026-08-29 18:00:00+07:00,SKU-002,11.0,78.0,0,190.0,1,215.0,1,val
2026-08-29 19:00:00+07:00,SKU-002,10.0,81.0,0,180.0,1,212.0,1,val
2026-08-29 20:00:00+07:00,SKU-002,5.0,79.0,0,175.0,1,210.0,1,val
2026-08-29 21:00:00+07:00,SKU-002,1.0,90.0,0,174.0,1,209.0,1,val
2026-08-29 22:00:00+07:00,SKU-002,7.0,87.0,0,167.0,1,213.0,1,val
2026-08-29 23:00:00+07:00,SKU-002,3.0,84.0,0,164.0,1,212.0,1,val
2026-08-30 00:00:00+07:00,SKU-002,0.0,84.0,0,164.0,1,213.0,1,val
2026-08-30 01:00:00+07:00,SKU-002,0.0,84.0,0,164.0,1,214.0,1,val
2026-08-30 02:00:00+07:00,SKU-002,0.0,85.0,0,164.0,1,217.0,1,val
2026-08-30 03:00:00+07:00,SKU-002,0.0,85.0,0,164.0,1,217.0,1,val
2026-08-30 04:00:00+07:00,SKU-002,3.0,82.0,0,161.0,1,214.0,1,val
2026-08-30 05:00:00+07:00,SKU-002,0.0,83.0,0,161.0,1,216.0,1,val
2026-08-30 06:00:00+07:00,SKU-002,1.0,86.0,0,160.0,1,215.0,1,val
2026-08-30 07:00:00+07:00,SKU-002,1.0,89.0,0,159.0,1,215.0,1,val
2026-08-30 08:00:00+07:00,SKU-002,1.0,100.0,0,158.0,1,215.0,1,val
2026-08-30 09:00:00+07:00,SKU-002,3.0,105.0,0,155.0,1,216.0,1,val
2026-08-30 10:00:00+07:00,SKU-002,5.0,108.0,0,150.0,1,221.0,1,val
2026-08-30 11:00:00+07:00,SKU-002,3.0,115.0,0,147.0,1,220.0,1,val
2026-08-30 12:00:00+07:00,SKU-002,6.0,141.0,1,141.0,1,215.0,1,val
2026-08-30 13:00:00+07:00,SKU-002,6.0,135.0,1,135.0,1,216.0,1,val
2026-08-30 14:00:00+07:00,SKU-002,4.0,131.0,1,143.0,1,215.0,1,val
2026-08-30 15:00:00+07:00,SKU-002,4.0,127.0,1,141.0,1,216.0,1,val
2026-08-30 16:00:00+07:00,SKU-002,3.0,124.0,1,143.0,1,215.0,1,val
2026-08-30 17:00:00+07:00,SKU-002,6.0,118.0,1,139.0,1,212.0,1,val
2026-08-30 18:00:00+07:00,SKU-002,6.0,112.0,1,137.0,1,214.0,1,val
2026-08-30 19:00:00+07:00,SKU-002,13.0,99.0,1,131.0,1,208.0,1,val
2026-08-30 20:00:00+07:00,SKU-002,3.0,96.0,1,131.0,1,212.0,1,val
2026-08-30 21:00:00+07:00,SKU-002,12.0,84.0,1,119.0,1,203.0,1,val
2026-08-30 22:00:00+07:00,SKU-002,4.0,80.0,1,126.0,1,201.0,1,val
2026-08-30 23:00:00+07:00,SKU-002,0.0,80.0,1,128.0,1,202.0,1,val
2026-08-31 00:00:00+07:00,SKU-002,0.0,80.0,1,129.0,1,204.0,1,val
2026-08-31 01:00:00+07:00,SKU-002,0.0,80.0,1,130.0,1,206.0,1,val
2026-08-31 02:00:00+07:00,SKU-002,1.0,79.0,1,132.0,1,205.0,1,val
2026-08-31 03:00:00+07:00,SKU-002,0.0,79.0,1,132.0,1,205.0,1,val
2026-08-31 04:00:00+07:00,SKU-002,0.0,79.0,1,132.0,1,206.0,1,val
2026-08-31 05:00:00+07:00,SKU-002,1.0,78.0,1,133.0,1,208.0,1,val
2026-08-31 06:00:00+07:00,SKU-002,4.0,74.0,1,129.0,1,204.0,1,val
2026-08-31 07:00:00+07:00,SKU-002,4.0,70.0,1,126.0,1,205.0,1,val
2026-08-31 08:00:00+07:00,SKU-002,12.0,58.0,1,115.0,1,193.0,1,val
2026-08-31 09:00:00+07:00,SKU-002,8.0,50.0,1,111.0,1,185.0,1,val
2026-08-31 10:00:00+07:00,SKU-002,8.0,42.0,1,113.0,1,177.0,1,val
2026-08-31 11:00:00+07:00,SKU-002,10.0,32.0,1,105.0,1,167.0,1,val
2026-08-31 12:00:00+07:00,SKU-002,32.0,0.0,1,74.0,1,135.0,1,val
2026-08-31 13:00:00+07:00,SKU-002,0.0,0.0,1,81.0,1,135.0,1,val
2026-08-31 14:00:00+07:00,SKU-002,0.0,12.0,1,84.0,1,135.0,1,val
2026-08-31 15:00:00+07:00,SKU-002,0.0,14.0,1,89.0,1,139.0,1,val
2026-08-31 16:00:00+07:00,SKU-002,0.0,19.0,1,91.0,1,165.0,1,val
2026-08-31 17:00:00+07:00,SKU-002,0.0,21.0,1,94.0,1,169.0,1,val
2026-08-31 18:00:00+07:00,SKU-002,0.0,25.0,1,102.0,1,178.0,1,val
2026-08-31 19:00:00+07:00,SKU-002,0.0,32.0,1,109.0,1,180.0,1,val
2026-08-31 20:00:00+07:00,SKU-002,0.0,35.0,1,116.0,1,182.0,1,val
2026-08-31 21:00:00+07:00,SKU-002,0.0,35.0,1,119.0,1,184.0,1,val
2026-08-31 22:00:00+07:00,SKU-002,0.0,46.0,1,121.0,1,186.0,1,val
2026-08-31 23:00:00+07:00,SKU-002,0.0,48.0,1,122.0,1,188.0,1,val
2026-09-01 00:00:00+07:00,SKU-002,0.0,49.0,1,124.0,1,189.0,1,val
2026-09-01 01:00:00+07:00,SKU-002,0.0,50.0,1,126.0,1,189.0,1,val
2026-09-01 02:00:00+07:00,SKU-002,0.0,53.0,1,126.0,1,191.0,1,val
2026-09-01 03:00:00+07:00,SKU-002,0.0,53.0,1,126.0,1,191.0,1,val
2026-09-01 04:00:00+07:00,SKU-002,0.0,53.0,1,127.0,1,192.0,1,val
2026-09-01 05:00:00+07:00,SKU-002,0.0,55.0,1,130.0,1,193.0,1,val
2026-09-01 06:00:00+07:00,SKU-002,0.0,55.0,1,130.0,1,193.0,1,val
2026-09-01 07:00:00+07:00,SKU-002,0.0,56.0,1,135.0,1,196.0,1,val
2026-09-01 08:00:00+07:00,SKU-002,0.0,57.0,1,135.0,1,200.0,1,val
2026-09-01 09:00:00+07:00,SKU-002,0.0,61.0,1,135.0,1,203.0,1,val
2026-09-01 10:00:00+07:00,SKU-002,0.0,71.0,1,135.0,1,210.0,1,val
2026-09-01 11:00:00+07:00,SKU-002,0.0,73.0,1,135.0,1,212.0,1,val
2026-09-01 12:00:00+07:00,SKU-002,0.0,74.0,1,135.0,1,217.0,1,val
2026-09-01 13:00:00+07:00,SKU-002,0.0,81.0,0,135.0,1,218.0,1,val
2026-09-01 14:00:00+07:00,SKU-002,12.0,72.0,0,123.0,1,210.0,1,val
2026-09-01 15:00:00+07:00,SKU-002,2.0,75.0,0,125.0,1,213.0,1,val
2026-09-01 16:00:00+07:00,SKU-002,5.0,72.0,0,146.0,1,213.0,1,val
2026-09-01 17:00:00+07:00,SKU-002,2.0,73.0,0,148.0,1,216.0,1,val
2026-09-01 18:00:00+07:00,SKU-002,4.0,77.0,0,153.0,1,213.0,1,val
2026-09-01 19:00:00+07:00,SKU-002,7.0,77.0,0,148.0,1,218.0,1,val
2026-09-01 20:00:00+07:00,SKU-002,3.0,81.0,0,147.0,1,222.0,1,val
2026-09-01 21:00:00+07:00,SKU-002,0.0,84.0,0,149.0,1,225.0,1,val
2026-09-01 22:00:00+07:00,SKU-002,11.0,75.0,0,140.0,1,223.0,1,val
2026-09-01 23:00:00+07:00,SKU-002,2.0,74.0,0,140.0,1,222.0,1,val
2026-09-02 00:00:00+07:00,SKU-002,1.0,75.0,0,140.0,1,222.0,1,val
2026-09-02 01:00:00+07:00,SKU-002,1.0,76.0,0,139.0,1,221.0,1,val
2026-09-02 02:00:00+07:00,SKU-002,3.0,73.0,0,138.0,1,220.0,1,val
2026-09-02 03:00:00+07:00,SKU-002,0.0,73.0,0,138.0,1,220.0,1,val
2026-09-02 04:00:00+07:00,SKU-002,0.0,74.0,0,139.0,1,221.0,1,val
2026-09-02 05:00:00+07:00,SKU-002,2.0,75.0,0,138.0,1,219.0,1,val
2026-09-02 06:00:00+07:00,SKU-002,0.0,75.0,0,138.0,1,222.0,1,val
2026-09-02 07:00:00+07:00,SKU-002,1.0,79.0,0,140.0,1,223.0,1,val
2026-09-02 08:00:00+07:00,SKU-002,1.0,78.0,1,143.0,1,223.0,1,val
2026-09-02 09:00:00+07:00,SKU-002,4.0,74.0,1,142.0,1,223.0,1,val
2026-09-02 10:00:00+07:00,SKU-002,10.0,64.0,1,139.0,1,217.0,1,val
2026-09-02 11:00:00+07:00,SKU-002,2.0,62.0,1,139.0,1,216.0,1,val
2026-09-02 12:00:00+07:00,SKU-002,1.0,61.0,1,143.0,1,218.0,1,val
2026-09-02 13:00:00+07:00,SKU-002,7.0,54.0,1,137.0,1,214.0,1,val
2026-09-02 14:00:00+07:00,SKU-002,3.0,51.0,1,138.0,1,211.0,1,val
2026-09-02 15:00:00+07:00,SKU-002,5.0,50.0,1,138.0,1,209.0,1,val
2026-09-02 16:00:00+07:00,SKU-002,2.0,74.0,1,141.0,1,210.0,1,val
2026-09-02 17:00:00+07:00,SKU-002,3.0,75.0,1,143.0,1,212.0,1,val
2026-09-02 18:00:00+07:00,SKU-002,8.0,76.0,1,136.0,1,217.0,1,val
2026-09-02 19:00:00+07:00,SKU-002,7.0,71.0,1,141.0,1,219.0,1,val
2026-09-02 20:00:00+07:00,SKU-002,7.0,66.0,1,141.0,1,220.0,1,val
2026-09-02 21:00:00+07:00,SKU-002,3.0,65.0,1,141.0,1,222.0,1,val
2026-09-02 22:00:00+07:00,SKU-002,2.0,65.0,1,148.0,1,221.0,1,val
2026-09-02 23:00:00+07:00,SKU-002,1.0,66.0,1,148.0,1,222.0,1,val
2026-09-03 00:00:00+07:00,SKU-002,2.0,65.0,1,147.0,1,220.0,1,val
2026-09-03 01:00:00+07:00,SKU-002,2.0,63.0,1,145.0,1,218.0,1,val
2026-09-03 02:00:00+07:00,SKU-002,0.0,65.0,1,147.0,1,218.0,1,val
2026-09-03 03:00:00+07:00,SKU-002,0.0,65.0,1,147.0,1,218.0,1,val
2026-09-03 04:00:00+07:00,SKU-002,1.0,65.0,1,147.0,1,217.0,1,val
2026-09-03 05:00:00+07:00,SKU-002,3.0,63.0,1,144.0,1,215.0,1,val
2026-09-03 06:00:00+07:00,SKU-002,0.0,63.0,1,147.0,1,215.0,1,val
2026-09-03 07:00:00+07:00,SKU-002,5.0,61.0,1,144.0,1,210.0,1,val
2026-09-03 08:00:00+07:00,SKU-002,0.0,65.0,1,145.0,1,213.0,1,val
2026-09-03 09:00:00+07:00,SKU-002,0.0,68.0,1,149.0,1,213.0,1,val
2026-09-03 10:00:00+07:00,SKU-002,0.0,75.0,1,153.0,1,219.0,1,val
2026-09-03 11:00:00+07:00,SKU-002,0.0,77.0,1,154.0,1,226.0,1,val
2026-09-03 12:00:00+07:00,SKU-002,0.0,82.0,1,157.0,1,227.0,1,val
2026-09-03 13:00:00+07:00,SKU-002,0.0,83.0,0,160.0,0,232.0,0,val
2026-09-03 14:00:00+07:00,SKU-002,0.0,87.0,0,160.0,0,234.0,0,val
2026-09-03 15:00:00+07:00,SKU-002,4.0,88.0,0,159.0,0,236.0,0,val
2026-09-03 16:00:00+07:00,SKU-002,26.0,67.0,0,136.0,0,214.0,0,val
2026-09-03 17:00:00+07:00,SKU-002,4.0,68.0,0,137.0,0,212.0,0,val
2026-09-03 18:00:00+07:00,SKU-002,9.0,60.0,0,141.0,0,213.0,0,val
2026-09-03 19:00:00+07:00,SKU-002,2.0,70.0,0,148.0,0,211.0,0,val
2026-09-03 20:00:00+07:00,SKU-002,2.0,75.0,0,154.0,0,216.0,0,val
2026-09-03 21:00:00+07:00,SKU-002,2.0,76.0,0,157.0,0,220.0,0,val
2026-09-03 22:00:00+07:00,SKU-002,2.0,83.0,0,156.0,0,224.0,0,val
2026-09-03 23:00:00+07:00,SKU-002,2.0,82.0,0,156.0,0,223.0,0,val
2026-09-04 00:00:00+07:00,SKU-002,1.0,82.0,0,155.0,0,222.0,0,val
2026-09-04 01:00:00+07:00,SKU-002,0.0,82.0,0,155.0,0,222.0,0,val
2026-09-04 02:00:00+07:00,SKU-002,2.0,82.0,0,153.0,0,220.0,0,test
2026-09-04 03:00:00+07:00,SKU-002,0.0,82.0,0,153.0,0,220.0,0,test
2026-09-04 04:00:00+07:00,SKU-002,1.0,82.0,0,152.0,0,219.0,0,test
2026-09-04 05:00:00+07:00,SKU-002,1.0,81.0,0,152.0,0,218.0,0,test
2026-09-04 06:00:00+07:00,SKU-002,0.0,84.0,0,152.0,0,220.0,0,test
2026-09-04 07:00:00+07:00,SKU-002,3.0,83.0,0,149.0,0,218.0,0,test
2026-09-04 08:00:00+07:00,SKU-002,4.0,80.0,0,148.0,0,217.0,0,test
2026-09-04 09:00:00+07:00,SKU-002,3.0,81.0,0,145.0,0,217.0,0,test
2026-09-04 10:00:00+07:00,SKU-002,7.0,78.0,0,144.0,0,218.0,0,test
2026-09-04 11:00:00+07:00,SKU-002,2.0,77.0,0,149.0,0,219.0,0,test
2026-09-04 12:00:00+07:00,SKU-002,5.0,75.0,0,145.0,0,217.0,0,test
2026-09-04 13:00:00+07:00,SKU-002,1.0,77.0,0,149.0,0,221.0,0,test
2026-09-04 14:00:00+07:00,SKU-002,4.0,73.0,0,147.0,0,220.0,0,test
2026-09-04 15:00:00+07:00,SKU-002,5.0,71.0,0,148.0,0,215.0,0,test
2026-09-04 16:00:00+07:00,SKU-002,5.0,69.0,0,147.0,0,212.0,0,test
2026-09-04 17:00:00+07:00,SKU-002,5.0,69.0,0,144.0,0,208.0,0,test
2026-09-04 18:00:00+07:00,SKU-002,1.0,81.0,0,153.0,0,224.0,0,test
2026-09-04 19:00:00+07:00,SKU-002,12.0,78.0,0,141.0,0,220.0,0,test
2026-09-04 20:00:00+07:00,SKU-002,7.0,79.0,0,141.0,0,224.0,0,test
2026-09-04 21:00:00+07:00,SKU-002,3.0,81.0,0,144.0,0,225.0,0,test
2026-09-04 22:00:00+07:00,SKU-002,9.0,73.0,0,141.0,0,223.0,0,test
2026-09-04 23:00:00+07:00,SKU-002,1.0,74.0,0,141.0,0,223.0,0,test
2026-09-05 00:00:00+07:00,SKU-002,1.0,73.0,0,140.0,0,223.0,0,test
2026-09-05 01:00:00+07:00,SKU-002,0.0,73.0,0,140.0,0,223.0,0,test
2026-09-05 02:00:00+07:00,SKU-002,2.0,71.0,0,138.0,0,222.0,0,test
2026-09-05 03:00:00+07:00,SKU-002,0.0,71.0,0,138.0,0,222.0,0,test
2026-09-05 04:00:00+07:00,SKU-002,1.0,70.0,0,137.0,0,221.0,0,test
2026-09-05 05:00:00+07:00,SKU-002,0.0,71.0,0,137.0,0,222.0,0,test
2026-09-05 06:00:00+07:00,SKU-002,3.0,68.0,0,136.0,0,219.0,0,test
2026-09-05 07:00:00+07:00,SKU-002,2.0,66.0,0,135.0,0,220.0,0,test
2026-09-05 08:00:00+07:00,SKU-002,1.0,68.0,0,137.0,0,225.0,0,test
2026-09-05 09:00:00+07:00,SKU-002,4.0,64.0,0,136.0,0,221.0,0,test
2026-09-05 10:00:00+07:00,SKU-002,4.0,66.0,0,140.0,0,224.0,0,test
2026-09-05 11:00:00+07:00,SKU-002,1.0,72.0,0,142.0,0,223.0,0,test
2026-09-05 12:00:00+07:00,SKU-002,3.0,70.0,0,142.0,0,222.0,0,test
2026-09-05 13:00:00+07:00,SKU-002,3.0,72.0,0,144.0,0,221.0,0,test
2026-09-05 14:00:00+07:00,SKU-002,0.0,74.0,0,147.0,0,221.0,0,test
2026-09-05 15:00:00+07:00,SKU-002,3.0,77.0,0,144.0,0,222.0,0,test
2026-09-05 16:00:00+07:00,SKU-002,3.0,78.0,0,143.0,0,225.0,0,test
2026-09-05 17:00:00+07:00,SKU-002,5.0,75.0,0,139.0,0,224.0,0,test
2026-09-05 18:00:00+07:00,SKU-002,13.0,72.0,0,143.0,0,216.0,0,test
2026-09-05 19:00:00+07:00,SKU-002,9.0,63.0,0,142.0,0,212.0,0,test
2026-09-05 20:00:00+07:00,SKU-002,8.0,62.0,0,145.0,0,206.0,0,test
2026-09-05 21:00:00+07:00,SKU-002,5.0,63.0,0,144.0,0,207.0,0,test
2026-09-05 22:00:00+07:00,SKU-002,1.0,68.0,0,150.0,0,213.0,0,test
2026-09-05 23:00:00+07:00,SKU-002,2.0,67.0,0,149.0,0,218.0,0,test
2026-09-06 00:00:00+07:00,SKU-002,0.0,67.0,0,150.0,0,218.0,0,test
2026-09-06 01:00:00+07:00,SKU-002,0.0,67.0,0,150.0,0,218.0,0,test
2026-09-06 02:00:00+07:00,SKU-002,0.0,67.0,0,151.0,0,219.0,0,test
2026-09-06 03:00:00+07:00,SKU-002,0.0,67.0,0,151.0,0,219.0,0,test
2026-09-06 04:00:00+07:00,SKU-002,0.0,67.0,0,151.0,0,219.0,0,test
2026-09-06 05:00:00+07:00,SKU-002,1.0,66.0,0,151.0,0,218.0,0,test
2026-09-06 06:00:00+07:00,SKU-002,0.0,68.0,0,151.0,0,219.0,0,test
2026-09-06 07:00:00+07:00,SKU-002,0.0,69.0,0,154.0,0,219.0,0,test
2026-09-06 08:00:00+07:00,SKU-002,3.0,69.0,0,157.0,0,220.0,0,test
2026-09-06 09:00:00+07:00,SKU-002,0.0,72.0,0,157.0,0,221.0,0,test
2026-09-06 10:00:00+07:00,SKU-002,6.0,74.0,0,158.0,0,218.0,0,test
2026-09-06 11:00:00+07:00,SKU-002,7.0,70.0,0,151.0,0,215.0,0,test
2026-09-06 12:00:00+07:00,SKU-002,1.0,72.0,0,152.0,0,215.0,0,test
2026-09-06 13:00:00+07:00,SKU-002,5.0,72.0,0,149.0,0,211.0,0,test
2026-09-06 14:00:00+07:00,SKU-002,2.0,73.0,0,147.0,0,210.0,0,test
2026-09-06 15:00:00+07:00,SKU-002,6.0,67.0,0,145.0,0,206.0,0,test
2026-09-06 16:00:00+07:00,SKU-002,4.0,65.0,0,147.0,0,204.0,0,test
2026-09-06 17:00:00+07:00,SKU-002,2.0,64.0,0,149.0,0,209.0,0,test
2026-09-06 18:00:00+07:00,SKU-002,10.0,71.0,0,144.0,0,201.0,0,test
2026-09-06 19:00:00+07:00,SKU-002,0.0,79.0,0,149.0,0,204.0,0,test
2026-09-06 20:00:00+07:00,SKU-002,7.0,83.0,0,144.0,0,198.0,0,test
2026-09-06 21:00:00+07:00,SKU-002,6.0,81.0,0,144.0,0,198.0,0,test
2026-09-06 22:00:00+07:00,SKU-002,6.0,82.0,0,145.0,0,193.0,0,test
2026-09-06 23:00:00+07:00,SKU-002,1.0,82.0,0,151.0,0,194.0,0,test
2026-09-07 00:00:00+07:00,SKU-002,0.0,83.0,0,151.0,0,195.0,0,test
2026-09-07 01:00:00+07:00,SKU-002,0.0,83.0,0,151.0,0,195.0,0,test
2026-09-07 02:00:00+07:00,SKU-002,0.0,84.0,0,152.0,0,195.0,0,test
2026-09-07 03:00:00+07:00,SKU-002,0.0,84.0,0,152.0,0,195.0,0,test
2026-09-07 04:00:00+07:00,SKU-002,0.0,84.0,0,152.0,0,195.0,0,test
2026-09-07 05:00:00+07:00,SKU-002,0.0,85.0,0,152.0,0,196.0,0,test
2026-09-07 06:00:00+07:00,SKU-002,2.0,83.0,0,151.0,0,194.0,0,test
2026-09-07 07:00:00+07:00,SKU-002,1.0,85.0,0,150.0,0,194.0,0,test
2026-09-07 08:00:00+07:00,SKU-002,3.0,88.0,0,151.0,0,195.0,0,test
2026-09-07 09:00:00+07:00,SKU-002,3.0,85.0,0,149.0,0,195.0,0,test
2026-09-07 10:00:00+07:00,SKU-002,8.0,84.0,0,144.0,0,187.0,0,test
2026-09-07 11:00:00+07:00,SKU-002,3.0,81.0,0,145.0,0,187.0,0,test
2026-09-07 12:00:00+07:00,SKU-002,3.0,80.0,0,143.0,0,184.0,0,test
2026-09-07 13:00:00+07:00,SKU-002,5.0,77.0,0,139.0,0,181.0,0,test
2026-09-07 14:00:00+07:00,SKU-002,3.0,74.0,0,137.0,0,180.0,0,test
2026-09-07 15:00:00+07:00,SKU-002,0.0,78.0,0,139.0,0,183.0,0,test
2026-09-07 16:00:00+07:00,SKU-002,2.0,82.0,0,139.0,0,184.0,0,test
2026-09-07 17:00:00+07:00,SKU-002,1.0,85.0,0,145.0,0,186.0,0,test
2026-09-07 18:00:00+07:00,SKU-002,17.0,73.0,0,130.0,0,170.0,0,test
2026-09-07 19:00:00+07:00,SKU-002,8.0,70.0,0,125.0,0,167.0,0,test
2026-09-07 20:00:00+07:00,SKU-002,11.0,61.0,0,115.0,0,158.0,0,test
2026-09-07 21:00:00+07:00,SKU-002,4.0,63.0,0,117.0,0,158.0,0,test
2026-09-07 22:00:00+07:00,SKU-002,7.0,63.0,0,111.0,0,158.0,0,test
2026-09-07 23:00:00+07:00,SKU-002,1.0,69.0,0,112.0,0,159.0,0,test
2026-09-08 00:00:00+07:00,SKU-002,1.0,68.0,0,112.0,0,161.0,0,test
2026-09-08 01:00:00+07:00,SKU-002,0.0,68.0,0,112.0,0,163.0,0,test
2026-09-08 02:00:00+07:00,SKU-002,1.0,68.0,0,111.0,0,162.0,0,test
2026-09-08 03:00:00+07:00,SKU-002,0.0,68.0,0,111.0,0,162.0,0,test
2026-09-08 04:00:00+07:00,SKU-002,0.0,68.0,0,111.0,0,162.0,0,test
2026-09-08 05:00:00+07:00,SKU-002,1.0,67.0,0,111.0,0,162.0,0,test
2026-09-08 06:00:00+07:00,SKU-002,0.0,68.0,0,111.0,0,164.0,0,test
2026-09-08 07:00:00+07:00,SKU-002,3.0,65.0,0,109.0,0,165.0,0,test
2026-09-08 08:00:00+07:00,SKU-002,6.0,63.0,0,107.0,0,164.0,0,test
2026-09-08 09:00:00+07:00,SKU-002,0.0,64.0,0,110.0,0,181.0,0,test
2026-09-08 10:00:00+07:00,SKU-002,7.0,60.0,0,103.0,0,190.0,0,test
2026-09-08 11:00:00+07:00,SKU-002,0.0,64.0,0,106.0,0,201.0,0,test
2026-09-08 12:00:00+07:00,SKU-002,2.0,63.0,0,104.0,0,203.0,0,test
2026-09-08 13:00:00+07:00,SKU-002,2.0,62.0,0,104.0,0,231.0,0,test
2026-09-08 14:00:00+07:00,SKU-002,0.0,63.0,0,106.0,0,240.0,0,test
2026-09-08 15:00:00+07:00,SKU-002,4.0,61.0,0,105.0,0,244.0,0,test
2026-09-08 16:00:00+07:00,SKU-002,6.0,57.0,0,102.0,0,253.0,0,test
2026-09-08 17:00:00+07:00,SKU-002,4.0,60.0,0,101.0,0,259.0,0,test
2026-09-08 18:00:00+07:00,SKU-002,5.0,57.0,0,97.0,0,265.0,0,test
2026-09-08 19:00:00+07:00,SKU-002,5.0,55.0,0,97.0,0,289.0,0,test
2026-09-08 20:00:00+07:00,SKU-002,2.0,54.0,0,97.0,0,296.0,0,test
2026-09-08 21:00:00+07:00,SKU-002,6.0,54.0,0,95.0,0,296.0,0,test
2026-09-08 22:00:00+07:00,SKU-002,7.0,48.0,0,95.0,0,299.0,0,test
2026-09-08 23:00:00+07:00,SKU-002,7.0,43.0,0,90.0,0,295.0,0,test
2026-09-09 00:00:00+07:00,SKU-002,0.0,44.0,0,93.0,0,297.0,0,test
2026-09-09 01:00:00+07:00,SKU-002,0.0,44.0,0,95.0,0,299.0,0,test
2026-09-09 02:00:00+07:00,SKU-002,1.0,43.0,0,94.0,0,300.0,0,test
2026-09-09 03:00:00+07:00,SKU-002,0.0,43.0,0,94.0,0,300.0,0,test
2026-09-09 04:00:00+07:00,SKU-002,0.0,43.0,0,94.0,0,300.0,0,test
2026-09-09 05:00:00+07:00,SKU-002,0.0,44.0,0,95.0,0,300.0,0,test
2026-09-09 06:00:00+07:00,SKU-002,1.0,43.0,0,96.0,0,300.0,0,test
2026-09-09 07:00:00+07:00,SKU-002,0.0,44.0,0,100.0,0,307.0,0,test
2026-09-09 08:00:00+07:00,SKU-002,4.0,44.0,0,101.0,0,316.0,0,test
2026-09-09 09:00:00+07:00,SKU-002,1.0,46.0,0,117.0,0,322.0,0,test
2026-09-09 10:00:00+07:00,SKU-002,3.0,43.0,0,130.0,0,333.0,0,test
2026-09-09 11:00:00+07:00,SKU-002,4.0,42.0,0,137.0,0,334.0,0,test
2026-09-09 12:00:00+07:00,SKU-002,1.0,41.0,0,140.0,0,354.0,0,test
2026-09-09 13:00:00+07:00,SKU-002,1.0,42.0,0,169.0,0,358.0,0,test
2026-09-09 14:00:00+07:00,SKU-002,1.0,43.0,0,177.0,0,376.0,0,test
2026-09-09 15:00:00+07:00,SKU-002,2.0,44.0,0,183.0,0,384.0,0,test
2026-09-09 16:00:00+07:00,SKU-002,2.0,45.0,0,196.0,0,388.0,0,test
2026-09-09 17:00:00+07:00,SKU-002,7.0,41.0,0,199.0,0,387.0,0,test
2026-09-09 18:00:00+07:00,SKU-002,2.0,40.0,0,208.0,0,385.0,1,test
2026-09-09 19:00:00+07:00,SKU-002,3.0,42.0,0,234.0,0,382.0,1,test
2026-09-09 20:00:00+07:00,SKU-002,1.0,43.0,0,242.0,0,381.0,1,test
2026-09-09 21:00:00+07:00,SKU-002,6.0,41.0,0,242.0,0,375.0,1,test
2026-09-09 22:00:00+07:00,SKU-002,1.0,47.0,0,251.0,0,374.0,1,test
2026-09-09 23:00:00+07:00,SKU-002,2.0,47.0,0,252.0,0,372.0,1,test
2026-09-10 00:00:00+07:00,SKU-002,1.0,49.0,0,253.0,0,371.0,1,test
2026-09-10 01:00:00+07:00,SKU-002,0.0,51.0,0,255.0,0,371.0,1,test
2026-09-10 02:00:00+07:00,SKU-002,0.0,51.0,0,257.0,0,371.0,1,test
2026-09-10 03:00:00+07:00,SKU-002,0.0,51.0,0,257.0,0,371.0,1,test
2026-09-10 04:00:00+07:00,SKU-002,0.0,51.0,0,257.0,0,371.0,1,test
2026-09-10 05:00:00+07:00,SKU-002,1.0,51.0,0,256.0,0,370.0,1,test
2026-09-10 06:00:00+07:00,SKU-002,0.0,53.0,0,257.0,0,370.0,1,test
2026-09-10 07:00:00+07:00,SKU-002,1.0,56.0,0,263.0,0,369.0,1,test
2026-09-10 08:00:00+07:00,SKU-002,4.0,57.0,0,272.0,0,365.0,1,test
2026-09-10 09:00:00+07:00,SKU-002,3.0,71.0,0,276.0,0,362.0,1,test
2026-09-10 10:00:00+07:00,SKU-002,0.0,87.0,0,290.0,0,362.0,1,test
2026-09-10 11:00:00+07:00,SKU-002,3.0,95.0,0,292.0,0,359.0,1,test
2026-09-10 12:00:00+07:00,SKU-002,0.0,99.0,0,313.0,0,359.0,1,test
2026-09-10 13:00:00+07:00,SKU-002,2.0,127.0,0,316.0,0,357.0,1,test
2026-09-10 14:00:00+07:00,SKU-002,2.0,134.0,0,333.0,0,374.0,1,test
2026-09-10 15:00:00+07:00,SKU-002,3.0,139.0,0,340.0,0,379.0,1,test
2026-09-10 16:00:00+07:00,SKU-002,3.0,151.0,0,343.0,0,382.0,1,test
2026-09-10 17:00:00+07:00,SKU-002,3.0,158.0,0,346.0,0,390.0,1,test
2026-09-10 18:00:00+07:00,SKU-002,1.0,168.0,0,345.0,1,396.0,1,test
2026-09-10 19:00:00+07:00,SKU-002,5.0,192.0,0,340.0,1,415.0,1,test
2026-09-10 20:00:00+07:00,SKU-002,2.0,199.0,0,338.0,1,429.0,1,test
2026-09-10 21:00:00+07:00,SKU-002,4.0,201.0,0,334.0,1,448.0,1,test
2026-09-10 22:00:00+07:00,SKU-002,7.0,204.0,0,327.0,1,450.0,1,test
2026-09-10 23:00:00+07:00,SKU-002,2.0,205.0,0,325.0,1,451.0,1,test
2026-09-11 00:00:00+07:00,SKU-002,3.0,204.0,0,322.0,1,452.0,1,test
2026-09-11 01:00:00+07:00,SKU-002,2.0,204.0,0,320.0,1,450.0,1,test
2026-09-11 02:00:00+07:00,SKU-002,0.0,206.0,0,320.0,1,451.0,1,test
2026-09-11 03:00:00+07:00,SKU-002,0.0,206.0,0,320.0,1,451.0,1,test
2026-09-11 04:00:00+07:00,SKU-002,0.0,206.0,0,320.0,1,451.0,1,test
2026-09-11 05:00:00+07:00,SKU-002,1.0,205.0,0,319.0,1,454.0,1,test
2026-09-11 06:00:00+07:00,SKU-002,2.0,204.0,0,317.0,1,452.0,1,test
2026-09-11 07:00:00+07:00,SKU-002,4.0,207.0,0,313.0,1,457.0,1,test
2026-09-11 08:00:00+07:00,SKU-002,5.0,215.0,0,308.0,1,452.0,1,test
2026-09-11 09:00:00+07:00,SKU-002,17.0,205.0,0,291.0,1,439.0,1,test
2026-09-11 10:00:00+07:00,SKU-002,16.0,203.0,0,275.0,1,430.0,1,test
2026-09-11 11:00:00+07:00,SKU-002,11.0,197.0,0,264.0,1,419.0,1,test
2026-09-11 12:00:00+07:00,SKU-002,4.0,214.0,0,260.0,1,418.0,1,test
2026-09-11 13:00:00+07:00,SKU-002,30.0,189.0,0,230.0,1,391.0,1,test
2026-09-11 14:00:00+07:00,SKU-002,9.0,199.0,0,240.0,1,386.0,1,test
2026-09-11 15:00:00+07:00,SKU-002,8.0,201.0,0,240.0,1,378.0,1,test
2026-09-11 16:00:00+07:00,SKU-002,15.0,192.0,0,231.0,1,364.0,1,test
2026-09-11 17:00:00+07:00,SKU-002,10.0,188.0,0,232.0,1,360.0,1,test
2026-09-11 18:00:00+07:00,SKU-002,11.0,177.0,1,228.0,1,350.0,1,test
2026-09-11 19:00:00+07:00,SKU-002,29.0,148.0,1,223.0,1,332.0,1,test
2026-09-11 20:00:00+07:00,SKU-002,9.0,139.0,1,230.0,1,333.0,1,test
2026-09-11 21:00:00+07:00,SKU-002,6.0,133.0,1,247.0,1,331.0,1,test
2026-09-11 22:00:00+07:00,SKU-002,10.0,123.0,1,246.0,1,333.0,1,test
2026-09-11 23:00:00+07:00,SKU-002,3.0,120.0,1,246.0,1,334.0,1,test
2026-09-12 00:00:00+07:00,SKU-002,2.0,118.0,1,248.0,1,335.0,1,test
2026-09-12 01:00:00+07:00,SKU-002,2.0,116.0,1,246.0,1,335.0,1,test
2026-09-12 02:00:00+07:00,SKU-002,2.0,114.0,1,245.0,1,335.0,1,test
2026-09-12 03:00:00+07:00,SKU-002,0.0,114.0,1,245.0,1,335.0,1,test
2026-09-12 04:00:00+07:00,SKU-002,0.0,114.0,1,245.0,1,335.0,1,test
2026-09-12 05:00:00+07:00,SKU-002,0.0,114.0,1,249.0,1,336.0,1,test
2026-09-12 06:00:00+07:00,SKU-002,1.0,113.0,1,248.0,1,340.0,1,test
2026-09-12 07:00:00+07:00,SKU-002,7.0,106.0,1,250.0,1,333.0,1,test
2026-09-12 08:00:00+07:00,SKU-002,13.0,93.0,1,237.0,1,321.0,1,test
2026-09-12 09:00:00+07:00,SKU-002,7.0,86.0,1,234.0,1,314.0,1,test
2026-09-12 10:00:00+07:00,SKU-002,14.0,72.0,1,227.0,1,300.0,1,test
2026-09-12 11:00:00+07:00,SKU-002,5.0,67.0,1,222.0,1,295.0,1,test
2026-09-12 12:00:00+07:00,SKU-002,21.0,46.0,1,204.0,1,274.0,1,test
2026-09-12 13:00:00+07:00,SKU-002,5.0,41.0,1,202.0,1,269.0,1,test
2026-09-12 14:00:00+07:00,SKU-002,19.0,41.0,1,187.0,1,253.0,1,test
2026-09-12 15:00:00+07:00,SKU-002,10.0,39.0,1,177.0,1,261.0,1,test
2026-09-12 16:00:00+07:00,SKU-002,6.0,39.0,1,172.0,1,260.0,1,test
2026-09-12 17:00:00+07:00,SKU-002,6.0,44.0,1,172.0,1,258.0,1,test
2026-09-12 18:00:00+07:00,SKU-002,0.0,51.0,1,173.0,1,260.0,1,test
2026-09-12 19:00:00+07:00,SKU-002,0.0,75.0,1,184.0,1,264.0,1,test
2026-09-12 20:00:00+07:00,SKU-002,0.0,91.0,1,194.0,1,270.0,1,test
2026-09-12 21:00:00+07:00,SKU-002,0.0,114.0,1,198.0,1,274.0,1,test
2026-09-12 22:00:00+07:00,SKU-002,0.0,123.0,1,210.0,1,276.0,1,test
2026-09-12 23:00:00+07:00,SKU-002,0.0,126.0,1,214.0,1,279.0,1,test
2026-09-13 00:00:00+07:00,SKU-002,0.0,130.0,1,217.0,1,283.0,1,test
2026-09-13 01:00:00+07:00,SKU-002,0.0,130.0,1,219.0,1,283.0,1,test
2026-09-13 02:00:00+07:00,SKU-002,0.0,131.0,1,221.0,1,283.0,1,test
2026-09-13 03:00:00+07:00,SKU-002,0.0,131.0,1,221.0,1,284.0,1,test
2026-09-13 04:00:00+07:00,SKU-002,0.0,131.0,1,221.0,1,284.0,1,test
2026-09-13 05:00:00+07:00,SKU-002,0.0,135.0,1,222.0,1,284.0,1,test
2026-09-13 06:00:00+07:00,SKU-002,0.0,135.0,1,227.0,1,285.0,1,test
2026-09-13 07:00:00+07:00,SKU-002,0.0,144.0,1,227.0,1,285.0,1,test
2026-09-13 08:00:00+07:00,SKU-002,0.0,144.0,1,228.0,1,290.0,1,test
2026-09-13 09:00:00+07:00,SKU-002,0.0,148.0,1,228.0,1,293.0,1,test
2026-09-13 10:00:00+07:00,SKU-002,0.0,155.0,1,228.0,1,296.0,1,test
2026-09-13 11:00:00+07:00,SKU-002,0.0,155.0,1,228.0,1,297.0,1,test
2026-09-13 12:00:00+07:00,SKU-002,0.0,158.0,1,228.0,1,302.0,1,test
2026-09-13 13:00:00+07:00,SKU-002,0.0,161.0,0,228.0,1,307.0,1,test
2026-09-13 14:00:00+07:00,SKU-002,19.0,146.0,0,212.0,1,289.0,1,test
2026-09-13 15:00:00+07:00,SKU-002,8.0,138.0,0,222.0,1,283.0,1,test
2026-09-13 16:00:00+07:00,SKU-002,6.0,133.0,0,221.0,1,279.0,1,test
2026-09-13 17:00:00+07:00,SKU-002,11.0,128.0,0,214.0,1,272.0,1,test
2026-09-13 18:00:00+07:00,SKU-002,7.0,122.0,0,209.0,1,269.0,1,test
2026-09-13 19:00:00+07:00,SKU-002,24.0,109.0,0,189.0,1,250.0,1,test
2026-09-13 20:00:00+07:00,SKU-002,16.0,103.0,0,179.0,1,236.0,1,test
2026-09-13 21:00:00+07:00,SKU-002,23.0,84.0,0,160.0,1,217.0,1,test
2026-09-13 22:00:00+07:00,SKU-002,9.0,87.0,0,153.0,1,212.0,1,test
2026-09-13 23:00:00+07:00,SKU-002,3.0,88.0,0,153.0,1,210.0,1,test
2026-09-14 00:00:00+07:00,SKU-002,4.0,87.0,0,153.0,1,207.0,1,test
2026-09-14 01:00:00+07:00,SKU-002,0.0,89.0,0,153.0,1,208.0,1,test
2026-09-14 02:00:00+07:00,SKU-002,1.0,90.0,0,152.0,1,207.0,1,test
2026-09-14 03:00:00+07:00,SKU-002,0.0,90.0,0,153.0,1,209.0,1,test
2026-09-14 04:00:00+07:00,SKU-002,0.0,90.0,0,153.0,1,209.0,1,test
2026-09-14 05:00:00+07:00,SKU-002,4.0,87.0,0,149.0,1,207.0,1,test
2026-09-14 06:00:00+07:00,SKU-002,0.0,92.0,0,150.0,1,209.0,1,test
2026-09-14 07:00:00+07:00,SKU-002,9.0,83.0,0,141.0,1,205.0,1,test
2026-09-14 08:00:00+07:00,SKU-002,0.0,84.0,0,146.0,1,206.0,1,test
2026-09-14 09:00:00+07:00,SKU-002,4.0,80.0,1,145.0,1,203.0,1,test
2026-09-14 10:00:00+07:00,SKU-002,7.0,73.0,1,141.0,1,200.0,1,test
2026-09-14 11:00:00+07:00,SKU-002,0.0,73.0,1,142.0,1,205.0,1,test
2026-09-14 12:00:00+07:00,SKU-002,3.0,70.0,1,144.0,1,202.0,1,test
2026-09-14 13:00:00+07:00,SKU-002,3.0,67.0,1,146.0,1,206.0,1,test
2026-09-14 14:00:00+07:00,SKU-002,4.0,66.0,1,143.0,1,,,test
2026-09-14 15:00:00+07:00,SKU-002,0.0,84.0,1,145.0,1,,,test
2026-09-14 16:00:00+07:00,SKU-002,1.0,88.0,1,146.0,1,,,test
2026-09-14 17:00:00+07:00,SKU-002,6.0,86.0,1,144.0,1,,,test
2026-09-14 18:00:00+07:00,SKU-002,1.0,87.0,1,147.0,1,,,test
2026-09-14 19:00:00+07:00,SKU-002,11.0,80.0,1,141.0,1,,,test
2026-09-14 20:00:00+07:00,SKU-002,10.0,76.0,1,133.0,1,,,test
2026-09-14 21:00:00+07:00,SKU-002,4.0,76.0,1,133.0,1,,,test
2026-09-14 22:00:00+07:00,SKU-002,12.0,66.0,1,125.0,1,,,test
2026-09-14 23:00:00+07:00,SKU-002,4.0,65.0,1,122.0,1,,,test
2026-09-15 00:00:00+07:00,SKU-002,3.0,66.0,1,120.0,1,,,test
2026-09-15 01:00:00+07:00,SKU-002,2.0,64.0,1,119.0,1,,,test
2026-09-15 02:00:00+07:00,SKU-002,2.0,62.0,1,117.0,1,,,test
2026-09-15 03:00:00+07:00,SKU-002,0.0,63.0,1,119.0,1,,,test
2026-09-15 04:00:00+07:00,SKU-002,0.0,63.0,1,119.0,1,,,test
2026-09-15 05:00:00+07:00,SKU-002,1.0,62.0,1,120.0,1,,,test
2026-09-15 06:00:00+07:00,SKU-002,5.0,58.0,1,117.0,1,,,test
2026-09-15 07:00:00+07:00,SKU-002,0.0,58.0,1,122.0,1,,,test
2026-09-15 08:00:00+07:00,SKU-002,1.0,62.0,1,122.0,1,,,test
2026-09-15 09:00:00+07:00,SKU-002,0.0,65.0,1,123.0,1,,,test
2026-09-15 10:00:00+07:00,SKU-002,0.0,68.0,1,127.0,1,,,test
2026-09-15 11:00:00+07:00,SKU-002,0.0,69.0,1,132.0,1,,,test
2026-09-15 12:00:00+07:00,SKU-002,0.0,74.0,1,132.0,1,,,test
2026-09-15 13:00:00+07:00,SKU-002,0.0,79.0,0,139.0,0,,,test
2026-09-15 14:00:00+07:00,SKU-002,3.0,77.0,0,,,,,test
2026-09-15 15:00:00+07:00,SKU-002,18.0,61.0,0,,,,,test
2026-09-15 16:00:00+07:00,SKU-002,5.0,58.0,0,,,,,test
2026-09-15 17:00:00+07:00,SKU-002,4.0,58.0,0,,,,,test
2026-09-15 18:00:00+07:00,SKU-002,2.0,60.0,0,,,,,test
2026-09-15 19:00:00+07:00,SKU-002,4.0,61.0,0,,,,,test
2026-09-15 20:00:00+07:00,SKU-002,6.0,57.0,0,,,,,test
2026-09-15 21:00:00+07:00,SKU-002,4.0,57.0,0,,,,,test
2026-09-15 22:00:00+07:00,SKU-002,2.0,59.0,0,,,,,test
2026-09-15 23:00:00+07:00,SKU-002,3.0,57.0,0,,,,,test
2026-09-16 00:00:00+07:00,SKU-002,4.0,54.0,0,,,,,test
2026-09-16 01:00:00+07:00,SKU-002,0.0,55.0,0,,,,,test
2026-09-16 02:00:00+07:00,SKU-002,0.0,55.0,0,,,,,test
2026-09-16 03:00:00+07:00,SKU-002,1.0,56.0,0,,,,,test
2026-09-16 04:00:00+07:00,SKU-002,0.0,56.0,0,,,,,test
2026-09-16 05:00:00+07:00,SKU-002,0.0,58.0,0,,,,,test
2026-09-16 06:00:00+07:00,SKU-002,1.0,59.0,0,,,,,test
2026-09-16 07:00:00+07:00,SKU-002,0.0,64.0,0,,,,,test
2026-09-16 08:00:00+07:00,SKU-002,5.0,60.0,0,,,,,test
2026-09-16 09:00:00+07:00,SKU-002,3.0,58.0,0,,,,,test
2026-09-16 10:00:00+07:00,SKU-002,3.0,59.0,0,,,,,test
2026-09-16 11:00:00+07:00,SKU-002,1.0,63.0,0,,,,,test
2026-09-16 12:00:00+07:00,SKU-002,5.0,58.0,0,,,,,test
2026-09-16 13:00:00+07:00,SKU-002,5.0,60.0,0,,,,,test
2026-09-16 14:00:00+07:00,SKU-002,1.0,,,,,,,test
2026-09-16 15:00:00+07:00,SKU-002,2.0,,,,,,,test
2026-09-16 16:00:00+07:00,SKU-002,2.0,,,,,,,test
2026-09-16 17:00:00+07:00,SKU-002,4.0,,,,,,,test
2026-09-16 18:00:00+07:00,SKU-002,4.0,,,,,,,test
2026-09-16 19:00:00+07:00,SKU-002,5.0,,,,,,,test
2026-09-16 20:00:00+07:00,SKU-002,2.0,,,,,,,test
2026-09-16 21:00:00+07:00,SKU-002,4.0,,,,,,,test
2026-09-16 22:00:00+07:00,SKU-002,4.0,,,,,,,test
2026-09-16 23:00:00+07:00,SKU-002,1.0,,,,,,,test
2026-09-17 00:00:00+07:00,SKU-002,1.0,,,,,,,test
2026-09-17 01:00:00+07:00,SKU-002,1.0,,,,,,,test
2026-09-17 02:00:00+07:00,SKU-002,0.0,,,,,,,test
2026-09-17 03:00:00+07:00,SKU-002,2.0,,,,,,,test
2026-09-17 04:00:00+07:00,SKU-002,0.0,,,,,,,test
2026-09-17 05:00:00+07:00,SKU-002,2.0,,,,,,,test
2026-09-17 06:00:00+07:00,SKU-002,2.0,,,,,,,test
2026-09-17 07:00:00+07:00,SKU-002,5.0,,,,,,,test
2026-09-17 08:00:00+07:00,SKU-002,1.0,,,,,,,test
2026-09-17 09:00:00+07:00,SKU-002,1.0,,,,,,,test
2026-09-17 10:00:00+07:00,SKU-002,4.0,,,,,,,test
2026-09-17 11:00:00+07:00,SKU-002,5.0,,,,,,,test
2026-09-17 12:00:00+07:00,SKU-002,0.0,,,,,,,test
2026-09-17 13:00:00+07:00,SKU-002,7.0,,,,,,,test
2026-06-19 14:00:00+07:00,SKU-005,0.0,46.0,0,102.0,0,167.0,0,train
2026-06-19 15:00:00+07:00,SKU-005,4.0,48.0,0,108.0,0,163.0,0,train
2026-06-19 16:00:00+07:00,SKU-005,2.0,46.0,0,107.0,0,168.0,0,train
2026-06-19 17:00:00+07:00,SKU-005,3.0,44.0,0,108.0,0,166.0,0,train
2026-06-19 18:00:00+07:00,SKU-005,2.0,45.0,0,111.0,0,169.0,0,train
2026-06-19 19:00:00+07:00,SKU-005,3.0,42.0,0,118.0,0,168.0,0,train
2026-06-19 20:00:00+07:00,SKU-005,4.0,44.0,0,125.0,0,167.0,0,train
2026-06-19 21:00:00+07:00,SKU-005,1.0,51.0,0,126.0,0,167.0,0,train
2026-06-19 22:00:00+07:00,SKU-005,0.0,55.0,0,128.0,0,168.0,0,train
2026-06-19 23:00:00+07:00,SKU-005,1.0,55.0,0,127.0,0,168.0,0,train
2026-06-20 00:00:00+07:00,SKU-005,0.0,57.0,0,128.0,0,168.0,0,train
2026-06-20 01:00:00+07:00,SKU-005,1.0,57.0,0,128.0,0,167.0,0,train
2026-06-20 02:00:00+07:00,SKU-005,0.0,57.0,0,128.0,0,168.0,0,train
2026-06-20 03:00:00+07:00,SKU-005,0.0,57.0,0,128.0,0,168.0,0,train
2026-06-20 04:00:00+07:00,SKU-005,0.0,57.0,0,128.0,0,169.0,0,train
2026-06-20 05:00:00+07:00,SKU-005,0.0,58.0,0,130.0,0,169.0,0,train
2026-06-20 06:00:00+07:00,SKU-005,3.0,55.0,0,127.0,0,166.0,0,train
2026-06-20 07:00:00+07:00,SKU-005,1.0,56.0,0,126.0,0,167.0,0,train
2026-06-20 08:00:00+07:00,SKU-005,1.0,55.0,0,128.0,0,169.0,0,train
2026-06-20 09:00:00+07:00,SKU-005,1.0,55.0,0,131.0,0,170.0,0,train
2026-06-20 10:00:00+07:00,SKU-005,2.0,58.0,0,130.0,0,168.0,0,train
2026-06-20 11:00:00+07:00,SKU-005,4.0,58.0,0,128.0,0,165.0,0,train
2026-06-20 12:00:00+07:00,SKU-005,10.0,49.0,0,122.0,0,159.0,0,train
2026-06-20 13:00:00+07:00,SKU-005,2.0,53.0,0,121.0,0,158.0,0,train
2026-06-20 14:00:00+07:00,SKU-005,1.0,56.0,0,121.0,0,160.0,0,train
2026-06-20 15:00:00+07:00,SKU-005,6.0,60.0,0,115.0,0,155.0,0,train
2026-06-20 16:00:00+07:00,SKU-005,0.0,61.0,0,122.0,0,158.0,0,train
2026-06-20 17:00:00+07:00,SKU-005,1.0,64.0,0,122.0,0,160.0,0,train
2026-06-20 18:00:00+07:00,SKU-005,3.0,66.0,0,124.0,0,161.0,0,train
2026-06-20 19:00:00+07:00,SKU-005,0.0,76.0,0,126.0,0,170.0,0,train
2026-06-20 20:00:00+07:00,SKU-005,6.0,81.0,0,123.0,0,165.0,0,train
2026-06-20 21:00:00+07:00,SKU-005,8.0,75.0,0,116.0,0,160.0,0,train
2026-06-20 22:00:00+07:00,SKU-005,4.0,73.0,0,113.0,0,161.0,0,train
2026-06-20 23:00:00+07:00,SKU-005,1.0,72.0,0,113.0,0,160.0,0,train
2026-06-21 00:00:00+07:00,SKU-005,2.0,71.0,0,111.0,0,158.0,0,train
2026-06-21 01:00:00+07:00,SKU-005,1.0,71.0,0,110.0,0,157.0,0,train
2026-06-21 02:00:00+07:00,SKU-005,0.0,71.0,0,111.0,0,158.0,0,train
2026-06-21 03:00:00+07:00,SKU-005,0.0,71.0,0,111.0,0,159.0,0,train
2026-06-21 04:00:00+07:00,SKU-005,0.0,71.0,0,112.0,0,160.0,0,train
2026-06-21 05:00:00+07:00,SKU-005,1.0,72.0,0,111.0,0,160.0,0,train
2026-06-21 06:00:00+07:00,SKU-005,0.0,72.0,0,111.0,0,161.0,0,train
2026-06-21 07:00:00+07:00,SKU-005,2.0,70.0,0,111.0,0,161.0,0,train
2026-06-21 08:00:00+07:00,SKU-005,0.0,73.0,0,114.0,0,163.0,0,train
2026-06-21 09:00:00+07:00,SKU-005,1.0,76.0,0,115.0,0,163.0,0,train
2026-06-21 10:00:00+07:00,SKU-005,5.0,72.0,0,110.0,0,162.0,0,train
2026-06-21 11:00:00+07:00,SKU-005,4.0,70.0,0,107.0,0,162.0,0,train
2026-06-21 12:00:00+07:00,SKU-005,1.0,73.0,0,110.0,0,162.0,0,train
2026-06-21 13:00:00+07:00,SKU-005,6.0,68.0,0,105.0,0,160.0,0,train
2026-06-21 14:00:00+07:00,SKU-005,4.0,65.0,0,104.0,0,157.0,0,train
2026-06-21 15:00:00+07:00,SKU-005,10.0,55.0,0,95.0,0,150.0,0,train
2026-06-21 16:00:00+07:00,SKU-005,1.0,61.0,0,97.0,0,153.0,0,train
2026-06-21 17:00:00+07:00,SKU-005,4.0,58.0,0,96.0,0,151.0,0,train
2026-06-21 18:00:00+07:00,SKU-005,5.0,58.0,0,95.0,0,147.0,0,train
2026-06-21 19:00:00+07:00,SKU-005,10.0,50.0,0,94.0,0,139.0,0,train
2026-06-21 20:00:00+07:00,SKU-005,11.0,42.0,0,84.0,0,132.0,0,train
2026-06-21 21:00:00+07:00,SKU-005,2.0,41.0,0,85.0,0,133.0,0,train
2026-06-21 22:00:00+07:00,SKU-005,2.0,40.0,0,88.0,0,133.0,0,train
2026-06-21 23:00:00+07:00,SKU-005,0.0,41.0,0,88.0,0,133.0,0,train
2026-06-22 00:00:00+07:00,SKU-005,1.0,40.0,0,87.0,0,133.0,0,train
2026-06-22 01:00:00+07:00,SKU-005,1.0,39.0,0,86.0,0,132.0,0,train
2026-06-22 02:00:00+07:00,SKU-005,0.0,40.0,0,87.0,0,132.0,0,train
2026-06-22 03:00:00+07:00,SKU-005,0.0,40.0,0,88.0,0,132.0,0,train
2026-06-22 04:00:00+07:00,SKU-005,0.0,41.0,0,89.0,0,132.0,0,train
2026-06-22 05:00:00+07:00,SKU-005,2.0,39.0,0,88.0,0,131.0,0,train
2026-06-22 06:00:00+07:00,SKU-005,0.0,39.0,0,89.0,0,131.0,0,train
2026-06-22 07:00:00+07:00,SKU-005,0.0,41.0,0,91.0,0,132.0,0,train
2026-06-22 08:00:00+07:00,SKU-005,3.0,41.0,0,90.0,0,129.0,0,train
2026-06-22 09:00:00+07:00,SKU-005,4.0,39.0,0,87.0,0,126.0,0,train
2026-06-22 10:00:00+07:00,SKU-005,1.0,38.0,0,90.0,0,127.0,0,train
2026-06-22 11:00:00+07:00,SKU-005,2.0,37.0,0,92.0,0,130.0,0,train
2026-06-22 12:00:00+07:00,SKU-005,4.0,37.0,0,89.0,0,130.0,0,train
2026-06-22 13:00:00+07:00,SKU-005,1.0,37.0,0,92.0,0,130.0,0,train
2026-06-22 14:00:00+07:00,SKU-005,1.0,39.0,0,92.0,0,129.0,0,train
2026-06-22 15:00:00+07:00,SKU-005,0.0,40.0,0,95.0,0,133.0,0,train
2026-06-22 16:00:00+07:00,SKU-005,7.0,36.0,0,92.0,0,129.0,0,train
2026-06-22 17:00:00+07:00,SKU-005,1.0,38.0,0,93.0,0,130.0,0,train
2026-06-22 18:00:00+07:00,SKU-005,5.0,37.0,0,89.0,0,127.0,0,train
2026-06-22 19:00:00+07:00,SKU-005,2.0,44.0,0,89.0,0,127.0,0,train
2026-06-22 20:00:00+07:00,SKU-005,3.0,42.0,0,90.0,0,126.0,0,train
2026-06-22 21:00:00+07:00,SKU-005,1.0,44.0,0,92.0,0,125.0,0,train
2026-06-22 22:00:00+07:00,SKU-005,1.0,48.0,0,93.0,0,125.0,0,train
2026-06-22 23:00:00+07:00,SKU-005,1.0,47.0,0,92.0,0,126.0,0,train
2026-06-23 00:00:00+07:00,SKU-005,0.0,47.0,0,93.0,0,126.0,0,train
2026-06-23 01:00:00+07:00,SKU-005,0.0,47.0,0,93.0,0,126.0,0,train
2026-06-23 02:00:00+07:00,SKU-005,1.0,47.0,0,92.0,0,126.0,0,train
2026-06-23 03:00:00+07:00,SKU-005,0.0,48.0,0,92.0,0,127.0,0,train
2026-06-23 04:00:00+07:00,SKU-005,1.0,48.0,0,91.0,0,126.0,0,train
2026-06-23 05:00:00+07:00,SKU-005,0.0,49.0,0,92.0,0,126.0,0,train
2026-06-23 06:00:00+07:00,SKU-005,0.0,50.0,0,92.0,0,128.0,0,train
2026-06-23 07:00:00+07:00,SKU-005,2.0,50.0,0,91.0,0,131.0,0,train
2026-06-23 08:00:00+07:00,SKU-005,3.0,49.0,0,88.0,0,130.0,0,train
2026-06-23 09:00:00+07:00,SKU-005,2.0,48.0,0,87.0,0,128.0,0,train
2026-06-23 10:00:00+07:00,SKU-005,0.0,52.0,0,89.0,0,128.0,0,train
2026-06-23 11:00:00+07:00,SKU-005,1.0,55.0,0,93.0,0,127.0,0,train
2026-06-23 12:00:00+07:00,SKU-005,4.0,52.0,0,93.0,0,128.0,0,train
2026-06-23 13:00:00+07:00,SKU-005,1.0,55.0,0,93.0,0,130.0,0,train
2026-06-23 14:00:00+07:00,SKU-005,3.0,53.0,0,90.0,0,131.0,0,train
2026-06-23 15:00:00+07:00,SKU-005,1.0,55.0,0,93.0,0,131.0,0,train
2026-06-23 16:00:00+07:00,SKU-005,3.0,56.0,0,93.0,0,128.0,0,train
2026-06-23 17:00:00+07:00,SKU-005,3.0,55.0,0,92.0,0,126.0,0,train
2026-06-23 18:00:00+07:00,SKU-005,4.0,52.0,0,90.0,0,126.0,0,train
2026-06-23 19:00:00+07:00,SKU-005,9.0,45.0,0,83.0,0,121.0,0,train
2026-06-23 20:00:00+07:00,SKU-005,1.0,48.0,0,84.0,0,129.0,0,train
2026-06-23 21:00:00+07:00,SKU-005,3.0,48.0,0,81.0,0,126.0,0,train
2026-06-23 22:00:00+07:00,SKU-005,5.0,45.0,0,77.0,0,121.0,0,train
2026-06-23 23:00:00+07:00,SKU-005,0.0,45.0,0,79.0,0,121.0,0,train
2026-06-24 00:00:00+07:00,SKU-005,0.0,46.0,0,79.0,0,121.0,0,train
2026-06-24 01:00:00+07:00,SKU-005,0.0,46.0,0,79.0,0,121.0,0,train
2026-06-24 02:00:00+07:00,SKU-005,1.0,45.0,0,79.0,0,120.0,0,train
2026-06-24 03:00:00+07:00,SKU-005,1.0,44.0,0,79.0,0,120.0,0,train
2026-06-24 04:00:00+07:00,SKU-005,1.0,43.0,0,78.0,0,121.0,0,train
2026-06-24 05:00:00+07:00,SKU-005,1.0,43.0,0,77.0,0,120.0,0,train
2026-06-24 06:00:00+07:00,SKU-005,1.0,42.0,0,78.0,0,120.0,0,train
2026-06-24 07:00:00+07:00,SKU-005,2.0,41.0,0,81.0,0,118.0,0,train
2026-06-24 08:00:00+07:00,SKU-005,2.0,39.0,0,81.0,0,117.0,0,train
2026-06-24 09:00:00+07:00,SKU-005,1.0,39.0,0,80.0,0,120.0,0,train
2026-06-24 10:00:00+07:00,SKU-005,4.0,37.0,0,76.0,0,118.0,0,train
2026-06-24 11:00:00+07:00,SKU-005,4.0,38.0,0,72.0,0,119.0,0,train
2026-06-24 12:00:00+07:00,SKU-005,1.0,41.0,0,76.0,0,121.0,0,train
2026-06-24 13:00:00+07:00,SKU-005,4.0,38.0,0,75.0,0,119.0,0,train
2026-06-24 14:00:00+07:00,SKU-005,1.0,37.0,0,78.0,0,124.0,0,train
2026-06-24 15:00:00+07:00,SKU-005,3.0,38.0,0,76.0,0,125.0,0,train
2026-06-24 16:00:00+07:00,SKU-005,4.0,37.0,0,72.0,0,122.0,0,train
2026-06-24 17:00:00+07:00,SKU-005,2.0,37.0,0,71.0,0,128.0,0,train
2026-06-24 18:00:00+07:00,SKU-005,1.0,38.0,0,74.0,0,130.0,0,train
2026-06-24 19:00:00+07:00,SKU-005,2.0,38.0,0,76.0,0,132.0,0,train
2026-06-24 20:00:00+07:00,SKU-005,4.0,36.0,0,81.0,0,132.0,0,train
2026-06-24 21:00:00+07:00,SKU-005,3.0,33.0,0,78.0,0,140.0,0,train
2026-06-24 22:00:00+07:00,SKU-005,2.0,32.0,0,76.0,0,146.0,0,train
2026-06-24 23:00:00+07:00,SKU-005,0.0,34.0,0,76.0,0,150.0,0,train
2026-06-25 00:00:00+07:00,SKU-005,1.0,33.0,0,75.0,0,149.0,0,train
2026-06-25 01:00:00+07:00,SKU-005,0.0,33.0,0,75.0,0,149.0,0,train
2026-06-25 02:00:00+07:00,SKU-005,0.0,34.0,0,75.0,0,149.0,0,train
2026-06-25 03:00:00+07:00,SKU-005,0.0,35.0,0,76.0,0,149.0,0,train
2026-06-25 04:00:00+07:00,SKU-005,0.0,35.0,0,78.0,0,150.0,0,train
2026-06-25 05:00:00+07:00,SKU-005,1.0,34.0,0,77.0,0,149.0,0,train
2026-06-25 06:00:00+07:00,SKU-005,0.0,36.0,0,78.0,0,152.0,0,train
2026-06-25 07:00:00+07:00,SKU-005,1.0,40.0,0,77.0,0,153.0,0,train
2026-06-25 08:00:00+07:00,SKU-005,0.0,42.0,0,78.0,0,156.0,0,train
2026-06-25 09:00:00+07:00,SKU-005,1.0,41.0,0,81.0,0,156.0,0,train
2026-06-25 10:00:00+07:00,SKU-005,2.0,39.0,0,81.0,0,160.0,0,train
2026-06-25 11:00:00+07:00,SKU-005,5.0,34.0,0,81.0,0,160.0,0,train
2026-06-25 12:00:00+07:00,SKU-005,4.0,35.0,0,80.0,0,156.0,0,train
2026-06-25 13:00:00+07:00,SKU-005,1.0,37.0,0,81.0,0,159.0,0,train
2026-06-25 14:00:00+07:00,SKU-005,0.0,41.0,0,87.0,0,165.0,0,train
2026-06-25 15:00:00+07:00,SKU-005,4.0,38.0,0,87.0,0,162.0,0,train
2026-06-25 16:00:00+07:00,SKU-005,3.0,35.0,0,85.0,0,159.0,0,train
2026-06-25 17:00:00+07:00,SKU-005,2.0,34.0,0,91.0,0,159.0,0,train
2026-06-25 18:00:00+07:00,SKU-005,2.0,36.0,0,92.0,0,162.0,0,train
2026-06-25 19:00:00+07:00,SKU-005,2.0,38.0,0,94.0,0,167.0,0,train
2026-06-25 20:00:00+07:00,SKU-005,2.0,45.0,0,96.0,0,167.0,0,train
2026-06-25 21:00:00+07:00,SKU-005,0.0,45.0,0,107.0,0,169.0,0,train
2026-06-25 22:00:00+07:00,SKU-005,1.0,44.0,0,114.0,0,172.0,0,train
2026-06-25 23:00:00+07:00,SKU-005,2.0,42.0,0,116.0,0,170.0,0,train
2026-06-26 00:00:00+07:00,SKU-005,0.0,42.0,0,116.0,0,171.0,0,train
2026-06-26 01:00:00+07:00,SKU-005,0.0,42.0,0,116.0,0,171.0,0,train
2026-06-26 02:00:00+07:00,SKU-005,1.0,41.0,0,115.0,0,170.0,0,train
2026-06-26 03:00:00+07:00,SKU-005,1.0,41.0,0,114.0,0,169.0,0,train
2026-06-26 04:00:00+07:00,SKU-005,0.0,43.0,0,115.0,0,170.0,0,train
2026-06-26 05:00:00+07:00,SKU-005,0.0,43.0,0,115.0,0,170.0,0,train
2026-06-26 06:00:00+07:00,SKU-005,2.0,42.0,0,116.0,0,168.0,0,train
2026-06-26 07:00:00+07:00,SKU-005,5.0,37.0,0,113.0,0,163.0,0,train
2026-06-26 08:00:00+07:00,SKU-005,2.0,36.0,0,114.0,0,162.0,0,train
2026-06-26 09:00:00+07:00,SKU-005,0.0,40.0,0,115.0,0,164.0,0,train
2026-06-26 10:00:00+07:00,SKU-005,0.0,42.0,0,121.0,0,166.0,0,train
2026-06-26 11:00:00+07:00,SKU-005,0.0,47.0,0,126.0,0,172.0,0,train
2026-06-26 12:00:00+07:00,SKU-005,5.0,45.0,0,121.0,0,170.0,0,train
2026-06-26 13:00:00+07:00,SKU-005,3.0,44.0,0,122.0,0,168.0,0,train
2026-06-26 14:00:00+07:00,SKU-005,4.0,46.0,0,124.0,0,169.0,0,train
2026-06-26 15:00:00+07:00,SKU-005,1.0,49.0,0,124.0,0,169.0,0,train
2026-06-26 16:00:00+07:00,SKU-005,0.0,50.0,0,124.0,0,170.0,0,train
2026-06-26 17:00:00+07:00,SKU-005,1.0,57.0,0,125.0,0,171.0,0,train
2026-06-26 18:00:00+07:00,SKU-005,4.0,56.0,0,126.0,0,171.0,0,train
2026-06-26 19:00:00+07:00,SKU-005,4.0,56.0,0,129.0,0,169.0,0,train
2026-06-26 20:00:00+07:00,SKU-005,9.0,51.0,0,122.0,0,172.0,0,train
2026-06-26 21:00:00+07:00,SKU-005,0.0,62.0,0,124.0,0,175.0,0,train
2026-06-26 22:00:00+07:00,SKU-005,0.0,70.0,0,128.0,0,176.0,0,train
2026-06-26 23:00:00+07:00,SKU-005,0.0,74.0,0,128.0,0,177.0,0,train
2026-06-27 00:00:00+07:00,SKU-005,0.0,74.0,0,129.0,0,177.0,0,train
2026-06-27 01:00:00+07:00,SKU-005,0.0,74.0,0,129.0,0,177.0,0,train
2026-06-27 02:00:00+07:00,SKU-005,0.0,74.0,0,129.0,0,177.0,0,train
2026-06-27 03:00:00+07:00,SKU-005,1.0,73.0,0,128.0,0,176.0,0,train
2026-06-27 04:00:00+07:00,SKU-005,2.0,72.0,0,127.0,0,174.0,0,train
2026-06-27 05:00:00+07:00,SKU-005,0.0,72.0,0,127.0,0,174.0,0,train
2026-06-27 06:00:00+07:00,SKU-005,1.0,74.0,0,126.0,0,173.0,0,train
2026-06-27 07:00:00+07:00,SKU-005,0.0,76.0,0,126.0,0,175.0,0,train
2026-06-27 08:00:00+07:00,SKU-005,1.0,78.0,0,126.0,0,177.0,0,train
2026-06-27 09:00:00+07:00,SKU-005,4.0,75.0,0,124.0,0,174.0,0,train
2026-06-27 10:00:00+07:00,SKU-005,2.0,79.0,0,124.0,0,176.0,0,train
2026-06-27 11:00:00+07:00,SKU-005,5.0,79.0,0,125.0,0,173.0,0,train
2026-06-27 12:00:00+07:00,SKU-005,3.0,76.0,0,125.0,0,174.0,0,train
2026-06-27 13:00:00+07:00,SKU-005,2.0,78.0,0,124.0,0,172.0,0,train
2026-06-27 14:00:00+07:00,SKU-005,6.0,78.0,0,123.0,0,168.0,0,train
2026-06-27 15:00:00+07:00,SKU-005,4.0,75.0,0,120.0,0,164.0,0,train
2026-06-27 16:00:00+07:00,SKU-005,1.0,74.0,0,120.0,0,165.0,0,train
2026-06-27 17:00:00+07:00,SKU-005,8.0,68.0,0,114.0,0,159.0,0,train
2026-06-27 18:00:00+07:00,SKU-005,3.0,70.0,0,115.0,0,159.0,0,train
2026-06-27 19:00:00+07:00,SKU-005,4.0,73.0,0,113.0,0,156.0,0,train
2026-06-27 20:00:00+07:00,SKU-005,4.0,71.0,0,121.0,0,159.0,0,train
2026-06-27 21:00:00+07:00,SKU-005,11.0,62.0,0,113.0,0,150.0,0,train
2026-06-27 22:00:00+07:00,SKU-005,8.0,58.0,0,106.0,0,145.0,0,train
2026-06-27 23:00:00+07:00,SKU-005,4.0,54.0,0,103.0,0,142.0,0,train
2026-06-28 00:00:00+07:00,SKU-005,0.0,55.0,0,103.0,0,142.0,0,train
2026-06-28 01:00:00+07:00,SKU-005,0.0,55.0,0,103.0,0,142.0,0,train
2026-06-28 02:00:00+07:00,SKU-005,0.0,55.0,0,103.0,0,142.0,0,train
2026-06-28 03:00:00+07:00,SKU-005,0.0,55.0,0,103.0,0,142.0,0,train
2026-06-28 04:00:00+07:00,SKU-005,1.0,55.0,0,102.0,0,141.0,0,train
2026-06-28 05:00:00+07:00,SKU-005,0.0,55.0,0,102.0,0,143.0,0,train
2026-06-28 06:00:00+07:00,SKU-005,3.0,52.0,0,99.0,0,141.0,0,train
2026-06-28 07:00:00+07:00,SKU-005,2.0,50.0,0,99.0,0,139.0,0,train
2026-06-28 08:00:00+07:00,SKU-005,3.0,48.0,0,99.0,0,138.0,0,train
2026-06-28 09:00:00+07:00,SKU-005,1.0,49.0,0,99.0,0,140.0,0,train
2026-06-28 10:00:00+07:00,SKU-005,6.0,45.0,0,97.0,0,137.0,0,train
2026-06-28 11:00:00+07:00,SKU-005,5.0,46.0,0,94.0,0,135.0,0,train
2026-06-28 12:00:00+07:00,SKU-005,0.0,49.0,0,98.0,0,137.0,0,train
2026-06-28 13:00:00+07:00,SKU-005,4.0,46.0,0,94.0,0,137.0,0,train
2026-06-28 14:00:00+07:00,SKU-005,6.0,45.0,0,90.0,0,132.0,0,train
2026-06-28 15:00:00+07:00,SKU-005,1.0,45.0,0,89.0,0,132.0,0,train
2026-06-28 16:00:00+07:00,SKU-005,0.0,46.0,0,91.0,0,137.0,0,train
2026-06-28 17:00:00+07:00,SKU-005,2.0,46.0,0,91.0,0,138.0,0,train
2026-06-28 18:00:00+07:00,SKU-005,5.0,45.0,0,89.0,0,136.0,0,train
2026-06-28 19:00:00+07:00,SKU-005,7.0,40.0,0,83.0,0,132.0,0,train
2026-06-28 20:00:00+07:00,SKU-005,2.0,50.0,0,88.0,0,138.0,0,train
2026-06-28 21:00:00+07:00,SKU-005,2.0,51.0,0,88.0,0,139.0,0,train
2026-06-28 22:00:00+07:00,SKU-005,4.0,48.0,0,87.0,0,136.0,0,train
2026-06-28 23:00:00+07:00,SKU-005,0.0,49.0,0,88.0,0,136.0,0,train
2026-06-29 00:00:00+07:00,SKU-005,1.0,48.0,0,87.0,0,135.0,0,train
2026-06-29 01:00:00+07:00,SKU-005,0.0,48.0,0,87.0,0,135.0,0,train
2026-06-29 02:00:00+07:00,SKU-005,0.0,48.0,0,87.0,0,135.0,0,train
2026-06-29 03:00:00+07:00,SKU-005,0.0,48.0,0,87.0,0,135.0,0,train
2026-06-29 04:00:00+07:00,SKU-005,1.0,47.0,0,86.0,0,134.0,0,train
2026-06-29 05:00:00+07:00,SKU-005,0.0,47.0,0,88.0,0,135.0,0,train
2026-06-29 06:00:00+07:00,SKU-005,0.0,47.0,0,89.0,0,136.0,0,train
2026-06-29 07:00:00+07:00,SKU-005,0.0,49.0,0,89.0,0,137.0,0,train
2026-06-29 08:00:00+07:00,SKU-005,1.0,51.0,0,90.0,0,138.0,0,train
2026-06-29 09:00:00+07:00,SKU-005,2.0,50.0,0,91.0,0,138.0,0,train
2026-06-29 10:00:00+07:00,SKU-005,2.0,52.0,0,92.0,0,140.0,0,train
2026-06-29 11:00:00+07:00,SKU-005,6.0,48.0,0,89.0,0,135.0,0,train
2026-06-29 12:00:00+07:00,SKU-005,3.0,49.0,0,88.0,0,133.0,0,train
2026-06-29 13:00:00+07:00,SKU-005,1.0,48.0,0,91.0,0,135.0,0,train
2026-06-29 14:00:00+07:00,SKU-005,5.0,45.0,0,87.0,0,133.0,0,train
2026-06-29 15:00:00+07:00,SKU-005,1.0,44.0,0,87.0,0,134.0,0,train
2026-06-29 16:00:00+07:00,SKU-005,1.0,45.0,0,91.0,0,133.0,0,train
2026-06-29 17:00:00+07:00,SKU-005,2.0,45.0,0,92.0,0,133.0,0,train
2026-06-29 18:00:00+07:00,SKU-005,4.0,44.0,0,91.0,0,136.0,0,train
2026-06-29 19:00:00+07:00,SKU-005,2.0,43.0,0,92.0,0,138.0,0,train
2026-06-29 20:00:00+07:00,SKU-005,12.0,38.0,0,88.0,0,131.0,0,train
2026-06-29 21:00:00+07:00,SKU-005,3.0,37.0,0,88.0,0,130.0,0,train
2026-06-29 22:00:00+07:00,SKU-005,1.0,39.0,0,88.0,0,129.0,0,train
2026-06-29 23:00:00+07:00,SKU-005,1.0,39.0,0,87.0,0,129.0,0,train
2026-06-30 00:00:00+07:00,SKU-005,0.0,39.0,0,87.0,0,129.0,0,train
2026-06-30 01:00:00+07:00,SKU-005,0.0,39.0,0,87.0,0,130.0,0,train
2026-06-30 02:00:00+07:00,SKU-005,0.0,39.0,0,87.0,0,131.0,0,train
2026-06-30 03:00:00+07:00,SKU-005,0.0,39.0,0,87.0,0,131.0,0,train
2026-06-30 04:00:00+07:00,SKU-005,0.0,39.0,0,87.0,0,131.0,0,train
2026-06-30 05:00:00+07:00,SKU-005,0.0,41.0,0,88.0,0,132.0,0,train
2026-06-30 06:00:00+07:00,SKU-005,0.0,42.0,0,89.0,0,132.0,0,train
2026-06-30 07:00:00+07:00,SKU-005,2.0,40.0,0,88.0,0,133.0,0,train
2026-06-30 08:00:00+07:00,SKU-005,3.0,39.0,0,87.0,0,130.0,0,train
2026-06-30 09:00:00+07:00,SKU-005,1.0,41.0,0,88.0,0,129.0,0,train
2026-06-30 10:00:00+07:00,SKU-005,4.0,40.0,0,88.0,0,129.0,0,train
2026-06-30 11:00:00+07:00,SKU-005,2.0,41.0,0,87.0,0,130.0,0,train
2026-06-30 12:00:00+07:00,SKU-005,4.0,39.0,0,84.0,0,137.0,0,train
2026-06-30 13:00:00+07:00,SKU-005,0.0,43.0,0,87.0,0,139.0,0,train
2026-06-30 14:00:00+07:00,SKU-005,2.0,42.0,0,88.0,0,142.0,0,train
2026-06-30 15:00:00+07:00,SKU-005,0.0,43.0,0,90.0,0,147.0,0,train
2026-06-30 16:00:00+07:00,SKU-005,2.0,46.0,0,88.0,0,147.0,0,train
2026-06-30 17:00:00+07:00,SKU-005,2.0,47.0,0,88.0,0,150.0,0,train
2026-06-30 18:00:00+07:00,SKU-005,3.0,47.0,0,92.0,0,152.0,0,train
2026-06-30 19:00:00+07:00,SKU-005,1.0,49.0,0,95.0,0,154.0,0,train
2026-06-30 20:00:00+07:00,SKU-005,7.0,50.0,0,93.0,0,157.0,0,train
2026-06-30 21:00:00+07:00,SKU-005,2.0,51.0,0,93.0,0,161.0,0,train
2026-06-30 22:00:00+07:00,SKU-005,3.0,49.0,0,90.0,0,160.0,0,train
2026-06-30 23:00:00+07:00,SKU-005,1.0,48.0,0,90.0,0,160.0,0,train
2026-07-01 00:00:00+07:00,SKU-005,0.0,48.0,0,90.0,0,161.0,0,train
2026-07-01 01:00:00+07:00,SKU-005,0.0,48.0,0,91.0,0,161.0,0,train
2026-07-01 02:00:00+07:00,SKU-005,0.0,48.0,0,92.0,0,161.0,0,train
2026-07-01 03:00:00+07:00,SKU-005,0.0,48.0,0,92.0,0,161.0,0,train
2026-07-01 04:00:00+07:00,SKU-005,0.0,48.0,0,92.0,0,161.0,0,train
2026-07-01 05:00:00+07:00,SKU-005,2.0,47.0,0,91.0,0,160.0,0,train
2026-07-01 06:00:00+07:00,SKU-005,1.0,47.0,0,90.0,0,162.0,0,train
2026-07-01 07:00:00+07:00,SKU-005,0.0,48.0,0,93.0,0,165.0,0,train
2026-07-01 08:00:00+07:00,SKU-005,2.0,48.0,0,91.0,0,165.0,0,train
2026-07-01 09:00:00+07:00,SKU-005,3.0,47.0,0,88.0,0,164.0,0,train
2026-07-01 10:00:00+07:00,SKU-005,3.0,48.0,0,89.0,0,163.0,0,train
2026-07-01 11:00:00+07:00,SKU-005,3.0,46.0,0,89.0,0,166.0,0,train
2026-07-01 12:00:00+07:00,SKU-005,2.0,45.0,0,98.0,0,168.0,0,train
2026-07-01 13:00:00+07:00,SKU-005,4.0,44.0,0,96.0,0,175.0,0,train
2026-07-01 14:00:00+07:00,SKU-005,1.0,46.0,0,100.0,0,178.0,0,train
2026-07-01 15:00:00+07:00,SKU-005,1.0,47.0,0,104.0,0,185.0,0,train
2026-07-01 16:00:00+07:00,SKU-005,5.0,42.0,0,101.0,0,192.0,0,train
2026-07-01 17:00:00+07:00,SKU-005,3.0,41.0,0,103.0,0,192.0,0,train
2026-07-01 18:00:00+07:00,SKU-005,3.0,45.0,0,105.0,0,196.0,0,train
2026-07-01 19:00:00+07:00,SKU-005,3.0,46.0,0,105.0,0,219.0,0,train
2026-07-01 20:00:00+07:00,SKU-005,8.0,43.0,0,107.0,0,219.0,0,train
2026-07-01 21:00:00+07:00,SKU-005,3.0,42.0,0,110.0,0,219.0,0,train
2026-07-01 22:00:00+07:00,SKU-005,1.0,41.0,0,111.0,0,222.0,0,train
2026-07-01 23:00:00+07:00,SKU-005,0.0,42.0,0,112.0,0,223.0,0,train
2026-07-02 00:00:00+07:00,SKU-005,0.0,42.0,0,113.0,0,223.0,0,train
2026-07-02 01:00:00+07:00,SKU-005,0.0,43.0,0,113.0,0,224.0,0,train
2026-07-02 02:00:00+07:00,SKU-005,0.0,44.0,0,113.0,0,227.0,0,train
2026-07-02 03:00:00+07:00,SKU-005,0.0,44.0,0,113.0,0,227.0,0,train
2026-07-02 04:00:00+07:00,SKU-005,0.0,44.0,0,113.0,0,227.0,0,train
2026-07-02 05:00:00+07:00,SKU-005,1.0,44.0,0,113.0,0,226.0,0,train
2026-07-02 06:00:00+07:00,SKU-005,1.0,43.0,0,115.0,0,228.0,0,train
2026-07-02 07:00:00+07:00,SKU-005,1.0,45.0,0,117.0,0,228.0,0,train
2026-07-02 08:00:00+07:00,SKU-005,2.0,43.0,0,117.0,0,229.0,0,train
2026-07-02 09:00:00+07:00,SKU-005,2.0,41.0,0,117.0,0,232.0,0,train
2026-07-02 10:00:00+07:00,SKU-005,4.0,41.0,0,115.0,0,233.0,0,train
2026-07-02 11:00:00+07:00,SKU-005,1.0,43.0,0,120.0,0,237.0,0,train
2026-07-02 12:00:00+07:00,SKU-005,1.0,53.0,0,123.0,0,238.0,0,train
2026-07-02 13:00:00+07:00,SKU-005,3.0,52.0,0,131.0,0,241.0,0,train
2026-07-02 14:00:00+07:00,SKU-005,3.0,54.0,0,132.0,0,245.0,0,train
2026-07-02 15:00:00+07:00,SKU-005,2.0,57.0,0,138.0,0,249.0,0,train
2026-07-02 16:00:00+07:00,SKU-005,0.0,59.0,0,150.0,0,254.0,0,train
2026-07-02 17:00:00+07:00,SKU-005,2.0,62.0,0,151.0,0,258.0,0,train
2026-07-02 18:00:00+07:00,SKU-005,7.0,60.0,0,151.0,0,255.0,0,train
2026-07-02 19:00:00+07:00,SKU-005,4.0,59.0,0,173.0,0,265.0,0,train
2026-07-02 20:00:00+07:00,SKU-005,5.0,64.0,0,176.0,0,263.0,0,train
2026-07-02 21:00:00+07:00,SKU-005,2.0,68.0,0,177.0,0,266.0,0,train
2026-07-02 22:00:00+07:00,SKU-005,0.0,70.0,0,181.0,0,268.0,0,train
2026-07-02 23:00:00+07:00,SKU-005,1.0,70.0,0,181.0,0,269.0,0,train
2026-07-03 00:00:00+07:00,SKU-005,0.0,71.0,0,181.0,0,270.0,0,train
2026-07-03 01:00:00+07:00,SKU-005,1.0,70.0,0,181.0,0,270.0,0,train
2026-07-03 02:00:00+07:00,SKU-005,1.0,69.0,0,183.0,0,270.0,0,train
2026-07-03 03:00:00+07:00,SKU-005,0.0,69.0,0,183.0,0,270.0,0,train
2026-07-03 04:00:00+07:00,SKU-005,0.0,69.0,0,183.0,0,270.0,0,train
2026-07-03 05:00:00+07:00,SKU-005,1.0,69.0,0,182.0,0,271.0,0,train
2026-07-03 06:00:00+07:00,SKU-005,0.0,72.0,0,185.0,0,272.0,0,train
2026-07-03 07:00:00+07:00,SKU-005,3.0,72.0,0,183.0,0,273.0,0,train
2026-07-03 08:00:00+07:00,SKU-005,0.0,74.0,0,186.0,0,274.0,0,train
2026-07-03 09:00:00+07:00,SKU-005,0.0,76.0,0,191.0,0,274.0,0,train
2026-07-03 10:00:00+07:00,SKU-005,4.0,74.0,0,192.0,0,271.0,0,train
2026-07-03 11:00:00+07:00,SKU-005,3.0,77.0,0,194.0,0,269.0,0,train
2026-07-03 12:00:00+07:00,SKU-005,11.0,70.0,0,185.0,0,261.0,0,train
2026-07-03 13:00:00+07:00,SKU-005,2.0,79.0,0,189.0,0,267.0,0,train
2026-07-03 14:00:00+07:00,SKU-005,5.0,78.0,0,191.0,0,268.0,0,train
2026-07-03 15:00:00+07:00,SKU-005,5.0,81.0,0,192.0,0,266.0,0,train
2026-07-03 16:00:00+07:00,SKU-005,2.0,91.0,0,195.0,0,269.0,0,train
2026-07-03 17:00:00+07:00,SKU-005,5.0,89.0,0,196.0,0,269.0,0,train
2026-07-03 18:00:00+07:00,SKU-005,5.0,91.0,0,195.0,0,267.0,0,train
2026-07-03 19:00:00+07:00,SKU-005,3.0,114.0,0,206.0,0,265.0,0,train
2026-07-03 20:00:00+07:00,SKU-005,10.0,112.0,0,199.0,0,266.0,0,train
2026-07-03 21:00:00+07:00,SKU-005,6.0,109.0,0,198.0,0,263.0,0,train
2026-07-03 22:00:00+07:00,SKU-005,2.0,111.0,0,198.0,0,267.0,0,train
2026-07-03 23:00:00+07:00,SKU-005,1.0,111.0,0,199.0,0,267.0,0,train
2026-07-04 00:00:00+07:00,SKU-005,1.0,110.0,0,199.0,0,268.0,0,train
2026-07-04 01:00:00+07:00,SKU-005,0.0,111.0,0,200.0,0,268.0,0,train
2026-07-04 02:00:00+07:00,SKU-005,0.0,114.0,0,201.0,0,268.0,0,train
2026-07-04 03:00:00+07:00,SKU-005,0.0,114.0,0,201.0,0,269.0,0,train
2026-07-04 04:00:00+07:00,SKU-005,0.0,114.0,0,201.0,0,270.0,0,train
2026-07-04 05:00:00+07:00,SKU-005,1.0,113.0,0,202.0,0,269.0,0,train
2026-07-04 06:00:00+07:00,SKU-005,3.0,113.0,0,200.0,0,267.0,0,train
2026-07-04 07:00:00+07:00,SKU-005,3.0,111.0,0,201.0,0,268.0,0,train
2026-07-04 08:00:00+07:00,SKU-005,2.0,112.0,0,200.0,0,270.0,1,train
2026-07-04 09:00:00+07:00,SKU-005,2.0,115.0,0,198.0,0,268.0,1,train
2026-07-04 10:00:00+07:00,SKU-005,2.0,118.0,0,197.0,0,266.0,1,train
2026-07-04 11:00:00+07:00,SKU-005,6.0,117.0,0,192.0,0,260.0,1,train
2026-07-04 12:00:00+07:00,SKU-005,4.0,115.0,0,191.0,0,256.0,1,train
2026-07-04 13:00:00+07:00,SKU-005,11.0,110.0,0,188.0,0,245.0,1,train
2026-07-04 14:00:00+07:00,SKU-005,4.0,113.0,0,190.0,0,243.0,1,train
2026-07-04 15:00:00+07:00,SKU-005,8.0,111.0,0,185.0,0,241.0,1,train
2026-07-04 16:00:00+07:00,SKU-005,12.0,104.0,0,178.0,0,233.0,1,train
2026-07-04 17:00:00+07:00,SKU-005,3.0,107.0,0,180.0,0,233.0,1,train
2026-07-04 18:00:00+07:00,SKU-005,7.0,104.0,0,176.0,0,228.0,1,train
2026-07-04 19:00:00+07:00,SKU-005,26.0,92.0,0,151.0,0,207.0,1,train
2026-07-04 20:00:00+07:00,SKU-005,8.0,87.0,0,154.0,0,199.0,1,train
2026-07-04 21:00:00+07:00,SKU-005,3.0,89.0,0,154.0,0,203.0,1,train
2026-07-04 22:00:00+07:00,SKU-005,4.0,87.0,0,156.0,0,201.0,1,train
2026-07-04 23:00:00+07:00,SKU-005,1.0,88.0,0,156.0,0,201.0,1,train
2026-07-05 00:00:00+07:00,SKU-005,0.0,89.0,0,158.0,0,203.0,1,train
2026-07-05 01:00:00+07:00,SKU-005,1.0,89.0,0,157.0,0,202.0,1,train
2026-07-05 02:00:00+07:00,SKU-005,3.0,87.0,0,154.0,0,199.0,1,train
2026-07-05 03:00:00+07:00,SKU-005,0.0,87.0,0,155.0,0,199.0,1,train
2026-07-05 04:00:00+07:00,SKU-005,0.0,87.0,0,156.0,0,199.0,1,train
2026-07-05 05:00:00+07:00,SKU-005,0.0,89.0,0,156.0,0,200.0,1,train
2026-07-05 06:00:00+07:00,SKU-005,3.0,87.0,0,154.0,0,198.0,1,train
2026-07-05 07:00:00+07:00,SKU-005,1.0,90.0,0,157.0,0,204.0,1,train
2026-07-05 08:00:00+07:00,SKU-005,3.0,88.0,0,158.0,1,204.0,1,train
2026-07-05 09:00:00+07:00,SKU-005,5.0,83.0,0,153.0,1,204.0,1,train
2026-07-05 10:00:00+07:00,SKU-005,5.0,79.0,0,148.0,1,206.0,1,train
2026-07-05 11:00:00+07:00,SKU-005,5.0,75.0,0,143.0,1,214.0,1,train
2026-07-05 12:00:00+07:00,SKU-005,2.0,76.0,0,141.0,1,228.0,1,train
2026-07-05 13:00:00+07:00,SKU-005,6.0,78.0,0,135.0,1,235.0,1,train
2026-07-05 14:00:00+07:00,SKU-005,7.0,77.0,0,130.0,1,237.0,1,train
2026-07-05 15:00:00+07:00,SKU-005,6.0,74.0,0,130.0,1,242.0,1,train
2026-07-05 16:00:00+07:00,SKU-005,5.0,74.0,0,129.0,1,248.0,1,train
2026-07-05 17:00:00+07:00,SKU-005,6.0,73.0,0,126.0,1,247.0,1,train
2026-07-05 18:00:00+07:00,SKU-005,4.0,72.0,0,124.0,1,243.0,1,train
2026-07-05 19:00:00+07:00,SKU-005,14.0,59.0,0,115.0,1,229.0,1,train
2026-07-05 20:00:00+07:00,SKU-005,3.0,67.0,0,112.0,1,226.0,1,train
2026-07-05 21:00:00+07:00,SKU-005,5.0,65.0,0,114.0,1,221.0,1,train
2026-07-05 22:00:00+07:00,SKU-005,2.0,69.0,0,114.0,1,219.0,1,train
2026-07-05 23:00:00+07:00,SKU-005,2.0,68.0,0,113.0,1,217.0,1,train
2026-07-06 00:00:00+07:00,SKU-005,1.0,69.0,0,114.0,1,216.0,1,train
2026-07-06 01:00:00+07:00,SKU-005,1.0,68.0,0,113.0,1,215.0,1,train
2026-07-06 02:00:00+07:00,SKU-005,1.0,67.0,0,112.0,1,214.0,1,train
2026-07-06 03:00:00+07:00,SKU-005,0.0,68.0,0,112.0,1,214.0,1,train
2026-07-06 04:00:00+07:00,SKU-005,0.0,69.0,0,112.0,1,214.0,1,train
2026-07-06 05:00:00+07:00,SKU-005,2.0,67.0,0,111.0,1,212.0,1,train
2026-07-06 06:00:00+07:00,SKU-005,1.0,67.0,0,111.0,1,211.0,1,train
2026-07-06 07:00:00+07:00,SKU-005,4.0,67.0,0,114.0,1,207.0,1,train
2026-07-06 08:00:00+07:00,SKU-005,1.0,70.0,1,116.0,1,206.0,1,train
2026-07-06 09:00:00+07:00,SKU-005,0.0,70.0,1,121.0,1,206.0,1,train
2026-07-06 10:00:00+07:00,SKU-005,1.0,69.0,1,127.0,1,205.0,1,train
2026-07-06 11:00:00+07:00,SKU-005,1.0,68.0,1,139.0,1,204.0,1,train
2026-07-06 12:00:00+07:00,SKU-005,3.0,65.0,1,152.0,1,201.0,1,train
2026-07-06 13:00:00+07:00,SKU-005,8.0,57.0,1,157.0,1,193.0,1,train
2026-07-06 14:00:00+07:00,SKU-005,6.0,53.0,1,160.0,1,187.0,1,train
2026-07-06 15:00:00+07:00,SKU-005,3.0,56.0,1,168.0,1,184.0,1,train
2026-07-06 16:00:00+07:00,SKU-005,5.0,55.0,1,174.0,1,179.0,1,train
2026-07-06 17:00:00+07:00,SKU-005,5.0,53.0,1,174.0,1,174.0,1,train
2026-07-06 18:00:00+07:00,SKU-005,3.0,52.0,1,171.0,1,171.0,1,train
2026-07-06 19:00:00+07:00,SKU-005,1.0,56.0,1,170.0,1,170.0,1,train
2026-07-06 20:00:00+07:00,SKU-005,11.0,45.0,1,159.0,1,159.0,1,train
2026-07-06 21:00:00+07:00,SKU-005,3.0,49.0,1,156.0,1,156.0,1,train
2026-07-06 22:00:00+07:00,SKU-005,6.0,45.0,1,150.0,1,150.0,1,train
2026-07-06 23:00:00+07:00,SKU-005,1.0,45.0,1,149.0,1,149.0,1,train
2026-07-07 00:00:00+07:00,SKU-005,2.0,45.0,1,147.0,1,148.0,1,train
2026-07-07 01:00:00+07:00,SKU-005,0.0,45.0,1,147.0,1,152.0,1,train
2026-07-07 02:00:00+07:00,SKU-005,0.0,45.0,1,147.0,1,153.0,1,train
2026-07-07 03:00:00+07:00,SKU-005,1.0,44.0,1,146.0,1,153.0,1,train
2026-07-07 04:00:00+07:00,SKU-005,1.0,43.0,1,145.0,1,152.0,1,train
2026-07-07 05:00:00+07:00,SKU-005,0.0,44.0,1,145.0,1,154.0,1,train
2026-07-07 06:00:00+07:00,SKU-005,1.0,44.0,1,144.0,1,158.0,1,train
2026-07-07 07:00:00+07:00,SKU-005,4.0,47.0,1,140.0,1,160.0,1,train
2026-07-07 08:00:00+07:00,SKU-005,4.0,46.0,1,136.0,1,169.0,1,train
2026-07-07 09:00:00+07:00,SKU-005,0.0,51.0,1,136.0,1,174.0,1,train
2026-07-07 10:00:00+07:00,SKU-005,0.0,58.0,1,136.0,1,179.0,1,train
2026-07-07 11:00:00+07:00,SKU-005,0.0,71.0,1,136.0,1,185.0,1,train
2026-07-07 12:00:00+07:00,SKU-005,0.0,87.0,1,136.0,1,196.0,1,train
2026-07-07 13:00:00+07:00,SKU-005,0.0,100.0,0,136.0,1,199.0,1,train
2026-07-07 14:00:00+07:00,SKU-005,2.0,107.0,0,134.0,1,211.0,1,train
2026-07-07 15:00:00+07:00,SKU-005,6.0,112.0,0,128.0,1,210.0,1,train
2026-07-07 16:00:00+07:00,SKU-005,4.0,119.0,0,124.0,1,211.0,1,train
2026-07-07 17:00:00+07:00,SKU-005,3.0,121.0,1,121.0,1,213.0,1,train
2026-07-07 18:00:00+07:00,SKU-005,2.0,119.0,1,119.0,1,223.0,1,train
2026-07-07 19:00:00+07:00,SKU-005,5.0,114.0,1,114.0,1,229.0,1,train
2026-07-07 20:00:00+07:00,SKU-005,0.0,114.0,1,114.0,1,231.0,1,train
2026-07-07 21:00:00+07:00,SKU-005,7.0,107.0,1,107.0,1,228.0,1,train
2026-07-07 22:00:00+07:00,SKU-005,2.0,105.0,1,105.0,1,236.0,1,train
2026-07-07 23:00:00+07:00,SKU-005,1.0,104.0,1,104.0,1,237.0,1,train
2026-07-08 00:00:00+07:00,SKU-005,2.0,102.0,1,103.0,1,236.0,1,train
2026-07-08 01:00:00+07:00,SKU-005,0.0,102.0,1,107.0,1,236.0,1,train
2026-07-08 02:00:00+07:00,SKU-005,0.0,102.0,1,108.0,1,236.0,1,train
2026-07-08 03:00:00+07:00,SKU-005,0.0,102.0,1,109.0,1,236.0,1,train
2026-07-08 04:00:00+07:00,SKU-005,0.0,102.0,1,109.0,1,236.0,1,train
2026-07-08 05:00:00+07:00,SKU-005,1.0,101.0,1,110.0,1,236.0,1,train
2026-07-08 06:00:00+07:00,SKU-005,1.0,100.0,1,114.0,1,236.0,1,train
2026-07-08 07:00:00+07:00,SKU-005,7.0,93.0,1,113.0,1,235.0,1,train
2026-07-08 08:00:00+07:00,SKU-005,3.0,90.0,1,123.0,1,233.0,1,train
2026-07-08 09:00:00+07:00,SKU-005,5.0,85.0,1,123.0,1,236.0,1,train
2026-07-08 10:00:00+07:00,SKU-005,7.0,78.0,1,121.0,1,229.0,1,train
2026-07-08 11:00:00+07:00,SKU-005,13.0,65.0,1,114.0,1,216.0,1,train
2026-07-08 12:00:00+07:00,SKU-005,16.0,49.0,1,109.0,1,200.0,1,train
2026-07-08 13:00:00+07:00,SKU-005,13.0,36.0,1,99.0,1,187.0,1,train
2026-07-08 14:00:00+07:00,SKU-005,9.0,27.0,1,104.0,1,184.0,1,train
2026-07-08 15:00:00+07:00,SKU-005,11.0,16.0,1,98.0,1,183.0,1,train
2026-07-08 16:00:00+07:00,SKU-005,11.0,5.0,1,92.0,1,183.0,1,train
2026-07-08 17:00:00+07:00,SKU-005,5.0,0.0,1,92.0,1,188.0,1,train
2026-07-08 18:00:00+07:00,SKU-005,0.0,0.0,1,104.0,1,196.0,1,train
2026-07-08 19:00:00+07:00,SKU-005,0.0,0.0,1,115.0,1,209.0,1,train
2026-07-08 20:00:00+07:00,SKU-005,0.0,0.0,1,117.0,1,226.0,1,train
2026-07-08 21:00:00+07:00,SKU-005,0.0,0.0,1,121.0,1,232.0,1,train
2026-07-08 22:00:00+07:00,SKU-005,0.0,0.0,1,131.0,1,245.0,1,train
2026-07-08 23:00:00+07:00,SKU-005,0.0,0.0,1,133.0,1,248.0,1,train
2026-07-09 00:00:00+07:00,SKU-005,0.0,1.0,1,134.0,1,248.0,1,train
2026-07-09 01:00:00+07:00,SKU-005,0.0,5.0,1,134.0,1,248.0,1,train
2026-07-09 02:00:00+07:00,SKU-005,0.0,6.0,1,134.0,1,250.0,1,train
2026-07-09 03:00:00+07:00,SKU-005,0.0,7.0,1,134.0,1,252.0,1,train
2026-07-09 04:00:00+07:00,SKU-005,0.0,7.0,1,134.0,1,252.0,1,train
2026-07-09 05:00:00+07:00,SKU-005,0.0,9.0,1,135.0,1,253.0,1,train
2026-07-09 06:00:00+07:00,SKU-005,0.0,14.0,1,136.0,1,255.0,1,train
2026-07-09 07:00:00+07:00,SKU-005,0.0,20.0,1,142.0,1,259.0,1,train
2026-07-09 08:00:00+07:00,SKU-005,0.0,33.0,1,143.0,1,268.0,1,train
2026-07-09 09:00:00+07:00,SKU-005,0.0,38.0,1,151.0,1,268.0,1,train
2026-07-09 10:00:00+07:00,SKU-005,0.0,43.0,1,151.0,1,287.0,1,train
2026-07-09 11:00:00+07:00,SKU-005,0.0,49.0,1,151.0,1,296.0,1,train
2026-07-09 12:00:00+07:00,SKU-005,0.0,60.0,1,151.0,1,304.0,1,train
2026-07-09 13:00:00+07:00,SKU-005,0.0,63.0,1,151.0,1,311.0,1,train
2026-07-09 14:00:00+07:00,SKU-005,0.0,77.0,1,157.0,1,316.0,1,train
2026-07-09 15:00:00+07:00,SKU-005,0.0,82.0,1,167.0,1,316.0,1,train
2026-07-09 16:00:00+07:00,SKU-005,0.0,87.0,1,178.0,1,316.0,1,train
2026-07-09 17:00:00+07:00,SKU-005,0.0,92.0,1,188.0,1,316.0,1,train
2026-07-09 18:00:00+07:00,SKU-005,0.0,104.0,1,196.0,1,316.0,1,train
2026-07-09 19:00:00+07:00,SKU-005,0.0,115.0,1,209.0,1,316.0,1,train
2026-07-09 20:00:00+07:00,SKU-005,0.0,117.0,1,226.0,1,316.0,1,train
2026-07-09 21:00:00+07:00,SKU-005,0.0,121.0,1,232.0,1,316.0,1,train
2026-07-09 22:00:00+07:00,SKU-005,0.0,131.0,1,245.0,1,316.0,1,train
2026-07-09 23:00:00+07:00,SKU-005,0.0,133.0,0,248.0,1,316.0,1,train
2026-07-10 00:00:00+07:00,SKU-005,1.0,133.0,0,247.0,1,315.0,1,train
2026-07-10 01:00:00+07:00,SKU-005,4.0,129.0,0,243.0,1,311.0,1,train
2026-07-10 02:00:00+07:00,SKU-005,1.0,128.0,0,244.0,1,310.0,1,train
2026-07-10 03:00:00+07:00,SKU-005,1.0,127.0,0,245.0,1,309.0,1,train
2026-07-10 04:00:00+07:00,SKU-005,0.0,127.0,0,245.0,1,309.0,1,train
2026-07-10 05:00:00+07:00,SKU-005,2.0,126.0,0,244.0,1,307.0,1,train
2026-07-10 06:00:00+07:00,SKU-005,5.0,122.0,0,241.0,1,302.0,1,train
2026-07-10 07:00:00+07:00,SKU-005,6.0,122.0,0,239.0,1,296.0,1,train
2026-07-10 08:00:00+07:00,SKU-005,13.0,110.0,0,235.0,1,283.0,1,train
2026-07-10 09:00:00+07:00,SKU-005,5.0,113.0,0,230.0,1,278.0,1,train
2026-07-10 10:00:00+07:00,SKU-005,5.0,108.0,1,244.0,1,273.0,1,train
2026-07-10 11:00:00+07:00,SKU-005,6.0,102.0,1,247.0,1,267.0,1,train
2026-07-10 12:00:00+07:00,SKU-005,11.0,91.0,1,244.0,1,256.0,1,train
2026-07-10 13:00:00+07:00,SKU-005,3.0,88.0,1,248.0,1,253.0,1,train
2026-07-10 14:00:00+07:00,SKU-005,14.0,80.0,1,239.0,1,249.0,1,train
2026-07-10 15:00:00+07:00,SKU-005,5.0,85.0,1,234.0,1,252.0,1,train
2026-07-10 16:00:00+07:00,SKU-005,5.0,91.0,1,229.0,1,250.0,1,train
2026-07-10 17:00:00+07:00,SKU-005,5.0,96.0,1,224.0,1,251.0,1,train
2026-07-10 18:00:00+07:00,SKU-005,12.0,92.0,1,212.0,1,253.0,1,train
2026-07-10 19:00:00+07:00,SKU-005,11.0,94.0,1,201.0,1,244.0,1,train
2026-07-10 20:00:00+07:00,SKU-005,2.0,109.0,1,199.0,1,247.0,1,train
2026-07-10 21:00:00+07:00,SKU-005,4.0,111.0,1,195.0,1,253.0,1,train
2026-07-10 22:00:00+07:00,SKU-005,10.0,114.0,1,185.0,1,251.0,1,train
2026-07-10 23:00:00+07:00,SKU-005,2.0,115.0,1,183.0,1,250.0,1,train
2026-07-11 00:00:00+07:00,SKU-005,1.0,114.0,1,182.0,1,250.0,1,train
2026-07-11 01:00:00+07:00,SKU-005,0.0,114.0,1,182.0,1,250.0,1,train
2026-07-11 02:00:00+07:00,SKU-005,0.0,116.0,1,182.0,1,251.0,1,train
2026-07-11 03:00:00+07:00,SKU-005,0.0,118.0,1,182.0,1,251.0,1,train
2026-07-11 04:00:00+07:00,SKU-005,0.0,118.0,1,182.0,1,251.0,1,train
2026-07-11 05:00:00+07:00,SKU-005,1.0,118.0,1,181.0,1,250.0,1,train
2026-07-11 06:00:00+07:00,SKU-005,1.0,119.0,1,180.0,1,250.0,1,train
2026-07-11 07:00:00+07:00,SKU-005,6.0,117.0,1,174.0,1,245.0,1,train
2026-07-11 08:00:00+07:00,SKU-005,1.0,125.0,1,173.0,1,245.0,1,train
2026-07-11 09:00:00+07:00,SKU-005,8.0,117.0,1,165.0,1,245.0,1,train
2026-07-11 10:00:00+07:00,SKU-005,0.0,136.0,1,165.0,1,251.0,1,train
2026-07-11 11:00:00+07:00,SKU-005,0.0,145.0,1,165.0,1,257.0,1,train
2026-07-11 12:00:00+07:00,SKU-005,0.0,153.0,1,165.0,1,259.0,1,train
2026-07-11 13:00:00+07:00,SKU-005,0.0,160.0,0,165.0,1,271.0,1,train
2026-07-11 14:00:00+07:00,SKU-005,6.0,159.0,1,169.0,1,267.0,1,train
2026-07-11 15:00:00+07:00,SKU-005,10.0,149.0,1,167.0,1,264.0,1,train
2026-07-11 16:00:00+07:00,SKU-005,11.0,138.0,1,159.0,1,258.0,1,train
2026-07-11 17:00:00+07:00,SKU-005,10.0,128.0,1,155.0,1,263.0,1,train
2026-07-11 18:00:00+07:00,SKU-005,8.0,120.0,1,161.0,1,261.0,1,train
2026-07-11 19:00:00+07:00,SKU-005,13.0,107.0,1,150.0,1,259.0,1,train
2026-07-11 20:00:00+07:00,SKU-005,17.0,90.0,1,138.0,1,257.0,1,train
2026-07-11 21:00:00+07:00,SKU-005,6.0,84.0,1,142.0,1,262.0,1,train
2026-07-11 22:00:00+07:00,SKU-005,13.0,71.0,1,137.0,1,253.0,1,train
2026-07-11 23:00:00+07:00,SKU-005,3.0,68.0,1,135.0,1,253.0,1,train
2026-07-12 00:00:00+07:00,SKU-005,0.0,68.0,1,136.0,1,254.0,1,train
2026-07-12 01:00:00+07:00,SKU-005,0.0,68.0,1,136.0,1,254.0,1,train
2026-07-12 02:00:00+07:00,SKU-005,2.0,66.0,1,135.0,1,252.0,1,train
2026-07-12 03:00:00+07:00,SKU-005,2.0,64.0,1,133.0,1,250.0,1,train
2026-07-12 04:00:00+07:00,SKU-005,0.0,64.0,1,133.0,1,250.0,1,train
2026-07-12 05:00:00+07:00,SKU-005,1.0,63.0,1,132.0,1,251.0,1,train
2026-07-12 06:00:00+07:00,SKU-005,2.0,61.0,1,131.0,1,250.0,1,train
2026-07-12 07:00:00+07:00,SKU-005,4.0,57.0,1,128.0,1,246.0,1,train
2026-07-12 08:00:00+07:00,SKU-005,9.0,48.0,1,120.0,1,241.0,1,train
2026-07-12 09:00:00+07:00,SKU-005,0.0,48.0,1,128.0,1,243.0,1,train
2026-07-12 10:00:00+07:00,SKU-005,19.0,29.0,1,115.0,1,224.0,1,train
2026-07-12 11:00:00+07:00,SKU-005,9.0,20.0,1,112.0,1,222.0,1,train
2026-07-12 12:00:00+07:00,SKU-005,8.0,12.0,1,106.0,1,218.0,1,train
2026-07-12 13:00:00+07:00,SKU-005,7.0,5.0,1,111.0,1,213.0,1,train
2026-07-12 14:00:00+07:00,SKU-005,5.0,10.0,1,108.0,1,216.0,1,train
2026-07-12 15:00:00+07:00,SKU-005,0.0,18.0,1,115.0,1,226.0,1,train
2026-07-12 16:00:00+07:00,SKU-005,0.0,21.0,1,120.0,1,228.0,1,train
2026-07-12 17:00:00+07:00,SKU-005,0.0,27.0,1,135.0,1,238.0,1,train
2026-07-12 18:00:00+07:00,SKU-005,0.0,41.0,1,141.0,1,240.0,1,train
2026-07-12 19:00:00+07:00,SKU-005,0.0,43.0,1,152.0,1,248.0,1,train
2026-07-12 20:00:00+07:00,SKU-005,0.0,48.0,1,167.0,1,255.0,1,train
2026-07-12 21:00:00+07:00,SKU-005,0.0,58.0,1,178.0,1,258.0,1,train
2026-07-12 22:00:00+07:00,SKU-005,0.0,66.0,1,182.0,1,260.0,1,train
2026-07-12 23:00:00+07:00,SKU-005,0.0,67.0,1,185.0,1,262.0,1,train
2026-07-13 00:00:00+07:00,SKU-005,0.0,68.0,1,186.0,1,262.0,1,train
2026-07-13 01:00:00+07:00,SKU-005,0.0,68.0,1,186.0,1,262.0,1,train
2026-07-13 02:00:00+07:00,SKU-005,0.0,69.0,1,186.0,1,262.0,1,train
2026-07-13 03:00:00+07:00,SKU-005,0.0,69.0,1,186.0,1,263.0,1,train
2026-07-13 04:00:00+07:00,SKU-005,0.0,69.0,1,186.0,1,263.0,1,train
2026-07-13 05:00:00+07:00,SKU-005,0.0,69.0,1,188.0,1,263.0,1,train
2026-07-13 06:00:00+07:00,SKU-005,0.0,70.0,1,189.0,1,267.0,1,train
2026-07-13 07:00:00+07:00,SKU-005,0.0,71.0,1,189.0,1,269.0,1,train
2026-07-13 08:00:00+07:00,SKU-005,0.0,72.0,1,193.0,1,272.0,1,train
2026-07-13 09:00:00+07:00,SKU-005,0.0,80.0,1,195.0,1,275.0,1,train
2026-07-13 10:00:00+07:00,SKU-005,0.0,86.0,1,195.0,1,281.0,1,train
2026-07-13 11:00:00+07:00,SKU-005,0.0,92.0,1,202.0,1,282.0,1,train
2026-07-13 12:00:00+07:00,SKU-005,0.0,94.0,1,206.0,1,291.0,1,train
2026-07-13 13:00:00+07:00,SKU-005,0.0,106.0,0,208.0,0,296.0,0,train
2026-07-13 14:00:00+07:00,SKU-005,10.0,98.0,0,206.0,0,289.0,0,train
2026-07-13 15:00:00+07:00,SKU-005,8.0,97.0,0,208.0,0,286.0,0,train
2026-07-13 16:00:00+07:00,SKU-005,3.0,99.0,0,207.0,0,286.0,0,train
2026-07-13 17:00:00+07:00,SKU-005,6.0,108.0,0,211.0,0,280.0,0,train
2026-07-13 18:00:00+07:00,SKU-005,14.0,100.0,0,199.0,0,271.0,0,train
2026-07-13 19:00:00+07:00,SKU-005,2.0,109.0,0,205.0,0,280.0,0,train
2026-07-13 20:00:00+07:00,SKU-005,5.0,119.0,0,207.0,0,279.0,0,train
2026-07-13 21:00:00+07:00,SKU-005,10.0,120.0,0,200.0,0,270.0,0,train
2026-07-13 22:00:00+07:00,SKU-005,8.0,116.0,0,194.0,0,266.0,0,train
2026-07-13 23:00:00+07:00,SKU-005,1.0,118.0,0,195.0,0,267.0,0,train
2026-07-14 00:00:00+07:00,SKU-005,1.0,118.0,0,194.0,0,266.0,0,train
2026-07-14 01:00:00+07:00,SKU-005,0.0,118.0,0,194.0,0,266.0,0,train
2026-07-14 02:00:00+07:00,SKU-005,1.0,117.0,0,193.0,0,265.0,0,train
2026-07-14 03:00:00+07:00,SKU-005,0.0,117.0,0,194.0,0,266.0,0,train
2026-07-14 04:00:00+07:00,SKU-005,0.0,117.0,0,194.0,0,267.0,0,train
2026-07-14 05:00:00+07:00,SKU-005,0.0,119.0,0,194.0,0,267.0,0,train
2026-07-14 06:00:00+07:00,SKU-005,1.0,119.0,0,197.0,0,266.0,0,train
2026-07-14 07:00:00+07:00,SKU-005,1.0,118.0,0,198.0,0,265.0,0,train
2026-07-14 08:00:00+07:00,SKU-005,1.0,121.0,0,200.0,0,267.0,0,train
2026-07-14 09:00:00+07:00,SKU-005,8.0,115.0,0,195.0,0,260.0,0,train
2026-07-14 10:00:00+07:00,SKU-005,6.0,109.0,0,195.0,0,260.0,0,train
2026-07-14 11:00:00+07:00,SKU-005,6.0,110.0,0,190.0,0,259.0,0,train
2026-07-14 12:00:00+07:00,SKU-005,2.0,112.0,0,197.0,0,261.0,0,train
2026-07-14 13:00:00+07:00,SKU-005,12.0,102.0,0,190.0,0,254.0,0,train
2026-07-14 14:00:00+07:00,SKU-005,2.0,108.0,0,191.0,0,255.0,0,train
2026-07-14 15:00:00+07:00,SKU-005,7.0,111.0,0,189.0,0,256.0,0,train
2026-07-14 16:00:00+07:00,SKU-005,5.0,108.0,0,187.0,0,253.0,0,train
2026-07-14 17:00:00+07:00,SKU-005,15.0,103.0,0,172.0,0,243.0,0,train
2026-07-14 18:00:00+07:00,SKU-005,6.0,99.0,0,171.0,0,238.0,0,train
2026-07-14 19:00:00+07:00,SKU-005,11.0,96.0,0,171.0,0,231.0,0,train
2026-07-14 20:00:00+07:00,SKU-005,15.0,88.0,0,160.0,0,224.0,0,train
2026-07-14 21:00:00+07:00,SKU-005,11.0,80.0,0,150.0,0,221.0,0,train
2026-07-14 22:00:00+07:00,SKU-005,4.0,78.0,0,150.0,0,221.0,0,train
2026-07-14 23:00:00+07:00,SKU-005,3.0,77.0,0,149.0,0,219.0,0,train
2026-07-15 00:00:00+07:00,SKU-005,1.0,76.0,0,148.0,0,218.0,0,train
2026-07-15 01:00:00+07:00,SKU-005,0.0,76.0,0,148.0,0,218.0,0,train
2026-07-15 02:00:00+07:00,SKU-005,0.0,76.0,0,148.0,0,219.0,0,train
2026-07-15 03:00:00+07:00,SKU-005,0.0,77.0,0,149.0,0,219.0,0,train
2026-07-15 04:00:00+07:00,SKU-005,0.0,77.0,0,150.0,0,219.0,0,train
2026-07-15 05:00:00+07:00,SKU-005,2.0,75.0,0,148.0,0,217.0,0,train
2026-07-15 06:00:00+07:00,SKU-005,1.0,78.0,0,147.0,0,216.0,0,train
2026-07-15 07:00:00+07:00,SKU-005,0.0,80.0,0,147.0,0,217.0,0,train
2026-07-15 08:00:00+07:00,SKU-005,4.0,79.0,0,146.0,0,217.0,0,train
2026-07-15 09:00:00+07:00,SKU-005,2.0,80.0,0,145.0,0,219.0,0,train
2026-07-15 10:00:00+07:00,SKU-005,0.0,86.0,0,151.0,0,220.0,0,train
2026-07-15 11:00:00+07:00,SKU-005,7.0,80.0,0,149.0,0,226.0,0,train
2026-07-15 12:00:00+07:00,SKU-005,4.0,85.0,0,149.0,0,227.0,0,train
2026-07-15 13:00:00+07:00,SKU-005,2.0,88.0,0,152.0,0,227.0,0,train
2026-07-15 14:00:00+07:00,SKU-005,8.0,83.0,0,147.0,0,228.0,0,train
2026-07-15 15:00:00+07:00,SKU-005,10.0,78.0,0,145.0,0,221.0,0,train
2026-07-15 16:00:00+07:00,SKU-005,2.0,79.0,0,145.0,0,222.0,0,train
2026-07-15 17:00:00+07:00,SKU-005,10.0,69.0,0,140.0,0,213.0,0,train
2026-07-15 18:00:00+07:00,SKU-005,2.0,72.0,0,139.0,0,215.0,0,train
2026-07-15 19:00:00+07:00,SKU-005,8.0,75.0,0,135.0,0,214.0,0,train
2026-07-15 20:00:00+07:00,SKU-005,7.0,72.0,0,136.0,0,212.0,0,train
2026-07-15 21:00:00+07:00,SKU-005,3.0,70.0,0,141.0,0,218.0,0,train
2026-07-15 22:00:00+07:00,SKU-005,2.0,72.0,0,143.0,0,218.0,0,train
2026-07-15 23:00:00+07:00,SKU-005,2.0,72.0,0,142.0,0,224.0,0,train
2026-07-16 00:00:00+07:00,SKU-005,0.0,72.0,0,142.0,0,226.0,0,train
2026-07-16 01:00:00+07:00,SKU-005,0.0,72.0,0,142.0,0,226.0,0,train
2026-07-16 02:00:00+07:00,SKU-005,0.0,72.0,0,143.0,0,229.0,0,train
2026-07-16 03:00:00+07:00,SKU-005,1.0,72.0,0,142.0,0,228.0,0,train
2026-07-16 04:00:00+07:00,SKU-005,0.0,73.0,0,142.0,0,229.0,0,train
2026-07-16 05:00:00+07:00,SKU-005,0.0,73.0,0,142.0,0,229.0,0,train
2026-07-16 06:00:00+07:00,SKU-005,4.0,69.0,0,138.0,0,230.0,0,train
2026-07-16 07:00:00+07:00,SKU-005,2.0,67.0,0,137.0,0,231.0,0,train
2026-07-16 08:00:00+07:00,SKU-005,3.0,67.0,0,138.0,0,231.0,0,train
2026-07-16 09:00:00+07:00,SKU-005,3.0,65.0,0,139.0,0,231.0,0,train
2026-07-16 10:00:00+07:00,SKU-005,6.0,65.0,0,134.0,0,231.0,0,train
2026-07-16 11:00:00+07:00,SKU-005,1.0,69.0,0,146.0,0,239.0,0,train
2026-07-16 12:00:00+07:00,SKU-005,9.0,64.0,0,142.0,0,240.0,0,train
2026-07-16 13:00:00+07:00,SKU-005,5.0,64.0,0,139.0,0,241.0,0,train
2026-07-16 14:00:00+07:00,SKU-005,3.0,64.0,0,145.0,0,240.0,0,train
2026-07-16 15:00:00+07:00,SKU-005,5.0,67.0,0,143.0,0,240.0,0,train
2026-07-16 16:00:00+07:00,SKU-005,3.0,66.0,0,143.0,0,239.0,0,train
2026-07-16 17:00:00+07:00,SKU-005,0.0,71.0,0,144.0,0,244.0,0,train
2026-07-16 18:00:00+07:00,SKU-005,5.0,67.0,0,143.0,0,241.0,0,train
2026-07-16 19:00:00+07:00,SKU-005,11.0,60.0,0,139.0,0,241.0,0,train
2026-07-16 20:00:00+07:00,SKU-005,4.0,64.0,0,140.0,0,242.0,0,train
2026-07-16 21:00:00+07:00,SKU-005,1.0,71.0,0,148.0,0,247.0,0,train
2026-07-16 22:00:00+07:00,SKU-005,4.0,71.0,0,146.0,0,246.0,0,train
2026-07-16 23:00:00+07:00,SKU-005,2.0,70.0,0,152.0,0,244.0,0,train
2026-07-17 00:00:00+07:00,SKU-005,0.0,70.0,0,154.0,0,244.0,0,train
2026-07-17 01:00:00+07:00,SKU-005,0.0,70.0,0,154.0,0,244.0,0,train
2026-07-17 02:00:00+07:00,SKU-005,0.0,71.0,0,157.0,0,244.0,0,train
2026-07-17 03:00:00+07:00,SKU-005,1.0,70.0,0,156.0,0,244.0,0,train
2026-07-17 04:00:00+07:00,SKU-005,1.0,69.0,0,156.0,0,244.0,0,train
2026-07-17 05:00:00+07:00,SKU-005,0.0,69.0,0,156.0,0,244.0,0,train
2026-07-17 06:00:00+07:00,SKU-005,0.0,69.0,0,161.0,0,244.0,0,train
2026-07-17 07:00:00+07:00,SKU-005,0.0,70.0,0,164.0,0,245.0,0,train
2026-07-17 08:00:00+07:00,SKU-005,3.0,71.0,0,164.0,0,242.0,0,train
2026-07-17 09:00:00+07:00,SKU-005,1.0,74.0,0,166.0,0,243.0,0,train
2026-07-17 10:00:00+07:00,SKU-005,6.0,69.0,0,166.0,0,237.0,0,train
2026-07-17 11:00:00+07:00,SKU-005,5.0,77.0,0,170.0,0,236.0,0,train
2026-07-17 12:00:00+07:00,SKU-005,4.0,78.0,0,176.0,0,237.0,0,train
2026-07-17 13:00:00+07:00,SKU-005,5.0,75.0,0,177.0,0,235.0,0,train
2026-07-17 14:00:00+07:00,SKU-005,3.0,81.0,0,176.0,0,237.0,0,train
2026-07-17 15:00:00+07:00,SKU-005,8.0,76.0,0,173.0,0,230.0,0,train
2026-07-17 16:00:00+07:00,SKU-005,2.0,77.0,0,173.0,0,232.0,0,train
2026-07-17 17:00:00+07:00,SKU-005,5.0,73.0,0,173.0,0,228.0,0,train
2026-07-17 18:00:00+07:00,SKU-005,1.0,76.0,0,174.0,0,228.0,0,train
2026-07-17 19:00:00+07:00,SKU-005,4.0,79.0,0,181.0,0,229.0,0,train
2026-07-17 20:00:00+07:00,SKU-005,8.0,76.0,0,178.0,0,224.0,0,train
2026-07-17 21:00:00+07:00,SKU-005,8.0,77.0,0,176.0,0,224.0,0,train
2026-07-17 22:00:00+07:00,SKU-005,4.0,75.0,0,175.0,0,221.0,0,train
2026-07-17 23:00:00+07:00,SKU-005,1.0,82.0,0,174.0,0,220.0,0,train
2026-07-18 00:00:00+07:00,SKU-005,0.0,84.0,0,174.0,0,221.0,0,train
2026-07-18 01:00:00+07:00,SKU-005,0.0,84.0,0,174.0,0,221.0,0,train
2026-07-18 02:00:00+07:00,SKU-005,1.0,86.0,0,173.0,0,221.0,0,train
2026-07-18 03:00:00+07:00,SKU-005,0.0,86.0,0,174.0,0,221.0,0,train
2026-07-18 04:00:00+07:00,SKU-005,0.0,87.0,0,175.0,0,221.0,0,train
2026-07-18 05:00:00+07:00,SKU-005,0.0,87.0,0,175.0,0,222.0,0,train
2026-07-18 06:00:00+07:00,SKU-005,0.0,92.0,0,175.0,0,223.0,0,train
2026-07-18 07:00:00+07:00,SKU-005,1.0,94.0,0,175.0,0,224.0,0,train
2026-07-18 08:00:00+07:00,SKU-005,4.0,93.0,0,171.0,0,223.0,0,train
2026-07-18 09:00:00+07:00,SKU-005,4.0,92.0,0,169.0,0,222.0,0,train
2026-07-18 10:00:00+07:00,SKU-005,1.0,97.0,0,168.0,0,222.0,0,train
2026-07-18 11:00:00+07:00,SKU-005,13.0,93.0,0,159.0,0,211.0,0,train
2026-07-18 12:00:00+07:00,SKU-005,5.0,98.0,0,159.0,0,208.0,0,train
2026-07-18 13:00:00+07:00,SKU-005,2.0,102.0,0,160.0,0,211.0,0,train
2026-07-18 14:00:00+07:00,SKU-005,9.0,95.0,0,156.0,0,204.0,0,train
2026-07-18 15:00:00+07:00,SKU-005,3.0,97.0,0,154.0,0,207.0,0,train
2026-07-18 16:00:00+07:00,SKU-005,3.0,96.0,0,155.0,0,206.0,0,train
2026-07-18 17:00:00+07:00,SKU-005,1.0,100.0,0,155.0,0,208.0,0,train
2026-07-18 18:00:00+07:00,SKU-005,4.0,98.0,0,152.0,0,208.0,0,train
2026-07-18 19:00:00+07:00,SKU-005,7.0,102.0,0,150.0,0,211.0,0,train
2026-07-18 20:00:00+07:00,SKU-005,5.0,102.0,0,148.0,0,210.0,0,train
2026-07-18 21:00:00+07:00,SKU-005,9.0,99.0,0,147.0,0,206.0,0,train
2026-07-18 22:00:00+07:00,SKU-005,2.0,100.0,0,146.0,0,205.0,0,train
2026-07-18 23:00:00+07:00,SKU-005,8.0,92.0,0,138.0,0,199.0,0,train
2026-07-19 00:00:00+07:00,SKU-005,2.0,90.0,0,137.0,0,197.0,0,train
2026-07-19 01:00:00+07:00,SKU-005,0.0,90.0,0,137.0,0,197.0,0,train
2026-07-19 02:00:00+07:00,SKU-005,3.0,87.0,0,135.0,0,194.0,0,train
2026-07-19 03:00:00+07:00,SKU-005,0.0,88.0,0,135.0,0,194.0,0,train
2026-07-19 04:00:00+07:00,SKU-005,1.0,88.0,0,134.0,0,193.0,0,train
2026-07-19 05:00:00+07:00,SKU-005,0.0,88.0,0,135.0,0,194.0,0,train
2026-07-19 06:00:00+07:00,SKU-005,5.0,83.0,0,131.0,0,189.0,0,train
2026-07-19 07:00:00+07:00,SKU-005,3.0,81.0,0,130.0,0,187.0,0,train
2026-07-19 08:00:00+07:00,SKU-005,3.0,78.0,0,130.0,0,185.0,0,train
2026-07-19 09:00:00+07:00,SKU-005,3.0,77.0,0,130.0,0,184.0,0,train
2026-07-19 10:00:00+07:00,SKU-005,6.0,71.0,0,125.0,0,185.0,0,train
2026-07-19 11:00:00+07:00,SKU-005,9.0,66.0,0,118.0,0,176.0,0,train
2026-07-19 12:00:00+07:00,SKU-005,10.0,61.0,0,110.0,0,169.0,0,train
2026-07-19 13:00:00+07:00,SKU-005,6.0,58.0,0,109.0,0,168.0,0,train
2026-07-19 14:00:00+07:00,SKU-005,2.0,61.0,0,109.0,0,169.0,0,train
2026-07-19 15:00:00+07:00,SKU-005,5.0,57.0,0,110.0,0,164.0,0,train
2026-07-19 16:00:00+07:00,SKU-005,2.0,59.0,0,110.0,0,163.0,0,train
2026-07-19 17:00:00+07:00,SKU-005,5.0,55.0,0,108.0,0,164.0,0,train
2026-07-19 18:00:00+07:00,SKU-005,2.0,54.0,0,110.0,0,162.0,0,train
2026-07-19 19:00:00+07:00,SKU-005,11.0,48.0,0,109.0,0,158.0,0,train
2026-07-19 20:00:00+07:00,SKU-005,5.0,46.0,0,108.0,0,155.0,0,train
2026-07-19 21:00:00+07:00,SKU-005,6.0,48.0,0,107.0,0,152.0,0,train
2026-07-19 22:00:00+07:00,SKU-005,3.0,46.0,0,105.0,0,155.0,0,train
2026-07-19 23:00:00+07:00,SKU-005,0.0,46.0,0,107.0,0,159.0,0,train
2026-07-20 00:00:00+07:00,SKU-005,0.0,47.0,0,107.0,0,160.0,0,train
2026-07-20 01:00:00+07:00,SKU-005,0.0,47.0,0,107.0,0,162.0,0,train
2026-07-20 02:00:00+07:00,SKU-005,0.0,48.0,0,107.0,0,162.0,0,train
2026-07-20 03:00:00+07:00,SKU-005,1.0,47.0,0,106.0,0,162.0,0,train
2026-07-20 04:00:00+07:00,SKU-005,1.0,46.0,0,105.0,0,162.0,0,train
2026-07-20 05:00:00+07:00,SKU-005,0.0,47.0,0,106.0,0,163.0,0,train
2026-07-20 06:00:00+07:00,SKU-005,0.0,48.0,0,106.0,0,164.0,0,train
2026-07-20 07:00:00+07:00,SKU-005,1.0,49.0,0,106.0,0,167.0,0,train
2026-07-20 08:00:00+07:00,SKU-005,0.0,52.0,0,107.0,0,169.0,0,train
2026-07-20 09:00:00+07:00,SKU-005,2.0,53.0,0,107.0,0,172.0,0,train
2026-07-20 10:00:00+07:00,SKU-005,0.0,54.0,0,114.0,0,182.0,0,train
2026-07-20 11:00:00+07:00,SKU-005,4.0,52.0,0,110.0,0,180.0,0,train
2026-07-20 12:00:00+07:00,SKU-005,5.0,49.0,0,108.0,0,179.0,0,train
2026-07-20 13:00:00+07:00,SKU-005,3.0,51.0,0,110.0,0,182.0,0,train
2026-07-20 14:00:00+07:00,SKU-005,5.0,48.0,0,108.0,0,180.0,0,train
2026-07-20 15:00:00+07:00,SKU-005,1.0,53.0,0,107.0,0,181.0,0,train
2026-07-20 16:00:00+07:00,SKU-005,4.0,51.0,0,104.0,0,177.0,0,train
2026-07-20 17:00:00+07:00,SKU-005,1.0,53.0,0,109.0,0,176.0,0,train
2026-07-20 18:00:00+07:00,SKU-005,1.0,56.0,0,108.0,0,182.0,0,train
2026-07-20 19:00:00+07:00,SKU-005,5.0,61.0,0,110.0,0,178.0,0,train
2026-07-20 20:00:00+07:00,SKU-005,3.0,62.0,0,109.0,0,178.0,0,train
2026-07-20 21:00:00+07:00,SKU-005,8.0,59.0,0,104.0,0,185.0,0,train
2026-07-20 22:00:00+07:00,SKU-005,1.0,59.0,0,109.0,0,185.0,0,train
2026-07-20 23:00:00+07:00,SKU-005,0.0,61.0,0,113.0,0,186.0,0,train
2026-07-21 00:00:00+07:00,SKU-005,1.0,60.0,0,113.0,0,187.0,0,train
2026-07-21 01:00:00+07:00,SKU-005,0.0,60.0,0,115.0,0,187.0,0,train
2026-07-21 02:00:00+07:00,SKU-005,1.0,59.0,0,114.0,0,186.0,0,train
2026-07-21 03:00:00+07:00,SKU-005,0.0,59.0,0,115.0,0,186.0,0,train
2026-07-21 04:00:00+07:00,SKU-005,0.0,59.0,0,116.0,0,186.0,0,train
2026-07-21 05:00:00+07:00,SKU-005,1.0,59.0,0,116.0,0,188.0,0,train
2026-07-21 06:00:00+07:00,SKU-005,1.0,58.0,0,116.0,0,188.0,0,train
2026-07-21 07:00:00+07:00,SKU-005,2.0,57.0,0,118.0,0,186.0,0,train
2026-07-21 08:00:00+07:00,SKU-005,3.0,55.0,0,117.0,0,185.0,0,train
2026-07-21 09:00:00+07:00,SKU-005,3.0,54.0,0,119.0,0,185.0,0,train
2026-07-21 10:00:00+07:00,SKU-005,1.0,60.0,0,128.0,0,187.0,0,train
2026-07-21 11:00:00+07:00,SKU-005,2.0,58.0,0,128.0,0,189.0,0,train
2026-07-21 12:00:00+07:00,SKU-005,2.0,59.0,0,130.0,0,195.0,0,train
2026-07-21 13:00:00+07:00,SKU-005,5.0,59.0,0,131.0,0,193.0,0,train
2026-07-21 14:00:00+07:00,SKU-005,2.0,60.0,0,132.0,0,191.0,0,train
2026-07-21 15:00:00+07:00,SKU-005,6.0,54.0,0,128.0,0,186.0,0,train
2026-07-21 16:00:00+07:00,SKU-005,2.0,53.0,0,126.0,0,187.0,0,train
2026-07-21 17:00:00+07:00,SKU-005,3.0,56.0,0,123.0,0,195.0,0,train
2026-07-21 18:00:00+07:00,SKU-005,4.0,52.0,0,126.0,0,195.0,0,train
2026-07-21 19:00:00+07:00,SKU-005,10.0,49.0,0,117.0,0,198.0,0,train
2026-07-21 20:00:00+07:00,SKU-005,4.0,47.0,0,116.0,0,206.0,0,train
2026-07-21 21:00:00+07:00,SKU-005,5.0,45.0,0,126.0,0,203.0,0,train
2026-07-21 22:00:00+07:00,SKU-005,1.0,50.0,0,126.0,0,206.0,0,train
2026-07-21 23:00:00+07:00,SKU-005,2.0,52.0,0,125.0,0,206.0,0,train
2026-07-22 00:00:00+07:00,SKU-005,0.0,53.0,0,127.0,0,206.0,0,train
2026-07-22 01:00:00+07:00,SKU-005,0.0,55.0,0,127.0,0,209.0,0,train
2026-07-22 02:00:00+07:00,SKU-005,0.0,55.0,0,127.0,0,210.0,0,train
2026-07-22 03:00:00+07:00,SKU-005,0.0,56.0,0,127.0,0,210.0,0,train
2026-07-22 04:00:00+07:00,SKU-005,0.0,57.0,0,127.0,0,210.0,0,train
2026-07-22 05:00:00+07:00,SKU-005,1.0,57.0,0,129.0,0,209.0,0,train
2026-07-22 06:00:00+07:00,SKU-005,0.0,58.0,0,130.0,0,214.0,0,train
2026-07-22 07:00:00+07:00,SKU-005,1.0,61.0,0,129.0,0,214.0,0,train
2026-07-22 08:00:00+07:00,SKU-005,1.0,62.0,0,130.0,0,222.0,0,train
2026-07-22 09:00:00+07:00,SKU-005,2.0,65.0,0,131.0,0,233.0,0,train
2026-07-22 10:00:00+07:00,SKU-005,7.0,68.0,0,127.0,0,232.0,0,train
2026-07-22 11:00:00+07:00,SKU-005,0.0,70.0,0,131.0,0,248.0,0,train
2026-07-22 12:00:00+07:00,SKU-005,3.0,71.0,0,136.0,0,248.0,0,train
2026-07-22 13:00:00+07:00,SKU-005,5.0,72.0,0,134.0,0,255.0,0,train
2026-07-22 14:00:00+07:00,SKU-005,3.0,72.0,0,131.0,0,256.0,0,train
2026-07-22 15:00:00+07:00,SKU-005,0.0,74.0,0,132.0,0,260.0,0,train
2026-07-22 16:00:00+07:00,SKU-005,1.0,73.0,0,134.0,0,263.0,0,train
2026-07-22 17:00:00+07:00,SKU-005,6.0,67.0,0,139.0,0,260.0,0,train
2026-07-22 18:00:00+07:00,SKU-005,0.0,74.0,0,143.0,0,268.0,0,train
2026-07-22 19:00:00+07:00,SKU-005,7.0,68.0,0,149.0,0,272.0,0,train
2026-07-22 20:00:00+07:00,SKU-005,2.0,69.0,0,159.0,0,274.0,0,train
2026-07-22 21:00:00+07:00,SKU-005,3.0,81.0,0,158.0,0,277.0,0,train
2026-07-22 22:00:00+07:00,SKU-005,6.0,76.0,0,156.0,0,273.0,0,train
2026-07-22 23:00:00+07:00,SKU-005,4.0,73.0,0,154.0,0,272.0,0,train
2026-07-23 00:00:00+07:00,SKU-005,1.0,74.0,0,153.0,0,271.0,0,train
2026-07-23 01:00:00+07:00,SKU-005,2.0,72.0,0,154.0,0,269.0,0,train
2026-07-23 02:00:00+07:00,SKU-005,0.0,72.0,0,155.0,0,270.0,0,train
2026-07-23 03:00:00+07:00,SKU-005,1.0,71.0,0,154.0,0,269.0,0,train
2026-07-23 04:00:00+07:00,SKU-005,1.0,70.0,0,153.0,0,268.0,0,train
2026-07-23 05:00:00+07:00,SKU-005,1.0,72.0,0,152.0,0,268.0,0,train
2026-07-23 06:00:00+07:00,SKU-005,1.0,72.0,0,156.0,0,273.0,0,train
2026-07-23 07:00:00+07:00,SKU-005,4.0,68.0,0,153.0,0,271.0,0,train
2026-07-23 08:00:00+07:00,SKU-005,2.0,68.0,0,160.0,0,273.0,0,train
2026-07-23 09:00:00+07:00,SKU-005,5.0,66.0,0,168.0,0,269.0,0,train
2026-07-23 10:00:00+07:00,SKU-005,10.0,59.0,0,164.0,0,259.0,0,train
2026-07-23 11:00:00+07:00,SKU-005,2.0,61.0,0,178.0,0,258.0,0,train
2026-07-23 12:00:00+07:00,SKU-005,4.0,65.0,0,177.0,0,258.0,0,train
2026-07-23 13:00:00+07:00,SKU-005,6.0,62.0,0,183.0,0,254.0,0,train
2026-07-23 14:00:00+07:00,SKU-005,3.0,59.0,0,184.0,0,254.0,0,train
2026-07-23 15:00:00+07:00,SKU-005,2.0,58.0,0,186.0,0,254.0,0,train
2026-07-23 16:00:00+07:00,SKU-005,0.0,61.0,0,190.0,0,260.0,0,train
2026-07-23 17:00:00+07:00,SKU-005,0.0,72.0,0,193.0,0,264.0,0,train
2026-07-23 18:00:00+07:00,SKU-005,7.0,69.0,0,194.0,0,264.0,0,train
2026-07-23 19:00:00+07:00,SKU-005,1.0,81.0,0,204.0,0,266.0,0,train
2026-07-23 20:00:00+07:00,SKU-005,3.0,90.0,0,205.0,0,264.0,0,train
2026-07-23 21:00:00+07:00,SKU-005,15.0,77.0,0,196.0,0,254.0,0,train
2026-07-23 22:00:00+07:00,SKU-005,1.0,80.0,0,197.0,0,254.0,0,train
2026-07-23 23:00:00+07:00,SKU-005,1.0,81.0,0,199.0,0,255.0,0,train
2026-07-24 00:00:00+07:00,SKU-005,2.0,79.0,0,197.0,0,253.0,0,train
2026-07-24 01:00:00+07:00,SKU-005,0.0,82.0,0,197.0,0,253.0,0,train
2026-07-24 02:00:00+07:00,SKU-005,0.0,83.0,0,198.0,0,256.0,0,train
2026-07-24 03:00:00+07:00,SKU-005,0.0,83.0,0,198.0,0,257.0,0,train
2026-07-24 04:00:00+07:00,SKU-005,0.0,83.0,0,198.0,0,257.0,0,train
2026-07-24 05:00:00+07:00,SKU-005,3.0,80.0,0,196.0,0,254.0,0,train
2026-07-24 06:00:00+07:00,SKU-005,1.0,84.0,0,201.0,0,253.0,0,train
2026-07-24 07:00:00+07:00,SKU-005,0.0,85.0,0,203.0,0,253.0,0,train
2026-07-24 08:00:00+07:00,SKU-005,2.0,92.0,0,205.0,0,253.0,0,train
2026-07-24 09:00:00+07:00,SKU-005,3.0,102.0,0,203.0,0,256.0,0,train
2026-07-24 10:00:00+07:00,SKU-005,3.0,105.0,0,200.0,0,256.0,0,train
2026-07-24 11:00:00+07:00,SKU-005,4.0,117.0,0,197.0,0,255.0,0,train
2026-07-24 12:00:00+07:00,SKU-005,8.0,112.0,0,193.0,0,252.0,0,train
2026-07-24 13:00:00+07:00,SKU-005,3.0,121.0,0,192.0,0,252.0,0,train
2026-07-24 14:00:00+07:00,SKU-005,0.0,125.0,0,195.0,0,253.0,0,train
2026-07-24 15:00:00+07:00,SKU-005,1.0,128.0,0,196.0,0,253.0,0,train
2026-07-24 16:00:00+07:00,SKU-005,3.0,129.0,0,199.0,0,250.0,0,train
2026-07-24 17:00:00+07:00,SKU-005,11.0,121.0,0,192.0,0,242.0,0,train
2026-07-24 18:00:00+07:00,SKU-005,4.0,125.0,0,195.0,0,240.0,0,train
2026-07-24 19:00:00+07:00,SKU-005,13.0,123.0,0,185.0,0,234.0,0,train
2026-07-24 20:00:00+07:00,SKU-005,12.0,115.0,0,174.0,0,226.0,0,train
2026-07-24 21:00:00+07:00,SKU-005,2.0,119.0,0,177.0,0,226.0,0,train
2026-07-24 22:00:00+07:00,SKU-005,4.0,117.0,0,174.0,0,226.0,0,train
2026-07-24 23:00:00+07:00,SKU-005,2.0,118.0,0,174.0,0,225.0,0,train
2026-07-25 00:00:00+07:00,SKU-005,0.0,118.0,0,174.0,0,225.0,0,train
2026-07-25 01:00:00+07:00,SKU-005,3.0,115.0,0,171.0,0,222.0,0,train
2026-07-25 02:00:00+07:00,SKU-005,1.0,115.0,0,173.0,0,221.0,0,train
2026-07-25 03:00:00+07:00,SKU-005,0.0,115.0,0,174.0,0,221.0,0,train
2026-07-25 04:00:00+07:00,SKU-005,0.0,115.0,0,174.0,0,221.0,0,train
2026-07-25 05:00:00+07:00,SKU-005,0.0,116.0,0,174.0,0,221.0,0,train
2026-07-25 06:00:00+07:00,SKU-005,5.0,117.0,0,169.0,0,218.0,0,train
2026-07-25 07:00:00+07:00,SKU-005,1.0,118.0,0,168.0,0,220.0,0,train
2026-07-25 08:00:00+07:00,SKU-005,9.0,113.0,0,161.0,0,212.0,0,train
2026-07-25 09:00:00+07:00,SKU-005,13.0,101.0,0,154.0,0,199.0,0,train
2026-07-25 10:00:00+07:00,SKU-005,6.0,95.0,0,151.0,0,194.0,0,train
2026-07-25 11:00:00+07:00,SKU-005,16.0,80.0,0,138.0,0,182.0,0,train
2026-07-25 12:00:00+07:00,SKU-005,3.0,81.0,0,140.0,0,180.0,0,train
2026-07-25 13:00:00+07:00,SKU-005,12.0,71.0,0,131.0,0,169.0,0,train
2026-07-25 14:00:00+07:00,SKU-005,4.0,70.0,0,128.0,0,165.0,0,train
2026-07-25 15:00:00+07:00,SKU-005,4.0,68.0,0,125.0,0,162.0,0,train
2026-07-25 16:00:00+07:00,SKU-005,4.0,70.0,0,121.0,0,159.0,0,train
2026-07-25 17:00:00+07:00,SKU-005,3.0,71.0,0,121.0,0,156.0,0,train
2026-07-25 18:00:00+07:00,SKU-005,8.0,70.0,0,115.0,0,152.0,0,train
2026-07-25 19:00:00+07:00,SKU-005,11.0,62.0,0,111.0,0,141.0,0,train
2026-07-25 20:00:00+07:00,SKU-005,4.0,59.0,0,111.0,0,141.0,0,train
2026-07-25 21:00:00+07:00,SKU-005,6.0,58.0,0,107.0,0,138.0,0,train
2026-07-25 22:00:00+07:00,SKU-005,2.0,57.0,0,109.0,0,139.0,0,train
2026-07-25 23:00:00+07:00,SKU-005,3.0,56.0,0,107.0,0,136.0,0,train
2026-07-26 00:00:00+07:00,SKU-005,0.0,56.0,0,107.0,0,136.0,0,train
2026-07-26 01:00:00+07:00,SKU-005,0.0,56.0,0,107.0,0,137.0,0,train
2026-07-26 02:00:00+07:00,SKU-005,1.0,58.0,0,106.0,0,136.0,0,train
2026-07-26 03:00:00+07:00,SKU-005,0.0,59.0,0,106.0,0,136.0,0,train
2026-07-26 04:00:00+07:00,SKU-005,0.0,59.0,0,106.0,0,138.0,0,train
2026-07-26 05:00:00+07:00,SKU-005,1.0,58.0,0,105.0,0,137.0,0,train
2026-07-26 06:00:00+07:00,SKU-005,6.0,52.0,0,101.0,0,131.0,0,train
2026-07-26 07:00:00+07:00,SKU-005,2.0,50.0,0,102.0,0,129.0,0,train
2026-07-26 08:00:00+07:00,SKU-005,4.0,48.0,0,99.0,0,126.0,0,train
2026-07-26 09:00:00+07:00,SKU-005,1.0,53.0,0,98.0,0,125.0,0,train
2026-07-26 10:00:00+07:00,SKU-005,0.0,56.0,0,99.0,0,132.0,0,train
2026-07-26 11:00:00+07:00,SKU-005,1.0,58.0,0,102.0,0,133.0,0,train
2026-07-26 12:00:00+07:00,SKU-005,4.0,59.0,0,99.0,0,131.0,0,train
2026-07-26 13:00:00+07:00,SKU-005,2.0,60.0,0,98.0,0,131.0,0,train
2026-07-26 14:00:00+07:00,SKU-005,3.0,58.0,0,95.0,0,132.0,0,train
2026-07-26 15:00:00+07:00,SKU-005,2.0,57.0,0,94.0,0,134.0,0,train
2026-07-26 16:00:00+07:00,SKU-005,6.0,51.0,0,89.0,0,132.0,0,train
2026-07-26 17:00:00+07:00,SKU-005,4.0,50.0,0,85.0,0,131.0,0,train
2026-07-26 18:00:00+07:00,SKU-005,7.0,45.0,0,82.0,0,129.0,0,train
2026-07-26 19:00:00+07:00,SKU-005,3.0,49.0,0,79.0,0,127.0,0,train
2026-07-26 20:00:00+07:00,SKU-005,1.0,52.0,0,82.0,0,130.0,0,train
2026-07-26 21:00:00+07:00,SKU-005,5.0,49.0,0,80.0,0,128.0,0,train
2026-07-26 22:00:00+07:00,SKU-005,1.0,52.0,0,82.0,0,127.0,0,train
2026-07-26 23:00:00+07:00,SKU-005,2.0,51.0,0,80.0,0,125.0,0,train
2026-07-27 00:00:00+07:00,SKU-005,0.0,51.0,0,80.0,0,125.0,0,train
2026-07-27 01:00:00+07:00,SKU-005,0.0,51.0,0,81.0,0,125.0,0,train
2026-07-27 02:00:00+07:00,SKU-005,3.0,48.0,0,78.0,0,122.0,0,train
2026-07-27 03:00:00+07:00,SKU-005,1.0,47.0,0,77.0,0,121.0,0,train
2026-07-27 04:00:00+07:00,SKU-005,0.0,47.0,0,79.0,0,121.0,0,train
2026-07-27 05:00:00+07:00,SKU-005,0.0,47.0,0,79.0,0,121.0,0,train
2026-07-27 06:00:00+07:00,SKU-005,0.0,49.0,0,79.0,0,121.0,0,train
2026-07-27 07:00:00+07:00,SKU-005,0.0,52.0,0,79.0,0,122.0,0,train
2026-07-27 08:00:00+07:00,SKU-005,2.0,51.0,0,78.0,0,121.0,0,train
2026-07-27 09:00:00+07:00,SKU-005,6.0,45.0,0,72.0,0,116.0,0,train
2026-07-27 10:00:00+07:00,SKU-005,3.0,43.0,0,76.0,0,117.0,0,train
2026-07-27 11:00:00+07:00,SKU-005,3.0,44.0,0,75.0,0,117.0,0,train
2026-07-27 12:00:00+07:00,SKU-005,5.0,40.0,0,72.0,0,115.0,0,train
2026-07-27 13:00:00+07:00,SKU-005,3.0,38.0,0,71.0,0,113.0,0,train
2026-07-27 14:00:00+07:00,SKU-005,1.0,37.0,0,74.0,0,118.0,0,train
2026-07-27 15:00:00+07:00,SKU-005,1.0,37.0,0,77.0,0,118.0,0,train
2026-07-27 16:00:00+07:00,SKU-005,0.0,38.0,0,81.0,0,120.0,0,train
2026-07-27 17:00:00+07:00,SKU-005,3.0,35.0,0,81.0,0,120.0,0,train
2026-07-27 18:00:00+07:00,SKU-005,2.0,37.0,0,84.0,0,121.0,0,train
2026-07-27 19:00:00+07:00,SKU-005,7.0,30.0,0,78.0,0,117.0,0,train
2026-07-27 20:00:00+07:00,SKU-005,4.0,30.0,0,78.0,0,114.0,0,train
2026-07-27 21:00:00+07:00,SKU-005,2.0,31.0,0,79.0,0,112.0,0,train
2026-07-27 22:00:00+07:00,SKU-005,4.0,30.0,0,75.0,0,109.0,0,train
2026-07-27 23:00:00+07:00,SKU-005,1.0,29.0,0,74.0,0,110.0,0,train
2026-07-28 00:00:00+07:00,SKU-005,0.0,29.0,0,74.0,0,110.0,0,train
2026-07-28 01:00:00+07:00,SKU-005,0.0,30.0,0,74.0,0,110.0,0,train
2026-07-28 02:00:00+07:00,SKU-005,0.0,30.0,0,74.0,0,111.0,0,train
2026-07-28 03:00:00+07:00,SKU-005,0.0,30.0,0,74.0,0,111.0,0,train
2026-07-28 04:00:00+07:00,SKU-005,0.0,32.0,0,74.0,0,111.0,0,train
2026-07-28 05:00:00+07:00,SKU-005,0.0,32.0,0,74.0,0,111.0,0,train
2026-07-28 06:00:00+07:00,SKU-005,2.0,30.0,0,72.0,0,109.0,0,train
2026-07-28 07:00:00+07:00,SKU-005,3.0,27.0,0,70.0,0,108.0,0,train
2026-07-28 08:00:00+07:00,SKU-005,1.0,27.0,0,70.0,0,109.0,0,train
2026-07-28 09:00:00+07:00,SKU-005,0.0,27.0,0,71.0,0,113.0,0,train
2026-07-28 10:00:00+07:00,SKU-005,1.0,33.0,0,74.0,0,118.0,0,train
2026-07-28 11:00:00+07:00,SKU-005,4.0,31.0,0,73.0,0,118.0,0,train
2026-07-28 12:00:00+07:00,SKU-005,1.0,32.0,0,75.0,0,119.0,0,train
2026-07-28 13:00:00+07:00,SKU-005,1.0,33.0,0,75.0,0,118.0,0,train
2026-07-28 14:00:00+07:00,SKU-005,0.0,37.0,0,81.0,0,120.0,0,train
2026-07-28 15:00:00+07:00,SKU-005,1.0,40.0,0,81.0,0,124.0,0,train
2026-07-28 16:00:00+07:00,SKU-005,1.0,43.0,0,82.0,0,125.0,0,train
2026-07-28 17:00:00+07:00,SKU-005,0.0,46.0,0,85.0,0,127.0,0,train
2026-07-28 18:00:00+07:00,SKU-005,4.0,47.0,0,84.0,0,125.0,0,train
2026-07-28 19:00:00+07:00,SKU-005,0.0,48.0,0,87.0,0,132.0,0,train
2026-07-28 20:00:00+07:00,SKU-005,4.0,48.0,0,84.0,0,131.0,0,train
2026-07-28 21:00:00+07:00,SKU-005,3.0,48.0,0,81.0,0,134.0,0,train
2026-07-28 22:00:00+07:00,SKU-005,3.0,45.0,0,79.0,0,136.0,0,train
2026-07-28 23:00:00+07:00,SKU-005,0.0,45.0,0,81.0,0,139.0,0,train
2026-07-29 00:00:00+07:00,SKU-005,0.0,45.0,0,81.0,0,142.0,0,train
2026-07-29 01:00:00+07:00,SKU-005,1.0,44.0,0,80.0,0,141.0,0,train
2026-07-29 02:00:00+07:00,SKU-005,0.0,44.0,0,81.0,0,142.0,0,train
2026-07-29 03:00:00+07:00,SKU-005,0.0,44.0,0,81.0,0,142.0,0,train
2026-07-29 04:00:00+07:00,SKU-005,2.0,42.0,0,79.0,0,140.0,0,train
2026-07-29 05:00:00+07:00,SKU-005,0.0,42.0,0,79.0,0,140.0,0,train
2026-07-29 06:00:00+07:00,SKU-005,0.0,42.0,0,79.0,0,142.0,0,train
2026-07-29 07:00:00+07:00,SKU-005,0.0,43.0,0,81.0,0,147.0,0,train
2026-07-29 08:00:00+07:00,SKU-005,1.0,43.0,0,82.0,0,148.0,0,train
2026-07-29 09:00:00+07:00,SKU-005,0.0,44.0,0,86.0,0,150.0,0,train
2026-07-29 10:00:00+07:00,SKU-005,7.0,41.0,0,85.0,0,151.0,0,train
2026-07-29 11:00:00+07:00,SKU-005,2.0,42.0,0,87.0,0,156.0,0,train
2026-07-29 12:00:00+07:00,SKU-005,2.0,43.0,0,87.0,0,156.0,0,train
2026-07-29 13:00:00+07:00,SKU-005,2.0,42.0,0,85.0,0,157.0,0,train
2026-07-29 14:00:00+07:00,SKU-005,4.0,44.0,0,83.0,0,156.0,0,train
2026-07-29 15:00:00+07:00,SKU-005,4.0,41.0,0,84.0,0,158.0,0,train
2026-07-29 16:00:00+07:00,SKU-005,4.0,39.0,0,82.0,0,155.0,0,train
2026-07-29 17:00:00+07:00,SKU-005,3.0,39.0,0,81.0,0,156.0,0,train
2026-07-29 18:00:00+07:00,SKU-005,5.0,37.0,0,78.0,0,159.0,0,train
2026-07-29 19:00:00+07:00,SKU-005,1.0,39.0,0,84.0,0,164.0,0,train
2026-07-29 20:00:00+07:00,SKU-005,4.0,36.0,0,83.0,0,168.0,0,train
2026-07-29 21:00:00+07:00,SKU-005,3.0,33.0,0,86.0,0,170.0,0,train
2026-07-29 22:00:00+07:00,SKU-005,0.0,34.0,0,91.0,0,176.0,0,train
2026-07-29 23:00:00+07:00,SKU-005,0.0,36.0,0,94.0,0,178.0,0,train
2026-07-30 00:00:00+07:00,SKU-005,0.0,36.0,0,97.0,0,183.0,0,train
2026-07-30 01:00:00+07:00,SKU-005,0.0,36.0,0,97.0,0,184.0,0,train
2026-07-30 02:00:00+07:00,SKU-005,0.0,37.0,0,98.0,0,184.0,0,train
2026-07-30 03:00:00+07:00,SKU-005,0.0,37.0,0,98.0,0,184.0,0,train
2026-07-30 04:00:00+07:00,SKU-005,0.0,37.0,0,98.0,0,184.0,0,train
2026-07-30 05:00:00+07:00,SKU-005,0.0,37.0,0,98.0,0,184.0,0,train
2026-07-30 06:00:00+07:00,SKU-005,0.0,37.0,0,100.0,0,185.0,0,train
2026-07-30 07:00:00+07:00,SKU-005,1.0,38.0,0,104.0,0,189.0,0,train
2026-07-30 08:00:00+07:00,SKU-005,1.0,39.0,0,105.0,0,189.0,0,train
2026-07-30 09:00:00+07:00,SKU-005,1.0,42.0,0,106.0,0,192.0,0,train
2026-07-30 10:00:00+07:00,SKU-005,4.0,44.0,0,110.0,0,193.0,0,train
2026-07-30 11:00:00+07:00,SKU-005,3.0,45.0,0,114.0,0,191.0,0,train
2026-07-30 12:00:00+07:00,SKU-005,3.0,44.0,0,113.0,0,191.0,0,train
2026-07-30 13:00:00+07:00,SKU-005,1.0,43.0,0,115.0,0,190.0,0,train
2026-07-30 14:00:00+07:00,SKU-005,6.0,39.0,0,112.0,0,188.0,0,train
2026-07-30 15:00:00+07:00,SKU-005,1.0,43.0,0,117.0,0,189.0,0,train
2026-07-30 16:00:00+07:00,SKU-005,2.0,43.0,0,116.0,0,187.0,0,train
2026-07-30 17:00:00+07:00,SKU-005,3.0,42.0,0,117.0,0,189.0,0,train
2026-07-30 18:00:00+07:00,SKU-005,3.0,41.0,0,122.0,0,186.0,0,train
2026-07-30 19:00:00+07:00,SKU-005,3.0,45.0,0,125.0,0,185.0,0,train
2026-07-30 20:00:00+07:00,SKU-005,1.0,47.0,0,132.0,0,190.0,0,train
2026-07-30 21:00:00+07:00,SKU-005,0.0,53.0,0,137.0,0,194.0,0,train
2026-07-30 22:00:00+07:00,SKU-005,1.0,57.0,0,142.0,0,194.0,0,train
2026-07-30 23:00:00+07:00,SKU-005,2.0,58.0,0,142.0,0,192.0,0,train
2026-07-31 00:00:00+07:00,SKU-005,0.0,61.0,0,147.0,0,193.0,0,train
2026-07-31 01:00:00+07:00,SKU-005,0.0,61.0,0,148.0,0,194.0,0,train
2026-07-31 02:00:00+07:00,SKU-005,1.0,61.0,0,147.0,0,196.0,0,train
2026-07-31 03:00:00+07:00,SKU-005,0.0,61.0,0,147.0,0,196.0,0,train
2026-07-31 04:00:00+07:00,SKU-005,0.0,61.0,0,147.0,0,198.0,0,train
2026-07-31 05:00:00+07:00,SKU-005,0.0,61.0,0,147.0,0,198.0,0,train
2026-07-31 06:00:00+07:00,SKU-005,0.0,63.0,0,148.0,0,199.0,0,train
2026-07-31 07:00:00+07:00,SKU-005,2.0,66.0,0,151.0,0,199.0,0,train
2026-07-31 08:00:00+07:00,SKU-005,2.0,66.0,0,150.0,0,199.0,0,train
2026-07-31 09:00:00+07:00,SKU-005,4.0,64.0,0,150.0,0,200.0,0,train
2026-07-31 10:00:00+07:00,SKU-005,6.0,66.0,0,149.0,0,206.0,0,train
2026-07-31 11:00:00+07:00,SKU-005,4.0,69.0,0,146.0,0,205.0,0,train
2026-07-31 12:00:00+07:00,SKU-005,2.0,69.0,0,147.0,0,205.0,0,train
2026-07-31 13:00:00+07:00,SKU-005,0.0,72.0,0,147.0,0,208.0,0,train
2026-07-31 14:00:00+07:00,SKU-005,2.0,73.0,0,149.0,0,212.0,0,train
2026-07-31 15:00:00+07:00,SKU-005,5.0,74.0,0,146.0,0,207.0,0,train
2026-07-31 16:00:00+07:00,SKU-005,2.0,73.0,0,144.0,0,214.0,0,train
2026-07-31 17:00:00+07:00,SKU-005,2.0,75.0,0,147.0,0,215.0,0,train
2026-07-31 18:00:00+07:00,SKU-005,2.0,81.0,0,145.0,0,215.0,0,train
2026-07-31 19:00:00+07:00,SKU-005,7.0,80.0,0,140.0,0,213.0,0,train
2026-07-31 20:00:00+07:00,SKU-005,3.0,85.0,0,143.0,0,214.0,0,train
2026-07-31 21:00:00+07:00,SKU-005,6.0,84.0,0,141.0,0,211.0,0,train
2026-07-31 22:00:00+07:00,SKU-005,5.0,85.0,0,137.0,0,210.0,0,train
2026-07-31 23:00:00+07:00,SKU-005,3.0,84.0,0,134.0,0,208.0,0,train
2026-08-01 00:00:00+07:00,SKU-005,3.0,86.0,0,132.0,0,205.0,0,train
2026-08-01 01:00:00+07:00,SKU-005,0.0,87.0,0,133.0,0,206.0,0,train
2026-08-01 02:00:00+07:00,SKU-005,1.0,86.0,0,135.0,0,205.0,0,train
2026-08-01 03:00:00+07:00,SKU-005,0.0,86.0,0,135.0,0,205.0,0,train
2026-08-01 04:00:00+07:00,SKU-005,0.0,86.0,0,137.0,0,205.0,0,train
2026-08-01 05:00:00+07:00,SKU-005,0.0,86.0,0,137.0,0,205.0,0,train
2026-08-01 06:00:00+07:00,SKU-005,2.0,85.0,0,136.0,0,204.0,0,train
2026-08-01 07:00:00+07:00,SKU-005,5.0,85.0,0,133.0,0,200.0,0,train
2026-08-01 08:00:00+07:00,SKU-005,2.0,84.0,0,133.0,0,198.0,0,train
2026-08-01 09:00:00+07:00,SKU-005,2.0,86.0,0,136.0,0,197.0,0,train
2026-08-01 10:00:00+07:00,SKU-005,8.0,83.0,0,140.0,0,189.0,0,train
2026-08-01 11:00:00+07:00,SKU-005,7.0,77.0,0,136.0,0,186.0,0,train
2026-08-01 12:00:00+07:00,SKU-005,2.0,78.0,0,136.0,0,188.0,0,train
2026-08-01 13:00:00+07:00,SKU-005,3.0,75.0,0,136.0,0,188.0,0,train
2026-08-01 14:00:00+07:00,SKU-005,3.0,76.0,0,139.0,0,188.0,0,train
2026-08-01 15:00:00+07:00,SKU-005,6.0,72.0,0,133.0,0,184.0,0,train
2026-08-01 16:00:00+07:00,SKU-005,1.0,71.0,0,141.0,0,185.0,0,train
2026-08-01 17:00:00+07:00,SKU-005,4.0,72.0,0,140.0,0,184.0,0,train
2026-08-01 18:00:00+07:00,SKU-005,8.0,64.0,0,134.0,0,180.0,0,train
2026-08-01 19:00:00+07:00,SKU-005,6.0,60.0,0,133.0,0,174.0,0,train
2026-08-01 20:00:00+07:00,SKU-005,8.0,58.0,0,129.0,0,170.0,0,train
2026-08-01 21:00:00+07:00,SKU-005,5.0,57.0,0,127.0,0,167.0,0,train
2026-08-01 22:00:00+07:00,SKU-005,6.0,52.0,0,125.0,0,162.0,0,train
2026-08-01 23:00:00+07:00,SKU-005,2.0,50.0,0,124.0,0,165.0,0,train
2026-08-02 00:00:00+07:00,SKU-005,5.0,46.0,0,119.0,0,161.0,0,train
2026-08-02 01:00:00+07:00,SKU-005,1.0,46.0,0,119.0,0,161.0,0,train
2026-08-02 02:00:00+07:00,SKU-005,0.0,49.0,0,119.0,0,161.0,0,train
2026-08-02 03:00:00+07:00,SKU-005,0.0,49.0,0,119.0,0,163.0,0,train
2026-08-02 04:00:00+07:00,SKU-005,0.0,51.0,0,119.0,0,165.0,0,train
2026-08-02 05:00:00+07:00,SKU-005,0.0,51.0,0,119.0,0,165.0,0,train
2026-08-02 06:00:00+07:00,SKU-005,1.0,51.0,0,119.0,0,166.0,0,train
2026-08-02 07:00:00+07:00,SKU-005,5.0,48.0,0,115.0,0,165.0,0,train
2026-08-02 08:00:00+07:00,SKU-005,1.0,49.0,0,114.0,0,169.0,0,train
2026-08-02 09:00:00+07:00,SKU-005,4.0,50.0,0,111.0,0,167.0,0,train
2026-08-02 10:00:00+07:00,SKU-005,5.0,57.0,0,106.0,0,167.0,0,train
2026-08-02 11:00:00+07:00,SKU-005,1.0,59.0,0,109.0,0,168.0,0,train
2026-08-02 12:00:00+07:00,SKU-005,3.0,58.0,0,110.0,0,165.0,0,train
2026-08-02 13:00:00+07:00,SKU-005,0.0,61.0,0,113.0,0,171.0,0,train
2026-08-02 14:00:00+07:00,SKU-005,4.0,63.0,0,112.0,0,171.0,0,train
2026-08-02 15:00:00+07:00,SKU-005,2.0,61.0,0,112.0,0,172.0,0,train
2026-08-02 16:00:00+07:00,SKU-005,0.0,70.0,0,114.0,0,179.0,0,train
2026-08-02 17:00:00+07:00,SKU-005,5.0,68.0,0,112.0,0,176.0,0,train
2026-08-02 18:00:00+07:00,SKU-005,0.0,70.0,0,116.0,0,180.0,0,train
2026-08-02 19:00:00+07:00,SKU-005,2.0,73.0,0,114.0,0,181.0,0,train
2026-08-02 20:00:00+07:00,SKU-005,6.0,71.0,0,112.0,0,177.0,0,train
2026-08-02 21:00:00+07:00,SKU-005,4.0,70.0,0,110.0,0,174.0,0,train
2026-08-02 22:00:00+07:00,SKU-005,1.0,73.0,0,110.0,0,176.0,0,train
2026-08-02 23:00:00+07:00,SKU-005,0.0,74.0,0,115.0,0,176.0,0,train
2026-08-03 00:00:00+07:00,SKU-005,1.0,73.0,0,115.0,0,175.0,0,train
2026-08-03 01:00:00+07:00,SKU-005,1.0,73.0,0,115.0,0,174.0,0,train
2026-08-03 02:00:00+07:00,SKU-005,3.0,70.0,0,112.0,0,171.0,0,train
2026-08-03 03:00:00+07:00,SKU-005,0.0,70.0,0,114.0,0,172.0,0,train
2026-08-03 04:00:00+07:00,SKU-005,2.0,68.0,0,114.0,0,170.0,0,train
2026-08-03 05:00:00+07:00,SKU-005,0.0,68.0,0,114.0,0,170.0,0,train
2026-08-03 06:00:00+07:00,SKU-005,1.0,68.0,0,115.0,0,171.0,0,train
2026-08-03 07:00:00+07:00,SKU-005,2.0,67.0,0,117.0,0,171.0,0,train
2026-08-03 08:00:00+07:00,SKU-005,2.0,65.0,0,120.0,0,173.0,0,train
2026-08-03 09:00:00+07:00,SKU-005,5.0,61.0,0,117.0,0,172.0,0,train
2026-08-03 10:00:00+07:00,SKU-005,12.0,49.0,0,110.0,0,163.0,0,train
2026-08-03 11:00:00+07:00,SKU-005,3.0,50.0,0,109.0,0,160.0,0,train
2026-08-03 12:00:00+07:00,SKU-005,2.0,52.0,0,107.0,0,160.0,0,train
2026-08-03 13:00:00+07:00,SKU-005,3.0,52.0,0,110.0,0,161.0,0,train
2026-08-03 14:00:00+07:00,SKU-005,6.0,49.0,0,108.0,0,164.0,0,train
2026-08-03 15:00:00+07:00,SKU-005,0.0,51.0,0,111.0,0,168.0,0,train
2026-08-03 16:00:00+07:00,SKU-005,9.0,44.0,0,109.0,0,161.0,0,train
2026-08-03 17:00:00+07:00,SKU-005,3.0,44.0,0,108.0,0,163.0,0,train
2026-08-03 18:00:00+07:00,SKU-005,2.0,46.0,0,110.0,0,162.0,0,train
2026-08-03 19:00:00+07:00,SKU-005,5.0,41.0,0,108.0,0,163.0,0,train
2026-08-03 20:00:00+07:00,SKU-005,4.0,41.0,0,106.0,0,166.0,0,train
2026-08-03 21:00:00+07:00,SKU-005,3.0,40.0,0,104.0,0,168.0,0,train
2026-08-03 22:00:00+07:00,SKU-005,4.0,37.0,0,103.0,0,164.0,0,train
2026-08-03 23:00:00+07:00,SKU-005,1.0,41.0,0,102.0,0,165.0,0,train
2026-08-04 00:00:00+07:00,SKU-005,0.0,42.0,0,102.0,0,168.0,0,train
2026-08-04 01:00:00+07:00,SKU-005,1.0,42.0,0,101.0,0,167.0,0,train
2026-08-04 02:00:00+07:00,SKU-005,0.0,42.0,0,101.0,0,167.0,0,train
2026-08-04 03:00:00+07:00,SKU-005,0.0,44.0,0,102.0,0,167.0,0,train
2026-08-04 04:00:00+07:00,SKU-005,0.0,46.0,0,102.0,0,170.0,0,train
2026-08-04 05:00:00+07:00,SKU-005,0.0,46.0,0,102.0,0,170.0,0,train
2026-08-04 06:00:00+07:00,SKU-005,1.0,47.0,0,103.0,0,170.0,0,train
2026-08-04 07:00:00+07:00,SKU-005,1.0,50.0,0,104.0,0,170.0,0,train
2026-08-04 08:00:00+07:00,SKU-005,0.0,55.0,0,108.0,0,170.0,0,train
2026-08-04 09:00:00+07:00,SKU-005,1.0,56.0,0,111.0,0,170.0,0,train
2026-08-04 10:00:00+07:00,SKU-005,0.0,61.0,0,114.0,0,174.0,0,train
2026-08-04 11:00:00+07:00,SKU-005,4.0,59.0,0,110.0,0,171.0,0,train
2026-08-04 12:00:00+07:00,SKU-005,4.0,55.0,0,108.0,0,171.0,0,train
2026-08-04 13:00:00+07:00,SKU-005,3.0,58.0,0,109.0,0,177.0,0,train
2026-08-04 14:00:00+07:00,SKU-005,3.0,59.0,0,115.0,0,175.0,0,train
2026-08-04 15:00:00+07:00,SKU-005,2.0,60.0,0,117.0,0,175.0,0,train
2026-08-04 16:00:00+07:00,SKU-005,2.0,65.0,0,117.0,0,177.0,0,train
2026-08-04 17:00:00+07:00,SKU-005,3.0,64.0,0,119.0,0,177.0,0,train
2026-08-04 18:00:00+07:00,SKU-005,4.0,64.0,0,116.0,0,177.0,0,train
2026-08-04 19:00:00+07:00,SKU-005,0.0,67.0,0,122.0,0,179.0,0,train
2026-08-04 20:00:00+07:00,SKU-005,4.0,65.0,0,125.0,0,180.0,0,train
2026-08-04 21:00:00+07:00,SKU-005,2.0,64.0,0,128.0,0,182.0,0,train
2026-08-04 22:00:00+07:00,SKU-005,1.0,66.0,0,127.0,0,182.0,0,train
2026-08-04 23:00:00+07:00,SKU-005,5.0,61.0,0,124.0,0,178.0,0,train
2026-08-05 00:00:00+07:00,SKU-005,1.0,60.0,0,126.0,0,179.0,0,train
2026-08-05 01:00:00+07:00,SKU-005,1.0,59.0,0,125.0,0,181.0,0,train
2026-08-05 02:00:00+07:00,SKU-005,0.0,59.0,0,125.0,0,181.0,0,train
2026-08-05 03:00:00+07:00,SKU-005,2.0,58.0,0,123.0,0,181.0,0,train
2026-08-05 04:00:00+07:00,SKU-005,2.0,56.0,0,124.0,0,183.0,0,train
2026-08-05 05:00:00+07:00,SKU-005,0.0,56.0,0,124.0,0,183.0,0,train
2026-08-05 06:00:00+07:00,SKU-005,2.0,56.0,0,123.0,0,183.0,0,train
2026-08-05 07:00:00+07:00,SKU-005,4.0,54.0,0,120.0,0,180.0,0,train
2026-08-05 08:00:00+07:00,SKU-005,5.0,53.0,0,115.0,0,182.0,0,train
2026-08-05 09:00:00+07:00,SKU-005,2.0,55.0,0,114.0,0,181.0,0,train
2026-08-05 10:00:00+07:00,SKU-005,5.0,53.0,0,113.0,0,179.0,0,train
2026-08-05 11:00:00+07:00,SKU-005,2.0,51.0,0,112.0,0,182.0,0,train
2026-08-05 12:00:00+07:00,SKU-005,0.0,53.0,0,116.0,0,182.0,0,train
2026-08-05 13:00:00+07:00,SKU-005,6.0,51.0,0,119.0,0,182.0,0,train
2026-08-05 14:00:00+07:00,SKU-005,4.0,56.0,0,116.0,0,180.0,0,train
2026-08-05 15:00:00+07:00,SKU-005,3.0,57.0,0,115.0,0,185.0,0,train
2026-08-05 16:00:00+07:00,SKU-005,7.0,52.0,0,112.0,0,180.0,0,train
2026-08-05 17:00:00+07:00,SKU-005,2.0,55.0,0,113.0,0,183.0,0,train
2026-08-05 18:00:00+07:00,SKU-005,4.0,52.0,0,113.0,0,181.0,0,train
2026-08-05 19:00:00+07:00,SKU-005,3.0,55.0,0,112.0,0,181.0,0,train
2026-08-05 20:00:00+07:00,SKU-005,2.0,60.0,0,115.0,0,181.0,0,train
2026-08-05 21:00:00+07:00,SKU-005,1.0,64.0,0,118.0,0,186.0,0,train
2026-08-05 22:00:00+07:00,SKU-005,3.0,61.0,0,116.0,0,196.0,0,train
2026-08-05 23:00:00+07:00,SKU-005,0.0,63.0,0,117.0,0,197.0,0,train
2026-08-06 00:00:00+07:00,SKU-005,0.0,66.0,0,119.0,0,199.0,0,train
2026-08-06 01:00:00+07:00,SKU-005,0.0,66.0,0,122.0,0,199.0,0,train
2026-08-06 02:00:00+07:00,SKU-005,0.0,66.0,0,122.0,0,199.0,0,train
2026-08-06 03:00:00+07:00,SKU-005,1.0,65.0,0,123.0,0,198.0,0,train
2026-08-06 04:00:00+07:00,SKU-005,0.0,68.0,0,127.0,0,199.0,0,train
2026-08-06 05:00:00+07:00,SKU-005,0.0,68.0,0,127.0,0,199.0,0,train
2026-08-06 06:00:00+07:00,SKU-005,2.0,67.0,0,127.0,0,197.0,0,train
2026-08-06 07:00:00+07:00,SKU-005,2.0,66.0,0,126.0,0,196.0,0,train
2026-08-06 08:00:00+07:00,SKU-005,4.0,62.0,0,129.0,0,193.0,0,train
2026-08-06 09:00:00+07:00,SKU-005,4.0,59.0,0,126.0,0,191.0,0,train
2026-08-06 10:00:00+07:00,SKU-005,3.0,60.0,0,126.0,0,192.0,0,train
2026-08-06 11:00:00+07:00,SKU-005,0.0,61.0,0,131.0,0,194.0,0,train
2026-08-06 12:00:00+07:00,SKU-005,2.0,63.0,0,129.0,0,197.0,0,train
2026-08-06 13:00:00+07:00,SKU-005,4.0,68.0,0,131.0,0,193.0,0,train
2026-08-06 14:00:00+07:00,SKU-005,9.0,60.0,0,124.0,0,187.0,0,train
2026-08-06 15:00:00+07:00,SKU-005,4.0,58.0,0,128.0,0,185.0,0,train
2026-08-06 16:00:00+07:00,SKU-005,2.0,60.0,0,128.0,0,190.0,0,train
2026-08-06 17:00:00+07:00,SKU-005,5.0,58.0,0,128.0,0,188.0,0,train
2026-08-06 18:00:00+07:00,SKU-005,1.0,61.0,0,129.0,0,189.0,0,train
2026-08-06 19:00:00+07:00,SKU-005,6.0,57.0,0,126.0,0,183.0,0,train
2026-08-06 20:00:00+07:00,SKU-005,7.0,55.0,0,121.0,0,179.0,0,train
2026-08-06 21:00:00+07:00,SKU-005,5.0,54.0,0,122.0,0,179.0,0,train
2026-08-06 22:00:00+07:00,SKU-005,0.0,55.0,0,135.0,0,182.0,0,train
2026-08-06 23:00:00+07:00,SKU-005,2.0,54.0,0,134.0,0,180.0,0,train
2026-08-07 00:00:00+07:00,SKU-005,3.0,53.0,0,133.0,0,177.0,0,train
2026-08-07 01:00:00+07:00,SKU-005,0.0,56.0,0,133.0,0,178.0,0,train
2026-08-07 02:00:00+07:00,SKU-005,0.0,56.0,0,133.0,0,178.0,0,train
2026-08-07 03:00:00+07:00,SKU-005,0.0,58.0,0,133.0,0,179.0,0,train
2026-08-07 04:00:00+07:00,SKU-005,3.0,59.0,0,131.0,0,176.0,0,train
2026-08-07 05:00:00+07:00,SKU-005,0.0,59.0,0,131.0,0,177.0,0,train
2026-08-07 06:00:00+07:00,SKU-005,1.0,60.0,0,130.0,0,176.0,0,train
2026-08-07 07:00:00+07:00,SKU-005,1.0,60.0,0,130.0,0,175.0,0,train
2026-08-07 08:00:00+07:00,SKU-005,0.0,67.0,0,131.0,0,179.0,0,train
2026-08-07 09:00:00+07:00,SKU-005,1.0,67.0,0,132.0,0,183.0,0,train
2026-08-07 10:00:00+07:00,SKU-005,4.0,66.0,0,132.0,0,191.0,0,train
2026-08-07 11:00:00+07:00,SKU-005,1.0,70.0,0,133.0,0,195.0,0,train
2026-08-07 12:00:00+07:00,SKU-005,4.0,66.0,0,134.0,0,191.0,0,train
2026-08-07 13:00:00+07:00,SKU-005,9.0,63.0,0,125.0,0,182.0,0,train
2026-08-07 14:00:00+07:00,SKU-005,1.0,64.0,0,127.0,0,183.0,0,train
2026-08-07 15:00:00+07:00,SKU-005,2.0,70.0,0,127.0,0,184.0,0,train
2026-08-07 16:00:00+07:00,SKU-005,4.0,68.0,0,130.0,0,180.0,0,train
2026-08-07 17:00:00+07:00,SKU-005,3.0,70.0,0,130.0,0,180.0,0,train
2026-08-07 18:00:00+07:00,SKU-005,4.0,68.0,0,128.0,0,182.0,0,train
2026-08-07 19:00:00+07:00,SKU-005,2.0,69.0,0,126.0,0,183.0,0,train
2026-08-07 20:00:00+07:00,SKU-005,5.0,66.0,0,124.0,0,185.0,0,train
2026-08-07 21:00:00+07:00,SKU-005,4.0,68.0,0,125.0,0,183.0,0,train
2026-08-07 22:00:00+07:00,SKU-005,1.0,80.0,0,127.0,0,185.0,0,train
2026-08-07 23:00:00+07:00,SKU-005,1.0,80.0,0,126.0,0,185.0,0,train
2026-08-08 00:00:00+07:00,SKU-005,2.0,80.0,0,124.0,0,183.0,0,train
2026-08-08 01:00:00+07:00,SKU-005,3.0,77.0,0,122.0,0,180.0,0,train
2026-08-08 02:00:00+07:00,SKU-005,0.0,77.0,0,122.0,0,180.0,0,train
2026-08-08 03:00:00+07:00,SKU-005,2.0,75.0,0,121.0,0,178.0,0,train
2026-08-08 04:00:00+07:00,SKU-005,4.0,72.0,0,117.0,0,174.0,0,train
2026-08-08 05:00:00+07:00,SKU-005,0.0,72.0,0,118.0,0,174.0,0,train
2026-08-08 06:00:00+07:00,SKU-005,2.0,70.0,0,116.0,0,172.0,0,train
2026-08-08 07:00:00+07:00,SKU-005,1.0,70.0,0,115.0,0,172.0,0,train
2026-08-08 08:00:00+07:00,SKU-005,7.0,64.0,0,112.0,0,173.0,0,train
2026-08-08 09:00:00+07:00,SKU-005,1.0,65.0,0,116.0,0,176.0,0,train
2026-08-08 10:00:00+07:00,SKU-005,3.0,66.0,0,125.0,0,176.0,0,train
2026-08-08 11:00:00+07:00,SKU-005,5.0,63.0,0,125.0,0,174.0,0,train
2026-08-08 12:00:00+07:00,SKU-005,0.0,68.0,0,125.0,0,175.0,0,train
2026-08-08 13:00:00+07:00,SKU-005,6.0,62.0,0,119.0,0,170.0,0,train
2026-08-08 14:00:00+07:00,SKU-005,2.0,63.0,0,119.0,0,175.0,0,train
2026-08-08 15:00:00+07:00,SKU-005,8.0,57.0,0,114.0,0,169.0,0,train
2026-08-08 16:00:00+07:00,SKU-005,2.0,62.0,0,112.0,0,167.0,0,train
2026-08-08 17:00:00+07:00,SKU-005,5.0,60.0,0,110.0,0,163.0,0,train
2026-08-08 18:00:00+07:00,SKU-005,2.0,60.0,0,114.0,0,166.0,0,train
2026-08-08 19:00:00+07:00,SKU-005,3.0,57.0,0,114.0,0,167.0,0,train
2026-08-08 20:00:00+07:00,SKU-005,2.0,58.0,0,119.0,0,169.0,0,train
2026-08-08 21:00:00+07:00,SKU-005,6.0,57.0,0,115.0,0,165.0,0,train
2026-08-08 22:00:00+07:00,SKU-005,13.0,47.0,0,105.0,0,154.0,0,train
2026-08-08 23:00:00+07:00,SKU-005,1.0,46.0,0,105.0,0,155.0,0,train
2026-08-09 00:00:00+07:00,SKU-005,2.0,44.0,0,103.0,0,154.0,0,train
2026-08-09 01:00:00+07:00,SKU-005,0.0,45.0,0,103.0,0,154.0,0,train
2026-08-09 02:00:00+07:00,SKU-005,0.0,45.0,0,103.0,0,154.0,0,train
2026-08-09 03:00:00+07:00,SKU-005,0.0,46.0,0,103.0,0,155.0,0,train
2026-08-09 04:00:00+07:00,SKU-005,1.0,45.0,0,102.0,0,154.0,0,train
2026-08-09 05:00:00+07:00,SKU-005,0.0,46.0,0,102.0,0,154.0,0,train
2026-08-09 06:00:00+07:00,SKU-005,0.0,46.0,0,102.0,0,155.0,0,train
2026-08-09 07:00:00+07:00,SKU-005,1.0,45.0,0,102.0,0,155.0,0,train
2026-08-09 08:00:00+07:00,SKU-005,1.0,48.0,0,109.0,0,159.0,0,train
2026-08-09 09:00:00+07:00,SKU-005,2.0,51.0,0,111.0,0,158.0,0,train
2026-08-09 10:00:00+07:00,SKU-005,4.0,59.0,0,110.0,0,157.0,0,train
2026-08-09 11:00:00+07:00,SKU-005,2.0,62.0,0,111.0,0,157.0,0,train
2026-08-09 12:00:00+07:00,SKU-005,5.0,57.0,0,107.0,0,155.0,0,train
2026-08-09 13:00:00+07:00,SKU-005,0.0,57.0,0,108.0,0,157.0,0,train
2026-08-09 14:00:00+07:00,SKU-005,3.0,56.0,0,112.0,0,156.0,0,train
2026-08-09 15:00:00+07:00,SKU-005,2.0,57.0,0,112.0,0,154.0,0,train
2026-08-09 16:00:00+07:00,SKU-005,7.0,50.0,0,105.0,0,151.0,0,train
2026-08-09 17:00:00+07:00,SKU-005,3.0,50.0,0,103.0,0,156.0,0,train
2026-08-09 18:00:00+07:00,SKU-005,2.0,54.0,0,106.0,0,155.0,0,train
2026-08-09 19:00:00+07:00,SKU-005,0.0,57.0,0,110.0,0,156.0,0,train
2026-08-09 20:00:00+07:00,SKU-005,3.0,61.0,0,111.0,0,159.0,0,train
2026-08-09 21:00:00+07:00,SKU-005,5.0,58.0,0,108.0,0,156.0,0,train
2026-08-09 22:00:00+07:00,SKU-005,3.0,58.0,0,107.0,0,155.0,0,train
2026-08-09 23:00:00+07:00,SKU-005,0.0,59.0,0,109.0,0,155.0,0,train
2026-08-10 00:00:00+07:00,SKU-005,0.0,59.0,0,110.0,0,155.0,0,train
2026-08-10 01:00:00+07:00,SKU-005,1.0,58.0,0,109.0,0,154.0,0,train
2026-08-10 02:00:00+07:00,SKU-005,0.0,58.0,0,109.0,0,155.0,0,train
2026-08-10 03:00:00+07:00,SKU-005,1.0,57.0,0,109.0,0,154.0,0,train
2026-08-10 04:00:00+07:00,SKU-005,0.0,57.0,0,109.0,0,154.0,0,train
2026-08-10 05:00:00+07:00,SKU-005,1.0,56.0,0,108.0,0,153.0,0,train
2026-08-10 06:00:00+07:00,SKU-005,0.0,56.0,0,109.0,0,154.0,0,train
2026-08-10 07:00:00+07:00,SKU-005,0.0,57.0,0,110.0,0,154.0,0,train
2026-08-10 08:00:00+07:00,SKU-005,4.0,61.0,0,111.0,0,153.0,0,train
2026-08-10 09:00:00+07:00,SKU-005,5.0,60.0,0,107.0,0,150.0,0,train
2026-08-10 10:00:00+07:00,SKU-005,12.0,51.0,0,98.0,0,138.0,0,train
2026-08-10 11:00:00+07:00,SKU-005,5.0,49.0,0,95.0,0,134.0,0,train
2026-08-10 12:00:00+07:00,SKU-005,0.0,50.0,0,98.0,0,135.0,0,train
2026-08-10 13:00:00+07:00,SKU-005,0.0,51.0,0,100.0,0,137.0,0,train
2026-08-10 14:00:00+07:00,SKU-005,2.0,56.0,0,100.0,0,137.0,0,train
2026-08-10 15:00:00+07:00,SKU-005,3.0,55.0,0,97.0,0,137.0,0,train
2026-08-10 16:00:00+07:00,SKU-005,0.0,55.0,0,101.0,0,141.0,0,train
2026-08-10 17:00:00+07:00,SKU-005,3.0,53.0,0,106.0,0,143.0,0,train
2026-08-10 18:00:00+07:00,SKU-005,6.0,52.0,0,101.0,0,141.0,0,train
2026-08-10 19:00:00+07:00,SKU-005,3.0,53.0,0,99.0,0,146.0,0,train
2026-08-10 20:00:00+07:00,SKU-005,7.0,50.0,0,98.0,0,141.0,0,train
2026-08-10 21:00:00+07:00,SKU-005,2.0,50.0,0,98.0,0,140.0,0,train
2026-08-10 22:00:00+07:00,SKU-005,3.0,49.0,0,97.0,0,140.0,0,train
2026-08-10 23:00:00+07:00,SKU-005,1.0,50.0,0,96.0,0,139.0,0,train
2026-08-11 00:00:00+07:00,SKU-005,0.0,51.0,0,96.0,0,139.0,0,train
2026-08-11 01:00:00+07:00,SKU-005,0.0,51.0,0,96.0,0,140.0,0,train
2026-08-11 02:00:00+07:00,SKU-005,0.0,51.0,0,97.0,0,141.0,0,train
2026-08-11 03:00:00+07:00,SKU-005,0.0,52.0,0,97.0,0,142.0,0,train
2026-08-11 04:00:00+07:00,SKU-005,0.0,52.0,0,97.0,0,142.0,0,train
2026-08-11 05:00:00+07:00,SKU-005,0.0,52.0,0,97.0,0,142.0,0,train
2026-08-11 06:00:00+07:00,SKU-005,0.0,53.0,0,98.0,0,145.0,0,train
2026-08-11 07:00:00+07:00,SKU-005,1.0,53.0,0,97.0,0,145.0,0,train
2026-08-11 08:00:00+07:00,SKU-005,8.0,50.0,0,92.0,0,142.0,0,train
2026-08-11 09:00:00+07:00,SKU-005,4.0,47.0,0,90.0,0,139.0,0,train
2026-08-11 10:00:00+07:00,SKU-005,3.0,47.0,0,87.0,0,138.0,0,train
2026-08-11 11:00:00+07:00,SKU-005,3.0,46.0,0,85.0,0,141.0,0,train
2026-08-11 12:00:00+07:00,SKU-005,1.0,48.0,0,85.0,0,146.0,0,train
2026-08-11 13:00:00+07:00,SKU-005,1.0,49.0,0,86.0,0,149.0,0,train
2026-08-11 14:00:00+07:00,SKU-005,7.0,44.0,0,81.0,0,147.0,0,train
2026-08-11 15:00:00+07:00,SKU-005,2.0,42.0,0,82.0,0,150.0,0,train
2026-08-11 16:00:00+07:00,SKU-005,0.0,46.0,0,86.0,0,156.0,0,train
2026-08-11 17:00:00+07:00,SKU-005,1.0,53.0,0,90.0,0,161.0,0,train
2026-08-11 18:00:00+07:00,SKU-005,5.0,49.0,0,89.0,0,158.0,0,train
2026-08-11 19:00:00+07:00,SKU-005,4.0,46.0,0,93.0,0,159.0,0,train
2026-08-11 20:00:00+07:00,SKU-005,4.0,48.0,0,91.0,0,157.0,0,train
2026-08-11 21:00:00+07:00,SKU-005,2.0,48.0,0,90.0,0,158.0,0,train
2026-08-11 22:00:00+07:00,SKU-005,2.0,48.0,0,91.0,0,160.0,0,train
2026-08-11 23:00:00+07:00,SKU-005,2.0,46.0,0,89.0,0,158.0,0,train
2026-08-12 00:00:00+07:00,SKU-005,1.0,45.0,0,88.0,0,159.0,0,train
2026-08-12 01:00:00+07:00,SKU-005,0.0,45.0,0,89.0,0,161.0,0,train
2026-08-12 02:00:00+07:00,SKU-005,0.0,46.0,0,90.0,0,163.0,0,train
2026-08-12 03:00:00+07:00,SKU-005,1.0,45.0,0,90.0,0,162.0,0,train
2026-08-12 04:00:00+07:00,SKU-005,0.0,45.0,0,90.0,0,162.0,0,train
2026-08-12 05:00:00+07:00,SKU-005,0.0,45.0,0,90.0,0,162.0,0,train
2026-08-12 06:00:00+07:00,SKU-005,1.0,45.0,0,92.0,0,161.0,0,train
2026-08-12 07:00:00+07:00,SKU-005,1.0,44.0,0,92.0,0,167.0,0,train
2026-08-12 08:00:00+07:00,SKU-005,5.0,42.0,0,92.0,0,163.0,0,train
2026-08-12 09:00:00+07:00,SKU-005,1.0,43.0,0,92.0,0,164.0,0,train
2026-08-12 10:00:00+07:00,SKU-005,3.0,40.0,0,91.0,0,165.0,0,train
2026-08-12 11:00:00+07:00,SKU-005,2.0,39.0,0,95.0,0,165.0,0,train
2026-08-12 12:00:00+07:00,SKU-005,3.0,37.0,0,98.0,0,172.0,0,train
2026-08-12 13:00:00+07:00,SKU-005,2.0,37.0,0,100.0,0,173.0,0,train
2026-08-12 14:00:00+07:00,SKU-005,2.0,37.0,0,103.0,0,173.0,0,train
2026-08-12 15:00:00+07:00,SKU-005,0.0,40.0,0,108.0,0,178.0,0,train
2026-08-12 16:00:00+07:00,SKU-005,4.0,40.0,0,110.0,0,177.0,0,train
2026-08-12 17:00:00+07:00,SKU-005,8.0,37.0,0,108.0,0,174.0,0,train
2026-08-12 18:00:00+07:00,SKU-005,1.0,40.0,0,109.0,0,178.0,0,train
2026-08-12 19:00:00+07:00,SKU-005,1.0,47.0,0,113.0,0,183.0,0,train
2026-08-12 20:00:00+07:00,SKU-005,6.0,43.0,0,109.0,0,183.0,0,train
2026-08-12 21:00:00+07:00,SKU-005,2.0,42.0,0,110.0,0,185.0,0,train
2026-08-12 22:00:00+07:00,SKU-005,2.0,43.0,0,112.0,0,187.0,0,train
2026-08-12 23:00:00+07:00,SKU-005,0.0,43.0,0,112.0,0,189.0,0,train
2026-08-13 00:00:00+07:00,SKU-005,0.0,43.0,0,114.0,0,191.0,0,train
2026-08-13 01:00:00+07:00,SKU-005,0.0,44.0,0,116.0,0,191.0,0,train
2026-08-13 02:00:00+07:00,SKU-005,1.0,44.0,0,117.0,0,190.0,0,train
2026-08-13 03:00:00+07:00,SKU-005,0.0,45.0,0,117.0,0,191.0,0,train
2026-08-13 04:00:00+07:00,SKU-005,0.0,45.0,0,117.0,0,191.0,0,train
2026-08-13 05:00:00+07:00,SKU-005,0.0,45.0,0,117.0,0,192.0,0,train
2026-08-13 06:00:00+07:00,SKU-005,1.0,47.0,0,116.0,0,191.0,0,train
2026-08-13 07:00:00+07:00,SKU-005,0.0,48.0,0,123.0,0,193.0,0,train
2026-08-13 08:00:00+07:00,SKU-005,3.0,50.0,0,121.0,0,191.0,0,train
2026-08-13 09:00:00+07:00,SKU-005,2.0,49.0,0,121.0,0,191.0,0,train
2026-08-13 10:00:00+07:00,SKU-005,0.0,51.0,0,125.0,0,195.0,0,train
2026-08-13 11:00:00+07:00,SKU-005,1.0,56.0,0,126.0,0,200.0,0,train
2026-08-13 12:00:00+07:00,SKU-005,1.0,61.0,0,135.0,0,199.0,0,train
2026-08-13 13:00:00+07:00,SKU-005,2.0,63.0,0,136.0,0,200.0,0,train
2026-08-13 14:00:00+07:00,SKU-005,2.0,66.0,0,136.0,0,207.0,0,train
2026-08-13 15:00:00+07:00,SKU-005,3.0,68.0,0,138.0,0,212.0,0,train
2026-08-13 16:00:00+07:00,SKU-005,4.0,70.0,0,137.0,0,211.0,0,train
2026-08-13 17:00:00+07:00,SKU-005,5.0,71.0,0,137.0,0,210.0,0,train
2026-08-13 18:00:00+07:00,SKU-005,4.0,69.0,0,138.0,0,210.0,0,train
2026-08-13 19:00:00+07:00,SKU-005,8.0,66.0,0,136.0,0,210.0,0,train
2026-08-13 20:00:00+07:00,SKU-005,2.0,66.0,0,140.0,0,210.0,0,train
2026-08-13 21:00:00+07:00,SKU-005,1.0,68.0,0,143.0,0,212.0,0,train
2026-08-13 22:00:00+07:00,SKU-005,3.0,69.0,0,144.0,0,217.0,0,train
2026-08-13 23:00:00+07:00,SKU-005,0.0,69.0,0,146.0,0,221.0,0,train
2026-08-14 00:00:00+07:00,SKU-005,0.0,71.0,0,148.0,0,223.0,0,train
2026-08-14 01:00:00+07:00,SKU-005,1.0,72.0,0,147.0,0,222.0,0,train
2026-08-14 02:00:00+07:00,SKU-005,1.0,73.0,0,146.0,0,221.0,0,train
2026-08-14 03:00:00+07:00,SKU-005,1.0,72.0,0,146.0,0,220.0,0,train
2026-08-14 04:00:00+07:00,SKU-005,0.0,72.0,0,146.0,0,221.0,0,train
2026-08-14 05:00:00+07:00,SKU-005,0.0,72.0,0,147.0,0,221.0,0,train
2026-08-14 06:00:00+07:00,SKU-005,3.0,69.0,0,144.0,0,220.0,0,train
2026-08-14 07:00:00+07:00,SKU-005,1.0,75.0,0,145.0,0,222.0,0,train
2026-08-14 08:00:00+07:00,SKU-005,5.0,71.0,0,141.0,0,221.0,0,train
2026-08-14 09:00:00+07:00,SKU-005,1.0,72.0,0,142.0,0,223.0,0,train
2026-08-14 10:00:00+07:00,SKU-005,2.0,74.0,0,144.0,0,223.0,0,train
2026-08-14 11:00:00+07:00,SKU-005,6.0,70.0,0,144.0,0,220.0,0,train
2026-08-14 12:00:00+07:00,SKU-005,6.0,74.0,0,138.0,0,216.0,0,train
2026-08-14 13:00:00+07:00,SKU-005,4.0,73.0,0,137.0,0,214.0,0,train
2026-08-14 14:00:00+07:00,SKU-005,5.0,70.0,0,141.0,0,210.0,0,train
2026-08-14 15:00:00+07:00,SKU-005,5.0,70.0,0,144.0,0,206.0,0,train
2026-08-14 16:00:00+07:00,SKU-005,6.0,67.0,0,141.0,0,204.0,0,train
2026-08-14 17:00:00+07:00,SKU-005,6.0,66.0,0,139.0,0,202.0,0,train
2026-08-14 18:00:00+07:00,SKU-005,2.0,69.0,0,141.0,0,203.0,0,train
2026-08-14 19:00:00+07:00,SKU-005,5.0,70.0,0,144.0,0,211.0,0,train
2026-08-14 20:00:00+07:00,SKU-005,2.0,74.0,0,144.0,0,218.0,0,train
2026-08-14 21:00:00+07:00,SKU-005,3.0,75.0,0,144.0,0,216.0,0,train
2026-08-14 22:00:00+07:00,SKU-005,4.0,75.0,0,148.0,0,215.0,0,train
2026-08-14 23:00:00+07:00,SKU-005,0.0,77.0,0,152.0,0,217.0,0,train
2026-08-15 00:00:00+07:00,SKU-005,2.0,77.0,0,152.0,0,215.0,0,train
2026-08-15 01:00:00+07:00,SKU-005,2.0,75.0,0,150.0,0,213.0,0,train
2026-08-15 02:00:00+07:00,SKU-005,2.0,73.0,0,148.0,0,211.0,0,train
2026-08-15 03:00:00+07:00,SKU-005,0.0,74.0,0,148.0,0,211.0,0,train
2026-08-15 04:00:00+07:00,SKU-005,0.0,74.0,0,149.0,0,211.0,0,train
2026-08-15 05:00:00+07:00,SKU-005,0.0,75.0,0,149.0,0,211.0,0,train
2026-08-15 06:00:00+07:00,SKU-005,0.0,75.0,0,151.0,0,212.0,0,train
2026-08-15 07:00:00+07:00,SKU-005,7.0,70.0,0,147.0,0,205.0,0,train
2026-08-15 08:00:00+07:00,SKU-005,1.0,70.0,0,150.0,0,207.0,0,train
2026-08-15 09:00:00+07:00,SKU-005,2.0,70.0,0,151.0,0,208.0,0,train
2026-08-15 10:00:00+07:00,SKU-005,4.0,70.0,0,149.0,0,205.0,0,train
2026-08-15 11:00:00+07:00,SKU-005,2.0,74.0,0,150.0,0,203.0,0,train
2026-08-15 12:00:00+07:00,SKU-005,10.0,64.0,0,142.0,0,198.0,0,train
2026-08-15 13:00:00+07:00,SKU-005,3.0,64.0,0,141.0,0,197.0,0,train
2026-08-15 14:00:00+07:00,SKU-005,2.0,71.0,0,140.0,0,198.0,0,train
2026-08-15 15:00:00+07:00,SKU-005,5.0,74.0,0,136.0,0,194.0,0,train
2026-08-15 16:00:00+07:00,SKU-005,3.0,74.0,0,137.0,0,192.0,0,train
2026-08-15 17:00:00+07:00,SKU-005,5.0,73.0,0,136.0,0,196.0,0,train
2026-08-15 18:00:00+07:00,SKU-005,5.0,72.0,0,134.0,0,195.0,0,train
2026-08-15 19:00:00+07:00,SKU-005,6.0,74.0,0,141.0,0,192.0,0,train
2026-08-15 20:00:00+07:00,SKU-005,6.0,70.0,0,144.0,0,191.0,0,train
2026-08-15 21:00:00+07:00,SKU-005,4.0,69.0,0,141.0,0,191.0,0,train
2026-08-15 22:00:00+07:00,SKU-005,4.0,73.0,0,140.0,0,193.0,0,train
2026-08-15 23:00:00+07:00,SKU-005,2.0,75.0,0,140.0,0,193.0,0,train
2026-08-16 00:00:00+07:00,SKU-005,2.0,75.0,0,138.0,0,191.0,0,train
2026-08-16 01:00:00+07:00,SKU-005,0.0,75.0,0,138.0,0,191.0,0,train
2026-08-16 02:00:00+07:00,SKU-005,0.0,75.0,0,138.0,0,191.0,0,train
2026-08-16 03:00:00+07:00,SKU-005,1.0,74.0,0,137.0,0,190.0,0,train
2026-08-16 04:00:00+07:00,SKU-005,0.0,75.0,0,137.0,0,190.0,0,train
2026-08-16 05:00:00+07:00,SKU-005,1.0,74.0,0,136.0,0,189.0,0,train
2026-08-16 06:00:00+07:00,SKU-005,0.0,76.0,0,137.0,0,189.0,0,train
2026-08-16 07:00:00+07:00,SKU-005,2.0,77.0,0,135.0,0,188.0,0,train
2026-08-16 08:00:00+07:00,SKU-005,1.0,80.0,0,137.0,0,190.0,0,train
2026-08-16 09:00:00+07:00,SKU-005,2.0,81.0,0,138.0,0,189.0,0,train
2026-08-16 10:00:00+07:00,SKU-005,4.0,79.0,0,135.0,0,185.0,0,train
2026-08-16 11:00:00+07:00,SKU-005,6.0,76.0,0,129.0,0,184.0,0,train
2026-08-16 12:00:00+07:00,SKU-005,0.0,78.0,0,134.0,0,187.0,0,train
2026-08-16 13:00:00+07:00,SKU-005,3.0,77.0,0,133.0,0,185.0,0,train
2026-08-16 14:00:00+07:00,SKU-005,9.0,69.0,0,127.0,0,178.0,0,train
2026-08-16 15:00:00+07:00,SKU-005,8.0,62.0,0,120.0,0,170.0,0,train
2026-08-16 16:00:00+07:00,SKU-005,3.0,63.0,0,118.0,0,167.0,0,train
2026-08-16 17:00:00+07:00,SKU-005,4.0,63.0,0,123.0,0,164.0,0,train
2026-08-16 18:00:00+07:00,SKU-005,4.0,62.0,0,123.0,0,162.0,0,train
2026-08-16 19:00:00+07:00,SKU-005,8.0,67.0,0,118.0,0,162.0,0,train
2026-08-16 20:00:00+07:00,SKU-005,2.0,74.0,0,121.0,0,160.0,0,train
2026-08-16 21:00:00+07:00,SKU-005,3.0,72.0,0,122.0,0,160.0,0,train
2026-08-16 22:00:00+07:00,SKU-005,8.0,67.0,0,120.0,0,154.0,0,train
2026-08-16 23:00:00+07:00,SKU-005,4.0,65.0,0,118.0,0,151.0,0,train
2026-08-17 00:00:00+07:00,SKU-005,2.0,63.0,0,116.0,0,149.0,0,train
2026-08-17 01:00:00+07:00,SKU-005,0.0,63.0,0,116.0,0,149.0,0,train
2026-08-17 02:00:00+07:00,SKU-005,0.0,63.0,0,116.0,0,149.0,0,train
2026-08-17 03:00:00+07:00,SKU-005,0.0,63.0,0,116.0,0,150.0,0,train
2026-08-17 04:00:00+07:00,SKU-005,1.0,62.0,0,115.0,0,149.0,0,train
2026-08-17 05:00:00+07:00,SKU-005,0.0,62.0,0,115.0,0,149.0,0,train
2026-08-17 06:00:00+07:00,SKU-005,2.0,61.0,0,113.0,0,147.0,0,train
2026-08-17 07:00:00+07:00,SKU-005,3.0,58.0,0,111.0,0,146.0,0,train
2026-08-17 08:00:00+07:00,SKU-005,4.0,57.0,0,110.0,0,142.0,0,train
2026-08-17 09:00:00+07:00,SKU-005,3.0,57.0,0,108.0,0,140.0,0,train
2026-08-17 10:00:00+07:00,SKU-005,2.0,56.0,0,106.0,0,142.0,0,train
2026-08-17 11:00:00+07:00,SKU-005,3.0,53.0,0,108.0,0,142.0,0,train
2026-08-17 12:00:00+07:00,SKU-005,2.0,56.0,0,109.0,0,140.0,0,train
2026-08-17 13:00:00+07:00,SKU-005,2.0,56.0,0,108.0,0,139.0,0,train
2026-08-17 14:00:00+07:00,SKU-005,1.0,58.0,0,109.0,0,140.0,0,train
2026-08-17 15:00:00+07:00,SKU-005,1.0,58.0,0,108.0,0,144.0,0,train
2026-08-17 16:00:00+07:00,SKU-005,4.0,55.0,0,104.0,0,148.0,0,train
2026-08-17 17:00:00+07:00,SKU-005,4.0,60.0,0,101.0,0,146.0,0,train
2026-08-17 18:00:00+07:00,SKU-005,3.0,61.0,0,100.0,0,151.0,0,train
2026-08-17 19:00:00+07:00,SKU-005,13.0,51.0,0,95.0,0,143.0,0,train
2026-08-17 20:00:00+07:00,SKU-005,9.0,47.0,0,86.0,0,141.0,0,train
2026-08-17 21:00:00+07:00,SKU-005,1.0,50.0,0,88.0,0,144.0,0,train
2026-08-17 22:00:00+07:00,SKU-005,3.0,53.0,0,87.0,0,147.0,0,train
2026-08-17 23:00:00+07:00,SKU-005,2.0,53.0,0,86.0,0,145.0,0,train
2026-08-18 00:00:00+07:00,SKU-005,0.0,53.0,0,86.0,0,145.0,0,train
2026-08-18 01:00:00+07:00,SKU-005,0.0,53.0,0,86.0,0,145.0,0,train
2026-08-18 02:00:00+07:00,SKU-005,0.0,53.0,0,86.0,0,145.0,0,train
2026-08-18 03:00:00+07:00,SKU-005,0.0,53.0,0,87.0,0,147.0,0,train
2026-08-18 04:00:00+07:00,SKU-005,0.0,53.0,0,87.0,0,147.0,0,train
2026-08-18 05:00:00+07:00,SKU-005,0.0,53.0,0,87.0,0,148.0,0,train
2026-08-18 06:00:00+07:00,SKU-005,1.0,52.0,0,86.0,0,149.0,0,train
2026-08-18 07:00:00+07:00,SKU-005,0.0,53.0,0,88.0,0,149.0,0,train
2026-08-18 08:00:00+07:00,SKU-005,3.0,53.0,0,85.0,0,148.0,0,train
2026-08-18 09:00:00+07:00,SKU-005,3.0,51.0,0,83.0,0,147.0,0,train
2026-08-18 10:00:00+07:00,SKU-005,1.0,50.0,0,86.0,0,147.0,0,train
2026-08-18 11:00:00+07:00,SKU-005,0.0,55.0,0,89.0,0,151.0,0,train
2026-08-18 12:00:00+07:00,SKU-005,5.0,53.0,0,84.0,0,148.0,0,train
2026-08-18 13:00:00+07:00,SKU-005,2.0,52.0,0,83.0,0,148.0,0,train
2026-08-18 14:00:00+07:00,SKU-005,3.0,51.0,0,82.0,0,148.0,0,train
2026-08-18 15:00:00+07:00,SKU-005,1.0,50.0,0,86.0,0,152.0,0,train
2026-08-18 16:00:00+07:00,SKU-005,1.0,49.0,0,93.0,0,154.0,0,train
2026-08-18 17:00:00+07:00,SKU-005,9.0,41.0,0,86.0,0,148.0,0,train
2026-08-18 18:00:00+07:00,SKU-005,4.0,39.0,0,90.0,0,146.0,0,train
2026-08-18 19:00:00+07:00,SKU-005,3.0,44.0,0,92.0,0,150.0,0,train
2026-08-18 20:00:00+07:00,SKU-005,5.0,39.0,0,94.0,0,149.0,0,train
2026-08-18 21:00:00+07:00,SKU-005,4.0,38.0,0,94.0,0,146.0,0,train
2026-08-18 22:00:00+07:00,SKU-005,6.0,34.0,0,94.0,0,140.0,0,train
2026-08-18 23:00:00+07:00,SKU-005,2.0,33.0,0,92.0,0,138.0,0,train
2026-08-19 00:00:00+07:00,SKU-005,0.0,33.0,0,92.0,0,140.0,0,train
2026-08-19 01:00:00+07:00,SKU-005,0.0,33.0,0,92.0,0,141.0,0,train
2026-08-19 02:00:00+07:00,SKU-005,0.0,33.0,0,92.0,0,141.0,0,train
2026-08-19 03:00:00+07:00,SKU-005,0.0,34.0,0,94.0,0,141.0,0,train
2026-08-19 04:00:00+07:00,SKU-005,0.0,34.0,0,94.0,0,142.0,0,train
2026-08-19 05:00:00+07:00,SKU-005,0.0,34.0,0,95.0,0,142.0,0,train
2026-08-19 06:00:00+07:00,SKU-005,0.0,34.0,0,97.0,0,143.0,0,train
2026-08-19 07:00:00+07:00,SKU-005,1.0,35.0,0,96.0,0,143.0,0,train
2026-08-19 08:00:00+07:00,SKU-005,3.0,32.0,0,95.0,0,140.0,0,train
2026-08-19 09:00:00+07:00,SKU-005,1.0,32.0,0,96.0,0,139.0,0,train
2026-08-19 10:00:00+07:00,SKU-005,0.0,36.0,0,97.0,0,141.0,0,train
2026-08-19 11:00:00+07:00,SKU-005,5.0,34.0,0,96.0,0,136.0,0,train
2026-08-19 12:00:00+07:00,SKU-005,3.0,31.0,0,95.0,0,139.0,0,train
2026-08-19 13:00:00+07:00,SKU-005,1.0,31.0,0,96.0,0,143.0,0,train
2026-08-19 14:00:00+07:00,SKU-005,2.0,31.0,0,97.0,0,143.0,0,train
2026-08-19 15:00:00+07:00,SKU-005,0.0,36.0,0,102.0,0,149.0,0,train
2026-08-19 16:00:00+07:00,SKU-005,0.0,44.0,0,105.0,0,151.0,0,train
2026-08-19 17:00:00+07:00,SKU-005,1.0,45.0,0,107.0,0,160.0,0,train
2026-08-19 18:00:00+07:00,SKU-005,2.0,51.0,0,107.0,0,160.0,0,train
2026-08-19 19:00:00+07:00,SKU-005,8.0,48.0,0,106.0,0,157.0,0,train
2026-08-19 20:00:00+07:00,SKU-005,0.0,55.0,0,110.0,0,162.0,0,train
2026-08-19 21:00:00+07:00,SKU-005,3.0,56.0,0,108.0,0,160.0,0,train
2026-08-19 22:00:00+07:00,SKU-005,2.0,60.0,0,106.0,0,162.0,0,train
2026-08-19 23:00:00+07:00,SKU-005,1.0,59.0,0,105.0,0,162.0,0,train
2026-08-20 00:00:00+07:00,SKU-005,0.0,59.0,0,107.0,0,162.0,0,train
2026-08-20 01:00:00+07:00,SKU-005,0.0,59.0,0,108.0,0,162.0,0,train
2026-08-20 02:00:00+07:00,SKU-005,0.0,59.0,0,108.0,0,162.0,0,train
2026-08-20 03:00:00+07:00,SKU-005,1.0,60.0,0,107.0,0,161.0,0,train
2026-08-20 04:00:00+07:00,SKU-005,0.0,60.0,0,108.0,0,161.0,0,train
2026-08-20 05:00:00+07:00,SKU-005,0.0,61.0,0,108.0,0,161.0,0,train
2026-08-20 06:00:00+07:00,SKU-005,0.0,63.0,0,109.0,0,162.0,0,train
2026-08-20 07:00:00+07:00,SKU-005,2.0,61.0,0,108.0,0,160.0,0,train
2026-08-20 08:00:00+07:00,SKU-005,0.0,63.0,0,108.0,0,164.0,0,train
2026-08-20 09:00:00+07:00,SKU-005,1.0,64.0,0,107.0,0,167.0,0,train
2026-08-20 10:00:00+07:00,SKU-005,4.0,61.0,0,105.0,0,167.0,0,train
2026-08-20 11:00:00+07:00,SKU-005,3.0,62.0,0,102.0,0,166.0,0,train
2026-08-20 12:00:00+07:00,SKU-005,0.0,64.0,0,108.0,0,169.0,0,train
2026-08-20 13:00:00+07:00,SKU-005,1.0,65.0,0,112.0,0,172.0,0,train
2026-08-20 14:00:00+07:00,SKU-005,2.0,66.0,0,112.0,0,174.0,0,train
2026-08-20 15:00:00+07:00,SKU-005,5.0,66.0,0,113.0,0,178.0,0,train
2026-08-20 16:00:00+07:00,SKU-005,8.0,61.0,0,107.0,0,171.0,0,train
2026-08-20 17:00:00+07:00,SKU-005,2.0,62.0,0,115.0,0,174.0,0,train
2026-08-20 18:00:00+07:00,SKU-005,8.0,56.0,0,109.0,0,181.0,0,train
2026-08-20 19:00:00+07:00,SKU-005,5.0,58.0,0,109.0,0,184.0,0,train
2026-08-20 20:00:00+07:00,SKU-005,7.0,55.0,0,107.0,0,184.0,0,train
2026-08-20 21:00:00+07:00,SKU-005,4.0,52.0,0,104.0,0,190.0,0,train
2026-08-20 22:00:00+07:00,SKU-005,6.0,46.0,0,102.0,0,188.0,0,train
2026-08-20 23:00:00+07:00,SKU-005,0.0,46.0,0,103.0,0,189.0,0,train
2026-08-21 00:00:00+07:00,SKU-005,0.0,48.0,0,103.0,0,191.0,0,train
2026-08-21 01:00:00+07:00,SKU-005,0.0,49.0,0,103.0,0,192.0,0,train
2026-08-21 02:00:00+07:00,SKU-005,0.0,49.0,0,103.0,0,192.0,0,train
2026-08-21 03:00:00+07:00,SKU-005,2.0,47.0,0,101.0,0,190.0,0,train
2026-08-21 04:00:00+07:00,SKU-005,0.0,48.0,0,101.0,0,190.0,0,train
2026-08-21 05:00:00+07:00,SKU-005,1.0,47.0,0,100.0,0,191.0,0,train
2026-08-21 06:00:00+07:00,SKU-005,2.0,46.0,0,99.0,0,189.0,0,train
2026-08-21 07:00:00+07:00,SKU-005,0.0,47.0,0,99.0,0,193.0,0,train
2026-08-21 08:00:00+07:00,SKU-005,2.0,45.0,0,101.0,0,193.0,0,train
2026-08-21 09:00:00+07:00,SKU-005,2.0,43.0,0,103.0,0,193.0,0,train
2026-08-21 10:00:00+07:00,SKU-005,1.0,44.0,0,106.0,0,194.0,0,train
2026-08-21 11:00:00+07:00,SKU-005,4.0,40.0,0,104.0,0,199.0,0,train
2026-08-21 12:00:00+07:00,SKU-005,2.0,44.0,0,105.0,0,200.0,0,train
2026-08-21 13:00:00+07:00,SKU-005,2.0,47.0,0,107.0,0,208.0,0,train
2026-08-21 14:00:00+07:00,SKU-005,3.0,46.0,0,108.0,0,205.0,0,val
2026-08-21 15:00:00+07:00,SKU-005,5.0,47.0,0,112.0,0,208.0,0,val
2026-08-21 16:00:00+07:00,SKU-005,3.0,46.0,0,110.0,0,214.0,0,val
2026-08-21 17:00:00+07:00,SKU-005,3.0,53.0,0,112.0,0,219.0,0,val
2026-08-21 18:00:00+07:00,SKU-005,2.0,53.0,0,125.0,0,220.0,0,val
2026-08-21 19:00:00+07:00,SKU-005,7.0,51.0,0,126.0,0,226.0,0,val
2026-08-21 20:00:00+07:00,SKU-005,4.0,52.0,0,129.0,0,228.0,0,val
2026-08-21 21:00:00+07:00,SKU-005,1.0,52.0,0,138.0,0,229.0,0,val
2026-08-21 22:00:00+07:00,SKU-005,0.0,56.0,0,142.0,0,232.0,0,val
2026-08-21 23:00:00+07:00,SKU-005,0.0,57.0,0,143.0,0,234.0,0,val
2026-08-22 00:00:00+07:00,SKU-005,2.0,55.0,0,143.0,0,232.0,0,val
2026-08-22 01:00:00+07:00,SKU-005,1.0,54.0,0,143.0,0,235.0,0,val
2026-08-22 02:00:00+07:00,SKU-005,0.0,54.0,0,143.0,0,235.0,0,val
2026-08-22 03:00:00+07:00,SKU-005,0.0,54.0,0,143.0,0,235.0,0,val
2026-08-22 04:00:00+07:00,SKU-005,1.0,53.0,0,142.0,0,235.0,0,val
2026-08-22 05:00:00+07:00,SKU-005,0.0,53.0,0,144.0,0,238.0,0,val
2026-08-22 06:00:00+07:00,SKU-005,1.0,53.0,0,143.0,0,237.0,0,val
2026-08-22 07:00:00+07:00,SKU-005,1.0,52.0,0,146.0,0,238.0,0,val
2026-08-22 08:00:00+07:00,SKU-005,0.0,56.0,0,148.0,0,245.0,0,val
2026-08-22 09:00:00+07:00,SKU-005,0.0,60.0,0,150.0,0,249.0,0,val
2026-08-22 10:00:00+07:00,SKU-005,2.0,62.0,0,150.0,0,250.0,0,val
2026-08-22 11:00:00+07:00,SKU-005,0.0,64.0,0,159.0,0,260.0,0,val
2026-08-22 12:00:00+07:00,SKU-005,6.0,61.0,0,156.0,0,257.0,0,val
2026-08-22 13:00:00+07:00,SKU-005,5.0,60.0,0,161.0,0,257.0,0,val
2026-08-22 14:00:00+07:00,SKU-005,2.0,62.0,0,159.0,0,260.0,0,val
2026-08-22 15:00:00+07:00,SKU-005,6.0,65.0,0,161.0,0,259.0,0,val
2026-08-22 16:00:00+07:00,SKU-005,2.0,64.0,0,168.0,0,263.0,0,val
2026-08-22 17:00:00+07:00,SKU-005,10.0,59.0,0,166.0,0,257.0,0,val
2026-08-22 18:00:00+07:00,SKU-005,2.0,72.0,0,167.0,0,256.0,0,val
2026-08-22 19:00:00+07:00,SKU-005,5.0,75.0,0,175.0,0,262.0,0,val
2026-08-22 20:00:00+07:00,SKU-005,5.0,77.0,0,176.0,0,271.0,0,val
2026-08-22 21:00:00+07:00,SKU-005,1.0,86.0,0,177.0,0,277.0,0,val
2026-08-22 22:00:00+07:00,SKU-005,4.0,86.0,0,176.0,0,276.0,0,val
2026-08-22 23:00:00+07:00,SKU-005,1.0,86.0,0,177.0,0,282.0,0,val
2026-08-23 00:00:00+07:00,SKU-005,0.0,88.0,0,177.0,0,283.0,0,val
2026-08-23 01:00:00+07:00,SKU-005,0.0,89.0,0,181.0,0,283.0,0,val
2026-08-23 02:00:00+07:00,SKU-005,0.0,89.0,0,181.0,0,283.0,0,val
2026-08-23 03:00:00+07:00,SKU-005,0.0,89.0,0,181.0,0,283.0,0,val
2026-08-23 04:00:00+07:00,SKU-005,0.0,89.0,0,182.0,0,286.0,0,val
2026-08-23 05:00:00+07:00,SKU-005,0.0,91.0,0,185.0,0,288.0,0,val
2026-08-23 06:00:00+07:00,SKU-005,1.0,90.0,0,184.0,0,287.0,0,val
2026-08-23 07:00:00+07:00,SKU-005,0.0,94.0,0,186.0,0,291.0,0,val
2026-08-23 08:00:00+07:00,SKU-005,4.0,92.0,0,189.0,0,295.0,0,val
2026-08-23 09:00:00+07:00,SKU-005,4.0,90.0,0,189.0,0,297.0,0,val
2026-08-23 10:00:00+07:00,SKU-005,4.0,88.0,0,188.0,0,312.0,0,val
2026-08-23 11:00:00+07:00,SKU-005,2.0,95.0,0,196.0,0,326.0,0,val
2026-08-23 12:00:00+07:00,SKU-005,3.0,95.0,0,196.0,0,338.0,0,val
2026-08-23 13:00:00+07:00,SKU-005,4.0,101.0,0,197.0,0,343.0,0,val
2026-08-23 14:00:00+07:00,SKU-005,4.0,97.0,0,198.0,0,348.0,0,val
2026-08-23 15:00:00+07:00,SKU-005,9.0,96.0,0,194.0,0,355.0,0,val
2026-08-23 16:00:00+07:00,SKU-005,1.0,104.0,0,199.0,0,360.0,0,val
2026-08-23 17:00:00+07:00,SKU-005,5.0,107.0,0,198.0,0,372.0,0,val
2026-08-23 18:00:00+07:00,SKU-005,15.0,95.0,0,184.0,0,362.0,0,val
2026-08-23 19:00:00+07:00,SKU-005,8.0,100.0,0,187.0,0,366.0,0,val
2026-08-23 20:00:00+07:00,SKU-005,7.0,99.0,0,194.0,0,383.0,0,val
2026-08-23 21:00:00+07:00,SKU-005,10.0,91.0,0,191.0,0,379.0,0,val
2026-08-23 22:00:00+07:00,SKU-005,4.0,90.0,0,190.0,0,390.0,0,val
2026-08-23 23:00:00+07:00,SKU-005,1.0,91.0,0,196.0,0,390.0,0,val
2026-08-24 00:00:00+07:00,SKU-005,2.0,89.0,0,195.0,0,390.0,0,val
2026-08-24 01:00:00+07:00,SKU-005,1.0,92.0,0,194.0,0,389.0,0,val
2026-08-24 02:00:00+07:00,SKU-005,0.0,92.0,0,194.0,0,389.0,0,val
2026-08-24 03:00:00+07:00,SKU-005,0.0,92.0,0,194.0,0,389.0,0,val
2026-08-24 04:00:00+07:00,SKU-005,0.0,93.0,0,197.0,0,390.0,0,val
2026-08-24 05:00:00+07:00,SKU-005,2.0,94.0,0,197.0,0,389.0,0,val
2026-08-24 06:00:00+07:00,SKU-005,0.0,94.0,0,197.0,0,392.0,0,val
2026-08-24 07:00:00+07:00,SKU-005,4.0,92.0,0,197.0,0,392.0,0,val
2026-08-24 08:00:00+07:00,SKU-005,2.0,97.0,0,203.0,0,395.0,0,val
2026-08-24 09:00:00+07:00,SKU-005,2.0,99.0,0,207.0,0,394.0,0,val
2026-08-24 10:00:00+07:00,SKU-005,2.0,100.0,0,224.0,0,404.0,0,val
2026-08-24 11:00:00+07:00,SKU-005,9.0,101.0,0,231.0,0,400.0,0,val
2026-08-24 12:00:00+07:00,SKU-005,3.0,101.0,0,243.0,0,403.0,0,val
2026-08-24 13:00:00+07:00,SKU-005,10.0,96.0,0,242.0,0,399.0,0,val
2026-08-24 14:00:00+07:00,SKU-005,0.0,101.0,0,251.0,0,408.0,0,val
2026-08-24 15:00:00+07:00,SKU-005,8.0,98.0,0,259.0,0,409.0,0,val
2026-08-24 16:00:00+07:00,SKU-005,9.0,95.0,0,256.0,0,414.0,0,val
2026-08-24 17:00:00+07:00,SKU-005,8.0,91.0,0,265.0,0,414.0,0,val
2026-08-24 18:00:00+07:00,SKU-005,3.0,89.0,0,267.0,0,424.0,0,val
2026-08-24 19:00:00+07:00,SKU-005,13.0,87.0,0,266.0,0,430.0,0,val
2026-08-24 20:00:00+07:00,SKU-005,6.0,95.0,0,284.0,0,444.0,0,val
2026-08-24 21:00:00+07:00,SKU-005,2.0,100.0,0,288.0,0,457.0,0,val
2026-08-24 22:00:00+07:00,SKU-005,3.0,100.0,0,300.0,0,461.0,0,val
2026-08-24 23:00:00+07:00,SKU-005,2.0,105.0,0,299.0,0,460.0,0,val
2026-08-25 00:00:00+07:00,SKU-005,0.0,106.0,0,301.0,0,462.0,0,val
2026-08-25 01:00:00+07:00,SKU-005,4.0,102.0,0,297.0,0,459.0,0,val
2026-08-25 02:00:00+07:00,SKU-005,0.0,102.0,0,297.0,0,459.0,0,val
2026-08-25 03:00:00+07:00,SKU-005,0.0,102.0,0,297.0,0,459.0,0,val
2026-08-25 04:00:00+07:00,SKU-005,1.0,104.0,0,297.0,0,458.0,0,val
2026-08-25 05:00:00+07:00,SKU-005,3.0,103.0,0,295.0,0,455.0,0,val
2026-08-25 06:00:00+07:00,SKU-005,0.0,103.0,0,298.0,0,458.0,0,val
2026-08-25 07:00:00+07:00,SKU-005,2.0,105.0,0,300.0,0,462.0,0,val
2026-08-25 08:00:00+07:00,SKU-005,7.0,106.0,0,298.0,0,459.0,0,val
2026-08-25 09:00:00+07:00,SKU-005,4.0,108.0,0,295.0,0,462.0,0,val
2026-08-25 10:00:00+07:00,SKU-005,3.0,124.0,0,304.0,0,462.0,0,val
2026-08-25 11:00:00+07:00,SKU-005,10.0,130.0,0,299.0,0,458.0,0,val
2026-08-25 12:00:00+07:00,SKU-005,3.0,142.0,0,302.0,0,461.0,1,val
2026-08-25 13:00:00+07:00,SKU-005,5.0,146.0,0,303.0,0,456.0,1,val
2026-08-25 14:00:00+07:00,SKU-005,5.0,150.0,0,307.0,0,456.0,1,val
2026-08-25 15:00:00+07:00,SKU-005,5.0,161.0,0,311.0,0,471.0,1,val
2026-08-25 16:00:00+07:00,SKU-005,6.0,161.0,0,319.0,0,470.0,1,val
2026-08-25 17:00:00+07:00,SKU-005,4.0,174.0,0,323.0,0,481.0,1,val
2026-08-25 18:00:00+07:00,SKU-005,1.0,178.0,0,335.0,0,490.0,1,val
2026-08-25 19:00:00+07:00,SKU-005,11.0,179.0,0,343.0,0,492.0,1,val
2026-08-25 20:00:00+07:00,SKU-005,14.0,189.0,0,349.0,0,492.0,1,val
2026-08-25 21:00:00+07:00,SKU-005,7.0,188.0,0,357.0,0,505.0,1,val
2026-08-25 22:00:00+07:00,SKU-005,3.0,200.0,0,361.0,0,509.0,1,val
2026-08-25 23:00:00+07:00,SKU-005,7.0,194.0,0,355.0,0,505.0,1,val
2026-08-26 00:00:00+07:00,SKU-005,1.0,195.0,0,356.0,0,508.0,1,val
2026-08-26 01:00:00+07:00,SKU-005,0.0,195.0,0,357.0,0,510.0,1,val
2026-08-26 02:00:00+07:00,SKU-005,0.0,195.0,0,357.0,0,510.0,1,val
2026-08-26 03:00:00+07:00,SKU-005,0.0,195.0,0,357.0,0,510.0,1,val
2026-08-26 04:00:00+07:00,SKU-005,3.0,193.0,0,354.0,0,507.0,1,val
2026-08-26 05:00:00+07:00,SKU-005,2.0,192.0,0,352.0,0,505.0,1,val
2026-08-26 06:00:00+07:00,SKU-005,0.0,195.0,0,355.0,0,505.0,1,val
2026-08-26 07:00:00+07:00,SKU-005,4.0,195.0,0,357.0,0,501.0,1,val
2026-08-26 08:00:00+07:00,SKU-005,8.0,192.0,0,353.0,0,493.0,1,val
2026-08-26 09:00:00+07:00,SKU-005,6.0,187.0,0,354.0,0,487.0,1,val
2026-08-26 10:00:00+07:00,SKU-005,19.0,180.0,0,338.0,0,468.0,1,val
2026-08-26 11:00:00+07:00,SKU-005,16.0,169.0,0,328.0,0,452.0,1,val
2026-08-26 12:00:00+07:00,SKU-005,15.0,160.0,0,319.0,1,437.0,1,val
2026-08-26 13:00:00+07:00,SKU-005,9.0,157.0,0,310.0,1,428.0,1,val
2026-08-26 14:00:00+07:00,SKU-005,9.0,157.0,0,306.0,1,419.0,1,val
2026-08-26 15:00:00+07:00,SKU-005,16.0,150.0,0,310.0,1,403.0,1,val
2026-08-26 16:00:00+07:00,SKU-005,6.0,158.0,0,309.0,1,397.0,1,val
2026-08-26 17:00:00+07:00,SKU-005,17.0,149.0,0,307.0,1,380.0,1,val
2026-08-26 18:00:00+07:00,SKU-005,5.0,157.0,0,312.0,1,375.0,1,val
2026-08-26 19:00:00+07:00,SKU-005,12.0,164.0,0,313.0,1,363.0,1,val
2026-08-26 20:00:00+07:00,SKU-005,24.0,160.0,0,303.0,1,339.0,1,val
2026-08-26 21:00:00+07:00,SKU-005,6.0,169.0,0,317.0,1,333.0,1,val
2026-08-26 22:00:00+07:00,SKU-005,15.0,161.0,0,309.0,1,318.0,1,val
2026-08-26 23:00:00+07:00,SKU-005,1.0,161.0,0,311.0,1,317.0,1,val
2026-08-27 00:00:00+07:00,SKU-005,2.0,161.0,0,313.0,1,315.0,1,val
2026-08-27 01:00:00+07:00,SKU-005,0.0,162.0,0,315.0,1,315.0,1,val
2026-08-27 02:00:00+07:00,SKU-005,0.0,162.0,0,315.0,1,315.0,1,val
2026-08-27 03:00:00+07:00,SKU-005,0.0,162.0,0,315.0,1,315.0,1,val
2026-08-27 04:00:00+07:00,SKU-005,1.0,161.0,0,314.0,1,314.0,1,val
2026-08-27 05:00:00+07:00,SKU-005,1.0,160.0,0,313.0,1,313.0,1,val
2026-08-27 06:00:00+07:00,SKU-005,3.0,160.0,0,310.0,1,310.0,1,val
2026-08-27 07:00:00+07:00,SKU-005,4.0,162.0,0,306.0,1,306.0,1,val
2026-08-27 08:00:00+07:00,SKU-005,5.0,161.0,0,301.0,1,301.0,1,val
2026-08-27 09:00:00+07:00,SKU-005,1.0,167.0,0,300.0,1,300.0,1,val
2026-08-27 10:00:00+07:00,SKU-005,12.0,158.0,0,288.0,1,288.0,1,val
2026-08-27 11:00:00+07:00,SKU-005,5.0,159.0,0,283.0,1,283.0,1,val
2026-08-27 12:00:00+07:00,SKU-005,6.0,159.0,1,277.0,1,277.0,1,val
2026-08-27 13:00:00+07:00,SKU-005,6.0,153.0,1,271.0,1,271.0,1,val
2026-08-27 14:00:00+07:00,SKU-005,9.0,149.0,1,262.0,1,274.0,1,val
2026-08-27 15:00:00+07:00,SKU-005,9.0,160.0,1,253.0,1,272.0,1,val
2026-08-27 16:00:00+07:00,SKU-005,14.0,151.0,1,239.0,1,268.0,1,val
2026-08-27 17:00:00+07:00,SKU-005,8.0,158.0,1,231.0,1,267.0,1,val
2026-08-27 18:00:00+07:00,SKU-005,13.0,155.0,1,218.0,1,264.0,1,val
2026-08-27 19:00:00+07:00,SKU-005,19.0,149.0,1,199.0,1,261.0,1,val
2026-08-27 20:00:00+07:00,SKU-005,20.0,143.0,1,179.0,1,255.0,1,val
2026-08-27 21:00:00+07:00,SKU-005,15.0,148.0,1,164.0,1,245.0,1,val
2026-08-27 22:00:00+07:00,SKU-005,7.0,148.0,1,157.0,1,245.0,1,val
2026-08-27 23:00:00+07:00,SKU-005,1.0,150.0,1,156.0,1,244.0,1,val
2026-08-28 00:00:00+07:00,SKU-005,2.0,152.0,1,154.0,1,242.0,1,val
2026-08-28 01:00:00+07:00,SKU-005,1.0,153.0,1,153.0,1,241.0,1,val
2026-08-28 02:00:00+07:00,SKU-005,0.0,153.0,1,153.0,1,241.0,1,val
2026-08-28 03:00:00+07:00,SKU-005,0.0,153.0,1,153.0,1,241.0,1,val
2026-08-28 04:00:00+07:00,SKU-005,0.0,153.0,1,153.0,1,241.0,1,val
2026-08-28 05:00:00+07:00,SKU-005,0.0,153.0,1,153.0,1,241.0,1,val
2026-08-28 06:00:00+07:00,SKU-005,3.0,150.0,1,150.0,1,238.0,1,val
2026-08-28 07:00:00+07:00,SKU-005,6.0,144.0,1,144.0,1,232.0,1,val
2026-08-28 08:00:00+07:00,SKU-005,4.0,140.0,1,140.0,1,228.0,1,val
2026-08-28 09:00:00+07:00,SKU-005,7.0,133.0,1,133.0,1,221.0,1,val
2026-08-28 10:00:00+07:00,SKU-005,3.0,130.0,1,130.0,1,218.0,1,val
2026-08-28 11:00:00+07:00,SKU-005,6.0,124.0,1,124.0,1,212.0,1,val
2026-08-28 12:00:00+07:00,SKU-005,6.0,118.0,1,118.0,1,206.0,1,val
2026-08-28 13:00:00+07:00,SKU-005,0.0,118.0,1,118.0,1,206.0,1,val
2026-08-28 14:00:00+07:00,SKU-005,5.0,113.0,1,125.0,1,201.0,1,val
2026-08-28 15:00:00+07:00,SKU-005,20.0,93.0,1,112.0,1,181.0,1,val
2026-08-28 16:00:00+07:00,SKU-005,5.0,88.0,1,117.0,1,176.0,1,val
2026-08-28 17:00:00+07:00,SKU-005,15.0,73.0,1,109.0,1,161.0,1,val
2026-08-28 18:00:00+07:00,SKU-005,10.0,63.0,1,109.0,1,151.0,1,val
2026-08-28 19:00:00+07:00,SKU-005,13.0,50.0,1,112.0,1,138.0,1,val
2026-08-28 20:00:00+07:00,SKU-005,14.0,36.0,1,112.0,1,124.0,1,val
2026-08-28 21:00:00+07:00,SKU-005,20.0,16.0,1,97.0,1,104.0,1,val
2026-08-28 22:00:00+07:00,SKU-005,7.0,9.0,1,97.0,1,97.0,1,val
2026-08-28 23:00:00+07:00,SKU-005,3.0,6.0,1,94.0,1,94.0,1,val
2026-08-29 00:00:00+07:00,SKU-005,4.0,2.0,1,90.0,1,90.0,1,val
2026-08-29 01:00:00+07:00,SKU-005,2.0,0.0,1,88.0,1,88.0,1,val
2026-08-29 02:00:00+07:00,SKU-005,0.0,0.0,1,88.0,1,88.0,1,val
2026-08-29 03:00:00+07:00,SKU-005,0.0,0.0,1,88.0,1,88.0,1,val
2026-08-29 04:00:00+07:00,SKU-005,0.0,0.0,1,88.0,1,88.0,1,val
2026-08-29 05:00:00+07:00,SKU-005,0.0,0.0,1,88.0,1,88.0,1,val
2026-08-29 06:00:00+07:00,SKU-005,0.0,0.0,1,88.0,1,88.0,1,val
2026-08-29 07:00:00+07:00,SKU-005,0.0,0.0,1,88.0,1,88.0,1,val
2026-08-29 08:00:00+07:00,SKU-005,0.0,0.0,1,88.0,1,88.0,1,val
2026-08-29 09:00:00+07:00,SKU-005,0.0,0.0,1,88.0,1,88.0,1,val
2026-08-29 10:00:00+07:00,SKU-005,0.0,0.0,1,88.0,1,88.0,1,val
2026-08-29 11:00:00+07:00,SKU-005,0.0,0.0,1,88.0,1,88.0,1,val
2026-08-29 12:00:00+07:00,SKU-005,0.0,0.0,1,88.0,1,88.0,1,val
2026-08-29 13:00:00+07:00,SKU-005,0.0,0.0,1,88.0,1,88.0,1,val
2026-08-29 14:00:00+07:00,SKU-005,0.0,12.0,1,88.0,1,91.0,1,val
2026-08-29 15:00:00+07:00,SKU-005,0.0,19.0,1,88.0,1,95.0,1,val
2026-08-29 16:00:00+07:00,SKU-005,0.0,29.0,1,88.0,1,96.0,1,val
2026-08-29 17:00:00+07:00,SKU-005,0.0,36.0,1,88.0,1,104.0,1,val
2026-08-29 18:00:00+07:00,SKU-005,0.0,46.0,1,88.0,1,107.0,1,val
2026-08-29 19:00:00+07:00,SKU-005,0.0,62.0,1,88.0,1,110.0,1,val
2026-08-29 20:00:00+07:00,SKU-005,0.0,76.0,1,88.0,1,120.0,1,val
2026-08-29 21:00:00+07:00,SKU-005,0.0,81.0,1,88.0,1,124.0,1,val
2026-08-29 22:00:00+07:00,SKU-005,0.0,88.0,1,88.0,1,128.0,1,val
2026-08-29 23:00:00+07:00,SKU-005,0.0,88.0,1,88.0,1,130.0,1,val
2026-08-30 00:00:00+07:00,SKU-005,0.0,88.0,1,88.0,1,131.0,1,val
2026-08-30 01:00:00+07:00,SKU-005,0.0,88.0,1,88.0,1,132.0,1,val
2026-08-30 02:00:00+07:00,SKU-005,0.0,88.0,1,88.0,1,132.0,1,val
2026-08-30 03:00:00+07:00,SKU-005,0.0,88.0,1,88.0,1,132.0,1,val
2026-08-30 04:00:00+07:00,SKU-005,0.0,88.0,1,88.0,1,132.0,1,val
2026-08-30 05:00:00+07:00,SKU-005,0.0,88.0,1,88.0,1,132.0,1,val
2026-08-30 06:00:00+07:00,SKU-005,0.0,88.0,1,88.0,1,134.0,1,val
2026-08-30 07:00:00+07:00,SKU-005,0.0,88.0,1,88.0,1,135.0,1,val
2026-08-30 08:00:00+07:00,SKU-005,0.0,88.0,1,88.0,1,141.0,1,val
2026-08-30 09:00:00+07:00,SKU-005,0.0,88.0,1,88.0,1,148.0,1,val
2026-08-30 10:00:00+07:00,SKU-005,0.0,88.0,1,88.0,1,150.0,1,val
2026-08-30 11:00:00+07:00,SKU-005,0.0,88.0,1,88.0,1,154.0,1,val
2026-08-30 12:00:00+07:00,SKU-005,0.0,88.0,1,88.0,1,159.0,1,val
2026-08-30 13:00:00+07:00,SKU-005,0.0,88.0,1,88.0,1,165.0,1,val
2026-08-30 14:00:00+07:00,SKU-005,12.0,76.0,1,79.0,1,154.0,1,val
2026-08-30 15:00:00+07:00,SKU-005,7.0,69.0,1,76.0,1,151.0,1,val
2026-08-30 16:00:00+07:00,SKU-005,10.0,59.0,1,67.0,1,142.0,1,val
2026-08-30 17:00:00+07:00,SKU-005,7.0,52.0,1,68.0,1,136.0,1,val
2026-08-30 18:00:00+07:00,SKU-005,10.0,42.0,1,61.0,1,126.0,1,val
2026-08-30 19:00:00+07:00,SKU-005,16.0,26.0,1,48.0,1,110.0,1,val
2026-08-30 20:00:00+07:00,SKU-005,14.0,12.0,1,44.0,1,96.0,1,val
2026-08-30 21:00:00+07:00,SKU-005,5.0,7.0,1,43.0,1,91.0,1,val
2026-08-30 22:00:00+07:00,SKU-005,7.0,0.0,1,40.0,1,84.0,1,val
2026-08-30 23:00:00+07:00,SKU-005,0.0,0.0,1,42.0,1,84.0,1,val
2026-08-31 00:00:00+07:00,SKU-005,0.0,0.0,1,43.0,1,84.0,1,val
2026-08-31 01:00:00+07:00,SKU-005,0.0,0.0,1,44.0,1,84.0,1,val
2026-08-31 02:00:00+07:00,SKU-005,0.0,0.0,1,44.0,1,84.0,1,val
2026-08-31 03:00:00+07:00,SKU-005,0.0,0.0,1,44.0,1,84.0,1,val
2026-08-31 04:00:00+07:00,SKU-005,0.0,0.0,1,44.0,1,84.0,1,val
2026-08-31 05:00:00+07:00,SKU-005,0.0,0.0,1,44.0,1,84.0,1,val
2026-08-31 06:00:00+07:00,SKU-005,0.0,0.0,1,46.0,1,84.0,1,val
2026-08-31 07:00:00+07:00,SKU-005,0.0,0.0,1,47.0,1,84.0,1,val
2026-08-31 08:00:00+07:00,SKU-005,0.0,0.0,1,53.0,1,84.0,1,val
2026-08-31 09:00:00+07:00,SKU-005,0.0,0.0,1,60.0,1,84.0,1,val
2026-08-31 10:00:00+07:00,SKU-005,0.0,0.0,1,62.0,1,84.0,1,val
2026-08-31 11:00:00+07:00,SKU-005,0.0,0.0,1,66.0,1,84.0,1,val
2026-08-31 12:00:00+07:00,SKU-005,0.0,0.0,1,71.0,1,84.0,1,val
2026-08-31 13:00:00+07:00,SKU-005,0.0,0.0,1,77.0,1,84.0,1,val
2026-08-31 14:00:00+07:00,SKU-005,0.0,3.0,1,78.0,1,87.0,1,val
2026-08-31 15:00:00+07:00,SKU-005,0.0,7.0,1,82.0,1,89.0,1,val
2026-08-31 16:00:00+07:00,SKU-005,0.0,8.0,1,83.0,1,91.0,1,val
2026-08-31 17:00:00+07:00,SKU-005,0.0,16.0,1,84.0,1,95.0,1,val
2026-08-31 18:00:00+07:00,SKU-005,0.0,19.0,1,84.0,1,95.0,1,val
2026-08-31 19:00:00+07:00,SKU-005,0.0,22.0,1,84.0,1,101.0,1,val
2026-08-31 20:00:00+07:00,SKU-005,0.0,32.0,1,84.0,1,109.0,1,val
2026-08-31 21:00:00+07:00,SKU-005,0.0,36.0,1,84.0,1,114.0,1,val
2026-08-31 22:00:00+07:00,SKU-005,0.0,40.0,1,84.0,1,117.0,1,val
2026-08-31 23:00:00+07:00,SKU-005,0.0,42.0,1,84.0,1,119.0,1,val
2026-09-01 00:00:00+07:00,SKU-005,0.0,43.0,1,84.0,1,119.0,1,val
2026-09-01 01:00:00+07:00,SKU-005,0.0,44.0,1,84.0,1,119.0,1,val
2026-09-01 02:00:00+07:00,SKU-005,0.0,44.0,1,84.0,1,119.0,1,val
2026-09-01 03:00:00+07:00,SKU-005,0.0,44.0,1,84.0,1,119.0,1,val
2026-09-01 04:00:00+07:00,SKU-005,0.0,44.0,1,84.0,1,119.0,1,val
2026-09-01 05:00:00+07:00,SKU-005,0.0,44.0,1,84.0,1,120.0,1,val
2026-09-01 06:00:00+07:00,SKU-005,0.0,46.0,1,84.0,1,121.0,1,val
2026-09-01 07:00:00+07:00,SKU-005,0.0,47.0,1,84.0,1,121.0,1,val
2026-09-01 08:00:00+07:00,SKU-005,0.0,53.0,1,84.0,1,123.0,1,val
2026-09-01 09:00:00+07:00,SKU-005,0.0,60.0,1,84.0,1,124.0,1,val
2026-09-01 10:00:00+07:00,SKU-005,0.0,62.0,1,84.0,1,132.0,1,val
2026-09-01 11:00:00+07:00,SKU-005,0.0,66.0,1,84.0,1,134.0,1,val
2026-09-01 12:00:00+07:00,SKU-005,0.0,71.0,1,84.0,1,137.0,1,val
2026-09-01 13:00:00+07:00,SKU-005,0.0,77.0,0,84.0,1,144.0,1,val
2026-09-01 14:00:00+07:00,SKU-005,3.0,75.0,0,84.0,1,145.0,1,val
2026-09-01 15:00:00+07:00,SKU-005,4.0,75.0,0,82.0,1,146.0,1,val
2026-09-01 16:00:00+07:00,SKU-005,1.0,75.0,0,83.0,1,146.0,1,val
2026-09-01 17:00:00+07:00,SKU-005,8.0,68.0,1,79.0,1,139.0,1,val
2026-09-01 18:00:00+07:00,SKU-005,3.0,65.0,1,76.0,1,136.0,1,val
2026-09-01 19:00:00+07:00,SKU-005,3.0,62.0,1,79.0,1,133.0,1,val
2026-09-01 20:00:00+07:00,SKU-005,10.0,52.0,1,77.0,1,123.0,1,val
2026-09-01 21:00:00+07:00,SKU-005,4.0,48.0,1,78.0,1,119.0,1,val
2026-09-01 22:00:00+07:00,SKU-005,4.0,44.0,1,77.0,1,115.0,1,val
2026-09-01 23:00:00+07:00,SKU-005,2.0,42.0,1,77.0,1,113.0,1,val
2026-09-02 00:00:00+07:00,SKU-005,1.0,41.0,1,76.0,1,112.0,1,val
2026-09-02 01:00:00+07:00,SKU-005,1.0,40.0,1,75.0,1,111.0,1,val
2026-09-02 02:00:00+07:00,SKU-005,0.0,40.0,1,75.0,1,111.0,1,val
2026-09-02 03:00:00+07:00,SKU-005,0.0,40.0,1,75.0,1,111.0,1,val
2026-09-02 04:00:00+07:00,SKU-005,0.0,40.0,1,75.0,1,111.0,1,val
2026-09-02 05:00:00+07:00,SKU-005,0.0,40.0,1,76.0,1,111.0,1,val
2026-09-02 06:00:00+07:00,SKU-005,2.0,38.0,1,75.0,1,109.0,1,val
2026-09-02 07:00:00+07:00,SKU-005,1.0,37.0,1,74.0,1,108.0,1,val
2026-09-02 08:00:00+07:00,SKU-005,6.0,31.0,1,70.0,1,102.0,1,val
2026-09-02 09:00:00+07:00,SKU-005,7.0,24.0,1,64.0,1,95.0,1,val
2026-09-02 10:00:00+07:00,SKU-005,2.0,22.0,1,70.0,1,93.0,1,val
2026-09-02 11:00:00+07:00,SKU-005,4.0,18.0,1,68.0,1,89.0,1,val
2026-09-02 12:00:00+07:00,SKU-005,5.0,13.0,1,66.0,1,84.0,1,val
2026-09-02 13:00:00+07:00,SKU-005,6.0,7.0,1,67.0,1,78.0,1,val
2026-09-02 14:00:00+07:00,SKU-005,1.0,9.0,1,70.0,1,81.0,1,val
2026-09-02 15:00:00+07:00,SKU-005,4.0,7.0,1,71.0,1,82.0,1,val
2026-09-02 16:00:00+07:00,SKU-005,1.0,8.0,1,71.0,1,88.0,1,val
2026-09-02 17:00:00+07:00,SKU-005,1.0,11.0,1,71.0,1,87.0,1,val
2026-09-02 18:00:00+07:00,SKU-005,0.0,11.0,1,71.0,1,96.0,1,val
2026-09-02 19:00:00+07:00,SKU-005,0.0,17.0,1,71.0,1,107.0,1,val
2026-09-02 20:00:00+07:00,SKU-005,0.0,25.0,1,71.0,1,115.0,1,val
2026-09-02 21:00:00+07:00,SKU-005,0.0,30.0,1,71.0,1,118.0,1,val
2026-09-02 22:00:00+07:00,SKU-005,0.0,33.0,1,71.0,1,125.0,1,val
2026-09-02 23:00:00+07:00,SKU-005,0.0,35.0,1,71.0,1,126.0,1,val
2026-09-03 00:00:00+07:00,SKU-005,0.0,35.0,1,71.0,1,126.0,1,val
2026-09-03 01:00:00+07:00,SKU-005,0.0,35.0,1,71.0,1,126.0,1,val
2026-09-03 02:00:00+07:00,SKU-005,0.0,35.0,1,71.0,1,127.0,1,val
2026-09-03 03:00:00+07:00,SKU-005,0.0,35.0,1,71.0,1,128.0,1,val
2026-09-03 04:00:00+07:00,SKU-005,0.0,35.0,1,71.0,1,128.0,1,val
2026-09-03 05:00:00+07:00,SKU-005,0.0,36.0,1,71.0,1,130.0,1,val
2026-09-03 06:00:00+07:00,SKU-005,0.0,37.0,1,71.0,1,130.0,1,val
2026-09-03 07:00:00+07:00,SKU-005,0.0,37.0,1,71.0,1,136.0,1,val
2026-09-03 08:00:00+07:00,SKU-005,0.0,39.0,1,71.0,1,142.0,1,val
2026-09-03 09:00:00+07:00,SKU-005,0.0,40.0,1,71.0,1,150.0,1,val
2026-09-03 10:00:00+07:00,SKU-005,0.0,48.0,1,71.0,1,155.0,1,val
2026-09-03 11:00:00+07:00,SKU-005,0.0,50.0,1,71.0,1,157.0,1,val
2026-09-03 12:00:00+07:00,SKU-005,0.0,53.0,1,71.0,1,157.0,1,val
2026-09-03 13:00:00+07:00,SKU-005,0.0,60.0,0,71.0,1,157.0,1,val
2026-09-03 14:00:00+07:00,SKU-005,3.0,61.0,0,72.0,1,154.0,1,val
2026-09-03 15:00:00+07:00,SKU-005,2.0,64.0,0,75.0,1,152.0,1,val
2026-09-03 16:00:00+07:00,SKU-005,2.0,63.0,0,80.0,1,150.0,1,val
2026-09-03 17:00:00+07:00,SKU-005,4.0,60.0,1,76.0,1,146.0,1,val
2026-09-03 18:00:00+07:00,SKU-005,0.0,60.0,1,85.0,1,146.0,1,val
2026-09-03 19:00:00+07:00,SKU-005,6.0,54.0,1,90.0,1,140.0,1,val
2026-09-03 20:00:00+07:00,SKU-005,8.0,46.0,1,90.0,1,132.0,1,val
2026-09-03 21:00:00+07:00,SKU-005,5.0,41.0,1,88.0,1,127.0,1,val
2026-09-03 22:00:00+07:00,SKU-005,3.0,38.0,1,92.0,1,124.0,1,val
2026-09-03 23:00:00+07:00,SKU-005,2.0,36.0,1,91.0,1,122.0,1,val
2026-09-04 00:00:00+07:00,SKU-005,0.0,36.0,1,91.0,1,122.0,1,val
2026-09-04 01:00:00+07:00,SKU-005,0.0,36.0,1,91.0,1,122.0,1,val
2026-09-04 02:00:00+07:00,SKU-005,0.0,36.0,1,92.0,1,122.0,1,test
2026-09-04 03:00:00+07:00,SKU-005,0.0,36.0,1,93.0,1,122.0,1,test
2026-09-04 04:00:00+07:00,SKU-005,0.0,36.0,1,93.0,1,122.0,1,test
2026-09-04 05:00:00+07:00,SKU-005,1.0,35.0,1,94.0,1,121.0,1,test
2026-09-04 06:00:00+07:00,SKU-005,1.0,34.0,1,93.0,1,120.0,1,test
2026-09-04 07:00:00+07:00,SKU-005,0.0,34.0,1,99.0,1,120.0,1,test
2026-09-04 08:00:00+07:00,SKU-005,2.0,32.0,1,103.0,1,118.0,1,test
2026-09-04 09:00:00+07:00,SKU-005,1.0,31.0,1,110.0,1,117.0,1,test
2026-09-04 10:00:00+07:00,SKU-005,8.0,23.0,1,107.0,1,109.0,1,test
2026-09-04 11:00:00+07:00,SKU-005,2.0,21.0,1,107.0,1,107.0,1,test
2026-09-04 12:00:00+07:00,SKU-005,3.0,18.0,1,104.0,1,104.0,1,test
2026-09-04 13:00:00+07:00,SKU-005,7.0,11.0,1,97.0,1,97.0,1,test
2026-09-04 14:00:00+07:00,SKU-005,4.0,11.0,1,93.0,1,94.0,1,test
2026-09-04 15:00:00+07:00,SKU-005,5.0,11.0,1,88.0,1,95.0,1,test
2026-09-04 16:00:00+07:00,SKU-005,1.0,17.0,1,87.0,1,96.0,1,test
2026-09-04 17:00:00+07:00,SKU-005,1.0,16.0,1,86.0,1,102.0,1,test
2026-09-04 18:00:00+07:00,SKU-005,0.0,25.0,1,86.0,1,106.0,1,test
2026-09-04 19:00:00+07:00,SKU-005,0.0,36.0,1,86.0,1,115.0,1,test
2026-09-04 20:00:00+07:00,SKU-005,0.0,44.0,1,86.0,1,129.0,1,test
2026-09-04 21:00:00+07:00,SKU-005,0.0,47.0,1,86.0,1,131.0,1,test
2026-09-04 22:00:00+07:00,SKU-005,0.0,54.0,1,86.0,1,137.0,1,test
2026-09-04 23:00:00+07:00,SKU-005,0.0,55.0,1,86.0,1,138.0,1,test
2026-09-05 00:00:00+07:00,SKU-005,0.0,55.0,1,86.0,1,139.0,1,test
2026-09-05 01:00:00+07:00,SKU-005,0.0,55.0,1,86.0,1,141.0,1,test
2026-09-05 02:00:00+07:00,SKU-005,0.0,56.0,1,86.0,1,141.0,1,test
2026-09-05 03:00:00+07:00,SKU-005,0.0,57.0,1,86.0,1,141.0,1,test
2026-09-05 04:00:00+07:00,SKU-005,0.0,57.0,1,86.0,1,143.0,1,test
2026-09-05 05:00:00+07:00,SKU-005,0.0,59.0,1,86.0,1,145.0,1,test
2026-09-05 06:00:00+07:00,SKU-005,0.0,59.0,1,86.0,1,145.0,1,test
2026-09-05 07:00:00+07:00,SKU-005,0.0,65.0,1,86.0,1,147.0,1,test
2026-09-05 08:00:00+07:00,SKU-005,0.0,71.0,1,86.0,1,149.0,1,test
2026-09-05 09:00:00+07:00,SKU-005,0.0,79.0,1,86.0,1,150.0,1,test
2026-09-05 10:00:00+07:00,SKU-005,0.0,84.0,1,86.0,1,153.0,1,test
2026-09-05 11:00:00+07:00,SKU-005,0.0,86.0,1,86.0,1,153.0,1,test
2026-09-05 12:00:00+07:00,SKU-005,0.0,86.0,1,86.0,1,154.0,1,test
2026-09-05 13:00:00+07:00,SKU-005,0.0,86.0,1,86.0,1,158.0,1,test
2026-09-05 14:00:00+07:00,SKU-005,4.0,82.0,1,83.0,1,159.0,1,test
2026-09-05 15:00:00+07:00,SKU-005,5.0,77.0,1,84.0,1,154.0,1,test
2026-09-05 16:00:00+07:00,SKU-005,7.0,70.0,1,79.0,1,148.0,1,test
2026-09-05 17:00:00+07:00,SKU-005,0.0,70.0,1,86.0,1,152.0,1,test
2026-09-05 18:00:00+07:00,SKU-005,9.0,61.0,1,81.0,1,146.0,1,test
2026-09-05 19:00:00+07:00,SKU-005,11.0,50.0,1,79.0,1,135.0,1,test
2026-09-05 20:00:00+07:00,SKU-005,8.0,42.0,1,85.0,1,127.0,1,test
2026-09-05 21:00:00+07:00,SKU-005,3.0,39.0,1,84.0,1,124.0,1,test
2026-09-05 22:00:00+07:00,SKU-005,7.0,32.0,1,83.0,1,117.0,1,test
2026-09-05 23:00:00+07:00,SKU-005,1.0,31.0,1,83.0,1,116.0,1,test
2026-09-06 00:00:00+07:00,SKU-005,0.0,31.0,1,84.0,1,116.0,1,test
2026-09-06 01:00:00+07:00,SKU-005,0.0,31.0,1,86.0,1,116.0,1,test
2026-09-06 02:00:00+07:00,SKU-005,1.0,30.0,1,85.0,1,115.0,1,test
2026-09-06 03:00:00+07:00,SKU-005,1.0,29.0,1,84.0,1,114.0,1,test
2026-09-06 04:00:00+07:00,SKU-005,0.0,29.0,1,86.0,1,114.0,1,test
2026-09-06 05:00:00+07:00,SKU-005,2.0,27.0,1,86.0,1,112.0,1,test
2026-09-06 06:00:00+07:00,SKU-005,0.0,27.0,1,86.0,1,112.0,1,test
2026-09-06 07:00:00+07:00,SKU-005,6.0,21.0,1,82.0,1,106.0,1,test
2026-09-06 08:00:00+07:00,SKU-005,6.0,15.0,1,78.0,1,100.0,1,test
2026-09-06 09:00:00+07:00,SKU-005,8.0,7.0,1,71.0,1,92.0,1,test
2026-09-06 10:00:00+07:00,SKU-005,5.0,2.0,1,69.0,1,87.0,1,test
2026-09-06 11:00:00+07:00,SKU-005,2.0,0.0,1,67.0,1,85.0,1,test
2026-09-06 12:00:00+07:00,SKU-005,0.0,0.0,1,68.0,1,85.0,1,test
2026-09-06 13:00:00+07:00,SKU-005,0.0,0.0,1,72.0,1,85.0,1,test
2026-09-06 14:00:00+07:00,SKU-005,0.0,1.0,1,77.0,1,92.0,1,test
2026-09-06 15:00:00+07:00,SKU-005,0.0,7.0,1,77.0,1,99.0,1,test
2026-09-06 16:00:00+07:00,SKU-005,0.0,9.0,1,78.0,1,103.0,1,test
2026-09-06 17:00:00+07:00,SKU-005,0.0,16.0,1,82.0,1,104.0,1,test
2026-09-06 18:00:00+07:00,SKU-005,0.0,20.0,1,85.0,1,114.0,1,test
2026-09-06 19:00:00+07:00,SKU-005,0.0,29.0,1,85.0,1,120.0,1,test
2026-09-06 20:00:00+07:00,SKU-005,0.0,43.0,1,85.0,1,125.0,1,test
2026-09-06 21:00:00+07:00,SKU-005,0.0,45.0,1,85.0,1,132.0,1,test
2026-09-06 22:00:00+07:00,SKU-005,0.0,51.0,1,85.0,1,139.0,1,test
2026-09-06 23:00:00+07:00,SKU-005,0.0,52.0,1,85.0,1,140.0,1,test
2026-09-07 00:00:00+07:00,SKU-005,0.0,53.0,1,85.0,1,142.0,1,test
2026-09-07 01:00:00+07:00,SKU-005,0.0,55.0,1,85.0,1,143.0,1,test
2026-09-07 02:00:00+07:00,SKU-005,0.0,55.0,1,85.0,1,143.0,1,test
2026-09-07 03:00:00+07:00,SKU-005,0.0,55.0,1,85.0,1,143.0,1,test
2026-09-07 04:00:00+07:00,SKU-005,0.0,57.0,1,85.0,1,143.0,1,test
2026-09-07 05:00:00+07:00,SKU-005,0.0,59.0,1,85.0,1,144.0,1,test
2026-09-07 06:00:00+07:00,SKU-005,0.0,59.0,1,85.0,1,145.0,1,test
2026-09-07 07:00:00+07:00,SKU-005,0.0,61.0,1,85.0,1,149.0,1,test
2026-09-07 08:00:00+07:00,SKU-005,0.0,63.0,1,85.0,1,151.0,1,test
2026-09-07 09:00:00+07:00,SKU-005,0.0,64.0,1,85.0,1,155.0,1,test
2026-09-07 10:00:00+07:00,SKU-005,0.0,67.0,1,85.0,1,156.0,1,test
2026-09-07 11:00:00+07:00,SKU-005,0.0,67.0,1,85.0,1,157.0,1,test
2026-09-07 12:00:00+07:00,SKU-005,0.0,68.0,1,85.0,1,163.0,1,test
2026-09-07 13:00:00+07:00,SKU-005,0.0,72.0,0,85.0,1,164.0,1,test
2026-09-07 14:00:00+07:00,SKU-005,1.0,76.0,0,91.0,1,166.0,1,test
2026-09-07 15:00:00+07:00,SKU-005,6.0,70.0,0,92.0,1,167.0,1,test
2026-09-07 16:00:00+07:00,SKU-005,2.0,69.0,0,94.0,1,168.0,1,test
2026-09-07 17:00:00+07:00,SKU-005,7.0,66.0,0,88.0,1,164.0,1,test
2026-09-07 18:00:00+07:00,SKU-005,4.0,65.0,1,94.0,1,171.0,1,test
2026-09-07 19:00:00+07:00,SKU-005,9.0,56.0,1,91.0,1,167.0,1,test
2026-09-07 20:00:00+07:00,SKU-005,14.0,42.0,1,82.0,1,153.0,1,test
2026-09-07 21:00:00+07:00,SKU-005,2.0,40.0,1,87.0,1,151.0,1,test
2026-09-07 22:00:00+07:00,SKU-005,6.0,34.0,1,88.0,1,145.0,1,test
2026-09-07 23:00:00+07:00,SKU-005,1.0,33.0,1,88.0,1,144.0,1,test
2026-09-08 00:00:00+07:00,SKU-005,1.0,32.0,1,89.0,1,143.0,1,test
2026-09-08 01:00:00+07:00,SKU-005,2.0,30.0,1,88.0,1,141.0,1,test
2026-09-08 02:00:00+07:00,SKU-005,0.0,30.0,1,88.0,1,141.0,1,test
2026-09-08 03:00:00+07:00,SKU-005,0.0,30.0,1,88.0,1,141.0,1,test
2026-09-08 04:00:00+07:00,SKU-005,2.0,28.0,1,86.0,1,139.0,1,test
2026-09-08 05:00:00+07:00,SKU-005,2.0,26.0,1,85.0,1,137.0,1,test
2026-09-08 06:00:00+07:00,SKU-005,0.0,26.0,1,86.0,1,137.0,1,test
2026-09-08 07:00:00+07:00,SKU-005,2.0,24.0,1,88.0,1,135.0,1,test
2026-09-08 08:00:00+07:00,SKU-005,2.0,22.0,1,88.0,1,133.0,1,test
2026-09-08 09:00:00+07:00,SKU-005,1.0,21.0,1,91.0,1,132.0,1,test
2026-09-08 10:00:00+07:00,SKU-005,3.0,18.0,1,89.0,1,129.0,1,test
2026-09-08 11:00:00+07:00,SKU-005,0.0,18.0,1,90.0,1,129.0,1,test
2026-09-08 12:00:00+07:00,SKU-005,1.0,17.0,1,95.0,1,128.0,1,test
2026-09-08 13:00:00+07:00,SKU-005,4.0,13.0,1,92.0,1,124.0,1,test
2026-09-08 14:00:00+07:00,SKU-005,5.0,15.0,1,90.0,1,119.0,1,test
2026-09-08 15:00:00+07:00,SKU-005,0.0,22.0,1,97.0,1,127.0,1,test
2026-09-08 16:00:00+07:00,SKU-005,1.0,25.0,1,99.0,1,131.0,1,test
2026-09-08 17:00:00+07:00,SKU-005,4.0,22.0,1,98.0,1,131.0,1,test
2026-09-08 18:00:00+07:00,SKU-005,3.0,29.0,1,106.0,1,137.0,1,test
2026-09-08 19:00:00+07:00,SKU-005,0.0,35.0,1,111.0,1,151.0,1,test
2026-09-08 20:00:00+07:00,SKU-005,0.0,40.0,1,111.0,1,162.0,1,test
2026-09-08 21:00:00+07:00,SKU-005,0.0,47.0,1,111.0,1,164.0,1,test
2026-09-08 22:00:00+07:00,SKU-005,0.0,54.0,1,111.0,1,170.0,1,test
2026-09-08 23:00:00+07:00,SKU-005,0.0,55.0,1,111.0,1,172.0,1,test
2026-09-09 00:00:00+07:00,SKU-005,0.0,57.0,1,111.0,1,172.0,1,test
2026-09-09 01:00:00+07:00,SKU-005,0.0,58.0,1,111.0,1,173.0,1,test
2026-09-09 02:00:00+07:00,SKU-005,0.0,58.0,1,111.0,1,174.0,1,test
2026-09-09 03:00:00+07:00,SKU-005,0.0,58.0,1,111.0,1,175.0,1,test
2026-09-09 04:00:00+07:00,SKU-005,0.0,58.0,1,111.0,1,175.0,1,test
2026-09-09 05:00:00+07:00,SKU-005,0.0,59.0,1,111.0,1,176.0,1,test
2026-09-09 06:00:00+07:00,SKU-005,0.0,60.0,1,111.0,1,176.0,1,test
2026-09-09 07:00:00+07:00,SKU-005,0.0,64.0,1,111.0,1,181.0,1,test
2026-09-09 08:00:00+07:00,SKU-005,0.0,66.0,1,111.0,1,182.0,1,test
2026-09-09 09:00:00+07:00,SKU-005,0.0,70.0,1,111.0,1,187.0,1,test
2026-09-09 10:00:00+07:00,SKU-005,0.0,71.0,1,111.0,1,192.0,1,test
2026-09-09 11:00:00+07:00,SKU-005,0.0,72.0,1,111.0,1,194.0,1,test
2026-09-09 12:00:00+07:00,SKU-005,0.0,78.0,1,111.0,1,198.0,1,test
2026-09-09 13:00:00+07:00,SKU-005,0.0,79.0,0,111.0,1,206.0,1,test
2026-09-09 14:00:00+07:00,SKU-005,7.0,75.0,0,104.0,1,204.0,1,test
2026-09-09 15:00:00+07:00,SKU-005,7.0,75.0,0,105.0,1,201.0,1,test
2026-09-09 16:00:00+07:00,SKU-005,4.0,74.0,0,106.0,1,199.0,1,test
2026-09-09 17:00:00+07:00,SKU-005,1.0,76.0,0,109.0,1,201.0,1,test
2026-09-09 18:00:00+07:00,SKU-005,10.0,77.0,0,108.0,1,191.0,1,test
2026-09-09 19:00:00+07:00,SKU-005,6.0,76.0,1,116.0,1,185.0,1,test
2026-09-09 20:00:00+07:00,SKU-005,5.0,71.0,1,122.0,1,180.0,1,test
2026-09-09 21:00:00+07:00,SKU-005,7.0,64.0,1,117.0,1,173.0,1,test
2026-09-09 22:00:00+07:00,SKU-005,7.0,57.0,1,116.0,1,166.0,1,test
2026-09-09 23:00:00+07:00,SKU-005,1.0,56.0,1,117.0,1,165.0,1,test
2026-09-10 00:00:00+07:00,SKU-005,2.0,54.0,1,115.0,1,163.0,1,test
2026-09-10 01:00:00+07:00,SKU-005,1.0,53.0,1,115.0,1,162.0,1,test
2026-09-10 02:00:00+07:00,SKU-005,0.0,53.0,1,116.0,1,162.0,1,test
2026-09-10 03:00:00+07:00,SKU-005,0.0,53.0,1,117.0,1,162.0,1,test
2026-09-10 04:00:00+07:00,SKU-005,0.0,53.0,1,117.0,1,162.0,1,test
2026-09-10 05:00:00+07:00,SKU-005,1.0,52.0,1,117.0,1,161.0,1,test
2026-09-10 06:00:00+07:00,SKU-005,1.0,51.0,1,116.0,1,160.0,1,test
2026-09-10 07:00:00+07:00,SKU-005,4.0,47.0,1,117.0,1,156.0,1,test
2026-09-10 08:00:00+07:00,SKU-005,2.0,45.0,1,116.0,1,154.0,1,test
2026-09-10 09:00:00+07:00,SKU-005,4.0,41.0,1,117.0,1,150.0,1,test
2026-09-10 10:00:00+07:00,SKU-005,1.0,40.0,1,121.0,1,149.0,1,test
2026-09-10 11:00:00+07:00,SKU-005,1.0,39.0,1,122.0,1,148.0,1,test
2026-09-10 12:00:00+07:00,SKU-005,6.0,33.0,1,120.0,1,142.0,1,test
2026-09-10 13:00:00+07:00,SKU-005,1.0,32.0,1,127.0,1,141.0,1,test
2026-09-10 14:00:00+07:00,SKU-005,3.0,29.0,1,129.0,1,141.0,1,test
2026-09-10 15:00:00+07:00,SKU-005,7.0,30.0,1,126.0,1,152.0,1,test
2026-09-10 16:00:00+07:00,SKU-005,3.0,32.0,1,125.0,1,158.0,1,test
2026-09-10 17:00:00+07:00,SKU-005,3.0,33.0,1,125.0,1,165.0,1,test
2026-09-10 18:00:00+07:00,SKU-005,11.0,31.0,1,114.0,1,160.0,1,test
2026-09-10 19:00:00+07:00,SKU-005,5.0,40.0,1,109.0,1,161.0,1,test
2026-09-10 20:00:00+07:00,SKU-005,0.0,51.0,1,109.0,1,170.0,1,test
2026-09-10 21:00:00+07:00,SKU-005,0.0,53.0,1,109.0,1,182.0,1,test
2026-09-10 22:00:00+07:00,SKU-005,0.0,59.0,1,109.0,1,185.0,1,test
2026-09-10 23:00:00+07:00,SKU-005,0.0,61.0,1,109.0,1,189.0,1,test
2026-09-11 00:00:00+07:00,SKU-005,0.0,61.0,1,109.0,1,191.0,1,test
2026-09-11 01:00:00+07:00,SKU-005,0.0,62.0,1,109.0,1,191.0,1,test
2026-09-11 02:00:00+07:00,SKU-005,0.0,63.0,1,109.0,1,193.0,1,test
2026-09-11 03:00:00+07:00,SKU-005,0.0,64.0,1,109.0,1,194.0,1,test
2026-09-11 04:00:00+07:00,SKU-005,0.0,64.0,1,109.0,1,194.0,1,test
2026-09-11 05:00:00+07:00,SKU-005,0.0,65.0,1,109.0,1,201.0,1,test
2026-09-11 06:00:00+07:00,SKU-005,0.0,65.0,1,109.0,1,208.0,1,test
2026-09-11 07:00:00+07:00,SKU-005,0.0,70.0,1,109.0,1,216.0,1,test
2026-09-11 08:00:00+07:00,SKU-005,0.0,71.0,1,109.0,1,218.0,1,test
2026-09-11 09:00:00+07:00,SKU-005,0.0,76.0,1,109.0,1,218.0,1,test
2026-09-11 10:00:00+07:00,SKU-005,0.0,81.0,1,109.0,1,218.0,1,test
2026-09-11 11:00:00+07:00,SKU-005,0.0,83.0,1,109.0,1,218.0,1,test
2026-09-11 12:00:00+07:00,SKU-005,0.0,87.0,1,109.0,1,218.0,1,test
2026-09-11 13:00:00+07:00,SKU-005,0.0,95.0,0,109.0,1,218.0,1,test
2026-09-11 14:00:00+07:00,SKU-005,0.0,100.0,0,112.0,1,218.0,1,test
2026-09-11 15:00:00+07:00,SKU-005,8.0,96.0,0,122.0,1,210.0,1,test
2026-09-11 16:00:00+07:00,SKU-005,5.0,93.0,0,126.0,1,205.0,1,test
2026-09-11 17:00:00+07:00,SKU-005,4.0,92.0,0,132.0,1,201.0,1,test
2026-09-11 18:00:00+07:00,SKU-005,9.0,83.0,1,129.0,1,192.0,1,test
2026-09-11 19:00:00+07:00,SKU-005,14.0,69.0,1,121.0,1,178.0,1,test
2026-09-11 20:00:00+07:00,SKU-005,11.0,58.0,1,119.0,1,167.0,1,test
2026-09-11 21:00:00+07:00,SKU-005,2.0,56.0,1,129.0,1,165.0,1,test
2026-09-11 22:00:00+07:00,SKU-005,6.0,50.0,1,126.0,1,159.0,1,test
2026-09-11 23:00:00+07:00,SKU-005,2.0,48.0,1,128.0,1,157.0,1,test
2026-09-12 00:00:00+07:00,SKU-005,0.0,48.0,1,130.0,1,157.0,1,test
2026-09-12 01:00:00+07:00,SKU-005,1.0,47.0,1,129.0,1,156.0,1,test
2026-09-12 02:00:00+07:00,SKU-005,1.0,46.0,1,130.0,1,155.0,1,test
2026-09-12 03:00:00+07:00,SKU-005,1.0,45.0,1,130.0,1,154.0,1,test
2026-09-12 04:00:00+07:00,SKU-005,0.0,45.0,1,130.0,1,154.0,1,test
2026-09-12 05:00:00+07:00,SKU-005,1.0,44.0,1,136.0,1,153.0,1,test
2026-09-12 06:00:00+07:00,SKU-005,0.0,44.0,1,143.0,1,153.0,1,test
2026-09-12 07:00:00+07:00,SKU-005,5.0,39.0,1,146.0,1,148.0,1,test
2026-09-12 08:00:00+07:00,SKU-005,1.0,38.0,1,147.0,1,147.0,1,test
2026-09-12 09:00:00+07:00,SKU-005,5.0,33.0,1,142.0,1,142.0,1,test
2026-09-12 10:00:00+07:00,SKU-005,5.0,28.0,1,137.0,1,137.0,1,test
2026-09-12 11:00:00+07:00,SKU-005,2.0,26.0,1,135.0,1,135.0,1,test
2026-09-12 12:00:00+07:00,SKU-005,4.0,22.0,1,131.0,1,131.0,1,test
2026-09-12 13:00:00+07:00,SKU-005,8.0,14.0,1,123.0,1,123.0,1,test
2026-09-12 14:00:00+07:00,SKU-005,5.0,12.0,1,118.0,1,130.0,1,test
2026-09-12 15:00:00+07:00,SKU-005,4.0,26.0,1,114.0,1,132.0,1,test
2026-09-12 16:00:00+07:00,SKU-005,2.0,33.0,1,112.0,1,135.0,1,test
2026-09-12 17:00:00+07:00,SKU-005,3.0,40.0,1,109.0,1,141.0,1,test
2026-09-12 18:00:00+07:00,SKU-005,0.0,46.0,1,109.0,1,156.0,1,test
2026-09-12 19:00:00+07:00,SKU-005,0.0,52.0,1,109.0,1,169.0,1,test
2026-09-12 20:00:00+07:00,SKU-005,0.0,61.0,1,109.0,1,194.0,1,test
2026-09-12 21:00:00+07:00,SKU-005,0.0,73.0,1,109.0,1,216.0,1,test
2026-09-12 22:00:00+07:00,SKU-005,0.0,76.0,1,109.0,1,221.0,1,test
2026-09-12 23:00:00+07:00,SKU-005,0.0,80.0,1,109.0,1,225.0,1,test
2026-09-13 00:00:00+07:00,SKU-005,0.0,82.0,1,109.0,1,226.0,1,test
2026-09-13 01:00:00+07:00,SKU-005,0.0,82.0,1,109.0,1,230.0,1,test
2026-09-13 02:00:00+07:00,SKU-005,0.0,84.0,1,109.0,1,230.0,1,test
2026-09-13 03:00:00+07:00,SKU-005,0.0,85.0,1,109.0,1,230.0,1,test
2026-09-13 04:00:00+07:00,SKU-005,0.0,85.0,1,109.0,1,232.0,1,test
2026-09-13 05:00:00+07:00,SKU-005,0.0,92.0,1,109.0,1,235.0,1,test
2026-09-13 06:00:00+07:00,SKU-005,0.0,99.0,1,109.0,1,238.0,1,test
2026-09-13 07:00:00+07:00,SKU-005,0.0,107.0,1,109.0,1,244.0,1,test
2026-09-13 08:00:00+07:00,SKU-005,0.0,109.0,1,109.0,1,248.0,1,test
2026-09-13 09:00:00+07:00,SKU-005,0.0,109.0,1,109.0,1,249.0,1,test
2026-09-13 10:00:00+07:00,SKU-005,0.0,109.0,1,109.0,1,249.0,1,test
2026-09-13 11:00:00+07:00,SKU-005,0.0,109.0,1,109.0,1,249.0,1,test
2026-09-13 12:00:00+07:00,SKU-005,0.0,109.0,1,109.0,1,249.0,1,test
2026-09-13 13:00:00+07:00,SKU-005,0.0,109.0,1,109.0,1,249.0,1,test
2026-09-13 14:00:00+07:00,SKU-005,3.0,106.0,1,118.0,1,246.0,1,test
2026-09-13 15:00:00+07:00,SKU-005,18.0,88.0,1,106.0,1,228.0,1,test
2026-09-13 16:00:00+07:00,SKU-005,9.0,79.0,1,102.0,1,219.0,1,test
2026-09-13 17:00:00+07:00,SKU-005,10.0,69.0,1,101.0,1,209.0,1,test
2026-09-13 18:00:00+07:00,SKU-005,6.0,63.0,1,110.0,1,203.0,1,test
2026-09-13 19:00:00+07:00,SKU-005,6.0,57.0,1,117.0,1,197.0,1,test
2026-09-13 20:00:00+07:00,SKU-005,9.0,48.0,1,133.0,1,188.0,1,test
2026-09-13 21:00:00+07:00,SKU-005,12.0,36.0,1,143.0,1,176.0,1,test
2026-09-13 22:00:00+07:00,SKU-005,3.0,33.0,1,145.0,1,173.0,1,test
2026-09-13 23:00:00+07:00,SKU-005,4.0,29.0,1,145.0,1,169.0,1,test
2026-09-14 00:00:00+07:00,SKU-005,2.0,27.0,1,144.0,1,167.0,1,test
2026-09-14 01:00:00+07:00,SKU-005,0.0,27.0,1,148.0,1,167.0,1,test
2026-09-14 02:00:00+07:00,SKU-005,2.0,25.0,1,146.0,1,165.0,1,test
2026-09-14 03:00:00+07:00,SKU-005,1.0,24.0,1,145.0,1,164.0,1,test
2026-09-14 04:00:00+07:00,SKU-005,0.0,24.0,1,147.0,1,164.0,1,test
2026-09-14 05:00:00+07:00,SKU-005,7.0,17.0,1,143.0,1,157.0,1,test
2026-09-14 06:00:00+07:00,SKU-005,7.0,10.0,1,139.0,1,150.0,1,test
2026-09-14 07:00:00+07:00,SKU-005,8.0,2.0,1,137.0,1,142.0,1,test
2026-09-14 08:00:00+07:00,SKU-005,2.0,0.0,1,139.0,1,140.0,1,test
2026-09-14 09:00:00+07:00,SKU-005,0.0,0.0,1,140.0,1,140.0,1,test
2026-09-14 10:00:00+07:00,SKU-005,0.0,0.0,1,140.0,1,140.0,1,test
2026-09-14 11:00:00+07:00,SKU-005,0.0,0.0,1,140.0,1,140.0,1,test
2026-09-14 12:00:00+07:00,SKU-005,0.0,0.0,1,140.0,1,140.0,1,test
2026-09-14 13:00:00+07:00,SKU-005,0.0,0.0,1,140.0,1,140.0,1,test
2026-09-14 14:00:00+07:00,SKU-005,0.0,12.0,1,140.0,1,,,test
2026-09-14 15:00:00+07:00,SKU-005,0.0,18.0,1,140.0,1,,,test
2026-09-14 16:00:00+07:00,SKU-005,0.0,23.0,1,140.0,1,,,test
2026-09-14 17:00:00+07:00,SKU-005,0.0,32.0,1,140.0,1,,,test
2026-09-14 18:00:00+07:00,SKU-005,0.0,47.0,1,140.0,1,,,test
2026-09-14 19:00:00+07:00,SKU-005,0.0,60.0,1,140.0,1,,,test
2026-09-14 20:00:00+07:00,SKU-005,0.0,85.0,1,140.0,1,,,test
2026-09-14 21:00:00+07:00,SKU-005,0.0,107.0,1,140.0,1,,,test
2026-09-14 22:00:00+07:00,SKU-005,0.0,112.0,1,140.0,1,,,test
2026-09-14 23:00:00+07:00,SKU-005,0.0,116.0,1,140.0,1,,,test
2026-09-15 00:00:00+07:00,SKU-005,0.0,117.0,1,140.0,1,,,test
2026-09-15 01:00:00+07:00,SKU-005,0.0,121.0,1,140.0,1,,,test
2026-09-15 02:00:00+07:00,SKU-005,0.0,121.0,1,140.0,1,,,test
2026-09-15 03:00:00+07:00,SKU-005,0.0,121.0,1,140.0,1,,,test
2026-09-15 04:00:00+07:00,SKU-005,0.0,123.0,1,140.0,1,,,test
2026-09-15 05:00:00+07:00,SKU-005,0.0,126.0,1,140.0,1,,,test
2026-09-15 06:00:00+07:00,SKU-005,0.0,129.0,1,140.0,1,,,test
2026-09-15 07:00:00+07:00,SKU-005,0.0,135.0,1,140.0,1,,,test
2026-09-15 08:00:00+07:00,SKU-005,0.0,139.0,1,140.0,1,,,test
2026-09-15 09:00:00+07:00,SKU-005,0.0,140.0,1,140.0,1,,,test
2026-09-15 10:00:00+07:00,SKU-005,0.0,140.0,1,140.0,1,,,test
2026-09-15 11:00:00+07:00,SKU-005,0.0,140.0,1,140.0,1,,,test
2026-09-15 12:00:00+07:00,SKU-005,0.0,140.0,1,140.0,1,,,test
2026-09-15 13:00:00+07:00,SKU-005,0.0,140.0,1,140.0,1,,,test
2026-09-15 14:00:00+07:00,SKU-005,12.0,128.0,1,,,,,test
2026-09-15 15:00:00+07:00,SKU-005,6.0,122.0,1,,,,,test
2026-09-15 16:00:00+07:00,SKU-005,5.0,117.0,1,,,,,test
2026-09-15 17:00:00+07:00,SKU-005,9.0,108.0,1,,,,,test
2026-09-15 18:00:00+07:00,SKU-005,15.0,93.0,1,,,,,test
2026-09-15 19:00:00+07:00,SKU-005,13.0,80.0,1,,,,,test
2026-09-15 20:00:00+07:00,SKU-005,25.0,55.0,1,,,,,test
2026-09-15 21:00:00+07:00,SKU-005,22.0,33.0,1,,,,,test
2026-09-15 22:00:00+07:00,SKU-005,5.0,28.0,1,,,,,test
2026-09-15 23:00:00+07:00,SKU-005,4.0,24.0,1,,,,,test
2026-09-16 00:00:00+07:00,SKU-005,1.0,23.0,1,,,,,test
2026-09-16 01:00:00+07:00,SKU-005,4.0,19.0,1,,,,,test
2026-09-16 02:00:00+07:00,SKU-005,0.0,19.0,1,,,,,test
2026-09-16 03:00:00+07:00,SKU-005,0.0,19.0,1,,,,,test
2026-09-16 04:00:00+07:00,SKU-005,2.0,17.0,1,,,,,test
2026-09-16 05:00:00+07:00,SKU-005,3.0,14.0,1,,,,,test
2026-09-16 06:00:00+07:00,SKU-005,3.0,11.0,1,,,,,test
2026-09-16 07:00:00+07:00,SKU-005,6.0,5.0,1,,,,,test
2026-09-16 08:00:00+07:00,SKU-005,4.0,1.0,1,,,,,test
2026-09-16 09:00:00+07:00,SKU-005,1.0,0.0,1,,,,,test
2026-09-16 10:00:00+07:00,SKU-005,0.0,0.0,1,,,,,test
2026-09-16 11:00:00+07:00,SKU-005,0.0,0.0,1,,,,,test
2026-09-16 12:00:00+07:00,SKU-005,0.0,0.0,1,,,,,test
2026-09-16 13:00:00+07:00,SKU-005,0.0,0.0,1,,,,,test
2026-09-16 14:00:00+07:00,SKU-005,0.0,,,,,,,test
2026-09-16 15:00:00+07:00,SKU-005,0.0,,,,,,,test
2026-09-16 16:00:00+07:00,SKU-005,0.0,,,,,,,test
2026-09-16 17:00:00+07:00,SKU-005,0.0,,,,,,,test
2026-09-16 18:00:00+07:00,SKU-005,0.0,,,,,,,test
2026-09-16 19:00:00+07:00,SKU-005,0.0,,,,,,,test
2026-09-16 20:00:00+07:00,SKU-005,0.0,,,,,,,test
2026-09-16 21:00:00+07:00,SKU-005,0.0,,,,,,,test
2026-09-16 22:00:00+07:00,SKU-005,0.0,,,,,,,test
2026-09-16 23:00:00+07:00,SKU-005,0.0,,,,,,,test
2026-09-17 00:00:00+07:00,SKU-005,0.0,,,,,,,test
2026-09-17 01:00:00+07:00,SKU-005,0.0,,,,,,,test
2026-09-17 02:00:00+07:00,SKU-005,0.0,,,,,,,test
2026-09-17 03:00:00+07:00,SKU-005,0.0,,,,,,,test
2026-09-17 04:00:00+07:00,SKU-005,0.0,,,,,,,test
2026-09-17 05:00:00+07:00,SKU-005,0.0,,,,,,,test
2026-09-17 06:00:00+07:00,SKU-005,0.0,,,,,,,test
2026-09-17 07:00:00+07:00,SKU-005,0.0,,,,,,,test
2026-09-17 08:00:00+07:00,SKU-005,0.0,,,,,,,test
2026-09-17 09:00:00+07:00,SKU-005,0.0,,,,,,,test
2026-09-17 10:00:00+07:00,SKU-005,0.0,,,,,,,test
2026-09-17 11:00:00+07:00,SKU-005,0.0,,,,,,,test
2026-09-17 12:00:00+07:00,SKU-005,0.0,,,,,,,test
2026-09-17 13:00:00+07:00,SKU-005,0.0,,,,,,,test
